committee_id,bill_id
HSED,hr4098-106
HSED,hr4402-106
HSPW,hr2950-107
HSWM,hr2950-107
HSPW,hr3792-107
HSPW,hr2901-107
HSAS,hr2901-107
HSPW,hr3930-107
HSWM,hr3930-107
HSPW,hr1020-107
SSCM,s127-107
SSCM,s951-107
SSHR,s1281-107
SSCM,s1515-107
SSHR,s277-107
HSWM,hr1776-108
HSED,hr1776-108
HSED,hr4954-108
HSGO,hr4954-108
HSHA,hr4954-108
SSHR,s1513-108
SSHR,s545-108
SSFI,s1-108
HSGO,hres912-109
HSWM,hres84-109
HSWM,hr819-109
HSWM,hr3873-109
HSED,hr742-109
HSJU,hr742-109
HSII,hr2555-109
HSED,hr2931-109
HSIF,hr467-109
HSWM,hr467-109
HSIF,hr5642-109
HSFA,hr5642-109
HSIF,hr955-109
HSBA,hr280-109
SSBK,hr280-109
HSVR,hr1588-109
HSAS,hr1588-109
HSAP,hr5672-109
SSAP,hr5672-109
HSWM,hr2063-109
HSBA,hr2803-109
HSIF,hr503-109
HSAG,hr503-109
HSBA,hr1461-109
HSJU,hr1461-109
SSBK,hr1461-109
HSIF,hr583-109
HSED,hr758-109
SSCM,hr758-109
HSWM,hr5970-109
HSIF,hr5970-109
HSED,hr5970-109
HSII,hr5970-109
HSWM,hr1872-109
HSED,hr3763-109
HSIF,hr5761-109
HSIF,hr1201-109
HSJU,hr1201-109
HSED,hr1696-109
HSED,hr1177-109
HSJU,hr4437-109
HSHM,hr4437-109
HSED,hr4437-109
HSWM,hr4437-109
SSJU,hr4437-109
SSBK,s3508-109
SSHR,s902-109
SSCM,s3961-109
SSCM,s2264-109
SSHR,s1283-109
SSJU,s3274-109
SSJU,s3818-109
SSFI,s2045-109
SSEV,s1995-109
SSEG,s485-109
SSFI,s219-109
SSFI,s3301-109
SSFR,s3800-109
SSJU,s359-109
SSBK,s418-109
SSFR,s853-109
SSEV,s2610-109
SSHR,s1749-109
SSFI,s11-109
SSBK,s1-109
HSJU,hres499-110
HSBA,hres499-110
HSHM,hres499-110
HSRU,hres982-110
HSFA,hres235-110
HSGO,hres700-110
SSBU,sconres21-110
SSHR,sconres93-110
SSBU,sconres70-110
SSFR,sres331-110
SSJU,sres239-110
SSHR,sres35-110
SSEV,sres729-110
HSSY,hconres425-110
HSGO,hconres425-110
HSHA,hconres357-110
HSAG,hconres25-110
HSIF,hconres25-110
HSII,hconres25-110
SSAF,hconres25-110
HSFA,hconres171-110
HSBA,hr7333-110
HSWM,hr4105-110
HSIF,hr4105-110
HSJU,hr1199-110
HSIF,hr1199-110
SSJU,hr1199-110
HSHA,hr894-110
HSPW,hr2701-110
HSPW,hr6707-110
HSBA,hr4049-110
SSBK,hr4049-110
HSHA,hr281-110
HSIF,hr1926-110
HSWM,hr1926-110
HSIF,hr1321-110
HSWM,hr1321-110
HSED,hr3450-110
HSIF,hr380-110
HSED,hr2896-110
HSWM,hr3977-110
HSWM,hr411-110
HSWM,hr7114-110
HSIF,hr7114-110
HSJU,hr4789-110
HSAP,hr6599-110
HSIF,hr6903-110
HSED,hr1344-110
HSAG,hr1344-110
HSSY,hr6063-110
SSCM,hr6063-110
HSWM,hr4365-110
HSIF,hr4703-110
HSHM,hr1333-110
HSPW,hr1333-110
SSGA,hr1333-110
HSWM,hr5681-110
HSWM,hr6756-110
HSWM,hr5109-110
HSWM,hr2312-110
HSII,hr442-110
HSRU,hr1733-110
HSWM,hr4971-110
HSWM,hr1663-110
HSIF,hr1663-110
HSJU,hr6843-110
HSWM,hr4786-110
HSWM,hr3427-110
HSWM,hr4564-110
HSWM,hr7139-110
HSIF,hr7139-110
HSJU,hr2104-110
HSED,hr1410-110
HSED,hr5838-110
HSJU,hr3547-110
HSED,hr3547-110
HSWM,hr4524-110
HSHA,hr1298-110
HSWM,hr4553-110
HSIF,hr2997-110
HSAG,hr2997-110
HSWM,hr2997-110
HSGO,hr1124-110
HSAG,hr6124-110
HSFA,hr6124-110
HSGO,hr3854-110
HSED,hr3747-110
HSHM,hr4749-110
SSGA,hr4749-110
HSED,hr3075-110
HSED,hr2831-110
SSJU,hr2831-110
HSIF,hr4082-110
HSWM,hr4082-110
HSBA,hr1780-110
HSHA,hr5695-110
HSPW,hr1548-110
HSBA,hr1548-110
HSWM,hr4802-110
HSJU,hr6713-110
HSJU,hr841-110
HSWM,hr4316-110
HSWM,hr4573-110
HSWM,hr7273-110
HSED,hr1429-110
HSWM,hr4887-110
HSAS,hr5821-110
HSIF,hr6170-110
HSED,hr2857-110
HSGO,hr264-110
HSWM,hr4985-110
HSIF,hr1968-110
HSIF,hr2073-110
HSWM,hr2073-110
HSPW,hr4079-110
HSED,hr6111-110
HSWM,hr6111-110
HSFA,hr3633-110
HSBA,hr2868-110
SSBK,hr2868-110
HSWM,hr4432-110
HSII,hr1620-110
HSJU,hr4611-110
HSPW,hr6408-110
HSWM,hr6081-110
HSJU,hr1063-110
HSIF,hr942-110
HSWM,hr4568-110
HSPW,hr5161-110
HSSY,hr5161-110
HSBA,hr5830-110
HSAG,hr6949-110
HSWM,hr1419-110
HSAS,hr1702-110
HSIF,hr1702-110
HSED,hr1702-110
HSHM,hr1702-110
HSFA,hr1702-110
HSVR,hr1702-110
HSFA,hr275-110
HSIF,hr275-110
HSJU,hr275-110
HSED,hr4344-110
HSIF,hr2454-110
HSBA,hr3200-110
HSJU,hr3200-110
HSWM,hr3539-110
HSPW,hr3539-110
HSWM,hr5147-110
HSIF,hr63-110
HSED,hr3582-110
HSBA,hr1767-110
HSIF,hr1506-110
HSII,hr2262-110
SSEG,hr2262-110
HSBA,hr1550-110
HSWM,hr5612-110
HSED,hr800-110
HSWM,hr2167-110
HSED,hr2167-110
HSJU,hr1777-110
SSJU,hr1777-110
HSWM,hr4717-110
HSWM,hr5073-110
HSSY,hr1834-110
HSII,hr1834-110
HSAS,hr1834-110
HSWM,hr1422-110
HSWM,hr321-110
HSWM,hr1830-110
HSWM,hr4562-110
HSIF,hr2736-110
HSWM,hr5063-110
HSWM,hr2091-110
HSWM,hr5749-110
HSII,hr1047-110
SSEG,hr1047-110
HSIF,hr1017-110
HSJU,hr5060-110
HSWM,hr3416-110
HSWM,hr4711-110
HSWM,hr7005-110
HSIF,hr5604-110
HSWM,hr5604-110
HSIF,hr6209-110
HSJU,hr7332-110
HSWM,hr5382-110
HSWM,hr4912-110
HSAG,hr5813-110
HSFA,hr5813-110
HSIF,hr1597-110
HSJU,hr3053-110
HSJU,hr1964-110
HSWM,hr5392-110
HSHM,hr5577-110
HSIF,hr5577-110
HSPW,hr2169-110
HSED,hr3122-110
HSBA,hr4050-110
HSED,hr3642-110
HSBA,hr5840-110
HSWM,hr4429-110
HSJU,hr618-110
HSWM,hr5070-110
HSWM,hr4642-110
HSJU,hr3679-110
HSIF,hr5942-110
HSII,hr759-110
SSEG,hr759-110
HSJU,hr876-110
HSAG,hr6377-110
HSJU,hr6885-110
HSED,hr6885-110
HSJU,hr436-110
HSWM,hr6194-110
HSIF,hr1190-110
HSWM,hr1190-110
HSWM,hr4823-110
HSFA,hr225-110
HSWM,hr4507-110
HSII,hr214-110
HSIF,hr2354-110
HSWM,hr2354-110
HSPW,hr2354-110
HSAS,hr2354-110
HSGO,hr2354-110
HSJU,hr2354-110
HSED,hr3438-110
HSED,hr2573-110
HSIF,hr4993-110
HSED,hr4993-110
HSWM,hr4993-110
HSGO,hr4993-110
HSED,hr2847-110
HSWM,hr2942-110
HSJU,hr655-107
HSII,hr987-107
SSCM,s1220-107
HSED,hr660-108
SSHR,hr660-108
HSWM,hr1479-108
HSII,hr2828-108
HSPW,hr2828-108
HSAP,hr2765-108
HSJU,hr2899-108
HSED,hr2899-108
HSWM,hr3591-109
HSPW,hr620-109
HSGO,hr620-109
HSWM,hr6111-109
HSAG,hr3849-109
HSWM,hr4-109
HSED,hr4-109
HSIF,hr5049-109
HSSY,hr5049-109
HSFA,hr5049-109
HSED,hr5049-109
HSWM,hr2989-109
HSIF,hr4538-109
HSED,hr740-109
HSWM,hr1272-109
HSJU,hr884-109
HSED,hr2429-109
HSJU,hr2088-109
HSWM,hr2088-109
HSBA,hr176-109
HSED,hr27-109
SSHR,hr27-109
HSIF,hr3248-109
HSGO,hr22-109
HSJU,hr22-109
HSWM,hr4281-109
HSIF,hr3511-109
HSJU,hr1360-109
HSIF,hr1360-109
HSWM,hr1360-109
HSED,hr1360-109
HSBA,hr1360-109
HSFA,hr5858-109
HSED,hr107-109
HSIF,hr107-109
SSFI,s280-109
SSAF,s1776-109
SSHR,s2725-109
SSFI,s4-109
SSJU,s1815-109
SSFI,s978-109
SSEG,s2059-109
SSHR,s187-109
SSHR,s1021-109
SSCM,s2686-109
SSEG,s1135-109
SSEV,s730-109
SSBK,s4063-109
SSFI,s1569-109
SSFI,s2949-109
SSJU,s256-109
HSJU,s256-109
HSBA,s256-109
SSHR,s334-109
SSRA,s2233-109
SSJU,s103-109
SSFI,s3952-109
HSFA,hres373-110
HSGO,hres888-110
HSIF,hres672-110
HSRU,hres980-110
HSJU,hres979-110
HSRU,hres473-110
HSRU,hres1507-110
HSHM,hres1150-110
HSRU,hres28-110
HSBU,hres28-110
HSPW,hres652-110
HSJU,hres652-110
HSBA,hres1010-110
HSAP,hjres20-110
HSJU,hjres9-110
HSJU,hjres57-110
HSIF,hjres86-110
HSJU,hjres22-110
HSJU,hjres41-110
HSJU,hjres45-110
HSJU,hjres11-110
HSED,hjres62-110
SLIA,hjres62-110
HSAP,hjres52-110
HSBU,hjres52-110
SSHR,sconres54-110
HSGO,sconres54-110
SSFR,sconres13-110
SSFR,sres30-110
SSJU,sres225-110
SSJU,sres84-110
SSFR,sres300-110
SSJU,sres710-110
HSHA,hconres12-110
HSIF,hconres393-110
SSHR,hconres393-110
HSIF,hr2651-110
HSBA,hr2651-110
HSII,hr6709-110
HSIF,hr6709-110
HSWM,hr6709-110
HSSY,hr6709-110
HSED,hr6709-110
HSBU,hr6709-110
HSRU,hr6709-110
HSJU,hr1525-110
SSJU,hr1525-110
HSJU,hr1022-110
HSWM,hr5200-110
HSJU,hr1119-110
HSWM,hr7067-110
HSED,hr1644-110
HSHM,hr4179-110
SSCM,hr4179-110
HSWM,hr5553-110
HSWM,hr2075-110
HSWM,hr4347-110
HSIF,hr5852-110
HSWM,hr5852-110
HSFA,hr5852-110
HSED,hr3257-110
HSIF,hr635-110
HSJU,hr5634-110
HSGO,hr984-110
HSIF,hr4296-110
HSWM,hr4296-110
HSJU,hr4109-110
HSII,hr1180-110
HSWM,hr1987-110
HSPW,hr2421-110
HSED,hr6220-110
HSWM,hr4554-110
HSED,hr6281-110
HSWM,hr910-110
HSIF,hr3442-110
HSWM,hr2607-110
HSIF,hr5445-110
HSWM,hr5445-110
HSWM,hr3920-110
HSED,hr3920-110
HSIF,hr3920-110
SSFI,hr3920-110
HSJU,hr5994-110
HSWM,hr5162-110
HSII,hr6537-110
HSPW,hr720-110
SSEV,hr720-110
HSFA,hr1456-110
HSJU,hr1456-110
HSBA,hr698-110
SSBK,hr698-110
HSJU,hr7033-110
HSWM,hr4722-110
HSIF,hr4990-110
HSIF,hr3893-110
HSIF,hr3800-110
HSWM,hr1850-110
HSBA,hr1850-110
HSGO,hr5517-110
SSGA,hr5517-110
HSWM,hr2578-110
HSIF,hr620-110
HSSY,hr620-110
HSII,hr620-110
HSIF,hr6044-110
HSWM,hr164-110
HSJU,hr2242-110
HSED,hr2864-110
HSAG,hr6341-110
HSIF,hr45-110
HSAG,hr45-110
HSWM,hr45-110
HSII,hr4933-110
SSEV,hr4933-110
HSJU,hr3013-110
SSJU,hr3013-110
HSAG,hr5762-110
HSII,hr5151-110
HSAG,hr5151-110
SSEG,hr5151-110
HSIF,hr4848-110
HSWM,hr4848-110
HSED,hr4848-110
SSFI,hr4848-110
HSWM,hr5188-110
HSII,hr6899-110
HSIF,hr6899-110
HSWM,hr6899-110
HSGO,hr6899-110
HSJU,hr6899-110
HSBA,hr6899-110
HSPW,hr6899-110
HSBU,hr6899-110
HSRU,hr6899-110
HSSY,hr6899-110
HSFA,hr6899-110
HSII,hr1267-110
HSFA,hr5485-110
HSED,hr5447-110
HSJU,hr3509-110
HSBA,hr1967-110
HSIF,hr2994-110
SSHR,hr2994-110
HSJU,hr688-110
HSWM,hr5144-110
HSJU,hr1908-110
HSIF,hr3024-110
HSJU,hr1650-110
HSPW,hr1650-110
HSIF,hr1650-110
HSII,hr495-110
SSEG,hr495-110
HSIF,hr6433-110
HSBA,hr5280-110
HSIF,hr7181-110
HSWM,hr7181-110
HSJU,hr977-110
HSIF,hr6151-110
HSIF,hr6619-110
HSWM,hr6619-110
HSII,hr3981-110
HSWM,hr6896-110
HSBA,hr1851-110
SSBK,hr1851-110
HSIF,hr4-110
HSWM,hr4-110
SSFI,hr4-110
HSHM,hr5983-110
SSGA,hr5983-110
HSGO,hr404-110
SSGA,hr404-110
HSIF,hr6884-110
HSIF,hr1952-110
HSWM,hr1952-110
HSII,hr1970-110
HSJU,hr989-110
HSIF,hr989-110
HSIF,hr3232-110
HSJU,hr3232-110
HSHM,hr3232-110
HSII,hr1191-110
SSEG,hr1191-110
HSBA,hr3525-110
HSWM,hr4348-110
HSWM,hr3088-110
HSED,hr1317-110
HSIF,hr1317-110
HSWM,hr4997-110
HLIG,hr5959-110
HSWM,hr4921-110
HSJU,hr5570-110
SSJU,hr5570-110
HSJU,hr6059-110
HSED,hr3441-110
HSWM,hr6873-110
HSSY,hr3221-110
HSIF,hr3221-110
HSED,hr3221-110
HSFA,hr3221-110
HSSM,hr3221-110
HSAG,hr3221-110
HSGO,hr3221-110
HSII,hr3221-110
HSPW,hr3221-110
HSAS,hr3221-110
HSPW,hr6984-110
HSWM,hr6984-110
HSED,hr1409-110
HSJU,hr5889-110
HSWM,hr5184-110
HSFA,hr1302-110
SSFR,hr1302-110
HSWM,hr4351-110
SSFI,hr4351-110
HSED,hr1994-110
HSBA,hr1994-110
HSVR,hr2546-110
SSVA,hr2546-110
HSPW,hr2881-110
HSWM,hr4896-110
HSII,hr162-110
HSWM,hr5080-110
HSWM,hr2608-110
SSFI,hr2608-110
HSWM,hr5125-110
HSIF,hr5125-110
HSGO,hr2124-110
HSJU,hr1592-110
SSJU,hr1592-110
HSED,hr4048-110
HSWM,hr4538-110
HSPW,hr4158-110
HSIF,hr2917-110
HSIF,hr370-110
HSWM,hr370-110
HSSY,hr370-110
HSAS,hr370-110
HSIF,hr7192-110
HSJU,hr7192-110
HSED,hr7192-110
HSWM,hr7192-110
HSWM,hr5083-110
HSPW,hr2728-110
SSEV,hr2728-110
HSBA,hr4241-110
HSIF,hr936-110
HSED,hr2808-110
HSGO,hr2808-110
HSHA,hr2808-110
HSSY,hr1453-110
HSED,hr866-110
HSED,hr472-110
HSIF,hr1076-110
HSWM,hr1076-110
HSED,hr1076-110
HSBA,hr4776-110
HSPW,hr1195-110
SSEV,hr1195-110
HSBA,hr2871-110
HSIF,hr5533-110
HSWM,hr782-110
HSBA,hr782-110
HSFA,hr782-110
HSAS,hr782-110
HSHM,hr64-110
HSHM,hr3916-110
HSSY,hr3916-110
HSWM,hr3046-110
HSED,hr3846-110
HSJU,hr3846-110
HSWM,hr4431-110
HSWM,hr5304-110
HSIF,hr5437-110
HSSY,hr5437-110
HSGO,hr5437-110
HSAS,hr5437-110
HSAG,hr5437-110
HSII,hr5437-110
HSWM,hr5437-110
HSWM,hr4796-110
HSJU,hr1943-110
SSJU,hr1943-110
HSIF,hr3281-110
HSWM,hr834-110
HSIF,hr3162-110
HSWM,hr3162-110
HSJU,hr1295-110
HSAP,hr7323-110
HSSY,hr4174-110
HSBA,hr3126-110
HSWM,hr3456-110
HSVR,hr6732-110
HSWM,hr6708-110
HSSY,hr1867-110
HSIF,hr3001-110
HSWM,hr3001-110
HSRU,hr3001-110
HSHM,hr2593-110
HSII,hr2593-110
HSAG,hr2593-110
HSII,hr5058-110
HSWM,hr7098-110
HSWM,hr1421-110
HSFA,hr2965-110
HSWM,hr4715-110
HSII,hr6256-110
HSSY,hr6256-110
HSIF,hr6256-110
HSED,hr6256-110
HSJU,hr3922-110
HSED,hr3922-110
HSIF,hr2556-110
HSSY,hr2556-110
HSPW,hr2556-110
HSGO,hr2556-110
HSBA,hr2556-110
HSIF,hr4167-110
HSWM,hr5399-110
HSED,hr1224-110
HSIF,hr1224-110
HSWM,hr4799-110
HSWM,hr2116-110
HSII,hr3352-110
SSEG,hr3352-110
HSJU,hr6304-110
HLIG,hr6304-110
HSAG,hr2301-110
HSWM,hr4555-110
HSIF,hr1108-110
SSHR,hr1108-110
HSII,hr1187-110
SSCM,hr1187-110
HSWM,hr7327-110
HSED,hr7327-110
HSHA,hr811-110
HSVR,hr1214-110
HSBA,hr2942-110
HSFA,hr2942-110
HSGO,hr1260-110
SSGA,hr1260-110
HSII,hr1301-110
HSWM,hr6049-110
HSGO,hr5712-110
SSGA,hr5712-110
HSED,hr1369-110
HSGO,hr1369-110
HSHA,hr1369-110
HSWM,hr4729-110
HSAG,hr17-110
HSII,hr17-110
HSED,hr493-110
HSIF,hr493-110
HSWM,hr493-110
HSWM,hr4560-110
HSSY,hr5940-110
SSCM,hr5940-110
HSJU,hr11-110
HLIG,hr11-110
HSFA,hr7311-110
HSIF,hr7311-110
HSJU,hr7311-110
HSAG,hr2088-110
HSWM,hr2380-110
HSIF,hr2042-110
HSIF,hr1148-110
HSAG,hr1148-110
HSGO,hr4236-110
HSWM,hr4870-110
HSIF,hr3116-110
HSWM,hr7074-110
HSWM,hr4723-110
HSED,hr1338-110
SSHR,hr1338-110
HSBA,hr644-110
SSBK,hr644-110
HSWM,hr4567-110
HSGO,hr915-110
HSPW,hr6052-110
HSGO,hr6052-110
SSBK,hr6052-110
HSII,hr830-110
SSEG,hr830-110
HSED,hr1363-110
HSIF,hr5846-110
HSWM,hr4730-110
HSGO,hr1256-110
HSWM,hr4718-110
HSIF,hr3435-110
HSWM,hr3435-110
HSSY,hr3435-110
HSII,hr3435-110
HSAS,hr3435-110
HSFA,hr3435-110
HLIG,hr3435-110
HSPW,hr3401-110
HSBA,hr3401-110
HSWM,hr1261-110
HSWM,hr3056-110
SSFI,hr3056-110
HSIF,hr6228-110
HSHA,hr6704-110
HSED,hr6704-110
HSED,hr1486-110
HSWM,hr3765-110
HSWM,hr7100-110
HSJU,hr1843-110
HSWM,hr6382-110
HSED,hr6382-110
SSHR,hr6382-110
HSPW,hr6999-110
HSWM,hr5054-110
HSWM,hr4674-110
HSJU,hr1645-110
HSHM,hr1645-110
HSII,hr1497-110
HSWM,hr4728-110
HSGO,hr4012-106
HSIF,hr4-107
HSSY,hr4-107
HSWM,hr4-107
HSII,hr4-107
HSED,hr4-107
HSPW,hr4-107
HSBU,hr4-107
HSBA,hr4-107
HSWM,hr1076-107
HSED,hr1076-107
SSCM,s1991-107
SSHR,s1070-107
HSED,hr3108-108
HSWM,hr3108-108
SSFI,hr3108-108
HSAS,hr1588-108
HSJU,hr1588-108
SSCM,s1262-108
SSJU,s1461-108
SSFI,s1637-108
SSFI,s774-108
SSJU,sres448-109
HSIF,hr84-109
HSWM,hr3117-109
HSAP,hr5576-109
SSAP,hr5576-109
HSWM,hr37-109
HSED,hr741-109
HSED,hr2830-109
HSWM,hr2830-109
HSIF,hr526-109
HSSY,hr526-109
HSWM,hr526-109
HSWM,hr2622-109
HSII,hr2673-109
HSWM,hr4297-109
HSED,hr1816-109
HSHA,hr1316-109
HSHM,hr4954-109
HSPW,hr4954-109
HSBA,hr458-109
SSBK,hr458-109
HSAP,hr2744-109
SSAP,hr2744-109
HSIF,hr3937-109
HSJU,hr3937-109
HSWM,hr4040-109
SSFI,s595-109
SSHR,s406-109
SSJU,s1033-109
SSAF,s135-109
SSHR,s3678-109
SSEV,s3698-109
SSHR,s842-109
SSJU,s1427-109
SSBK,s190-109
SSEG,s2290-109
SSRA,s271-109
SSEG,s3962-109
HSRU,hres1488-110
HSFA,hres627-110
HSWM,hres587-110
HSED,hres762-110
HSFA,hres620-110
HSFA,hres356-110
HSIF,hres524-110
HSIF,hres353-110
HSRU,hres1213-110
HSED,hconres405-110
SSJU,hconres405-110
HSFA,hconres104-110
HSBU,hconres99-110
HSGO,hconres215-110
SSHR,hconres215-110
HSED,hconres112-110
SSHR,hconres112-110
HSFA,hconres199-110
HSBU,hconres312-110
HSIF,hconres85-110
HSJU,hconres244-110
HSIF,hr6725-110
HSWM,hr6725-110
HSWM,hr2639-110
HSIF,hr2639-110
HSWM,hr4552-110
HSBA,hr1682-110
HSWM,hr4713-110
HSII,hr222-110
HSAG,hr6533-110
HSWM,hr1762-110
HSWM,hr4800-110
HSIF,hr5353-110
HSWM,hr4803-110
HSAP,hr3222-110
SSAP,hr3222-110
HSFA,hr5927-110
HSSY,hr2153-110
HSJU,hr7173-110
HSAP,hr2638-110
HSWM,hr5149-110
HSED,hr2517-110
SSJU,hr2517-110
HSWM,hr2945-110
HSIF,hr2945-110
HSIF,hr2820-110
HSED,hr2820-110
HSWM,hr6530-110
HSRU,hr6530-110
HSHM,hr6530-110
HSFA,hr7081-110
HSRU,hr7081-110
HSIF,hr5580-110
HSIF,hr7302-110
HSPW,hr384-110
HSIF,hr7174-110
HSJU,hr7174-110
HSWM,hr7174-110
HSPW,hr2452-110
SSEV,hr2452-110
HSWM,hr1672-110
HSJU,hr1306-110
HSIF,hr7140-110
HSIF,hr3100-110
HSPW,hr3925-110
HSWM,hr3622-110
HSII,hr5293-110
HSBA,hr7205-110
HSFA,hr7205-110
HSIF,hr3533-110
HSED,hr2559-110
SSHR,hr2559-110
HSBA,hr1894-110
HSII,hr5608-110
HSWM,hr4989-110
HSSY,hr362-110
SSHR,hr362-110
HSWM,hr5270-110
HSPW,hr5270-110
HSWM,hr471-110
HSWM,hr6275-110
SSFI,hr6275-110
HSSM,hr1332-110
HSWM,hr1514-110
HSWM,hr4556-110
HSIF,hr4882-110
HSWM,hr4430-110
HSWM,hr5185-110
HSHM,hr3815-110
SSGA,hr3815-110
HSSY,hr2272-110
HSFA,hr624-110
HSWM,hr624-110
HSIF,hr624-110
HSJU,hr624-110
HSBA,hr624-110
HSGO,hr624-110
HSAG,hr624-110
HSGO,hr2324-110
HSGO,hr5656-110
HSWM,hr4420-110
HSII,hr6107-110
HSIF,hr6107-110
HSSY,hr6107-110
HSFA,hr6962-110
HSJU,hr2102-110
HSIF,hr2606-110
HSAG,hr1018-110
HSGO,hr75-110
HSJU,hr2898-110
HSIF,hr1249-110
HSJU,hr1249-110
HSWM,hr4822-110
HSPW,hr6434-110
HSJU,hr2989-110
HSBA,hr3644-110
HSPW,hr2095-110
SSCM,hr2095-110
HSWM,hr4042-110
HSIF,hr3334-110
HSBA,hr5818-110
SSBK,hr5818-110
HSED,hr3685-110
HSHA,hr3685-110
HSGO,hr3685-110
HSJU,hr3685-110
HSPW,hr5788-110
HSIF,hr4460-110
HSED,hr3289-110
HSIF,hr4206-110
HSWM,hr4206-110
HSIF,hr1198-110
SSHR,hr1198-110
HSJU,hr6841-110
HSIF,hr3285-110
HSED,hr3411-110
HSIF,hr3411-110
HSII,hr2933-110
HSED,hr531-110
HSIF,hr6636-110
HSAG,hr6636-110
HSIF,hr1533-110
HSJU,hr1724-110
HSIF,hr2464-110
SSHR,hr2464-110
HSHM,hr5982-110
SSCM,hr5982-110
HSWM,hr4797-110
HSWM,hr5724-110
HSIF,hr7157-110
HSJU,hr3652-110
HSWM,hr193-110
HSED,hr2289-110
HSBA,hr1508-110
HSHA,hr1523-110
HSED,hr3993-110
HSGO,hr3993-110
HSHA,hr3993-110
HSIF,hr3014-110
HSWM,hr3014-110
HSED,hr3014-110
HSII,hr3014-110
HSJU,hr3014-110
HSED,hr6654-110
HSII,hr6384-110
HSJU,hr6384-110
HSIF,hr6384-110
HSSY,hr6384-110
HSWM,hr6384-110
HSAG,hr6384-110
HSED,hr6384-110
HSAS,hr6384-110
HSPW,hr6384-110
HSGO,hr6384-110
HSWM,hr1977-110
HSWM,hr2776-110
HSJU,hr2597-110
HSED,hr576-110
HSWM,hr2138-110
HSIF,hr670-110
HSSY,hr670-110
HSWM,hr670-110
HSPW,hr670-110
HSGO,hr670-110
HSII,hr319-110
HSIF,hr6908-110
HSED,hr6908-110
HSWM,hr6908-110
HSJU,hr6454-110
HSED,hr6454-110
HSSY,hr6454-110
HSHM,hr6454-110
HSIF,hr1432-110
HSJU,hr1432-110
HSSY,hr1728-110
HSED,hr3185-110
HSAS,hr4986-110
HSPW,hr2125-110
HSED,hr7203-110
HSIF,hr958-110
HSWM,hr4793-110
HSBA,hr6066-110
HSJU,hr1930-110
HSIF,hr1788-110
HSAP,hr2642-110
HSGO,hr2200-110
HSJU,hr5642-110
HSIF,hr1956-110
HSWM,hr4318-110
HSWM,hr1385-110
HSFA,hr3175-110
HSIF,hr5613-110
HSAP,hr2764-110
SSAP,hr2764-110
HSBA,hr2040-110
SSBK,hr2040-110
HSWM,hr683-110
HSII,hr5541-110
HSAG,hr5541-110
HSBU,hr5541-110
SSEG,hr5541-110
HSWM,hr5078-110
HSWM,hr4443-110
HSWM,hr197-110
HSWM,hr7006-110
HLIG,hr6545-110
SLIN,hr6545-110
HSWM,hr2159-110
HSIF,hr2159-110
HSII,hr1662-110
SSEG,hr1662-110
HSWM,hr598-110
HSWM,hr3457-110
HSWM,hr4961-110
HSII,hr7150-110
HSIF,hr7231-110
HSJU,hr4175-110
HSII,hr2176-110
HSJU,hr2176-110
HSWM,hr2834-110
HSIF,hr1845-110
HSWM,hr1845-110
HSBA,hr7164-110
HSIF,hr1283-110
HSWM,hr5538-110
HSII,hr1337-110
HSWM,hr3684-110
HSSM,hr557-110
HSWM,hr5510-110
HSIF,hr4705-110
HSED,hr4705-110
HSWM,hr4705-110
HSGO,hr4705-110
HSIF,hr2552-110
HSBA,hr6663-110
HSJU,hr6663-110
HSII,hr496-110
HSAG,hr2841-110
HSED,hr1082-110
HSWM,hr4349-110
HSPW,hr6234-110
HSWM,hr3970-110
HSJU,hr2821-110
HSIF,hr2821-110
HSED,hr2792-110
HSHA,hr2792-110
HSGO,hr2792-110
HSAP,hr7324-110
HSWM,hr4346-110
HSAP,hr3093-110
HSJU,hr2291-110
HSWM,hr5145-110
HSED,hr3195-110
HSJU,hr3195-110
HSPW,hr3195-110
HSIF,hr3195-110
HSFA,hr848-110
HSIF,hr1038-110
HSJU,hr1038-110
HSPW,hr1782-110
HSWM,hr6374-110
HSII,hr815-110
SSEG,hr815-110
HSIF,hr104-110
HSIF,hr1424-110
HSED,hr1424-110
HSWM,hr1424-110
HSIF,hr1535-110
HSWM,hr5079-110
HSBA,hr1065-110
HSJU,hr1065-110
SSBK,hr1065-110
HSVR,hr2699-110
HSJU,hr2317-110
HSIF,hr426-110
HSIF,hr3914-110
HSIF,hr4911-110
HSJU,hr4911-110
HSWM,hr4962-110
HSWM,hr550-110
HSED,hr2087-110
HSWM,hr2470-110
HSED,hr2470-110
HSJU,hr4854-110
HSWM,hr3306-110
HSED,hr2769-110
HSWM,hr4319-110
HSWM,hr7279-110
HSED,hr2343-110
HSAS,hr2343-110
HSJU,hr5630-110
HSWM,hr891-110
HSIF,hr891-110
HSIF,hr6320-110
HSWM,hr5072-110
HSWM,hr3996-110
HSED,hr3585-110
HSSY,hr694-110
HSED,hr694-110
SSCM,hr694-110
HSIF,hr2053-110
HSWM,hr2053-110
HSJU,hr1593-110
SSJU,hr1593-110
HSIF,hr2802-110
HSPW,hr2830-110
HSHM,hr2830-110
HSIF,hr2830-110
HSJU,hr2830-110
HSFA,hr1469-110
SSFR,hr1469-110
HSWM,hr7303-110
HSBA,hr6078-110
HSBU,hr7110-110
HSAP,hr7110-110
HSED,hr3132-110
HSIF,hr6357-110
HSSY,hr6357-110
HSWM,hr6357-110
HSWM,hr4988-110
HSFA,hr2828-110
HSII,hr1175-110
SSEG,hr1175-110
HSIF,hr2492-110
HSAS,hr2492-110
HSGO,hr3405-110
HSED,hr2622-110
HSWM,hr2285-110
HSWM,hr2021-110
HSWM,hr1677-110
SSFI,hr1677-110
HSSY,hr3955-110
HSIF,hr6186-110
HSWM,hr6186-110
HSSY,hr6186-110
HSII,hr6186-110
HSAG,hr6186-110
HSFA,hr6186-110
HSED,hr5715-110
HSED,hr5876-110
HSIF,hr4083-110
HSIF,hr758-110
HSWM,hr758-110
HSED,hr758-110
HSPW,hr3398-110
HSIF,hr2905-110
HSWM,hr2706-110
HSHM,hr2631-110
HSFA,hr2631-110
SSGA,hr2631-110
HSII,hr3089-110
HSWM,hr3089-110
HSIF,hr3089-110
HSII,hr6768-110
HSAG,hr661-110
HSIF,hr1343-110
SSHR,hr1343-110
HSIF,hr4991-110
HSII,hr6668-110
HSIF,hr3333-110
HSIF,hr1105-110
HSWM,hr1105-110
HSWM,hr4317-110
HSWM,hr6969-110
HSIF,hr6161-110
HSWM,hr6161-110
HSII,hr6161-110
HSPW,hr6161-110
HSRU,hr6161-110
HSSY,hr6161-110
HSIF,hr5809-110
HSII,hr5809-110
HSSY,hr5809-110
HSWM,hr5075-110
HSJU,hr6146-110
HSWM,hr4563-110
HSIF,hr223-110
HSIF,hr6381-110
HSED,hr3036-110
SSEV,hr3036-110
HSAP,hr22-110
HSIF,hr970-110
SSHR,hr970-110
HSPW,hr6003-110
HSIF,hr5897-110
HSVR,hr1197-110
HSII,hr2342-110
HSSY,hr2342-110
SSCM,hr2342-110
HSWM,hr2038-110
HSAG,hr2038-110
HSIF,hr4775-110
HSAG,hr4775-110
HSJU,hr4775-110
HSGO,hr1362-110
HSVR,hr674-110
SSVA,hr674-110
HSWM,hr1748-110
HSPW,hr3538-110
HSWM,hr5183-110
HSWM,hr5160-110
HSED,hr5160-110
HSIF,hr5669-110
SSHR,hr5669-110
HSFA,hr5970-110
HSJU,hr5970-110
HSBA,hr5970-110
HSIF,hr2809-110
HSRU,hr2809-110
HSWM,hr2809-110
HSED,hr2809-110
HSFA,hr2809-110
HSJU,hr2809-110
HSBA,hr2809-110
HSSY,hr2809-110
HSGO,hr2809-110
HSII,hr2809-110
HSAG,hr2809-110
HSBU,hr2809-110
HSJU,hr2453-110
HSWM,hr4410-110
HSAG,hr2135-110
HSWM,hr4514-110
HSIF,hr2244-110
HSWM,hr2244-110
HSII,hr5680-110
SLIA,hr5680-110
HSII,hr3639-110
HSAG,hr1947-110
HSHA,hr5036-110
HSSY,hr5036-110
HSJU,hr5814-110
HSED,hr2409-110
HSWM,hr5823-110
HSVR,hr5823-110
HSWM,hr4708-110
HSED,hr1542-110
HSGO,hr1542-110
HSHA,hr1542-110
HSJU,hr1101-110
HSAS,hr5441-110
HSIF,hr2560-110
HSHM,hr6247-110
HSPW,hr4830-110
HSSY,hr1091-110
HSII,hr1091-110
HSPW,hr3999-110
SSEV,hr3999-110
HSJU,hr1872-110
HSJU,hr1745-110
HSIF,hr1534-110
SSEV,hr1534-110
HSIF,hr6877-110
HSIF,hr1074-110
HSED,hr1074-110
HSWM,hr1074-110
HSAP,hr2207-110
HSBU,hr2207-110
HSGO,hr448-110
HSJU,hr448-110
HSHA,hr448-110
HSAS,hr448-110
HSPW,hr2912-110
HSJU,hr4279-110
SSJU,hr4279-110
HSPW,hr1248-110
HSIF,hr2767-110
HSWM,hr2767-110
HSWM,hr4787-110
HSGO,hr2780-110
HSWM,hr4709-110
HSWM,hr600-110
HSED,hr2449-110
HSWM,hr3361-110
HSED,hr3361-110
HSJU,hr5793-110
HSSY,hr1467-110
SSHR,hr1467-110
HSII,hr6685-110
SLIA,hr6685-110
HSWM,hr914-110
HSVR,hr3467-110
HSWM,hr2682-110
HSAS,hr2682-110
HSJU,hr2230-110
HSIF,hr7146-110
HSWM,hr1924-110
HSAG,hr5768-110
HSBA,hr5768-110
HSII,hr5610-110
HSAG,hr5610-110
HSWM,hr3234-110
HSIF,hr994-110
HSSY,hr1716-110
SSEG,hr1716-110
HSWM,hr3934-110
HSWM,hr4641-110
HSIF,hr5236-110
HSBA,hr2761-110
SSBK,hr2761-110
HSIF,hr6878-110
HSWM,hr6878-110
HSIF,hr3326-110
HSIF,hr5473-110
HSWM,hr5061-110
HSWM,hr2549-110
HSIF,hr2549-110
HSAP,hr2643-110
HSIF,hr6729-110
HSII,hr1328-110
HSIF,hr1328-110
HSWM,hr1328-110
HSWM,hr1499-110
HSWM,hr6327-110
HSPW,hr6327-110
HSGO,hr4791-110
SSGA,hr4791-110
HSWM,hr5068-110
HSPW,hr5977-110
HSWM,hr5165-110
HSAG,hr6849-110
HSBA,hr755-110
SSBK,hr755-110
HSWM,hr3905-110
HSFA,hr3905-110
HSBA,hr3905-110
HSII,hr58-110
HSWM,hr1107-110
HSBA,hr3133-110
HSWM,hr5689-110
HSJU,hr5689-110
HSIF,hr2278-110
HSWM,hr3865-110
HSIF,hr3865-110
HSIF,hr1247-110
HSWM,hr1247-110
HSIF,hr3373-110
HSAP,hr6026-110
HSBU,hr6026-110
HSII,hr554-110
HSAG,hr554-110
HSJU,hr554-110
HSJU,hr3359-110
HSWM,hr4792-110
HSED,hr6889-110
HSIF,hr4232-110
HSAS,hr5987-110
HSIF,hr2999-110
HSFA,hr2844-110
HSAG,hr2844-110
HSPW,hr569-110
SSEV,hr569-110
HSWM,hr6131-110
HSAS,hr6131-110
HSWM,hr205-110
HSIF,hr205-110
HSWM,hr7060-110
HSJU,hr213-110
HSIF,hr3042-110
HSWM,hr3042-110
HSWM,hr7128-110
HSIF,hr7128-110
HSWM,hr4364-110
HSWM,hr4363-110
HSGO,hr2198-110
HSBA,hr5244-110
SSBK,hr5244-110
HSWM,hr3452-110
HSIF,hr2063-110
HSED,hr2063-110
SSHR,hr2063-110
HSED,hr6143-110
HSWM,hr6143-110
HSED,hr2669-110
HSIF,hr4704-110
HSWM,hr4704-110
HSSY,hr2436-110
HSAP,hr2187-110
HSBU,hr2187-110
HSWM,hr6365-110
HSIF,hr6365-110
HSJU,hr6126-110
HSIF,hr6210-110
HSED,hr6210-110
HSWM,hr6210-110
HSRU,hr6210-110
HSVR,hr5856-110
SSVA,hr5856-110
HSIF,hr3084-110
HSBA,hr7321-110
HSIF,hr7321-110
HSWM,hr7321-110
HSJU,hr7321-110
HSPW,hr7321-110
HSBU,hr7321-110
HSIF,hr1669-110
HSWM,hr6065-110
HSED,hr6065-110
HSII,hr2515-110
SSEG,hr2515-110
HSIF,hr5918-110
HSED,hr5918-110
HSWM,hr5918-110
HSRU,hr5918-110
HSIF,hr3267-110
HSWM,hr2648-110
HSIF,hr6666-110
HSAP,hr7322-110
HSIF,hr4702-110
HSJU,hr2538-110
HSIF,hr6316-110
HSWM,hr6316-110
HSFA,hr6316-110
HSSY,hr6316-110
HSBA,hr6316-110
HSED,hr6316-110
HSII,hr6316-110
HSAG,hr6316-110
HSPW,hr6316-110
HSIF,hr4238-110
HSSY,hr6323-110
SSCM,hr6323-110
HSFA,hr5847-110
HSPW,hr6424-110
HSWM,hr2069-110
HSGO,hr1117-110
HSJU,hr1117-110
HSED,hr5615-110
HSWM,hr4569-110
HSII,hr230-110
HSHA,hr230-110
HSPW,hr2479-110
HSSM,hr1873-110
HSGO,hr1873-110
SSSB,hr1873-110
HSWM,hr853-110
HSIF,hr853-110
HSIF,hr2900-110
HSWM,hr3962-110
HSBA,hr5579-110
HSAP,hr1591-110
SSJU,hr1591-110
HSWM,hr4315-110
HSIF,hr2054-110
HSWM,hr5351-110
SSFI,hr5351-110
HSWM,hr1093-110
HSIF,hr1093-110
HSWM,hr4644-110
HSGO,hr1726-110
HSAG,hr1726-110
HSGO,hr2252-110
HSWM,hr5164-110
HSED,hr5774-110
HSED,hr6239-110
HSIF,hr822-110
HSED,hr822-110
HSWM,hr822-110
HSGO,hr822-110
HSWM,hr5303-110
HSAP,hr5222-110
HSED,hr6186-110
HSPW,hr6186-110
HSGO,hr6186-110
HSRU,hr6186-110
HSII,hr30-110
SSEG,hr30-110
HSIF,hr3448-110
HSWM,hr5182-110
HSJU,hr221-110
HSIF,hr1846-110
HSWM,hr1846-110
HSIF,hr3895-110
HSIF,hr1310-110
HSWM,hr1310-110
HSAS,hr6514-110
HSAG,hr3374-110
HSHA,hr475-110
HSIF,hr6570-110
HSWM,hr6570-110
HSGO,hr6570-110
HSBA,hr3959-110
SSBK,hr3959-110
HSBA,hr2510-110
HSIF,hr788-110
HSIF,hr503-110
HSAG,hr503-110
HSWM,hr4804-110
HSWM,hr2488-110
HSWM,hr5081-110
HSJU,hr5515-110
HSWM,hr5515-110
HSED,hr5515-110
HSRU,hr5515-110
HSWM,hr6036-110
HSED,hr6036-110
HSWM,hr5299-110
HSWM,hr6-110
HSII,hr6-110
HSBU,hr6-110
HSRU,hr6-110
HSPW,hr6-110
HSWM,hr4784-110
HSJU,hr73-110
HSAS,hr1585-110
HSHM,hr1585-110
HSJU,hr3753-110
HSIF,hr3754-110
HSJU,hr6845-110
HSIF,hr1055-110
HSIF,hr5698-110
HSWM,hr5698-110
HSWM,hr4297-110
HSBA,hr6870-110
HSBA,hr6308-110
HSIF,hr7161-110
HSAP,hr6947-110
HSWM,hr3135-110
HSED,hr627-110
HSAP,hr627-110
HSII,hr6251-110
HSHM,hr4088-110
HSJU,hr4088-110
HSWM,hr4088-110
HSED,hr4088-110
HSGO,hr4088-110
HSAS,hr4088-110
HSAG,hr4088-110
HSII,hr4088-110
HSIF,hr2897-110
HSWM,hr2897-110
HSBA,hr7297-110
HSWM,hr2202-110
HSWM,hr5720-110
HSWM,hr6180-110
HSRU,hr6180-110
HSIF,hr1983-110
HSBA,hr2840-110
HSIF,hr1368-110
HSWM,hr1368-110
HSJU,hr1778-110
HSIF,hr6983-110
HSED,hr6983-110
HSWM,hr6983-110
HSWM,hr6333-110
HSPW,hr3248-110
SSEV,hr3248-110
HSVR,hr6114-110
HSIF,hr5527-110
SSCM,hr3919-110
HSWM,hr5074-110
HSWM,hr4565-110
HSED,hr2928-110
HSGO,hr875-110
HSWM,hr5163-110
HSPW,hr4183-110
HSHM,hr4183-110
HSIF,hr1902-110
HSJU,hr1902-110
HSJU,hr1027-110
HSJU,hr5546-110
HSED,hr3641-110
HSJU,hr253-110
HSHM,hr5909-110
SSCM,hr5909-110
HSWM,hr4570-110
HSJU,hr6633-110
HSED,hr6633-110
HSWM,hr6633-110
SSJU,hr6633-110
HSIF,hr6252-110
HSWM,hr6252-110
HSGO,hr3033-110
SSGA,hr3033-110
HSWM,hr4561-110
HSWM,hr4920-110
HSAG,hr1709-110
HSED,hr2165-110
HSII,hr309-110
SSEG,hr309-110
HSSY,hr1068-110
SSCM,hr1068-110
HSJU,hr367-110
HSIF,hr2478-110
HSJU,hr3773-110
HLIG,hr3773-110
SSJU,hr3773-110
HSII,hr2010-110
HSWM,hr2010-110
HSFA,hr2010-110
HSWM,hr4795-110
HSAG,hr5648-110
HSII,hr5648-110
HSJU,hr3148-110
HSIF,hr1776-110
HSGO,hr3928-110
SSGA,hr3928-110
HSSY,hr1868-110
SSCM,hr1868-110
HSIF,hr3580-110
HSJU,hr2290-110
HSIF,hr948-110
HSWM,hr948-110
HSWM,hr4242-110
HSWM,hr4996-110
HSIF,hr3700-110
HSFA,hr5501-110
HSBA,hr5501-110
SSFR,hr5501-110
HSWM,hr5716-110
HSBA,hr5716-110
HSWM,hr5804-110
HSIF,hr6898-110
HSWM,hr6898-110
HSSY,hr6898-110
HSAG,hr1280-110
HSIF,hr2208-110
HSSY,hr2208-110
HSBA,hr1685-110
HSGO,hr1685-110
HSIF,hr1685-110
HSII,hr2784-110
HSRU,hr2784-110
HSBU,hr2784-110
HSJU,hr400-110
HSIF,hr1590-110
HSFA,hr1590-110
HSII,hr2964-110
HSBA,hr4008-110
HSJU,hr4008-110
HSJU,hr3845-110
SSJU,hr3845-110
HSIF,hr6100-110
HSED,hr3763-110
HSII,hr1907-110
HSED,hr980-110
HSJU,hr7080-110
HSWM,hr7080-110
HSED,hr681-110
HSII,hr4115-110
HSJU,hr4115-110
HSJU,hr2140-110
HSBA,hr2140-110
HSWM,hr2140-110
HSII,hr2337-110
HSAG,hr2337-110
HSSY,hr2337-110
HSGO,hr401-110
HSIF,hr2860-110
HSWM,hr2860-110
HSIF,hr2676-110
HSED,hr2676-110
HSWM,hr2676-110
HSWM,hr3586-110
HSIF,hr1553-110
HSWM,hr5314-110
HSWM,hr5635-110
HSIF,hr5605-110
HSWM,hr5605-110
HSWM,hr2205-110
HSII,hr3663-110
HSWM,hr4885-110
HSWM,hr5450-110
HSVR,hr612-110
SSVA,hr612-110
HSJU,hr5571-110
SSJU,hr5571-110
HSWM,hr4886-110
HSWM,hr2357-110
HSIF,hr2357-110
HSIF,hr5904-110
HSBA,hr3524-110
SSBK,hr3524-110
HSBA,hr202-110
HSWM,hr4805-110
HSIF,hr2851-110
HSED,hr2851-110
HSWM,hr2851-110
SSHR,hr2851-110
HSBA,hr2727-110
HSAP,hr2829-110
SSAP,hr2829-110
HSWM,hr5186-110
HSSM,hr1935-110
HSWM,hr4557-110
HSWM,hr4970-110
HSBA,hr3915-110
SSBK,hr3915-110
HSSY,hr906-110
HSFA,hr906-110
HSIF,hr6761-110
HSWM,hr6761-110
HSWM,hr3170-110
HSWM,hr3443-110
HSPW,hr6757-110
HSWM,hr2988-110
HSJU,hr2564-110
HSWM,hr1818-110
HSWM,hr4677-110
HSIF,hr2633-110
HSWM,hr2633-110
HSED,hr2633-110
HSGO,hr2633-110
HSFA,hr3887-110
HSJU,hr3887-110
HSIF,hr3887-110
SSJU,hr3887-110
HSWM,hr7298-110
HSIF,hr5765-110
HSWM,hr5765-110
HSWM,hr5313-110
HSIF,hr2045-110
HSFA,hr2712-110
HSWM,hr3688-110
HSBA,hr2046-110
HSIF,hr2046-110
HSED,hr35-110
HSJU,hr6344-110
SSJU,hr6344-110
HSJU,hr1201-110
HSBA,hr174-110
HSJU,hr5950-110
HSWM,hr5064-110
HSIF,hr6163-110
HSWM,hr6163-110
HSED,hr1643-110
HSWM,hr4572-110
SSHR,s908-110
SSFI,s2099-110
SSSB,s1005-110
SSSB,s1690-110
SSHR,s3628-110
SSVA,s2921-110
SSFI,s1681-110
SSHR,s7-110
SSFI,s2242-110
SSAS,s902-110
SSFI,s3560-110
HSIF,s3560-110
SSEV,s843-110
SSAP,s1789-110
SSHR,s3209-110
SSFI,s2886-110
SSFI,s2823-110
SSCM,s3667-110
SSHR,s766-110
SSCM,s337-110
SSFI,s1952-110
SSBU,s15-110
SSFI,s1208-110
SSCM,s2831-110
SSHR,s753-110
SSFI,s3278-110
SSBK,s3287-110
SSHR,s845-110
HSIF,s845-110
SSGA,s332-110
SSFI,s1954-110
SSHR,s2227-110
SSEG,s2730-110
SSEV,s1158-110
SSHR,s1232-110
SSFI,s1947-110
SSHR,s1655-110
SSHR,s1996-110
SSHR,s1014-110
SSEV,s1248-110
SSJU,s1060-110
SSHR,s1928-110
SSAF,s771-110
SSCM,s953-110
SSFI,s912-110
SSFI,s787-110
SSHR,s459-110
SSFI,s1758-110
SSHR,s1758-110
SSJU,s31-110
SSEV,s2707-110
SSCM,s311-110
SSJU,s762-110
SSHR,s405-110
SSFI,s1893-110
SSFI,s2830-110
SSJU,s2035-110
SSJU,s2133-110
SSFI,s2380-110
SSJU,s231-110
HSJU,s231-110
SSBK,s1395-110
SSBK,s1100-110
SSCM,s183-110
SSHR,s2708-110
SSHR,s2744-110
SSCM,s3274-110
SSEG,s2833-110
SSGA,s2186-110
SSJU,s2092-110
SSGA,s606-110
SSEV,s386-110
SSEV,s1168-110
SSFI,s465-110
SSCM,s2045-110
SSBK,s2028-110
SSJU,s1351-110
SSBK,s2452-110
SSEG,s275-110
SSGA,s960-110
SSJU,s1782-110
SSFI,s2785-110
SSHR,s2466-110
HSWM,hr4675-110
HSWM,hr2455-110
HSIF,hr1293-110
HSWM,hr1293-110
HSWM,hr4712-110
HSED,hr200-110
HSSM,hr109-110
HSIF,hr6258-110
HSSY,hr6258-110
HSIF,hr2584-110
HSWM,hr2584-110
HSWM,hr1820-110
HSWM,hr4714-110
HSWM,hr3717-110
HSIF,hr6432-110
HSJU,hr2100-110
HSGO,hr2100-110
HSED,hr2100-110
HSHA,hr2100-110
HSSY,hr363-110
SSHR,hr363-110
HSII,hr7151-110
HSAG,hr7151-110
HSWM,hr4785-110
HSSM,hr7087-110
HSWM,hr1584-110
HSIF,hr2282-110
HSWM,hr4732-110
HSIF,hr583-110
HSSY,hr5819-110
HSSM,hr5819-110
SSSB,hr5819-110
HSWM,hr4235-110
HSAG,hr6637-110
HSIF,hr6637-110
HSJU,hr6637-110
HSWM,hr5066-110
HSWM,hr2184-110
HSIF,hr2184-110
HSIF,hr964-110
SSCM,hr964-110
HSPW,hr2775-110
HSHM,hr2775-110
HSII,hr5350-110
HSGO,hr5350-110
HSIF,hr1932-110
HSWM,hr1932-110
HSAG,hr6202-110
HSJU,hr5606-110
HSIF,hr3610-110
HSII,hr1143-110
SSEG,hr1143-110
HSIF,hr1665-110
HSWM,hr1665-110
HSIF,hr2991-110
HSWM,hr2991-110
HSWM,hr1365-110
HSIF,hr3543-110
HSJU,hr3543-110
HSIF,hr748-110
HSWM,hr748-110
HSWM,hr2188-110
HSED,hr2188-110
HSIF,hr322-110
HSAP,hr2641-110
HSWM,hr6183-110
HSWM,hr245-110
HSWM,hr3997-110
HSWM,hr4537-110
HSHA,hr6625-110
HSVR,hr6625-110
SSRA,hr6625-110
HSWM,hr4639-110
HSPW,hr6641-110
HSWM,hr4314-110
HSWM,hr5077-110
HSII,hr2535-110
SSEG,hr2535-110
HSED,hr901-110
HSED,hr1806-110
HSIF,hr3697-110
HSPW,hr6299-110
HSED,hr3850-110
HSWM,hr4566-110
HSJU,hr4081-110
HSED,hr2049-110
HSBA,hr6248-110
HSWM,hr5390-110
HSSY,hr2407-110
HSIF,hr4059-110
HSII,hr4059-110
HSPW,hr4059-110
HSED,hr3406-110
HSED,hr4137-110
HSJU,hr4137-110
HSSY,hr4137-110
HSBA,hr4137-110
SSHR,hr4137-110
HSWM,hr5301-110
HSWM,hr1229-110
HSRU,hr1229-110
HSWM,hr847-110
HSWM,hr1586-110
HSIF,hr3402-110
SSCM,hr3402-110
HSII,hr2801-110
HSIF,hr3618-110
HSAS,hr2739-110
HSVR,hr2874-110
SSVA,hr2874-110
HSHM,hr4806-110
SSGA,hr4806-110
HSII,hr2334-110
HSBA,hr2786-110
SLIA,hr2786-110
HSWM,hr1194-110
HSIF,hr3919-110
HSAS,hr1362-110
SSGA,hr1362-110
HSHM,hr1362-110
HSWM,hr5346-110
HSBA,hr1537-110
HSWM,hr5065-110
HSPW,hr802-110
SSCM,hr802-110
HSIF,hr3-110
HSAP,hr3043-110
HSED,hr2768-110
SSHR,hr2768-110
HSBA,hr1675-110
SSBK,hr1675-110
HSWM,hr1923-110
HSJU,hr699-110
HSIF,hr1245-110
HSWM,hr1245-110
HSIF,hr6331-110
HSWM,hr6331-110
HSWM,hr5264-110
HSWM,hr4643-110
HSJU,hr5267-110
HSWM,hr4366-110
HSIF,hr5442-110
HSWM,hr5442-110
HSED,hr5442-110
HSBA,hr5442-110
HSIF,hr2108-110
HSVR,hr1211-110
HSAS,hr1211-110
HSWM,hr3801-110
HSED,hr3801-110
HSIF,hr3801-110
HSGO,hr3801-110
HSWM,hr864-110
HSIF,hr864-110
HSPW,hr1303-110
HSSY,hr1768-110
HSBU,hr689-110
HSRU,hr689-110
HSHM,hr1020-110
HSBA,hr5872-110
SSBK,hr5872-110
HSWM,hr4794-110
HSII,hr6159-110
SSEG,hr6159-110
HSED,hr3634-110
HSGO,hr1664-110
SSGA,hr1664-110
HSII,hr5263-110
HSAG,hr5263-110
HSWM,hr5719-110
SSFI,hr5719-110
HSIF,hr1134-110
HSWM,hr5209-110
HSAP,hr3074-110
HSSY,hr2483-110
HSJU,hr5129-110
HSED,hr5129-110
HSPW,hr5129-110
HSII,hr6162-110
HSIF,hr2296-110
HSWM,hr2296-110
HSPW,hr2296-110
HSWM,hr3418-110
HSIF,hr5629-110
HSJU,hr5629-110
HSII,hr3094-110
HSWM,hr4640-110
HSPW,hr1495-110
HSWM,hr5166-110
HSIF,hr3963-110
HSWM,hr3963-110
HSGO,hr3963-110
HSHA,hr3963-110
HSED,hr3963-110
HSWM,hr4638-110
HSAG,hr2213-110
HSAS,hr3793-110
HSIF,hr3559-110
HSWM,hr7222-110
HSGO,hr3548-110
HSPW,hr544-110
HSFA,hr4246-110
HSJU,hr6536-110
HSPW,hr6524-110
HSAS,hr6524-110
HSIF,hr1279-110
HSGO,hr4106-110
SSGA,hr4106-110
HSWM,hr1509-110
HSWM,hr4710-110
HSIF,hr2892-110
HSED,hr2892-110
HSGO,hr2892-110
HSAS,hr2892-110
HSWM,hr4724-110
HSED,hr4188-110
HSBA,hr5633-110
HSWM,hr163-110
HSWM,hr763-110
HSIF,hr3937-110
HSII,hr4074-110
HSJU,hr1081-110
HSIF,hr1081-110
HSBA,hr1081-110
HSIF,hr4040-110
HSIF,hr4040-110
HSIF,hr5268-110
HSIF,hr1193-110
HSWM,hr1193-110
HSII,hr6108-110
HSSY,hr6108-110
HSJU,hr6108-110
HSBA,hr5611-110
SSBK,hr5611-110
HSED,hr3253-110
HSWM,hr4345-110
HSHA,hr4294-110
HSWM,hr4294-110
HSIF,hr3163-110
HSWM,hr3163-110
HSED,hr3163-110
HSGO,hr3163-110
HSJU,hr3010-110
HSIF,hr1032-110
HSHA,hr5893-110
HSJU,hr5893-110
SSRA,hr5893-110
HSIF,hr518-110
SSEV,hr518-110
HSFA,hr2185-110
SSFR,hr2185-110
HSWM,hr1770-110
HSHA,hr5424-110
HSWM,hr976-110
HSJU,hr837-110
HSIF,hr5404-110
HSII,hr813-110
SSEG,hr813-110
HSIF,hr7013-110
HSED,hr6160-110
HSGO,hr6160-110
HSWM,hr4362-110
HSIF,hr4992-110
HSWM,hr4992-110
HSWM,hr2734-110
HSII,hr6547-110
HSIF,hr3023-110
HSWM,hr4801-110
HSWM,hr4798-110
HSED,hr3662-110
HSAG,hr1600-110
HSWM,hr1600-110
HSED,hr1600-110
HSIF,hr1600-110
HSBA,hr1600-110
HSWM,hr3282-110
HSIF,hr3282-110
HSED,hr3282-110
HSED,hr2-110
HSIF,hr233-110
HSPW,hr5594-110
HSIF,hr6670-110
HSII,hr6670-110
HSSY,hr6670-110
HSPW,hr6670-110
HSED,hr6670-110
HSAG,hr6670-110
HSJU,hr2033-110
HSIF,hr676-110
HSWM,hr676-110
HSII,hr676-110
HSWM,hr5067-110
HSPW,hr4058-110
HSWM,hr4350-110
HSIF,hr5839-110
HSBA,hr5792-110
SSHR,s3398-110
SSHR,s976-110
SSVA,s2969-110
SSJU,s2481-110
SSHR,s3037-110
SSAF,s2058-110
SSEG,s2568-110
SSAF,s3519-110
SSAF,s1776-110
SSHR,s1699-110
SSHR,s358-110
SSFI,s339-110
SSFI,s1052-110
SSHR,s2173-110
SSEG,s27-110
SSCM,s1889-110
SSJU,s2136-110
SSCM,s1190-110
SSAP,s1745-110
SSJU,s376-110
SSEV,s1297-110
SSHR,s2467-110
SSAF,s1930-110
SSFI,s2464-110
SSFI,s2209-110
SSBK,s1437-110
SSFI,s58-110
SSHR,s3385-110
SSFI,s1180-110
SSHR,s969-110
SSHR,s2319-110
SSCM,s2881-110
SSHR,s593-110
SSBK,s3632-110
SSFI,s1678-110
SSHR,s1376-110
SSCM,s1675-110
SSEV,s3366-110
SSAP,s1644-110
SSEV,s649-110
SSJU,s2083-110
SSJU,s772-110
SSJU,s772-110
SSEG,s3233-110
SSEG,s3051-110
SSJU,s560-110
SSFI,s1275-110
SSEV,s1324-110
SSBK,s3252-110
SSFI,s1507-110
SSEV,s2316-110
SSVA,s22-110
SLIA,s398-110
HSII,s398-110
HSJU,s398-110
SSFI,s3144-110
SSFI,s181-110
SSFI,s2029-110
SSAP,s1645-110
SSFI,s2795-110
SSAF,s714-110
SSHR,s982-110
SSFI,s631-110
SSFI,s561-110
SSJU,s1638-110
SSCM,s1661-110
SSFI,s796-110
SSEG,s3065-110
SSFI,s3418-110
SSEV,s775-110
HSPW,s775-110
SSFI,s1288-110
SSEV,s2080-110
SLIA,s2200-110
SSFI,s974-110
SSEV,s3741-110
SSJU,s2041-110
SSFI,s773-110
SSFI,s1627-110
SSBK,s929-110
SSFI,s425-110
SSFI,s1605-110
SLIA,s1080-110
SSCM,s2307-110
SSHR,s2059-110
SSAP,s3182-110
SSJU,s3217-110
SLIA,s310-110
SSFI,s142-110
SSFI,s1484-110
SSFI,s816-110
SSCM,s291-110
SSHR,s1082-110
SSJU,s1852-110
SSAP,s3260-110
SSBK,s806-110
SSBK,s1386-110
SSJU,s717-110
SSJU,s717-110
SSFI,s3080-110
SSEG,s3680-110
SSJU,s1957-110
SSCM,s675-110
SSBK,s18-110
SSCM,s1583-110
SSFI,s3107-110
SSFI,s1405-110
SSEG,s2598-110
SSFI,s2396-110
SSJU,s3086-110
SSEG,s987-110
SSHR,s1576-110
SSFI,s1630-110
SSEV,s3729-110
SSHR,s2932-110
SSHR,s60-110
SSCM,s3465-110
SSEV,s836-110
SSFI,s3613-110
SSJU,s1092-110
SSCM,s75-110
SSAF,s1412-110
SSGA,s705-110
SSEG,s662-110
SSBK,s2595-110
SSFI,s1254-110
SSCM,s3150-110
SSJU,s420-110
SSEG,s2834-110
SSHR,s769-110
SSCM,s2928-110
SSCM,s2645-110
SSEG,s500-110
SLIA,s531-110
HSII,s531-110
SSAP,s3715-110
SSJU,s3155-110
SSBK,s829-110
SSFI,s691-110
SSHR,s371-110
SSFI,s1125-110
SSAF,s786-110
SSFI,s1556-110
SSFI,s822-110
SSJU,s3514-110
SSEG,s731-110
SSCM,s950-110
SSCM,s2469-110
SSHR,s549-110
SSCM,s3054-110
SSCM,s1609-110
SSFI,s3281-110
SLIA,s2062-110
SSBK,s2062-110
SSEV,s3443-110
SSEV,s726-110
SSEG,s2262-110
SSFI,s1587-110
SSHR,s2756-110
SSJU,s2756-110
SSHR,s1069-110
SSHR,s438-110
SSGA,s3477-110
HSGO,s3477-110
SSFI,s1239-110
SSFI,s740-110
SSGA,s3702-110
SSHR,s1066-110
SSGA,s1000-110
SSJU,s3594-110
SSCM,s1582-110
SSGA,s3486-110
SSEG,s1020-110
SSEV,s2146-110
HSIF,s2146-110
SSEV,s3475-110
SSFI,s334-110
SSEV,s1933-110
SSHR,s1050-110
SLIA,s3355-110
SSCM,s711-110
SSFI,s1726-110
SSJU,s238-110
SSHR,s667-110
SSEG,s1921-110
SSHR,s1042-110
SSEG,s1969-110
SSJU,s2317-110
SSFI,s1544-110
SSFI,s3199-110
SSJU,s1946-110
SSFI,s103-110
SSFI,s764-110
SSJU,s2500-110
SSSB,s2300-110
SSFI,s2044-110
SSHR,s400-110
SSCM,s3610-110
SSFI,s2113-110
SSAP,s3181-110
SSFI,s3684-110
SSEV,s317-110
SSJU,s1119-110
SSGA,s1490-110
SLIA,s322-110
SSFI,s2056-110
SSHR,s558-110
HSIF,s558-110
HSED,s558-110
SSEV,s1766-110
SSAF,s394-110
SSFI,s926-110
SSFI,s1407-110
SSHR,s1642-110
SSAF,s305-110
SSFI,s1919-110
SSCM,s184-110
SSBK,s13-110
SSRA,s3390-110
SSBK,s413-110
SSHR,s3708-110
SSFI,s1408-110
SSEG,s752-110
SSCM,s3174-110
HSFA,hres1677-111
HSWM,hres1677-111
HSJU,hres1677-111
HSRU,hres1490-111
HSHA,hr2633-110
HSPW,hr2633-110
HSGO,hr1518-110
HSWM,hr5187-110
HSIF,hr3624-110
HSPW,hr1106-110
HSAS,hr1115-110
HSBU,hr2084-110
HSRU,hr2084-110
HSWM,hr2084-110
HSAP,hr2084-110
HSGO,hr2084-110
HSWM,hr3109-110
HSJU,hr1359-110
HSRU,hr1359-110
HSIF,hr5435-110
HSWM,hr4559-110
HSWM,hr5062-110
HSFA,hr5084-110
HSBA,hr5084-110
HSGO,hr5084-110
HSWM,hr5084-110
HSAG,hr5084-110
HSAG,hr2419-110
HSFA,hr2419-110
HSJU,hr2067-110
HSHA,hr3550-110
HSED,hr5-110
SSHR,hr5-110
HSWM,hr5302-110
HSWM,hr5426-110
HSIF,hr5426-110
HSAS,hr1577-110
HSAP,hr3161-110
HSIF,hr621-110
HSWM,hr621-110
HSIF,hr1308-110
HSJU,hr1308-110
HSPW,hr3247-110
SSGA,hr3247-110
HSJU,hr3396-110
HSII,hr1555-110
HSIF,hr962-110
HSAG,hr6604-110
SSAF,hr6604-110
HSWM,hr2362-110
HSWM,hr7242-110
HSED,hr7242-110
HSAS,hr2543-110
HSJU,hr2543-110
HSWM,hr5121-110
HSBA,hr3521-110
HSWM,hr4972-110
HSIF,hr462-110
HSGO,hr985-110
HSAS,hr985-110
SSGA,hr985-110
HSHM,hr985-110
HSIF,hr806-110
HSJU,hr5782-110
HSJU,hr724-110
HSWM,hr257-110
HSJU,hr257-110
HSIF,hr257-110
HSIF,hr1552-110
HSWM,hr1552-110
HSIF,hr2101-110
HSJU,hr5638-110
HSWM,hr1783-110
HSJU,hr1783-110
HSIF,hr1783-110
HSED,hr1783-110
HSBA,hr3121-110
SSBK,hr3121-110
HSBA,hr1427-110
SSBK,hr1427-110
HSJU,hr5924-110
HSIF,hr5924-110
HSJU,hr7084-110
HSWM,hr5140-110
HSBA,hr5140-110
HSJU,hr836-110
HSHM,hr836-110
HSII,hr505-110
HSPW,hr7002-110
HSWM,hr7002-110
HSFA,hr7002-110
HSAS,hr5658-110
HSED,hr141-110
HSWM,hr4558-110
HSWM,hr5337-110
HSBA,hr1171-110
SSFR,sjres12-110
SSJU,sjres11-110
SSJU,s1692-110
SSEV,s595-110
SSEV,s1818-110
SSEV,s742-110
SSBK,s2684-110
SSJU,s3602-110
SSHR,s3431-110
SSHR,s1262-110
SSJU,s2439-110
SSFI,s450-110
SSAS,s2764-110
SSVA,s2764-110
SSHR,s1560-110
SSFR,s1998-110
SSFI,s1340-110
SSSB,s1662-110
SSEV,s280-110
SSHR,s2192-110
SSFR,s3529-110
SSAS,s3001-110
SSJU,s1393-110
SSFI,s3484-110
SSHR,s793-110
HSIF,s793-110
SSJU,s2977-110
SSHR,s1470-110
SSHR,s1036-110
SSAP,s1696-110
SSGA,s80-110
SLIN,s2248-110
SSJU,s2248-110
SSJU,s1844-110
SSFI,s1078-110
SSAF,s3130-110
SSFI,s367-110
SSFI,s367-110
SSEG,s312-110
SSBK,s2284-110
SSAF,s3614-110
SSEG,s2593-110
SSJU,s519-110
SSJU,s2358-110
SSHR,s1185-110
SSFR,s2433-110
SSBK,s1260-110
SSEG,s1321-110
SSEG,s1590-110
SSHR,s1881-110
SSGA,s3623-110
SSVA,s847-110
SSHR,s3311-110
SSJU,s9-110
SSEV,s3562-110
SSCM,s1769-110
SSBK,s2542-110
SSFI,s2188-110
SSHR,s1378-110
SSFI,s1617-110
SSHR,s1981-110
SSFR,s991-110
SSJU,s525-110
SSHR,s948-110
SSHR,s484-110
SSGA,s4-110
HSHM,s4-110
SSFI,s2662-110
SSFI,s1038-110
SSFI,s1753-110
SSAS,s3002-110
SSHR,s518-110
SSJU,s2470-110
SSJU,s495-110
SSAP,s3230-110
SSCM,s3663-110
HSIF,s3663-110
SSFI,s2170-110
SSBK,s1356-110
SSHR,s1194-110
SSJU,s3600-110
SSGA,s1558-110
SSJU,s3325-110
SSFI,s301-110
SSHR,s3573-110
SSGA,s1221-110
SSSB,s1960-110
SSHR,s1760-110
HSIF,s1760-110
SSGA,s2292-110
SSCM,s234-110
SSHR,s1920-110
SSHR,s1898-110
SSHR,s1650-110
SSCM,s1650-110
SSJU,s3414-110
SSHR,s556-110
SSJU,s2161-110
SSBK,s3737-110
SSAF,s1031-110
SSEG,s3017-110
SSHR,s414-110
SSCM,s215-110
SLIA,s429-110
SSJU,s187-110
SSBK,s1317-110
SSFI,s652-110
SSEG,s2156-110
SSAP,s3288-110
SSHR,s1505-110
SSCM,s1780-110
SSFI,s502-110
SSFI,s1124-110
SSAF,s622-110
SSCM,s1625-110
SSHR,s651-110
SSHR,s1375-110
SSFI,s1164-110
SSGA,s1335-110
SSHR,s2014-110
SSEV,s1177-110
SSEG,s1268-110
SSAP,s3272-110
SSBK,s3654-110
SSHR,s910-110
SSBK,s3389-110
SSGA,s345-110
SSHR,s3187-110
SSHR,s3358-110
SSBK,s1926-110
SSEG,s722-110
SSFR,s448-110
SSHR,s2303-110
SSJU,s1711-110
SSJU,s2838-110
SPAG,s2838-110
SSFI,s1424-110
SSBK,s292-110
SSBK,s3033-110
SSJU,s2010-110
SSHR,s1551-110
SSEV,s906-110
SSFI,s2320-110
SSHR,s624-110
SSHR,s468-110
SLIA,s462-110
SSFI,s998-110
SSAF,s828-110
SSFI,s3359-110
SSEG,s1171-110
SSCM,s1178-110
SSGA,s2245-110
SSEG,s2602-110
SSEV,s1832-110
SSGA,s2131-110
SSHR,s1792-110
SLIN,s2996-110
SSJU,s239-110
SSFI,s821-110
SSBK,s2957-110
SSAF,s2302-110
SSFI,s2566-110
SSFI,s96-110
SSGA,s1427-110
SSAF,s3404-110
SSEV,s309-110
SSGA,s3536-110
HSGO,s3536-110
SSGA,s253-110
SSFI,s2404-110
SSHR,s625-110
SSFI,s875-110
SSFI,s875-110
SSFI,s2181-110
SSJU,s1145-110
SSFI,s14-110
SSFI,s578-110
SLIA,s160-110
SSCM,s1492-110
HSIF,s1492-110
SSEG,s2827-110
SSAS,s2778-110
SSFI,s777-110
SSHR,s2075-110
SSHR,s1452-110
SSCM,s3485-110
SSJU,s249-110
SSGA,s680-110
SSJU,s1397-110
SSHR,s2784-110
SSAP,s1710-110
SSJU,s1691-110
SSFI,s1070-110
SSEG,s154-110
SSFI,s485-110
SSAF,s1017-110
SSHR,s1041-110
SSFI,s1213-110
SSJU,s812-110
SSAP,s1751-110
SSHR,s350-110
SSFI,s632-110
SSCM,s3270-110
SSJU,s340-110
SLIA,s2494-110
SSHR,s3480-110
SSAF,s1496-110
SSFI,s1010-110
SSFI,s1132-110
SSCM,s2635-110
SSAS,s644-110
SSJU,s3093-110
SSHR,s1843-110
SSJU,s1843-110
SSCM,s2171-110
SSJU,s3061-110
SSEG,s2958-110
SSFI,s1783-110
SSHR,s2477-110
SSFI,s2819-110
SSFI,s2884-110
SSAF,s3183-110
SSFI,s1707-110
SSGA,s2521-110
SSHR,s623-110
SSHR,s3409-110
SSGA,s1446-110
SSFI,s1462-110
SSFI,s2936-110
SSEG,s300-110
SSJU,s244-110
SSVA,s3299-110
SSJU,s1943-110
SSGA,s274-110
SSHR,s2895-110
SSHR,s2485-110
SSCM,s1892-110
SSFI,s2668-110
SLIN,s1538-110
SSAS,s1538-110
SSHR,s1810-110
HSIF,s1810-110
HSIF,s30-110
SSBK,s1084-110
SSAF,s3131-110
SSEG,s1380-110
SSBK,s3616-110
SSFI,s2776-110
SSAF,s2770-110
SSBK,s2978-110
SSAP,s3301-110
SSFI,s2345-110
SLIA,s1200-110
HSII,s1200-110
HSIF,s1200-110
HSWM,s1200-110
SSBK,s1611-110
SSFI,s1219-110
SSFI,s138-110
SSHR,s1628-110
SSGA,s3082-110
HSGO,s3082-110
SSFI,s3300-110
SSJU,s456-110
HSIF,s456-110
HSJU,s456-110
HSED,s456-110
SSFI,s41-110
SSBK,s1677-110
SSCM,s3204-110
SSHR,s1942-110
SSFI,s3408-110
SSJU,s1927-110
SSJU,s1105-110
SSAF,s2726-110
SSFI,s2465-110
SSJU,s1083-110
SSBK,s40-110
SSAF,s770-110
SSFI,s2787-110
SSHR,s2858-110
SSEV,s1641-110
SSJU,s1749-110
SSEG,s962-110
SSEG,s1258-110
SSFI,s1750-110
SSHR,s941-110
SSFI,s582-110
SSHR,s586-110
SLIA,s3381-110
SSFI,s133-110
SSJU,s237-110
SSHR,s1401-110
SSCM,s3553-110
SSSB,s904-110
SSHR,s2127-110
SSEV,s3040-110
SSEV,s1911-110
SSEV,s1073-110
SSAF,s1694-110
SSFI,s2412-110
SSHR,s708-110
SSEG,s1476-110
SSCM,s92-110
SSAF,s3709-110
SSSB,s1256-110
SSJU,s1173-110
SSEG,s1602-110
HSBA,hres556-111
HSSY,hres413-111
HSGO,hres18-111
HSED,hres1244-111
HSPW,hres1186-111
HSIF,hres1664-111
HSED,hres182-111
HSJU,hres1022-111
HSFA,hres416-111
HSJU,hres416-111
HSIF,hres308-111
HSRU,hres956-111
HSIF,hres1258-111
HSRU,hres1640-111
HSAG,hres270-111
HSRU,hres1204-111
HSBU,hres1493-111
HSRU,hres1493-111
HSWM,hres887-111
HSFA,hres887-111
HSRU,hres225-111
HSFA,hres590-111
HSFA,hres560-111
HSBA,hres199-111
HSWM,hres1024-111
HSGO,hres83-111
HSIF,hres1250-111
HSGO,hres1187-111
HSGO,hres441-111
HSII,hres1406-111
HSED,hres1777-111
HSRU,hres1203-111
HSBU,hres1492-111
HSRU,hres1492-111
HSGO,hres1362-111
HSRU,hres40-111
HSAG,hres1368-111
HSRU,hres847-111
HSRU,hres835-111
HSIF,hres31-111
HSFA,hres888-111
HSSY,hres797-111
HSIF,hres192-111
HSFA,hres947-111
HSRU,hres572-111
HSJU,hres1271-111
HSJU,hres1587-111
HSSY,hres1133-111
HSRU,hres976-111
HSIF,hres30-111
HSJU,hres30-111
HSJU,hres905-111
HSFA,hres236-111
HSII,hres989-111
HSED,hres1167-111
HSFA,hres1371-111
HSFA,hres1335-111
HSFA,hres1722-111
HSII,hres1722-111
HSED,hres1161-111
HSFA,hres1631-111
HSIF,hres451-111
HSBA,hres65-111
HSGO,hres116-111
HSGO,hres1316-111
HSRU,hres1225-111
HSFA,hres66-111
HSFA,hres898-111
HSWM,hres898-111
HSJU,hres898-111
HSJU,hres1026-111
HSED,hres1026-111
HSHM,hres1026-111
HSGO,hres679-111
HSED,hres1702-111
HSSY,hres1702-111
HSIF,hres1302-111
HSHA,hres869-111
HSII,hres1254-111
HSRU,hres799-111
HSFA,hres252-111
HSJU,hjres8-111
HSJU,hjres98-111
HSAS,hjres44-111
SSAS,hjres44-111
HSFA,hjres92-111
HSIF,hjres76-111
HSJU,hjres37-111
HSIF,hjres77-111
HSIF,hjres100-111
HSWM,hjres83-111
HSWM,hjres56-111
HSFA,hjres10-111
HSFA,hjres88-111
HSBA,hjres3-111
SSBK,hjres3-111
HSJU,hjres41-111
SSFI,hjres45-111
HSFA,hjres85-111
HSJU,hjres1-111
HSJU,hjres11-111
HSJU,hjres47-111
HSJU,hjres2-111
HSAP,hjres105-111
HSAP,hjres101-111
HSFA,hjres60-111
HSJU,hjres6-111
HSAS,hjres23-111
HSAP,hjres64-111
SSVA,s423-110
SSJU,s988-110
SSHR,s1244-110
SSHR,s1274-110
SSFI,s3330-110
SSEV,s272-110
SSJU,s2168-110
HSJU,s2168-110
HSED,s3180-110
SSEV,s2191-110
SSAS,s3310-110
SSEG,s3239-110
SSVA,s2162-110
HSVR,s2162-110
SSCM,s3638-110
SSGA,s510-110
SSHR,s1693-110
SSCM,s2793-110
SSJU,s515-110
SSFI,s1848-110
SSEG,s257-110
SSFI,s155-110
SSFI,s1342-110
SSHR,s1087-110
SSHR,s1814-110
SSAF,s654-110
SSEG,s1567-110
SSFI,s1624-110
SSJU,s774-110
SSFI,s3208-110
SSFR,s695-110
SSEV,s1616-110
SSHR,s2042-110
SSFI,s819-110
SSHR,s958-110
SSGA,s1390-110
SSAS,s1390-110
SSJU,s1202-110
SSFI,s3615-110
SSFI,s2522-110
SSFI,s3220-110
SSFI,s661-110
SSFI,s700-110
SSHR,s1513-110
SSSB,s1657-110
SSJU,s2913-110
HSJU,s2913-110
SSJU,s2769-110
SSHR,s736-110
SSJU,s2667-110
SSAP,s3604-110
SSJU,s749-110
SSAP,s3261-110
SSEV,s564-110
SSFI,s2408-110
SSEV,s3617-110
SSEG,s391-110
SSFI,s3478-110
SSHR,s2123-110
SSBK,s3739-110
SSGA,s1804-110
SSEG,s1329-110
SSGA,s1456-110
SSEG,s37-110
SSEV,s854-110
SSHR,s823-110
SSHR,s2313-110
SSHR,s2061-110
SSAP,s3289-110
SSFI,s3-110
HSED,s33-110
SSEG,s245-110
SSEG,s802-110
SSFI,s3125-110
SSFI,s1768-110
SSFI,s2786-110
SSCM,s2507-110
HSIF,s2507-110
SSFI,s2372-110
SSGA,s3474-110
SSBK,s2286-110
SSFI,s588-110
SSBK,s2397-110
SSEG,s1491-110
SSCM,s1853-110
SSFR,s2279-110
SSEG,s1311-110
SSEG,s1931-110
SSHR,s1695-110
SSFI,s2532-110
SSJU,s221-110
SSJU,s2213-110
SSEV,s1870-110
SSHR,s1873-110
SSHR,s2630-110
SSEV,s1498-110
SSEV,s784-110
SSEG,s2842-110
SSJU,s1685-110
SSAP,s1859-110
SSCM,s1300-110
SSFI,s739-110
SSBK,s788-110
SSRA,s979-110
SSFI,s3399-110
SSEV,s1968-110
SSCM,s3590-110
SSEG,s3210-110
SSCM,s2997-110
SSGA,s136-110
SSFI,s871-110
SSFI,s1338-110
SSFI,s296-110
SSSB,s598-110
SSFI,s507-110
SSEG,s1961-110
SSHR,s1445-110
SSFI,s1915-110
SSEV,s1387-110
SSFI,s3132-110
SSHR,s2473-110
SSEG,s1808-110
SSFI,s881-110
SSHR,s2818-110
SSHR,s1199-110
SSHR,s242-110
SSHR,s242-110
SSFI,s1607-110
SSHR,s2999-110
SSFI,s3357-110
SSEG,s3170-110
SSFI,s932-110
SSEG,s3069-110
SSBK,s2724-110
SSAP,s3258-110
SSFI,s940-110
SSFI,s1951-110
SSAS,s1547-110
SLIN,s1547-110
SSJU,s1547-110
SSJU,s3114-110
SSFI,s3083-110
SSAS,s1549-110
SSHR,s51-110
SSCM,s1578-110
SSFI,s1339-110
SSJU,s316-110
SSFI,s397-110
SSVA,s2797-110
SSFI,s1483-110
SSSB,s1932-110
SSHR,s2554-110
SSHR,s3364-110
SSCM,s2661-110
SSHR,s3326-110
SSEG,s1115-110
SSHR,s579-110
SSFI,s2352-110
SSFI,s1355-110
SSFI,s122-110
SSHR,s3396-110
SSFI,s3717-110
SLIA,s2949-110
SSJU,s256-110
SSEV,s2204-110
SSFI,s3327-110
SSJU,s1027-110
HSFA,hres22-111
HSWM,hres933-111
HSJU,hres505-111
HSFA,hres311-111
HSED,hres1131-111
HSIF,hres648-111
HSIF,hres437-111
HSRU,hres665-111
HSJU,hres1375-111
HSJU,hres105-111
HSFA,hres1064-111
HSRU,hres609-111
HSPW,hres1366-111
HSRU,hres371-111
HSED,hres503-111
HSED,hres1582-111
HSFA,hres1710-111
HSIF,hres1438-111
HSAS,hres1075-111
HSFA,hres1075-111
HSRU,hres587-111
HSIF,hres910-111
HSBA,hres94-111
HSBU,hres1289-111
HSRU,hres1289-111
HSRU,hres88-111
HSSY,hres1310-111
HSWM,hres391-111
HSED,hres459-111
HSIF,hres1433-111
HSFA,hres549-111
HSBA,hres1082-111
HSRU,hres1344-111
HSFA,hres175-111
HSIF,hres231-111
HSFA,hres538-111
HSRU,hres1188-111
HSSO,hres85-111
HSED,hres1342-111
HSED,hres1261-111
HSGO,hres1247-111
HSIF,hres271-111
HSBA,hres271-111
HSWM,hres271-111
HSED,hres271-111
HSIF,hres996-111
HSIF,hres1418-111
HSIF,hres193-111
HSJU,hres1607-111
HSAG,hres507-111
HSFA,hres278-111
HSWM,hres1570-111
HSRU,hres1404-111
HSJU,hres1566-111
HSRU,hres874-111
HSGO,hres1531-111
HSED,hres1365-111
HSFA,hres550-111
HSED,hres1222-111
HSPW,hres472-111
HSJU,hres45-111
HSPW,hres1401-111
HSRU,hres1205-111
HSED,hres499-111
HSJU,hres1259-111
HSFA,hres76-111
HSRU,hres1776-111
HSVR,hres261-111
HSGO,hres268-111
HSRU,hres1329-111
HSJU,hres473-111
HSIF,hres1226-111
HSIF,hres865-111
HSFA,hres865-111
HSFA,hres944-111
HSED,hres1593-111
HSIF,hres1003-111
HSED,hres1117-111
HSED,hres1598-111
HSWM,hres394-111
HSHA,hres938-111
HSFA,hres37-111
HSFA,hres1420-111
HSFA,hres867-111
HSGO,hres1206-111
HSWM,hres1127-111
HSRU,hres1190-111
HSFA,hres557-111
HSRU,hres108-111
HSRU,hres554-111
HSIF,hres713-111
HSFA,hres34-111
HSED,hres1652-111
HSED,hres1219-111
HSGO,hres209-111
HSBA,hres1434-111
HSIF,hres974-111
HSHM,hres28-111
HSED,hres493-111
HSRU,hres184-111
HSWM,hres1670-111
HSFA,hres44-111
HSJU,hres551-111
HSJU,hres68-111
HSED,hres68-111
HSIF,hres1209-111
HSED,hres880-111
HSFA,hres174-111
HSPW,hres1473-111
HSIF,hres1291-111
HSFA,hres535-111
HSIF,hres1033-111
HSED,hres1033-111
HSGO,hres1122-111
HSGO,hres1603-111
HSRU,hres578-111
HSWM,hres1196-111
HSED,hres768-111
HSED,hres347-111
HSRU,hres1500-111
HSGO,hres476-111
HSRU,hres1574-111
HSGO,hres16-111
HSIF,hres1056-111
HSIF,hres1309-111
HSAS,hres1309-111
HSVR,hres1309-111
HSFA,hres1277-111
HSJU,hres871-111
HSFA,hres1359-111
HSRU,hres903-111
HSFA,hres130-111
HSAS,hres1605-111
HSFA,hres282-111
HSRU,hres62-111
HSIF,hres412-111
HSRU,hres383-111
HSFA,hres579-111
HSGO,hres397-111
HSWM,hres997-111
HSFA,hres997-111
HSFA,hres1143-111
HSIF,hres255-111
HSRU,hres323-111
SSEV,sres64-111
SSFR,sres680-111
SSJU,sres394-111
SSCM,sres91-111
SSHR,sres5-111
SSJU,sres287-111
SSHR,sres220-111
SSJU,sres26-111
SSJU,sres618-111
SSJU,sres509-111
SSHR,sres432-111
SSHR,sres156-111
SSJU,sres537-111
SSFI,sres664-111
SSRA,sres12-111
SSFR,sres153-111
SSJU,sres372-111
SSHR,sres676-111
SSRA,sres619-111
SSCM,sres285-111
SSBU,sres41-111
SSRA,sres41-111
SSFR,sres70-111
SSGA,sres481-111
SSJU,sres424-111
SSJU,sres112-111
SSRA,sres416-111
SSJU,sres58-111
SSFR,sres74-111
SSFR,sres519-111
SSFR,sres316-111
SSFR,sres99-111
SSFI,sres206-111
SSJU,sres241-111
SSJU,sres97-111
SSFR,sres71-111
SSJU,sres583-111
SSJU,sres79-111
SSFR,sres409-111
SSJU,sres296-111
SSJU,sres117-111
SSJU,sres187-111
SSJU,sres541-111
SSRA,sres502-111
SSHR,sres478-111
SSHR,sres531-111
SSHR,sres553-111
SSFI,sres311-111
SSFI,sres452-111
SSHR,sres185-111
SSHR,sres490-111
SSJU,sres607-111
SSJU,sres592-111
HSFA,hconres89-111
SSFR,hconres89-111
HSFA,hconres55-111
SSFR,hconres55-111
HSAS,hconres64-111
SSJU,hconres64-111
HSIF,hconres78-111
HSPW,hconres240-111
HSIF,hconres14-111
SSHR,hconres14-111
HSJU,hjres79-111
SSFI,sconres25-111
SSJU,sconres3-111
SSHR,sconres6-111
SSJU,sconres12-111
SSHR,sconres32-111
SSEG,sconres28-111
SSBU,sconres13-111
SSFR,sconres71-111
SSAS,sconres36-111
SSCM,sconres14-111
SSHR,sconres21-111
SSJU,sconres61-111
HSPW,sconres61-111
HSED,sconres30-111
SSFR,sconres11-111
HSFA,sconres11-111
SSBU,sconres60-111
SSHR,sres291-111
SSJU,sres40-111
SSHR,sres565-111
HSAS,hres1022-111
HSED,hres240-111
HSFA,hres42-111
HSIF,hres1370-111
HSFA,hres1512-111
HSRU,hres746-111
HSAG,hres1199-111
HSPW,hres410-111
HSSY,hres793-111
HSED,hres1004-111
HSWM,hres1681-111
HSIF,hres1616-111
HSIF,hres1690-111
HSWM,hres1595-111
HSIF,hres1444-111
HSSY,hres1660-111
HSAG,hres1685-111
HSRU,hres1742-111
HSFA,hres1765-111
HSPW,hres1463-111
HSPW,hres269-111
HSRU,hres490-111
HSPW,hres1498-111
HSBA,hres943-111
HSRU,hres111-111
HSED,hres1341-111
HSRU,hres276-111
HSSO,hres276-111
HSGO,hres762-111
HSRU,hres92-111
HSGO,hres1158-111
HSED,hres811-111
HSAS,hres925-111
HSFA,hres364-111
HSRU,hres168-111
HSFA,hres285-111
HSED,hres1637-111
HSED,hres374-111
HSRU,hres1212-111
HSAS,hres1090-111
HSAG,hres81-111
HSIF,hres25-111
HSGO,hres173-111
HSIF,hres466-111
HSFA,hres466-111
HSGO,hres356-111
HSRU,hres1403-111
HSPW,hres1125-111
HSBA,hres584-111
HSRU,hres955-111
HSRU,hres440-111
HSSO,hres440-111
HSIF,hres913-111
HSWM,hres393-111
HSFA,hres892-111
HSII,hres710-111
HSGO,hres47-111
HSRU,hres964-111
HSRU,hres804-111
HSIF,hres64-111
HSED,hres510-111
HSIF,hres510-111
HSRU,hres1754-111
HSRU,hres644-111
HSPW,hres508-111
HSFA,hres1553-111
HSFA,hres1405-111
HSWM,hres358-111
HSFA,hres1751-111
HSIF,hres1600-111
HSGO,hres919-111
HSIF,hres547-111
HSJU,hres191-111
HSAG,hres191-111
HSIF,hres204-111
HSAG,hres317-111
HSED,hres524-111
HSGO,hres870-111
HSII,hres1308-111
HSFA,hres1308-111
HSED,hres77-111
HSGO,hres676-111
HSII,hres1378-111
HSJU,hres1378-111
HSRU,hres219-111
HSRU,hres53-111
HSED,hres43-111
HSED,hres832-111
HSII,hres518-111
HSED,hres232-111
HSGO,hres101-111
HSSM,hres298-111
HSIF,hres1466-111
HSGO,hres1264-111
HSED,hres167-111
HSJU,hres748-111
HSFA,hres496-111
HSIF,hres376-111
HSFA,hres376-111
HSED,hres336-111
HSSY,hres224-111
HSED,hres1093-111
HSBA,hres1160-111
HSFA,hres1160-111
HSJU,hjres84-111
HSJU,hjres82-111
HSJU,hjres68-111
HSJU,hjres31-111
HSFA,hjres91-111
HSJU,hjres48-111
HSIF,hjres66-111
HSAP,hjres96-111
HSJU,hjres74-111
HSII,hjres18-111
HSJU,hjres42-111
HSJU,hjres102-111
HSJU,hjres4-111
HSFA,hconres111-111
SSFR,hconres111-111
HSED,hconres275-111
SSHR,hconres275-111
HSBA,hconres325-111
SSHR,hconres325-111
HSED,hconres323-111
SSJU,hconres323-111
HSGO,hconres102-111
HSIF,hconres48-111
HSJU,hconres13-111
HSED,hr4330-111
HSII,hr3749-111
HSAG,hr3749-111
HSII,hr2340-111
HSWM,hr3670-111
HSFA,hr2639-111
HSWM,hr3842-111
HSVR,hr3283-111
HSBA,hr2666-111
HSIF,hr2666-111
HSIF,hr3340-111
HSWM,hr3340-111
HSIF,hr2112-111
HSAS,hr2112-111
HSVR,hr2112-111
HSBA,hr4552-111
HSSM,hr5991-111
HSWM,hr5991-111
HSGO,hr946-111
HSWM,hr1743-111
HSIF,hr4019-111
HSHA,hr3965-111
HSED,hr5567-111
HSBA,hr5567-111
HSPW,hr5567-111
HSIF,hr5567-111
HSSY,hr5567-111
HSGO,hr5567-111
HSWM,hr760-111
HSIF,hr760-111
HSWM,hr1545-111
HSBA,hr3817-111
HSJU,hr3817-111
HSPW,hr1682-111
HSWM,hr4713-111
HSII,hr1916-111
HSII,hr222-111
HSPW,hr5730-111
SSEV,hr5730-111
HSED,hr5336-111
HSBA,hr83-111
HSWM,hr379-111
HSII,hr6527-111
HSIF,hr4901-111
HSAP,hr4901-111
HSWM,hr4901-111
HSED,hr4901-111
HSJU,hr4901-111
HSII,hr4901-111
HSHA,hr4901-111
HSRU,hr4901-111
HSWM,hr3501-111
HSWM,hr4646-111
HSBU,hr4646-111
HSRU,hr4646-111
HSAP,hr4646-111
HSIF,hr2923-111
HSJU,hr2923-111
HSPW,hr2651-111
SSCM,hr2651-111
HSWM,hr1698-111
HSIF,hr1698-111
HSPW,hr6122-111
HSHM,hr6122-111
HSBA,hr2589-111
HSWM,hr2589-111
HSII,hr2330-111
SSEG,hr2330-111
HSVR,hr819-111
HSIF,hr2773-111
HSWM,hr2773-111
HSAS,hr5449-111
HSWM,hr2263-111
HSII,hr1129-111
SLIA,hr1129-111
HSIF,hr1915-111
HSWM,hr1915-111
HSED,hr1568-111
HSJU,hr1568-111
HSIF,hr2855-111
HSBA,hr1525-111
HSED,hr739-111
HSWM,hr739-111
HSBA,hr739-111
HSBA,hr302-111
HSJU,hr1022-111
HSED,hr1022-111
HSBU,hr4653-111
HSWM,hr4653-111
HSBA,hr4653-111
HSED,hr2199-111
HSIF,hr195-111
HSGO,hr5200-111
HSWM,hr541-111
HSWM,hr1119-111
HSJU,hr428-111
HSII,hr642-111
HSWM,hr1644-111
HSED,hr1644-111
HSWM,hr4179-111
HSBA,hr5553-111
HSJU,hr898-111
HSII,hr4347-111
SLIA,hr4347-111
HSAG,hr5852-111
HSJU,hr1751-111
HSED,hr1751-111
HSVR,hr3257-111
HSPW,hr3481-111
HSII,hr3481-111
HSJU,hr3498-111
HSIF,hr3498-111
HSJU,hr1269-111
HSII,hr411-111
SSEV,hr411-111
HSAS,hr303-111
HSVR,hr303-111
HSII,hr1043-111
SSEG,hr1043-111
HSFA,hr6296-111
HSWM,hr6296-111
HSJU,hr6296-111
HSBA,hr6296-111
HSGO,hr6296-111
HSAG,hr5326-111
HSII,hr1054-111
HSWM,hr1344-111
HSHA,hr4255-111
HSGO,hr4255-111
HSIF,hr2590-111
HSWM,hr2590-111
HSVR,hr3579-111
HSWM,hr6515-111
HSWM,hr96-111
HSWM,hr650-111
HSIF,hr6427-111
HSWM,hr6427-111
HSBU,hr6427-111
HSVR,hr4359-111
HSRU,hr4262-111
HSBU,hr4262-111
HSIF,hr6533-111
HSED,hr1324-111
HSIF,hr5907-111
HSII,hr1762-111
HSII,hr3208-111
HSJU,hr4800-111
HSAS,hr5353-111
HSWM,hr5353-111
HSIF,hr4803-111
HSWM,hr4803-111
HSGO,hr4803-111
HSWM,hr4311-111
HSWM,hr219-111
HSAS,hr5921-111
HSWM,hr5921-111
HSBA,hr5028-111
HSIF,hr3222-111
HSGO,hr2071-111
HSIF,hr4926-111
HSWM,hr4926-111
HSED,hr4926-111
HSAS,hr4926-111
HSIF,hr1398-111
HSIF,hr1946-111
HSHA,hr5927-111
HSGO,hr5927-111
HSBA,hr2609-111
HSIF,hr3394-111
HSBA,hr29-111
HSED,hr29-111
HSBA,hr5249-111
HSED,hr3591-111
HSIF,hr1128-111
HSGO,hr2638-111
HSVR,hr2638-111
HSSY,hr21-111
HSII,hr21-111
HSJU,hr2061-111
HSII,hr2890-111
HSVR,hr3223-111
HSJU,hr1029-111
HSHM,hr1029-111
SSJU,hr1029-111
HSIF,hr1402-111
HSIF,hr2201-111
HSWM,hr2201-111
HSWM,hr4337-111
HSIF,hr1460-111
HSBA,hr3310-111
HSED,hr3310-111
HSPW,hr3310-111
HSJU,hr3310-111
HSAG,hr3310-111
HSGO,hr3310-111
HSBU,hr3310-111
HSRU,hr3310-111
HSIF,hr3310-111
HSII,hr1562-111
HSWM,hr5393-111
HSJU,hr5393-111
HSPW,hr3829-111
HSSM,hr3558-111
HSGO,hr3558-111
HSGO,hr2517-111
HSHA,hr2517-111
HSJU,hr2517-111
HSWM,hr1831-111
HSIF,hr1210-111
SSHR,hr1210-111
HSIF,hr2820-111
HSWM,hr2820-111
HSED,hr3936-111
HSWM,hr3936-111
HSED,hr4122-111
HSWM,hr1112-111
HSHM,hr6410-111
HSIF,hr6530-111
HSIF,hr999-111
HSWM,hr3530-111
HSED,hr4247-111
SSHR,hr4247-111
HSBA,hr3553-111
SLIA,hr3553-111
HSWM,hr4994-111
HSBU,hr4994-111
SSFI,hr4994-111
SSJU,hr1333-111
HSPW,hr2355-111
HSWM,hr2355-111
HSWM,hr961-111
HSIF,hr2312-111
HSSY,hr2312-111
HSAS,hr1536-111
HSPW,hr1746-111
SSGA,hr1746-111
HSHM,hr1746-111
HSAG,hr5192-111
HSII,hr5192-111
HSJU,hr1255-111
HSBA,hr5539-111
HSJU,hr442-111
HSWM,hr442-111
HSPW,hr6516-111
HSAS,hr6494-111
SSAS,hr6494-111
HSWM,hr1733-111
HSVR,hr6339-111
HSAG,hr4497-111
HSII,hr4497-111
HSWM,hr4497-111
HSAG,hr4971-111
HSED,hr4971-111
HSJU,hr1663-111
HSPW,hr3360-111
HSHM,hr3360-111
HSJU,hr2261-111
HSII,hr5506-111
HSHA,hconres135-111
HSAG,hconres95-111
SSAF,hconres95-111
HSJU,hconres35-111
HSFA,hconres248-111
HSFA,hconres29-111
HSFA,hconres74-111
SSFR,hconres74-111
HSAS,hconres168-111
HSIF,hconres202-111
HSIF,hconres309-111
HSFA,hconres122-111
SSAS,hconres196-111
HSGO,hconres166-111
HSIF,hconres169-111
HSJU,hconres242-111
HSJU,hconres328-111
SSJU,hconres328-111
HSJU,hconres261-111
HSPW,hconres138-111
SSCM,hconres138-111
HSIF,hconres109-111
HSWM,hconres130-111
SSRA,hconres1-111
HSFA,hconres267-111
SSFR,hconres267-111
HSIF,hconres107-111
HSGO,hconres287-111
HSGO,hconres31-111
HSBU,hconres281-111
HSIF,hconres254-111
HSHA,hconres254-111
HSGO,hconres118-111
HSSY,hconres193-111
HSGO,hconres193-111
HSGO,hconres4-111
HSIF,hconres150-111
HSFA,hconres94-111
HSJU,hconres49-111
HSIF,hconres24-111
HSIF,hconres311-111
HSIF,hconres106-111
HSIF,hconres144-111
HSED,hconres92-111
HSJU,hconres92-111
HSED,hconres3-111
HSED,hconres59-111
SSHR,hconres59-111
HSGO,hconres45-111
HSIF,hconres25-111
HSAS,hconres170-111
HSBA,hconres137-111
SSBK,hconres137-111
HSPW,hconres171-111
HSHA,hconres131-111
HSIF,hconres98-111
HSPW,hconres272-111
HSIF,hconres290-111
SSCM,hconres290-111
HSBU,hconres85-111
HSIF,hconres56-111
HSIF,hconres120-111
SSHR,hconres120-111
HSJU,hconres19-111
HSHM,hconres19-111
HSED,hconres52-111
HSFA,hconres260-111
HSVR,hconres331-111
HSED,hconres204-111
HSIF,hconres245-111
HSWM,hconres245-111
HSFA,hconres295-111
HSED,hr635-111
HSWM,hr4284-111
HSWM,hr2580-111
HSIF,hr2580-111
HSWM,hr312-111
HSVR,hr6371-111
HSII,hr5634-111
HSIF,hr5634-111
HSII,hr6329-111
HSPW,hr1307-111
HSJU,hr984-111
HSWM,hr4296-111
HSWM,hr4109-111
HSWM,hr2016-111
HSPW,hr4838-111
HSII,hr81-111
SSCM,hr81-111
HSVR,hr84-111
HSGO,hr3243-111
SSGA,hr3243-111
HSPW,hr4021-111
HSJU,hr1304-111
HSWM,hr2432-111
HSIF,hr6528-111
HSWM,hr6528-111
HSBA,hr5255-111
HSVR,hr731-111
HSSY,hr3083-111
HSWM,hr3608-111
HSPW,hr3503-111
HSII,hr3503-111
HSIF,hr3503-111
HSJU,hr2645-111
HSII,hr2540-111
HSII,hr1275-111
SSEG,hr1275-111
HSPW,hr4105-111
HSHA,hr4105-111
HSJU,hr4105-111
HSVR,hr297-111
HSVR,hr3657-111
HSJU,hr1199-111
HSHM,hr1199-111
HSJU,hr5492-111
HSED,hr4103-111
HSED,hr1931-111
HSIF,hr1931-111
HSAG,hr2297-111
HSRU,hr2297-111
HSVR,hr929-111
HSSY,hr2729-111
SSEG,hr2729-111
HSJU,hr5660-111
HSAS,hr6540-111
SSAS,hr6540-111
HSPW,hr6064-111
HLIG,hr2701-111
HSHM,hr2701-111
HSBA,hr4461-111
HSIF,hr339-111
HSJU,hr5034-111
HSJU,hr3623-111
HSAG,hr3623-111
HSWM,hr3164-111
HSHA,hr5146-111
HSGO,hr5146-111
HSVR,hr1037-111
SSVA,hr1037-111
HSII,hr3629-111
HSHM,hr3629-111
HSVR,hr2506-111
HSAS,hr2506-111
HSBA,hr4405-111
HSED,hr4333-111
HSAG,hr4333-111
HSAS,hr2058-111
HSVR,hr2058-111
HSBA,hr4331-111
HSBA,hr3506-111
SSBK,hr3506-111
HSSY,hr1926-111
HSIF,hr1321-111
HSWM,hr1321-111
HSED,hr1321-111
HSGO,hr1321-111
HSJU,hr1019-111
HSIF,hr306-111
HSWM,hr306-111
HSJU,hr380-111
HSED,hr380-111
HSIF,hr5289-111
HSAS,hr108-111
HSWM,hr1835-111
HSGO,hr1835-111
HSSY,hr1835-111
HSWM,hr5623-111
HSBU,hr5623-111
HSHM,hr5623-111
HSIF,hr5623-111
HSBA,hr2896-111
HSII,hr2944-111
HSPW,hr3720-111
HSPW,hr4367-111
HSBA,hr3977-111
HSJU,hr1972-111
HSBA,hr5017-111
SSBK,hr5017-111
HSIF,hr577-111
SSHR,hr577-111
HSII,hr5580-111
HSWM,hr796-111
HSBA,hr384-111
HSWM,hr384-111
HSJU,hr384-111
SSFI,hr384-111
HSGO,hr1722-111
SSGA,hr1722-111
HSII,hr1906-111
HSWM,hr2452-111
HSIF,hr6390-111
HSWM,hr3483-111
HSIF,hr3483-111
HSIF,hr5295-111
HSWM,hr3434-111
HSIF,hr3051-111
HSWM,hr5705-111
HSBA,hr6460-111
HSED,hr5431-111
HSSM,hr3771-111
HSFA,hr1987-111
HSSO,hr5997-111
HSRU,hr5997-111
HSBA,hr2421-111
SSBK,hr2421-111
HSIF,hr244-111
HSHM,hr244-111
HSWM,hr1318-111
HSWM,hr385-111
HSWM,hr470-111
HSAP,hr470-111
HSWM,hr3297-111
HSWM,hr3516-111
HSBA,hr6398-111
HSIF,hr4554-111
HSED,hr4554-111
HSAS,hr5298-111
HSJU,hr910-111
HSIF,hr2726-111
HSBU,hr3442-111
HSII,hr372-111
HSBA,hr587-111
HSED,hr2607-111
HLIG,hr2545-111
HSIF,hr4428-111
HSWM,hr6538-111
HSII,hr765-111
HSAS,hr765-111
HSED,hr1401-111
HSBA,hr5445-111
HSII,hr4880-111
HSWM,hr3566-111
HSED,hr1775-111
HSWM,hr3902-111
HSBA,hr2529-111
SSBK,hr2529-111
HSJU,hr1237-111
HSHM,hr6326-111
HSGO,hr535-111
HSSM,hr535-111
HSSM,hr535-111
HSVR,hr4765-111
HSII,hr669-111
HSJU,hr382-111
HSWM,hr3302-111
HSED,hr2451-111
HSIF,hr4863-111
HSED,hr4863-111
HSWM,hr2447-111
HSGO,hr5162-111
HSIF,hr4593-111
HSWM,hr4593-111
HSPW,hr4853-111
HSWM,hr4853-111
HSIF,hr1051-111
HSWM,hr1051-111
HSBA,hr1456-111
HSVR,hr5549-111
HSGO,hr1320-111
SSGA,hr1320-111
HSII,hr5657-111
HSWM,hr863-111
HSBA,hr2904-111
HSPW,hr4722-111
HSWM,hr2637-111
HSED,hr3800-111
HSWM,hr1482-111
HSAP,hr1482-111
HSWM,hr2839-111
HSIF,hr1850-111
HSWM,hr1850-111
HSBA,hr5458-111
HSED,hr5458-111
SSHR,hr5458-111
HSII,hr637-111
SSEG,hr637-111
HSPW,hr4131-111
HSHA,hr4131-111
HSJU,hr4131-111
HSII,hr5455-111
HSII,hr284-111
HSHA,hr5609-111
SSGA,hr5609-111
HSED,hr4116-111
HSSM,hr4509-111
HSII,hr4703-111
HSAS,hr1073-111
HSGO,hr5037-111
HSFA,hr5349-111
HSWM,hr5349-111
HSJU,hr1333-111
HSAS,hr1222-111
HSSY,hr5781-111
HSWM,hr611-111
HSIF,hr611-111
HSPW,hr611-111
HSIF,hr6417-111
HSIF,hr1558-111
HSWM,hr1558-111
HSED,hr1558-111
HSFA,hr4959-111
HSWM,hr1624-111
HSVR,hr4664-111
HSBA,hr6260-111
HSSM,hr4549-111
HSSY,hr4549-111
HSED,hr3966-111
HSWM,hr3966-111
HSIF,hr3966-111
HSWM,hr4848-111
HSWM,hr5486-111
HSWM,hr5188-111
HSAS,hr5136-111
HSHM,hr5136-111
HSBA,hr3045-111
HSIF,hr1021-111
HSSY,hr1021-111
HSIF,hr1619-111
HSED,hr1619-111
HSWM,hr1619-111
HSWM,hr4184-111
HSAS,hr2193-111
HSED,hr558-111
HSWM,hr883-111
HSVR,hr2243-111
HSHM,hr5485-111
HSPW,hr5485-111
HSWM,hr3873-111
HSIF,hr5447-111
HSWM,hr5447-111
HSAP,hr5745-111
HSBU,hr5745-111
HSWM,hr5014-111
HSIF,hr1391-111
HSSY,hr3853-111
HSAG,hr3509-111
SSAF,hr3509-111
HSIF,hr1995-111
SSHR,hr1995-111
HSFA,hr1967-111
HSIF,hr2994-111
HSED,hr892-111
HSIF,hr1981-111
HSIF,hr688-111
HSWM,hr1908-111
HSJU,hr3320-111
HSWM,hr432-111
HSWM,hr1875-111
SSFI,hr1875-111
HSBA,hr4744-111
HSWM,hr5789-111
HSIF,hr5789-111
HSAS,hr5700-111
HSIF,hr1832-111
HSWM,hr1832-111
HSIF,hr4353-111
HSII,hr3388-111
HSAS,hr3388-111
SSEG,hr3388-111
HSJU,hr662-111
HSED,hr662-111
HSWM,hr662-111
HSHM,hr662-111
HSJU,hr908-111
SSJU,hr908-111
HSIF,hr2283-111
HSWM,hr3100-111
HSAG,hr3100-111
HSHM,hr730-111
HSFA,hr730-111
SSGA,hr730-111
HSED,hr3925-111
HSWM,hr1094-111
HSIF,hr1094-111
HSIF,hr3369-111
HSWM,hr3369-111
HSFA,hr606-111
HSBA,hr606-111
HSJU,hr606-111
HSGO,hr175-111
HSPW,hr4852-111
HSIF,hr5216-111
HSAP,hr5216-111
HSWM,hr5216-111
HSED,hr5216-111
HSJU,hr5216-111
HSII,hr5216-111
HSHA,hr5216-111
HSRU,hr5216-111
HSPW,hr2428-111
HSII,hr31-111
HSII,hr170-111
HSJU,hr4259-111
HSIF,hr5643-111
SSEV,sres42-111
SSRA,sres42-111
SSRA,sres118-111
SSFR,sres182-111
SSJU,sres278-111
SSAF,sres174-111
SSFR,sres6-111
SSJU,sres412-111
SSJU,sres247-111
SSRA,sres662-111
SSEG,hr548-111
HSAS,hr177-111
HSVR,hr4320-111
HSWM,hr1423-111
HSJU,hr3981-111
HSBA,hr2798-111
HSAP,hr2996-111
SSAP,hr2996-111
HSAS,hr1851-111
HSIF,hr2211-111
HSED,hr145-111
HSWM,hr1192-111
HSIF,hr3777-111
HSIF,hr3426-111
HSIF,hr15-111
HSWM,hr15-111
HSII,hr2227-111
HSGO,hr2227-111
HSIF,hr2227-111
HSWM,hr2227-111
HSSY,hr2227-111
HSPW,hr2227-111
HSED,hr2227-111
HSBU,hr2227-111
HSRU,hr2227-111
HSJU,hr2227-111
HSIF,hr1928-111
HSII,hr368-111
HSGO,hr5983-111
HSII,hr404-111
HSIF,hr5678-111
HSII,hr3105-111
HSIF,hr2471-111
HSWM,hr2471-111
HSIF,hr1452-111
HSWM,hr1452-111
HSIF,hr4752-111
HSWM,hr4752-111
HSAS,hr5049-111
HSII,hr369-111
HSIF,hr180-111
HSGO,hr2154-111
HSWM,hr1952-111
HSPW,hr3112-111
HSIF,hr3057-111
HSED,hr4072-111
HSWM,hr4072-111
SSHR,hr4072-111
HSIF,hr2223-111
HSWM,hr2223-111
HSAS,hr1052-111
HSPW,hr5499-111
HSBU,hr5499-111
HSIF,hr1970-111
HSWM,hr1970-111
HSJU,hr1493-111
HSIF,hr4913-111
HSJU,hr634-111
HSED,hr6495-111
HSWM,hr4839-111
HSJU,hr127-111
HSGO,hr4214-111
SSGA,hr4214-111
HSGO,hr1383-111
HSWM,hr989-111
HSBA,hr3232-111
HSIF,hr1191-111
HSJU,hr1191-111
HSIF,hr4741-111
HSSY,hr4741-111
HSED,hr4741-111
HSGO,hr1228-111
HSVR,hr952-111
HSED,hr5586-111
HSIF,hr6306-111
HSPW,hr3453-111
HSIF,hr2668-111
HSWM,hr2668-111
HSED,hr3038-111
HSJU,hr3038-111
HSIF,hr1028-111
HSED,hr2575-111
HSIF,hr5632-111
HSAS,hr5185-111
HSVR,hr5185-111
HSED,hr26-111
HSIF,hr26-111
HSWM,hr3815-111
HSIF,hr4533-111
HSJU,hr2485-111
HSWM,hr779-111
HSWM,hr6491-111
HSII,hr3748-111
HSAG,hr3748-111
HSSY,hr3748-111
HSPW,hr6273-111
HSAG,hr6273-111
HSIF,hr1730-111
HSAS,hr4588-111
HSJU,hr4588-111
HSFA,hr2272-111
HSWM,hr2272-111
HSIF,hr2272-111
HSJU,hr2272-111
HSBA,hr2272-111
HSGO,hr2272-111
HSAG,hr2272-111
HSWM,hr6261-111
HSIF,hr6261-111
HSJU,hr1375-111
HSIF,hr2448-111
HSBA,hr2448-111
HSED,hr4812-111
HSWM,hr98-111
HSJU,hr98-111
HSHM,hr98-111
HSED,hr98-111
HSHA,hr151-111
SSRA,hr151-111
HSFA,hr1702-111
HSFA,hr3840-111
HSVR,hr4062-111
HSWM,hr4965-111
HSFA,hr2475-111
HSPW,hr3202-111
HSIF,hr3202-111
HSWM,hr3202-111
HSSY,hr3202-111
HSWM,hr275-111
HSBA,hr2374-111
HSGO,hr1887-111
HSBA,hr467-111
HSVR,hr5206-111
HSAS,hr675-111
HSJU,hr675-111
HSIF,hr2903-111
HSPW,hr3338-111
HSIF,hr5947-111
HSVR,hr4006-111
HSWM,hr4783-111
HSBU,hr4783-111
SSFI,hr4783-111
HSIF,hr4344-111
HSIF,hr2209-111
HSWM,hr2209-111
HSWM,hr5537-111
HSJU,hr157-111
HSIF,hr1704-111
HSED,hr1704-111
HSED,hr3403-111
HSGO,hr3403-111
HSHA,hr3403-111
HSIF,hr5807-111
HSWM,hr5807-111
HSWM,hr173-111
HSJU,hr5932-111
SSJU,hr5932-111
HSWM,hr5764-111
HSWM,hr1203-111
HSGO,hr1203-111
HSAS,hr1203-111
HSJU,hr2472-111
HSGO,hr1334-111
HSED,hr1334-111
HSWM,hr5275-111
HSED,hr5275-111
HSED,hr5628-111
HSGO,hr3667-111
SSGA,hr3667-111
HSVR,hr568-111
HSGO,hr568-111
HSJU,hr1793-111
HSFA,hr6153-111
HSJU,hr6153-111
HSIF,hr2976-111
HSWM,hr2976-111
HSIF,hr5664-111
HSWM,hr1613-111
HSII,hr5481-111
HSPW,hr5481-111
HSJU,hr5481-111
HSIF,hr4123-111
HSPW,hr2984-111
HSHM,hr2984-111
HSWM,hr2762-111
HSGO,hr4489-111
HSII,hr1018-111
SSEG,hr1018-111
HSIF,hr1699-111
HSWM,hr1699-111
HSVR,hr2898-111
HSIF,hr1749-111
HSBA,hr1749-111
HSIF,hr5674-111
HSJU,hr5643-111
HSGO,hr1157-111
HSWM,hr3256-111
HSBA,hr2007-111
HSVR,hr2559-111
HSIF,hr1894-111
HSWM,hr1894-111
HSBA,hr2876-111
HSPW,hr5608-111
HSII,hr5608-111
HSWM,hr446-111
HSWM,hr3640-111
HSIF,hr5296-111
HSFA,hr1208-111
HSBA,hr1208-111
HSGO,hr1208-111
HSWM,hr1208-111
HSJU,hr1208-111
HSED,hr1208-111
HSSY,hr1208-111
HSPW,hr5976-111
HSBA,hr4573-111
HSJU,hr3499-111
HSJU,hr1429-111
SSJU,hr1429-111
HSBA,hr1603-111
HSWM,hr4887-111
SSFI,hr4887-111
HSIF,hr5821-111
HSJU,hr1290-111
HSBA,hr846-111
HSJU,hr2857-111
HSJU,hr264-111
HSHM,hr264-111
HSGO,hr264-111
HSGO,hr4488-111
HSII,hr4488-111
HSAG,hr4488-111
HSAS,hr4488-111
HSED,hr3730-111
HSIF,hr5742-111
HSII,hr1771-111
SSCM,hr1771-111
HSVR,hr190-111
HSII,hr4817-111
HSED,hr3991-111
HSBA,hr4629-111
HSAS,hr1864-111
HSPW,hr5355-111
HSIF,hr5257-111
HSWM,hr4985-111
HSRU,hr4985-111
HSIF,hr4985-111
HSWM,hr457-111
HSJU,hr827-111
HSWM,hr273-111
HSIF,hr4860-111
HSGO,hr1910-111
HSGO,hr5616-111
HSVR,hr4079-111
HSFA,hr188-111
HSWM,hr188-111
HSIF,hr188-111
HSJU,hr188-111
HSBA,hr188-111
HSGO,hr188-111
HSAG,hr188-111
HSIF,hr3633-111
HSWM,hr3677-111
HSPW,hr3677-111
HSAP,hr3677-111
HSED,hr1240-111
HSII,hr1286-111
HSGO,hr2424-111
HSWM,hr2909-111
HSGO,hr2909-111
HSIF,hr4700-111
HSWM,hr4700-111
HSGO,hr4700-111
HSIF,hr3024-111
HSWM,hr3024-111
HSBA,hr1650-111
HSSY,hr3165-111
SSEG,hr3165-111
HSII,hr2008-111
SSEG,hr2008-111
HSED,hr1395-111
HSIF,hr1483-111
HSAS,hr2990-111
HSGO,hr2990-111
HSII,hr2990-111
HSVR,hr2990-111
HSIF,hr6437-111
HSBA,hr4419-111
HSII,hr3967-111
HSJU,hr3967-111
SSJU,hr3967-111
HSHM,hr3837-111
HSED,hr1526-111
HSJU,hr495-111
HSFA,hr495-111
HSWM,hr783-111
HSHM,hr549-111
SSGA,hr549-111
HSGO,hr4484-111
HSJU,hr3695-111
SSJU,hr3695-111
HSWM,hr879-111
HSAS,hr5280-111
HSED,hr5071-111
HSWM,hr3030-111
HSIF,hr3030-111
HSII,hr1711-111
HSIF,hr1815-111
HSAG,hr977-111
HSBA,hr977-111
HSJU,hr977-111
HSII,hr548-111
HSII,hr3444-111
HSED,hr5860-111
HSPW,hr624-111
HSED,hr2653-111
HSSY,hr2759-111
HSIF,hr4371-111
HSWM,hr4371-111
HSVR,hr4166-111
HSIF,hr4166-111
HSBA,hr4953-111
HSIF,hr6404-111
HSVR,hr1336-111
HSAS,hr1336-111
HSFA,hr2812-111
HSJU,hr2324-111
HSWM,hr2519-111
HSED,hr2446-111
HSWM,hr1276-111
HSBU,hr1276-111
HSWM,hr422-111
HSIF,hr3134-111
HSWM,hr3134-111
HSIF,hr2531-111
HSFA,hr2410-111
SSFR,hr2410-111
HSSM,hr4420-111
HSII,hr3540-111
HSAG,hr814-111
HSIF,hr814-111
HSWM,hr2279-111
HSIF,hr2279-111
HSVR,hr3544-111
HSHA,hr5175-111
HSJU,hr5175-111
HSBA,hr2555-111
HSII,hr6107-111
HSIF,hr3664-111
HSWM,hr3664-111
HSED,hr2377-111
SSHR,hr2377-111
HSED,hr3625-111
HSIF,hr1732-111
HSED,hr2102-111
HSIF,hr232-111
HSIF,hr5887-111
HSHM,hr553-111
SSGA,hr553-111
HSJU,hr1660-111
HSED,hr1660-111
HSAS,hr1069-111
HSVR,hr1114-111
HSWM,hr2606-111
HSBA,hr6468-111
HSPW,hr3605-111
HSIF,hr2911-111
HSWM,hr2911-111
HSJU,hr2911-111
HSII,hr4491-111
SSEG,hr4491-111
HSJU,hr3728-111
HSAS,hr3728-111
HLIG,hr3728-111
HSPW,hr4202-111
HSSY,hr4202-111
HSWM,hr3525-111
HSIF,hr1671-111
HSII,hr166-111
HSWM,hr2558-111
HSII,hr2018-111
HSSY,hr3727-111
HSVR,hr1544-111
HSAS,hr6177-111
HSPW,hr3447-111
HSWM,hr3447-111
HSWM,hr4270-111
HSWM,hr5617-111
HSVR,hr1172-111
SSVA,hr1172-111
HSGO,hr3167-111
HSBA,hr3088-111
HSJU,hr1741-111
SSJU,hr1741-111
HSSY,hr4997-111
HSAS,hr1315-111
HSJU,hr1315-111
HSBA,hr123-111
HSHA,hr6061-111
HSWM,hr6061-111
HSWM,hr6213-111
HSAP,hr6213-111
HSBU,hr6213-111
HSIF,hr3665-111
HSWM,hr3758-111
HSPW,hr2093-111
SSEV,hr2093-111
HSVR,hr2696-111
HSWM,hr3776-111
HSSY,hr1736-111
SSCM,hr1736-111
HSPW,hr2650-111
HSHM,hr2650-111
HSJU,hr6059-111
HSWM,hr3615-111
HSED,hr4290-111
HSJU,hr4290-111
HSSY,hr4290-111
HSII,hr4290-111
HSAG,hr4290-111
HSBA,hr4290-111
HSPW,hr4290-111
HSBA,hr1285-111
HSHA,hr3473-111
HSVR,hr3441-111
HSJU,hr247-111
HSVR,hr1513-111
SSVA,hr1513-111
HSAG,hr2476-111
HSII,hr2476-111
HSED,hr2793-111
HSJU,hr2793-111
HSED,hr2456-111
HSFA,hr5117-111
HSII,hr5205-111
HSED,hr3221-111
SSHR,hr3221-111
HSIF,hr5476-111
HSGO,hr1323-111
SSGA,hr1323-111
HSED,hr1409-111
HSGO,hr1397-111
SSGA,hr1397-111
HSED,hr5184-111
HSIF,hr2390-111
HSWM,hr2390-111
HSVR,hr1302-111
HSGO,hr4351-111
HSII,hr6271-111
HSBA,hr1484-111
HSVR,hr949-111
HSWM,hr28-111
HSAS,hr269-111
HSJU,hr1785-111
HSGO,hr2219-111
HSWM,hr2528-111
HSSM,hr2310-111
HSFA,hr2310-111
HSWM,hr2881-111
HSIF,hr2881-111
HSGO,hr5637-111
HSAS,hr5637-111
HSJU,hr5283-111
HSPW,hr250-111
HSIF,hr1342-111
HSVR,hr1522-111
HSAS,hr1522-111
HSBA,hr3291-111
HSWM,hr4411-111
HSIF,hr3262-111
HSII,hr1917-111
HSPW,hr1485-111
HSHM,hr1485-111
HSGO,hr1387-111
SSGA,hr1387-111
HSWM,hr3592-111
HSIF,hr3592-111
HSED,hr2036-111
HSED,hr2710-111
HSSY,hr2710-111
HSIF,hr2248-111
HSBA,hr2248-111
HSHM,hr2868-111
HSIF,hr2868-111
HSJU,hr2868-111
SSGA,hr2868-111
HSWM,hr4943-111
HSBA,hr1637-111
HSWM,hr3871-111
HSJU,hr3570-111
SSJU,hr3570-111
HSHM,hr3570-111
HSED,hr519-111
HSIF,hr519-111
HSJU,hr1620-111
HSBA,hr582-111
HSED,hr913-111
HSIF,hr504-111
HSWM,hr504-111
HSWM,hr1954-111
HSPW,hr6408-111
HSIF,hr6081-111
HSBA,hr2733-111
HSII,hr2678-111
HSWM,hr5518-111
HSIF,hr2620-111
HSGO,hr1023-111
HSRU,hr1023-111
HSAS,hr4902-111
HSGO,hr1063-111
HSFA,hr5015-111
HSAS,hr5015-111
HSVR,hr942-111
HSAS,hr942-111
HSWM,hr237-111
HSAG,hr5124-111
HSIF,hr5124-111
HSWM,hr5124-111
HSFA,hr5124-111
HSAS,hr4568-111
HSVR,hr4568-111
HSWM,hr4706-111
HLIG,hr5161-111
HSPW,hr1494-111
HSED,hr5211-111
HSWM,hr2204-111
HSWM,hr1646-111
HSBA,hr6317-111
HSWM,hr6317-111
HSED,hr4355-111
HSIF,hr818-111
HSWM,hr4305-111
HSII,hr5241-111
HSPW,hr5241-111
HSIF,hr3184-111
HSWM,hr3184-111
HSAS,hr2931-111
HSVR,hr2931-111
HSIF,hr4619-111
HSWM,hr3424-111
HSAG,hr2448-111
HSRU,hr5818-111
HSBU,hr5818-111
HSPW,hr1329-111
HSVR,hr3685-111
SSVA,hr3685-111
HSBA,hr4067-111
HSHM,hr3192-111
HSII,hr453-111
HSII,hr1219-111
SSEG,hr1219-111
HSED,hr3510-111
HSGO,hr3510-111
HSWM,hr3510-111
HSED,hr5788-111
HSWM,hr498-111
HSHA,hr4447-111
HSII,hr6206-111
HSIF,hr1049-111
HSWM,hr162-111
HSFA,hr4807-111
HSIF,hr6453-111
HSHM,hr2076-111
HSAS,hr2076-111
HSAG,hr2076-111
HSWM,hr5080-111
HSIF,hr1844-111
HSWM,hr1844-111
HSBA,hr3890-111
HSJU,hr3890-111
HSGO,hr2608-111
HSPW,hr1262-111
SSEV,hr1262-111
HSBA,hr5125-111
HSAS,hr2836-111
HSWM,hr2124-111
HSAS,hr1592-111
HSVR,hr4048-111
HSBA,hr4538-111
HSPW,hr2530-111
HSJU,hr6090-111
HSGO,hr5348-111
HSHA,hr415-111
SSRA,hr415-111
HSWM,hr4158-111
HSWM,hr2438-111
HSII,hr1853-111
HSWM,hr3325-111
SSFI,hr3325-111
HSIF,hr5561-111
HSIF,hr2050-111
HSPW,hr1827-111
HSAS,hr6227-111
HSBA,hr786-111
HSII,hr324-111
SSEG,hr324-111
HSBA,hr3139-111
SSBK,hr3139-111
HSIF,hr2937-111
HSWM,hr2937-111
HSED,hr5448-111
HSWM,hr2917-111
HSFA,hr370-111
HSGO,hr370-111
HSWM,hr1249-111
HSGO,hr4272-111
HSWM,hr4532-111
HSAS,hr613-111
HSWM,hr2268-111
HSWM,hr1718-111
HSWM,hr3156-111
HSIF,hr584-111
HSWM,hr584-111
HSED,hr584-111
HSGO,hr584-111
HSVR,hr584-111
HSPW,hr700-111
HSAG,hr3692-111
HSII,hr3692-111
HSWM,hr2434-111
HSIF,hr4216-111
HSWM,hr4216-111
HSSY,hr4413-111
HSGO,hr4612-111
HSIF,hr1046-111
HSWM,hr4135-111
HSIF,hr2514-111
HSPW,hr1895-111
HSED,hr3130-111
HSED,hr2989-111
HSWM,hr2989-111
HSII,hr3644-111
SSCM,hr3644-111
HSAP,hr2842-111
HSAS,hr3324-111
HSIF,hr307-111
HSFA,hr4128-111
HSWM,hr4128-111
HSAS,hr4128-111
HSWM,hr4042-111
HSHA,hr215-111
HSGO,hr215-111
HSRU,hr215-111
HSWM,hr6099-111
HSED,hr6099-111
HSWM,hr3495-111
HSIF,hr3495-111
HSIF,hr4731-111
HSED,hr2597-111
HSED,hr251-111
HSIF,hr251-111
HSPW,hr5266-111
SSHR,hr5266-111
HSHM,hr5266-111
HSAS,hr3733-111
HSWM,hr199-111
HSWM,hr576-111
HSGO,hr139-111
HSJU,hr139-111
HSHA,hr139-111
HSAS,hr139-111
HSHM,hr139-111
HSJU,hr2138-111
HSWM,hr3301-111
HSJU,hr2418-111
HSED,hr2418-111
HSIF,hr2418-111
HSBA,hr2418-111
HSBA,hr5391-111
HSPW,hr670-111
HSHM,hr670-111
HSIF,hr652-111
HSPW,hr652-111
HSHM,hr652-111
HSIF,hr319-111
HSJU,hr319-111
HSIF,hr5457-111
HSWM,hr5457-111
HSJU,hr2837-111
HSGO,hr3186-111
HSED,hr2239-111
HSJU,hr630-111
HSAS,hr917-111
HSII,hr3342-111
HSWM,hr2348-111
HSBA,hr1264-111
HSWM,hr5475-111
HSVR,hr5731-111
HSBA,hr4934-111
HSIF,hr3176-111
HSWM,hr4455-111
HSBA,hr3145-111
HSPW,hr3427-111
SSEV,hr3427-111
HSGO,hr1507-111
HSHM,hr1507-111
HSIF,hr3125-111
HSWM,hr3296-111
HSJU,hr5599-111
HSBU,hr4872-111
HSJU,hr2406-111
HSPW,hr2104-111
HSFA,hr1410-111
HSIF,hr4676-111
HSVR,hr5838-111
HSAS,hr1602-111
HSED,hr1394-111
HSED,hr2690-111
HSWM,hr1067-111
HSWM,hr562-111
HSFA,hr2737-111
HSJU,hr5913-111
HSSM,hr2568-111
HSGO,hr2568-111
HSII,hr5572-111
HSPW,hr5572-111
HSWM,hr53-111
HSSM,hr4508-111
HSAS,hr1012-111
HSWM,hr2158-111
HSGO,hr3332-111
HSIF,hr5916-111
HSGO,hr6205-111
SSGA,hr6205-111
HSII,hr1945-111
SSEG,hr1945-111
HSWM,hr3572-111
HSII,hr4524-111
HSIF,hr2930-111
HSWM,hr2930-111
HSED,hr3943-111
HSAS,hr3943-111
HSBA,hr5564-111
HSFA,hr5564-111
HSAG,hr4750-111
HSAG,hr3322-111
HSIF,hr1298-111
HSGO,hr4553-111
HSBU,hr2920-111
SSBU,hr2920-111
HSAP,hr2997-111
HSIF,hr2578-111
HSWM,hr2578-111
HSWM,hr620-111
HSII,hr856-111
HSED,hr1578-111
HSWM,hr164-111
HSIF,hr164-111
HSWM,hr2242-111
HSSY,hr327-111
HSII,hr3097-111
HSIF,hr260-111
HSSY,hr260-111
HSIF,hr3621-111
HSGO,hr4895-111
HSWM,hr3557-111
HSIF,hr1625-111
HSWM,hr290-111
HSII,hr2864-111
SSCM,hr2864-111
HSED,hr5218-111
HSJU,hr45-111
HSIF,hr4190-111
HSWM,hr4226-111
HSIF,hr299-111
HSIF,hr653-111
HSBA,hr1408-111
HSIF,hr3091-111
HSWM,hr6480-111
HSED,hr6324-111
HSVR,hr466-111
SSVA,hr466-111
HSJU,hr1033-111
HSHM,hr1033-111
HSPW,hr4989-111
HSAP,hr4899-111
HSBU,hr4899-111
SSAP,hr4899-111
HSWM,hr362-111
HSIF,hr362-111
HSWM,hr4691-111
HSIF,hr4691-111
HSED,hr4691-111
HSPW,hr4691-111
HSBA,hr4691-111
HSSM,hr4691-111
HSJU,hr4691-111
HSBU,hr4691-111
HSSM,hr4637-111
HSWM,hr4637-111
HSWM,hr2303-111
HSED,hr5270-111
HSHA,hr1604-111
HSWM,hr33-111
HSJU,hr1934-111
HSWM,hr638-111
HSPW,hr831-111
HSJU,hr831-111
HSIF,hr6459-111
HSWM,hr6459-111
HSIF,hr1339-111
HSED,hr1339-111
HSWM,hr1339-111
HSWM,hr471-111
HSRU,hr471-111
HSFA,hr2271-111
HSIF,hr2271-111
HSIF,hr5696-111
HSIF,hr6032-111
HSHM,hr6275-111
HSWM,hr6275-111
HSAS,hr3323-111
HSFA,hr52-111
HSVR,hr6372-111
HSIF,hr1332-111
HSAG,hr1332-111
HSHM,hr1332-111
HSII,hr5248-111
HSWM,hr636-111
HSIF,hr2160-111
HSJU,hr1514-111
SSJU,hr1514-111
HSIF,hr2902-111
HSII,hr2031-111
HSAG,hr2031-111
HSWM,hr982-111
HSRU,hr982-111
HSIF,hr3803-111
HSJU,hr3803-111
HSWM,hr87-111
HSII,hr4924-111
HSJU,hr4556-111
HSGO,hr3319-111
SSGA,hr3319-111
HSPW,hr135-111
HSII,hr135-111
HSIF,hr3987-111
HSWM,hr3987-111
HSGO,hr4733-111
HSAG,hr4733-111
HSWM,hr3379-111
HSII,hr2708-111
HSIF,hr2708-111
HSWM,hr2708-111
HSED,hr2458-111
HSPW,hr4016-111
HSWM,hr705-111
HSAG,hr5288-111
HSED,hr3238-111
HSWM,hr3238-111
HSSY,hr3819-111
SSCM,hr3819-111
HSVR,hr6211-111
HSWM,hr525-111
HSII,hr5523-111
HSAG,hr5523-111
HSVR,hr3507-111
HSJU,hr5576-111
HSIF,hr3459-111
HSJU,hr3459-111
HSIF,hr6124-111
HSSM,hr3854-111
SSSB,hr3854-111
HSGO,hr3732-111
HSWM,hr3672-111
HSIF,hr3747-111
HSPW,hr3747-111
HSII,hr3747-111
HSHA,hr4749-111
HSSM,hr2299-111
HSIF,hr2831-111
HSED,hr2831-111
HSWM,hr1519-111
HSED,hr6229-111
HSIF,hr6229-111
HSAS,hr1695-111
HSIF,hr4082-111
HSSM,hr1538-111
HSII,hr5673-111
HSAG,hr5673-111
HSIF,hr1147-111
SSCM,hr1147-111
HSIF,hr1780-111
HSIF,hr1898-111
HSWM,hr1898-111
HSWM,hr5695-111
HSIF,hr1548-111
HSJU,hr1548-111
HSJU,hr5620-111
HSFA,hr5620-111
HSBA,hr5620-111
HSGO,hr5620-111
HSAS,hr5106-111
HSVR,hr5106-111
HSPW,hr990-111
HSHM,hr990-111
HSIF,hr5471-111
HSII,hr1684-111
HSWM,hr3984-111
HSBA,hr4802-111
HSJU,hr1372-111
HSWM,hr4707-111
HSED,hr5430-111
HSIF,hr841-111
HSWM,hr4316-111
HSWM,hr160-111
HSED,hr959-111
HSJU,hr959-111
SSHR,hr959-111
HSJU,hr105-111
HSHA,hr105-111
HSGO,hr105-111
HSIF,hr6290-111
HSPW,hr71-111
HSIF,hr71-111
HSHM,hr71-111
HSPW,hr2592-111
HSII,hr1078-111
HSHM,hr3289-111
HSGO,hr1198-111
HSWM,hr719-111
HSED,hr4833-111
HSED,hr597-111
HSWM,hr5277-111
HSIF,hr2388-111
HSJU,hr2933-111
HSED,hr2274-111
HSWM,hr531-111
HSBA,hr1242-111
SSBK,hr1242-111
HSBA,hr2467-111
HSVR,hr950-111
HSIF,hr4078-111
HSII,hr169-111
HSWM,hr1183-111
HSIF,hr3686-111
HSJU,hr2975-111
HSIF,hr2975-111
HSGO,hr1804-111
HSAS,hr1804-111
HSWM,hr880-111
HSPW,hr5900-111
HSWM,hr5900-111
HSII,hr3616-111
HSII,hr1462-111
HSWM,hr5693-111
HSBA,hr5693-111
HSWM,hr1724-111
HSAG,hr5434-111
HSIF,hr515-111
HSWM,hr515-111
SSEV,hr515-111
HSBA,hr2750-111
HSHM,hr2464-111
HSBA,hr6420-111
HSWM,hr3178-111
HSSY,hr461-111
HSWM,hr5982-111
HSBU,hr5982-111
HSWM,hr1948-111
HSED,hr5000-111
HSED,hr4107-111
HSVR,hr1168-111
SSVA,hr1168-111
HSIF,hr1230-111
SSHR,hr1230-111
HSPW,hr4797-111
HSVR,hr1036-111
HSIF,hr1031-111
HSWM,hr1031-111
HSWM,hr664-111
HSII,hr6028-111
HSII,hr5525-111
HSIF,hr2065-111
HSGO,hr5726-111
HSWM,hr4256-111
HSIF,hr4256-111
HSHA,hr5682-111
SSRA,hr5682-111
HSPW,hr5724-111
HSFA,hr2915-111
HSJU,hr2537-111
HSIF,hr3652-111
HSWM,hr3652-111
HSPW,hr1174-111
HSHM,hr1174-111
HSII,hr2806-111
SSEG,hr2806-111
HSAS,hr333-111
HSVR,hr333-111
HSBA,hr472-111
HSWM,hr472-111
HSBA,hr1882-111
HSIF,hr6543-111
HSVR,hr5993-111
SSVA,hr5993-111
HSIF,hr3212-111
HSWM,hr433-111
HSIF,hr2220-111
HSIF,hr872-111
HSAG,hr4233-111
HSII,hr4233-111
HSWM,hr3760-111
HSAP,hr3760-111
HSJU,hr1076-111
HSJU,hr1779-111
HSGO,hr1779-111
HSIF,hr2323-111
HSAS,hr1830-111
HSJU,hr4080-111
HSWM,hr5952-111
HSGO,hr2736-111
HSWM,hr3810-111
HSPW,hr3810-111
HSVR,hr3810-111
HSHA,hr586-111
HSHA,hr3224-111
HSPW,hr3224-111
SSRA,hr3224-111
HSAS,hr5063-111
HSWM,hr5400-111
HSAS,hr5400-111
HSWM,hr2091-111
HSII,hr2091-111
HSIF,hr1707-111
HSBA,hr1707-111
HSED,hr3578-111
HSWM,hr1986-111
HSSY,hr1144-111
HSIF,hr686-111
HSJU,hr5193-111
HSED,hr712-111
HSWM,hr5803-111
HSIF,hr5803-111
HSIF,hr2371-111
HSJU,hr3551-111
HSBA,hr3551-111
HSII,hr5451-111
HSWM,hr4112-111
HSHM,hr2870-111
HSPW,hr2870-111
HSVR,hr1017-111
SSVA,hr1017-111
HSWM,hr5901-111
HSBU,hr5901-111
HSFA,hr375-111
HSHM,hr375-111
HSIF,hr390-111
HSFA,hr4879-111
HSED,hr209-111
HSGO,hr1284-111
SSGA,hr1284-111
HSIF,hr3655-111
HSAS,hr2567-111
HSGO,hr4711-111
HSWM,hr2284-111
HSBA,hr4790-111
HSHA,hr4790-111
HSJU,hr881-111
HSVR,hr1879-111
SSVA,hr1879-111
HSWM,hr5938-111
HSBA,hr3594-111
HSRU,hr3594-111
HSHM,hr5562-111
HSSY,hr5116-111
HSED,hr5116-111
SSCM,hr5116-111
HSED,hr1505-111
HSAS,hr4403-111
HSWM,hr6484-111
HSPW,hr5604-111
SSCM,hr5604-111
HSAS,hr4866-111
HSWM,hr4866-111
HSBA,hr4866-111
HSWM,hr497-111
HSWM,hr1501-111
HSIF,hr193-111
HSWM,hr193-111
HSED,hr193-111
HSWM,hr6193-111
HSJU,hr2289-111
HSWM,hr291-111
HSIF,hr868-111
HSJU,hr1508-111
HSBA,hr2382-111
HSBA,hr1048-111
HSAS,hr4097-111
HSWM,hr1750-111
HSJU,hr1750-111
HSIF,hr2115-111
HSBA,hr3818-111
HSAG,hr3818-111
HSBA,hr713-111
HSIF,hr1415-111
HSSY,hr1464-111
HSED,hr1464-111
HSHA,hr6289-111
HSBA,hr4376-111
HSIF,hr3385-111
HSJU,hr248-111
HSED,hr1035-111
HSII,hr1035-111
SSEV,hr1035-111
HSVR,hr2774-111
HSPW,hr1178-111
HSHM,hr1178-111
SSGA,hr1178-111
HSWM,hr3715-111
HSIF,hr4925-111
HSHA,hr2728-111
SSRA,hr2728-111
HSVR,hr4241-111
HSIF,hr936-111
HSAS,hr1701-111
HSED,hr2808-111
HSWM,hr5744-111
HSWM,hr1453-111
HSED,hr849-111
HSED,hr1615-111
HSWM,hr3205-111
HSBA,hr2588-111
HSJU,hr866-111
HSBA,hr4941-111
HSWM,hr2966-111
HSIF,hr1092-111
HSED,hr1092-111
HSWM,hr1092-111
HSIF,hr2480-111
SSCM,hr2480-111
HSAG,hr3935-111
HSWM,hr3929-111
HSWM,hr3168-111
HSSY,hr3168-111
HSJU,hr4321-111
HSHM,hr4321-111
HSAS,hr4321-111
HSFA,hr4321-111
HSII,hr4321-111
HSWM,hr4321-111
HSED,hr4321-111
HSGO,hr4321-111
HSHA,hr4321-111
HSJU,hr5532-111
SSJU,hr5532-111
HSVR,hr3484-111
HSED,hr3950-111
HSIF,hr2454-111
HSFA,hr2454-111
HSBA,hr2454-111
HSED,hr2454-111
HSSY,hr2454-111
HSPW,hr2454-111
HSII,hr2454-111
HSAG,hr2454-111
HSWM,hr2454-111
HSBA,hr2922-111
HSED,hr4530-111
HSHM,hr5321-111
HSJU,hr5321-111
HSII,hr1899-111
HSIF,hr3200-111
HSWM,hr3200-111
HSED,hr3200-111
HSGO,hr3200-111
HSBU,hr3200-111
HSWM,hr1960-111
HSIF,hr2408-111
SSHR,hr2408-111
HSJU,hr4616-111
HSWM,hr622-111
HSII,hr3009-111
HSIF,hr3009-111
HSED,hr2151-111
HSVR,hr2735-111
HSPW,hr5585-111
HSIF,hr4396-111
HSGO,hr808-111
HSFA,hr808-111
HSJU,hr808-111
HSED,hr808-111
HSIF,hr542-111
HSBA,hr5743-111
HSPW,hr5147-111
HSWM,hr5147-111
HSJU,hr355-111
HSWM,hr4851-111
HSBU,hr4851-111
HSED,hr4851-111
HSIF,hr4851-111
HSBA,hr4851-111
HSJU,hr4851-111
HSPW,hr4851-111
HSGO,hr4851-111
HSAP,hr6403-111
HSPW,hr6403-111
HSGO,hr6403-111
HSHA,hr2039-111
HSGO,hr2039-111
SSGA,hr2039-111
HSIF,hr5294-111
HSIF,hr468-111
HSED,hr468-111
HSII,hr4686-111
SSEG,hr4686-111
HSED,hr655-111
HSWM,hr5464-111
HSBA,hr1181-111
HSPW,hr4652-111
HSBU,hr4652-111
HSSM,hr3743-111
SSSB,hr3743-111
HSWM,hr161-111
HSSY,hr2693-111
SSCM,hr2693-111
HSHM,hr2693-111
HSAS,hr3336-111
HSBA,hr5154-111
HSJU,hr2361-111
HSAS,hr1963-111
HSWM,hr1767-111
HSII,hr3113-111
SSEG,hr3113-111
HSII,hr51-111
HSAP,hr5542-111
HSED,hr2262-111
HSIF,hr2516-111
HSWM,hr2516-111
HSIF,hr5890-111
HSWM,hr5890-111
HSWM,hr3595-111
HSWM,hr3049-111
HSPW,hr5770-111
HSED,hr1490-111
HSWM,hr99-111
HSJU,hr1166-111
HSIF,hr3836-111
HSIF,hr1550-111
HSPW,hr1550-111
HSED,hr4963-111
HSWM,hr2542-111
HSJU,hr6352-111
HSIF,hr2166-111
HSWM,hr6303-111
HSIF,hr6303-111
HSED,hr5631-111
HSPW,hr5631-111
HSIF,hr4512-111
HSII,hr685-111
SSEG,hr685-111
HSWM,hr5612-111
HSWM,hr238-111
HSIF,hr3468-111
HSWM,hr3468-111
HSED,hr3468-111
HSIF,hr5652-111
HSPW,hr6295-111
HSIF,hr6295-111
HSAG,hr800-111
HSWM,hr3609-111
HSWM,hr272-111
HSWM,hr1654-111
HSBA,hr1479-111
HSRU,hr1479-111
HSGO,hr5366-111
SSGA,hr5366-111
HSHA,hr665-111
HSGO,hr665-111
HSJU,hr665-111
HSWM,hr1993-111
HSJU,hr878-111
HSVR,hr3843-111
HSBA,hr1779-111
HSVR,hr228-111
HSHM,hr2670-111
HSFA,hr2670-111
HSJU,hr3190-111
HSVR,hr2461-111
HSSY,hr3246-111
SSEG,hr3246-111
HSIF,hr4903-111
HSWM,hr4903-111
HSED,hr4903-111
HSJU,hr4903-111
HSII,hr4903-111
HSHA,hr4903-111
HSAP,hr4903-111
HSRU,hr4903-111
HSPW,hr969-111
HSGO,hr5533-111
HSED,hr5533-111
HSSY,hr5533-111
HSWM,hr1352-111
HSBA,hr2664-111
SSBK,hr2664-111
HSWM,hr782-111
HSBA,hr1331-111
HSJU,hr64-111
HSWM,hr3916-111
HSIF,hr3974-111
HSII,hr3046-111
HSJU,hr3846-111
HLIG,hr3846-111
HSWM,hr1874-111
HSGO,hr1874-111
HSPW,hr5242-111
HSHM,hr2027-111
HSJU,hr2027-111
HSJU,hr5304-111
HSWM,hr5437-111
HSED,hr1152-111
HSJU,hr1583-111
HSIF,hr1583-111
HSBA,hr1583-111
HSIF,hr1347-111
SSHR,hr1347-111
HSAS,hr893-111
HSJU,hr893-111
HSWM,hr4796-111
HSIF,hr4796-111
HSWM,hr1184-111
HSII,hr5459-111
HSJU,hr6506-111
HSIF,hr3108-111
HSWM,hr3108-111
HSWM,hr2718-111
HSIF,hr2718-111
HSIF,hr850-111
HSWM,hr850-111
HSVR,hr2254-111
HSII,hr3689-111
SSEG,hr3689-111
HSJU,hr834-111
HSPW,hr3789-111
HSJU,hr4918-111
HSGO,hr3162-111
HSBA,hr5948-111
HSSY,hr5325-111
HSED,hr5325-111
HSBU,hr5325-111
HSBA,hr1295-111
HSWM,hr1295-111
HSJU,hr1295-111
HSIF,hr5243-111
HSJU,hr5243-111
HSPW,hr6167-111
HSAG,hr4117-111
HSVR,hr4064-111
HSFA,hr2817-111
HSAG,hr2817-111
HSRU,hr2817-111
HSWM,hr4174-111
HSBA,hr3126-111
HSIF,hr3126-111
HSPW,hr6190-111
HSWM,hr6190-111
HSWM,hr5104-111
HSHA,hr764-111
HSJU,hr764-111
HSJU,hr2412-111
HSIF,hr4520-111
HSED,hr4908-111
HSII,hr2788-111
SSEG,hr2788-111
HSED,hr1777-111
SSHR,hr1777-111
HSJU,hr4717-111
HSED,hr5246-111
HSIF,hr5073-111
HSWM,hr5073-111
HSED,hr5073-111
HSAP,hr5073-111
HSJU,hr5073-111
HSII,hr5073-111
HSHA,hr5073-111
HSRU,hr5073-111
HSFA,hr5327-111
SSFR,hr5327-111
HSSM,hr1834-111
SSSB,hr1834-111
HSIF,hr3682-111
HSJU,hr3682-111
HSWM,hr2753-111
HSII,hr965-111
SSEV,hr965-111
HSVR,hr4121-111
HSPW,hr1611-111
HSJU,hr1422-111
HSJU,hr1822-111
HSJU,hr4055-111
HSJU,hr3744-111
HSED,hr3744-111
HSIF,hr321-111
HSWM,hr321-111
HSED,hr321-111
HSWM,hr2143-111
HSII,hr2977-111
HSJU,hr2157-111
HSED,hr618-111
HSIF,hr5070-111
HSII,hr5513-111
HSIF,hr1450-111
HSJU,hr1450-111
HSWM,hr723-111
HSIF,hr5470-111
HSIF,hr890-111
HSWM,hr5725-111
HSIF,hr5725-111
HSBA,hr5942-111
HSJU,hr5043-111
HSII,hr4332-111
HSWM,hr4332-111
HSII,hr1431-111
HSJU,hr1431-111
HSIF,hr1431-111
HSSY,hr1431-111
HSPW,hr5509-111
HSAG,hr5509-111
HSIF,hr3005-111
HSPW,hr3446-111
HSSY,hr3446-111
HSIF,hr3668-111
HSIF,hr778-111
HSAS,hr4034-111
HSPW,hr5625-111
HSBA,hr3214-111
HSJU,hr2681-111
HSIF,hr2003-111
HSII,hr167-111
HSHM,hr1867-111
HSII,hr6221-111
HSSM,hr456-111
HSJU,hr3596-111
HSSM,hr3737-111
SSSB,hr3737-111
HSED,hr6355-111
HSVR,hr1658-111
HSIF,hr3001-111
HSAS,hr3001-111
HSJU,hr3001-111
HSWM,hr3001-111
HSGO,hr3001-111
HSHA,hr3001-111
HSED,hr3001-111
HSVR,hr3001-111
HSPW,hr3001-111
HLIG,hr3001-111
HSFA,hr3001-111
HSIF,hr614-111
HSED,hr2593-111
HSAS,hr2593-111
HSWM,hr5058-111
HSAS,hr2294-111
HSED,hr1569-111
HSIF,hr2813-111
HSWM,hr2813-111
HSBA,hr5766-111
HSJU,hr2518-111
HSIF,hr2518-111
HSII,hr371-111
HSPW,hr4472-111
HSWM,hr590-111
HSGO,hr774-111
SSGA,hr774-111
HSBA,hr4778-111
HSED,hr702-111
HSED,hr795-111
HSWM,hr5878-111
HSED,hr5878-111
HSWM,hr425-111
HSVR,hr394-111
HSBA,hr5114-111
SSBK,hr5114-111
HSWM,hr308-111
HSWM,hr2155-111
HSPW,hr2652-111
HSHM,hr2652-111
HSED,hr1781-111
HSWM,hr4760-111
HSWM,hr3921-111
HSIF,hr5082-111
HSSY,hr2965-111
HSSM,hr2965-111
HSPW,hr4715-111
SSEV,hr4715-111
HSBA,hr6256-111
HSVR,hr3157-111
SSVA,hr3157-111
HSSY,hr3820-111
HSII,hr3820-111
HSPW,hr3820-111
SSCM,hr3820-111
HSIF,hr2364-111
HSIF,hr1296-111
HSIF,hr2477-111
HSIF,hr2183-111
HSWM,hr2626-111
HSWM,hr6502-111
HSIF,hr6502-111
HSGO,hr3922-111
HSBA,hr3922-111
HSFA,hr3922-111
HSII,hr2741-111
SSEG,hr2741-111
HSIF,hr5005-111
HSWM,hr5005-111
HSED,hr5005-111
HSJU,hr5005-111
HSII,hr5005-111
HSWM,hr3022-111
HSII,hr6209-111
HSII,hr6112-111
HSPW,hr6112-111
HSII,hr5494-111
SSEG,hr5494-111
HSVR,hr1016-111
HSIF,hr2309-111
HSWM,hr4211-111
HSED,hr4575-111
HSJU,hr4575-111
HSAS,hr666-111
HSFA,hr4645-111
HSAG,hr4645-111
HSBA,hr4645-111
HSIF,hr1030-111
HSWM,hr3565-111
HSVR,hr5048-111
HSGO,hr5382-111
HSII,hr5697-111
HSIF,hr3019-111
HSIF,hr5496-111
HSPW,hr4187-111
HSIF,hr2400-111
HSPW,hr978-111
HSIF,hr978-111
HSWM,hr3053-111
HSIF,hr1964-111
HSWM,hr3900-111
HSWM,hr2502-111
HSIF,hr2502-111
HSIF,hr3258-111
HSWM,hr6328-111
HSBA,hr74-111
HSPW,hr2883-111
HSIF,hr5392-111
HSED,hr5392-111
HSJU,hr3694-111
HSBA,hr2266-111
HSED,hr2882-111
HSII,hr862-111
HSJU,hr862-111
HSPW,hr4948-111
HSII,hr4948-111
HSJU,hr6266-111
HSIF,hr1006-111
HSWM,hr564-111
HSGO,hr5815-111
HSBA,hr2794-111
HSFA,hr3642-111
HSJU,hr5840-111
HSBA,hr5042-111
HSJU,hr5042-111
HSAP,hr5935-111
HSSY,hr957-111
SSEG,hr957-111
HSIF,hr5583-111
HSWM,hr4429-111
HSAP,hr4429-111
HSVR,hr4429-111
HSGO,hr4429-111
HSPW,hr4429-111
HSWM,hr133-111
HSIF,hr226-111
HSIF,hr3203-111
HSPW,hr3203-111
HSBU,hr3385-111
HSIF,hr1523-111
HSWM,hr154-111
HSII,hr4192-111
HSIF,hr3993-111
SSCM,hr3993-111
HSWM,hr3756-111
HSAG,hr4683-111
HSSM,hr3014-111
SSSB,hr3014-111
HSWM,hr3079-111
HSED,hr6384-111
HSIF,hr1977-111
HSED,hr2776-111
HSGO,hr2776-111
HSHA,hr2776-111
HSPW,hr3376-111
HSJU,hr3376-111
HSHM,hr3376-111
HSHM,hr6423-111
HSGO,hr6423-111
HSAS,hr1681-111
HSVR,hr1681-111
HSSM,hr2352-111
SSSB,hr2352-111
HSAS,hr268-111
HSHA,hr5005-111
HSAP,hr5005-111
HSRU,hr5005-111
HSPW,hr305-111
HSWM,hr5372-111
HSWM,hr203-111
HSIF,hr203-111
HSJU,hr5566-111
SSJU,hr5566-111
HSGO,hr2556-111
HSIF,hr4167-111
HSVR,hr3485-111
HSWM,hr1309-111
HSED,hr6141-111
HSIF,hr4799-111
HSWM,hr4306-111
HSII,hr5039-111
HSIF,hr1350-111
HSIF,hr1253-111
HSED,hr1253-111
HSWM,hr1253-111
SSHR,hr1253-111
HSWM,hr4070-111
HSIF,hr1432-111
HSFA,hr578-111
HSJU,hr578-111
HSIF,hr5320-111
SSEV,hr5320-111
HSVR,hr1232-111
HSGO,hr4098-111
SSGA,hr4098-111
HSBA,hr2351-111
HSED,hr5902-111
HSIF,hr5902-111
HSBA,hr1728-111
SSBK,hr1728-111
HSWM,hr3185-111
HSWM,hr2098-111
HSWM,hr5536-111
HSBU,hr5536-111
HSIF,hr1742-111
HSPW,hr1742-111
HSIF,hr2350-111
HSWM,hr2350-111
HSED,hr2350-111
HSED,hr1755-111
HSWM,hr537-111
HSAG,hr4356-111
HSIF,hr1384-111
HSWM,hr1384-111
HSBA,hr1797-111
HSWM,hr4759-111
HSGO,hr639-111
HLIG,hr639-111
HSIF,hr5425-111
HSIF,hr194-111
HSWM,hr194-111
HSVR,hr2926-111
HSPW,hr2125-111
HSJU,hr1560-111
HSGO,hr572-111
HSIF,hr2137-111
HSED,hr2137-111
HSWM,hr2137-111
HSGO,hr2137-111
HSWM,hr6200-111
HSFA,hr2030-111
HSED,hr1710-111
HSJU,hr6500-111
HSBA,hr6500-111
HSWM,hr2022-111
HSGO,hr2760-111
SSGA,hr2760-111
HSGO,hr958-111
HSII,hr4108-111
HSWM,hr3454-111
HSIF,hr3454-111
HSSM,hr2772-111
HSSY,hr2772-111
HSWM,hr6476-111
HSED,hr5477-111
HSGO,hr4312-111
HSBA,hr168-111
HSWM,hr6066-111
HSBA,hr1445-111
HSWM,hr1801-111
HSIF,hr1549-111
HSRU,hr1549-111
HSAP,hr5874-111
HSIF,hr4263-111
HSWM,hr3653-111
HSWM,hr2525-111
HSJU,hr4470-111
HSHM,hr4470-111
HSJU,hr1466-111
HSIF,hr1466-111
HSAS,hr5292-111
HSIF,hr1930-111
HSJU,hr1788-111
HSWM,hr4035-111
HSIF,hr2998-111
HSFA,hr2998-111
HSWM,hr2998-111
HSBA,hr2998-111
HSED,hr2998-111
HSSY,hr2998-111
HSPW,hr2998-111
HSII,hr2998-111
HSAG,hr2998-111
HSGO,hr2998-111
HSJU,hr2998-111
HSVR,hr2642-111
HSIF,hr2231-111
HSPW,hr706-111
HSHM,hr706-111
HSJU,hr632-111
SSJU,hr632-111
HSIF,hr4504-111
HSFA,hr4504-111
HSII,hr1612-111
HSAG,hr1612-111
HSED,hr1612-111
SSEG,hr1612-111
HSHM,hr2200-111
SSCM,hr2200-111
HSWM,hr2692-111
HSBA,hr4400-111
HSJU,hr3022-111
HSED,hr2136-111
SSHR,hr2136-111
HSED,hr243-111
HSII,hr2565-111
HSAS,hr4386-111
HSED,hr6029-111
HSJU,hr6029-111
HSWM,hr1971-111
HSWM,hr4585-111
HSWM,hr5783-111
HSFA,hr5783-111
HSJU,hr4828-111
HSJU,hr3752-111
HSPW,hr1473-111
HSII,hr318-111
HSIF,hr3276-111
SSEG,hr3276-111
HSWM,hr343-111
HSWM,hr6072-111
HSIF,hr6072-111
HSSY,hr2569-111
HSBA,hr6304-111
HSJU,hr3512-111
HSJU,hr4335-111
HSWM,hr3391-111
HSII,hr2120-111
HSSY,hr2120-111
HSJU,hr2120-111
HSWM,hr5095-111
HSIF,hr4808-111
HSAG,hr6087-111
HSIF,hr2420-111
HSAS,hr3420-111
HSPW,hr1451-111
HSII,hr790-111
HSII,hr1108-111
HSWM,hr1108-111
HSAS,hr1108-111
HSIF,hr1108-111
HSHM,hr1187-111
HSPW,hr1187-111
HSJU,hr1187-111
HSIF,hr1187-111
HSED,hr2228-111
HSJU,hr5827-111
HSBA,hr47-111
HSJU,hr1626-111
HSIF,hr1626-111
HSGO,hr3251-111
HSAS,hr811-111
HSVR,hr811-111
HSED,hr6268-111
HSIF,hr3141-111
HSJU,hr6198-111
SSJU,hr6198-111
HSWM,hr3408-111
HSIF,hr3080-111
HSII,hr4252-111
SSEG,hr4252-111
HSGO,hr4865-111
HSBA,hr1214-111
HSBA,hr3149-111
HSGO,hr5253-111
HSFA,hr874-111
HSWM,hr1716-111
HSJU,hr4747-111
HSIF,hr4747-111
HSWM,hr3947-111
HSIF,hr3348-111
HSED,hr3037-111
HSIF,hr2496-111
HSWM,hr5375-111
HSJU,hr823-111
HSAP,hr3082-111
HSPW,hr5236-111
HSJU,hr1272-111
HSIF,hr3681-111
HSII,hr2761-111
HSJU,hr2761-111
HSAP,hr3081-111
HSAP,hr3326-111
SSAP,hr3326-111
HSBA,hr5601-111
HSBA,hr710-111
HSWM,hr710-111
HSED,hr5240-111
HSIF,hr5240-111
HSPW,hr5240-111
HSPW,hr5061-111
HSBU,hr5061-111
HSED,hr1588-111
HSIF,hr1185-111
HSSY,hr445-111
SSEG,hr445-111
HSII,hr3583-111
HSWM,hr3583-111
HSWM,hr3809-111
HSGO,hr626-111
HSHA,hr626-111
SSGA,hr626-111
HSBA,hr2549-111
HSAS,hr4051-111
HSII,hr3534-111
HSAG,hr3534-111
HSII,hr112-111
HSJU,hr314-111
HSVR,hr1089-111
SSVA,hr1089-111
HSAS,hr24-111
SSAS,hr24-111
HSIF,hr1438-111
HSWM,hr1438-111
HSJU,hr5880-111
HSAS,hr1283-111
HSIF,hr323-111
HSED,hr323-111
HSIF,hr5538-111
HSWM,hr1337-111
HSFA,hr1337-111
HSSM,hr3684-111
HSII,hr5899-111
HSIF,hr5899-111
HSWM,hr5899-111
HSGO,hr5899-111
HSAS,hr5899-111
HSPW,hr5899-111
HSED,hr5324-111
HSIF,hr5324-111
HSWM,hr5324-111
HSIF,hr5756-111
SSHR,hr5756-111
HSBA,hr4635-111
HSVR,hr4635-111
HSII,hr4589-111
HSAG,hr4589-111
HSWM,hr1351-111
HSFA,hr557-111
HSIF,hr6149-111
HSBA,hr5510-111
HSAG,hr4398-111
HSII,hr4398-111
HSWM,hr2328-111
HSPW,hr3273-111
HSWM,hr435-111
HSIF,hr2552-111
HSII,hr3690-111
HSED,hr5843-111
HSII,hr5380-111
HSII,hr2507-111
HSJU,hr2083-111
HSHM,hr2083-111
HSED,hr2083-111
HSWM,hr496-111
HSRU,hr496-111
HSHM,hr496-111
HSBA,hr4766-111
HSFA,hr4600-111
HSIF,hr4409-111
HSJU,hr3604-111
HSJU,hr6548-111
HSJU,hr1215-111
HSHM,hr1215-111
HSGO,hr1556-111
HSJU,hr1791-111
HSJU,hr5069-111
HSII,hr4349-111
SSEG,hr4349-111
HSJU,hr265-111
HSIF,hr265-111
HSJU,hr4727-111
HSIF,hr3106-111
HSPW,hr6473-111
HSWM,hr6473-111
HSBA,hr3272-111
HSWM,hr3370-111
HSPW,hr3370-111
HSWM,hr735-111
HSWM,hr2756-111
HSWM,hr6234-111
HSIF,hr5040-111
HSWM,hr5040-111
HSIF,hr5466-111
HSIF,hr573-111
HSWM,hr4144-111
HSRU,hr3268-111
HSBU,hr3268-111
HSSO,hr3268-111
HSJU,hr3268-111
HSGO,hr3268-111
HSJU,hr5503-111
HSPW,hr5503-111
SSCM,hr5503-111
HSIF,hr3693-111
HSWM,hr3693-111
HSED,hr4092-111
HSHA,hr4092-111
HSGO,hr4092-111
HSJU,hr1939-111
HSVR,hr4220-111
HSED,hr4220-111
HSSM,hr4220-111
HSHM,hr3308-111
HSJU,hr3308-111
HSWM,hr3308-111
HSED,hr3308-111
HSGO,hr3308-111
HSAS,hr3308-111
HSAG,hr3308-111
HSII,hr3308-111
HSIF,hr6130-111
HSWM,hr6130-111
SSFI,hr6130-111
HSIF,hr2086-111
HSJU,hr3419-111
HSIF,hr2700-111
HSWM,hr2700-111
HSIF,hr3970-111
HSJU,hr3970-111
HSWM,hr3970-111
HSED,hr3970-111
HSAP,hr3970-111
HSBA,hr3970-111
HSPW,hr2821-111
HSJU,hr182-111
HSWM,hr2491-111
HSBA,hr4178-111
SSBK,hr4178-111
HSED,hr2792-111
HSIF,hr3472-111
HSWM,hr3472-111
HSED,hr3472-111
HSPW,hr3377-111
HSHM,hr3377-111
HSIF,hr1927-111
HSWM,hr1927-111
HSII,hr2643-111
HSIF,hr5389-111
HSWM,hr5389-111
HSSM,hr1491-111
HSBA,hr4164-111
HSWM,hr510-111
HSII,hr3726-111
SSEG,hr3726-111
HSIF,hr2999-111
SSHR,hr2999-111
HSED,hr5504-111
HSBU,hr5504-111
HSBA,hr703-111
HSIF,hr2844-111
HSWM,hr2844-111
HSJU,hr569-111
HSJU,hr1515-111
HSED,hr4181-111
HSAS,hr6131-111
HSJU,hr1667-111
HSWM,hr4198-111
HSWM,hr1956-111
HSED,hr4322-111
HSJU,hr3054-111
HSWM,hr810-111
HSJU,hr144-111
HSHM,hr144-111
HSWM,hr2106-111
HSBA,hr2245-111
HSII,hr1385-111
SLIA,hr1385-111
HSPW,hr2222-111
HSBA,hr2222-111
HSII,hr1690-111
HSAP,hr6080-111
HSBU,hr6080-111
HSGO,hr3857-111
HSED,hr5708-111
HSAS,hr6520-111
HSII,hr388-111
SSEV,hr388-111
HSWM,hr524-111
HSIF,hr759-111
HSWM,hr4209-111
HSGO,hr3571-111
HSVR,hr2770-111
SSVA,hr2770-111
HSHM,hr2503-111
HSIF,hr2766-111
HSWM,hr436-111
HSII,hr860-111
SSCM,hr860-111
HSBA,hr3527-111
SSBK,hr3527-111
HSWM,hr4486-111
HSPW,hr1889-111
HSAP,hr4291-111
HSBU,hr4291-111
HSWM,hr3151-111
HSPW,hr2232-111
HSIF,hr1639-111
HSWM,hr3422-111
HSIF,hr3422-111
HSED,hr2561-111
HSJU,hr3764-111
HSIF,hr3104-111
HSED,hr2026-111
HSED,hr6194-111
HSWM,hr3780-111
HSHA,hr581-111
HSGO,hr581-111
HSFA,hr1528-111
HSII,hr3742-111
HSIF,hr1190-111
HSIF,hr6224-111
HSWM,hr6224-111
HSFA,hr5191-111
HSGO,hr1305-111
HSIF,hr5025-111
HSWM,hr5025-111
HSJU,hr225-111
HSII,hr4225-111
HSWM,hr1579-111
HSGO,hr658-111
HSHM,hr4507-111
HSPW,hr4844-111
HSRU,hr4844-111
HSII,hr5219-111
HSWM,hr214-111
HSIF,hr2354-111
HSVR,hr2573-111
HSGO,hr5312-111
HSWM,hr5312-111
HSPW,hr5312-111
HSWM,hr115-111
HSBA,hr2657-111
HSWM,hr4993-111
HSIF,hr4993-111
HSAP,hr2847-111
SSAP,hr2847-111
HSAP,hr2942-111
HSJU,hr3021-111
HSGO,hr983-111
HSIF,hr1725-111
HSWM,hr3508-111
HSIF,hr4910-111
HSII,hr4910-111
HSED,hr4910-111
HSWM,hr4910-111
HSJU,hr4910-111
HSRU,hr4910-111
HSBU,hr4910-111
HSAP,hr4910-111
HSHA,hr4910-111
HSGO,hr4910-111
HSIF,hr2852-111
HSWM,hr4424-111
HSIF,hr4424-111
HSWM,hr3500-111
HSED,hr780-111
SSHR,hr780-111
HSJU,hr1260-111
HSBA,hr3601-111
HSHM,hr4842-111
HSSY,hr4842-111
SSGA,hr4842-111
HSII,hr5284-111
HSAS,hr5284-111
HSED,hr5172-111
HSVR,hr3554-111
HSGO,hr3392-111
HSIF,hr2758-111
HSWM,hr2758-111
HSWM,hr1301-111
HSIF,hr1039-111
HSWM,hr1039-111
HSJU,hr5300-111
HSII,hr920-111
HSWM,hr1636-111
HSIF,hr1636-111
HSBA,hr3795-111
HSAG,hr3795-111
HSWM,hr2887-111
HSAG,hr3175-111
SSAF,hr3175-111
HSII,hr1697-111
HSHM,hr1697-111
HSJU,hr6416-111
HSWM,hr517-111
HSAS,hr374-111
HLIG,hr374-111
HSHA,hr254-111
HSBA,hr4581-111
HSPW,hr5613-111
HSJU,hr2764-111
HSWM,hr2764-111
HSWM,hr3862-111
HSAS,hr5333-111
HSWM,hr683-111
HSII,hr844-111
SSCM,hr844-111
HSJU,hr2028-111
HSED,hr2028-111
HSRU,hr2028-111
HSWM,hr2028-111
HSWM,hr1683-111
HSIF,hr1683-111
HSBA,hr2111-111
HSJU,hr6037-111
HSII,hr5672-111
HSAG,hr5672-111
HSJU,hr2811-111
HSIF,hr1721-111
HSWM,hr1721-111
HSRU,hr1721-111
HSBU,hr1721-111
HSAP,hr5541-111
HSJU,hr4626-111
HSJU,hr5322-111
HSIF,hr2987-111
HSWM,hr5078-111
HSIF,hr1330-111
HSWM,hr1330-111
HSED,hr1330-111
HSGO,hr1330-111
HSWM,hr3227-111
HSII,hr2099-111
HSIF,hr1077-111
HSWM,hr1077-111
HSBA,hr2181-111
HSIF,hr4124-111
HSWM,hr4443-111
HSJU,hr1103-111
HSED,hr3956-111
HSWM,hr3187-111
HSIF,hr5986-111
SSHR,hr5986-111
HSWM,hr1888-111
HSJU,hr197-111
HSII,hr285-111
HSBA,hr1231-111
HSIF,hr1231-111
HSFA,hr4301-111
HSJU,hr2159-111
HSPW,hr1131-111
HSIF,hr1131-111
HSED,hr1131-111
HSHM,hr1131-111
HSWM,hr3365-111
HSIF,hr3365-111
HSVR,hr3365-111
HSVR,hr5516-111
HSED,hr4146-111
HSBA,hr387-111
HSBA,hr4966-111
HSWM,hr3597-111
HSVR,hr3597-111
HSPW,hr3597-111
HSII,hr383-111
HSJU,hr900-111
HSWM,hr598-111
HSIF,hr598-111
HSSY,hr598-111
HSED,hr598-111
HSBA,hr598-111
HSBA,hr3457-111
HSVR,hr761-111
HSJU,hr3216-111
HSIF,hr3216-111
HSJU,hr4114-111
HSWM,hr2963-111
HSVR,hr294-111
HSJU,hr1825-111
HSSM,hr3738-111
SSSB,hr3738-111
HSBA,hr5569-111
HSBU,hr5569-111
HSJU,hr4175-111
HSWM,hr3827-111
HSIF,hr649-111
HSII,hr797-111
HSBU,hr797-111
HSRU,hr797-111
HSWM,hr1897-111
HSAP,hr1-111
HSBU,hr1-111
HSPW,hr1-111
HSBA,hr37-111
HSWM,hr871-111
HSIF,hr6236-111
HSGO,hr6236-111
HSBA,hr6236-111
HSJU,hr6236-111
HSPW,hr3410-111
HSWM,hr2176-111
HSAG,hr4827-111
HSII,hr2834-111
HSWM,hr538-111
HSED,hr3047-111
HSGO,hr3047-111
HSAS,hr3047-111
HSWM,hr3047-111
HSHA,hr3047-111
HSSM,hr1845-111
SSSB,hr1845-111
HSBA,hr1909-111
HSWM,hr6346-111
HSII,hr2079-111
HSIF,hr4222-111
HSVR,hr2713-111
HSBA,hr2571-111
HSJU,hr2571-111
SSBK,hr2571-111
HSJU,hr314-111
HSWM,hr6475-111
HSIF,hr3431-111
HSWM,hr3568-111
HSWM,hr4057-111
HSBA,hr6218-111
HSGO,hr2255-111
HSRU,hr2255-111
HSBU,hr2255-111
HSJU,hr2255-111
HSWM,hr1328-111
HSIF,hr4875-111
HSBA,hr1744-111
HSSY,hr1499-111
HSHM,hr1499-111
HSJU,hr6327-111
HSED,hr6327-111
HSIF,hr1692-111
HSSM,hr3614-111
HSHM,hr3239-111
HSFA,hr3239-111
HSWM,hr2085-111
HSIF,hr5068-111
HSSY,hr2685-111
HSII,hr2685-111
HSWM,hr1961-111
HSWM,hr5977-111
HSED,hr5165-111
HSWM,hr5047-111
HSBA,hr5047-111
HSWM,hr5905-111
HSJU,hr974-111
HSJU,hr6235-111
HSJU,hr4748-111
HSHM,hr4748-111
SSJU,hr4748-111
HSWM,hr536-111
HSBA,hr1608-111
HSWM,hr1712-111
HSWM,hr4385-111
HSWM,hr4937-111
HSIF,hr1457-111
HSWM,hr755-111
HSWM,hr2429-111
HSED,hr2429-111
HSAS,hr5230-111
HSSY,hr5230-111
HSIF,hr873-111
HSWM,hr1498-111
HSWM,hr3905-111
HSIF,hr5820-111
HSWM,hr2885-111
HSIF,hr5593-111
HSWM,hr5593-111
HSJU,hr1107-111
SSJU,hr1107-111
HSAP,hr3183-111
HSWM,hr3816-111
HSWM,hr5597-111
HSIF,hr5597-111
HSIF,hr1510-111
HSSM,hr575-111
HSIF,hr570-111
HSED,hr5654-111
HSPW,hr5654-111
HSIF,hr1430-111
HSWM,hr1430-111
HSBA,hr5689-111
HSIF,hr3188-111
HSIF,hr4204-111
HSII,hr2950-111
SSEG,hr2950-111
HSBA,hr5003-111
HSBA,hr1247-111
HSPW,hr3265-111
HSHA,hr1719-111
HSWM,hr6025-111
HSED,hr2081-111
HSWM,hr5581-111
HSSY,hr5581-111
HSVR,hr2547-111
HSIF,hr5732-111
HSWM,hr5732-111
HSBA,hr3300-111
HSAG,hr3300-111
HSWM,hr2417-111
HSIF,hr2417-111
HSGO,hr6026-111
HSIF,hr2218-111
HSWM,hr2218-111
HSED,hr2218-111
HSSM,hr1838-111
SSSB,hr1838-111
HSSY,hr554-111
SSCM,hr554-111
HSED,hr3359-111
HSIF,hr1614-111
HSWM,hr2625-111
HSWM,hr3153-111
HSIF,hr1386-111
HSII,hr925-111
HSWM,hr16-111
HSGO,hr1217-111
SSGA,hr1217-111
HSII,hr6129-111
HSWM,hr4232-111
HSWM,hr5987-111
HSPW,hr5987-111
HSVR,hr5987-111
HSAG,hr2914-111
HSBA,hr1212-111
HSBU,hr3298-111
HSRU,hr3298-111
HSBA,hr3996-111
HSJU,hr3996-111
HSAG,hr3996-111
HSWM,hr3996-111
HSSY,hr3585-111
SSEG,hr3585-111
HSIF,hr5808-111
HSED,hr694-111
HSIF,hr694-111
HSWM,hr694-111
HSWM,hr5694-111
HSFA,hr5694-111
HSJU,hr5694-111
HSIF,hr6518-111
HSVR,hr3491-111
HSFA,hr6282-111
HSAS,hr5507-111
HSWM,hr3039-111
HSII,hr338-111
HSED,hr5093-111
HSWM,hr6181-111
HSWM,hr4518-111
HSIF,hr3191-111
HSIF,hr6284-111
HSHA,hr1729-111
HSED,hr1729-111
HSIF,hr1213-111
HSWM,hr1213-111
HSII,hr1379-111
HSII,hr5964-111
HSWM,hr4169-111
HSJU,hr4364-111
HSII,hr4363-111
HSIF,hr1760-111
HSFA,hr1760-111
HSSY,hr1760-111
HSWM,hr2198-111
HSBA,hr4094-111
HSWM,hr5244-111
HSWM,hr3452-111
HSBA,hr3452-111
HSBA,hr2063-111
HSGO,hr2850-111
HSAG,hr6024-111
HSWM,hr6143-111
HSAS,hr6253-111
HSIF,hr870-111
HSWM,hr870-111
HSIF,hr2948-111
HSFA,hr5971-111
HSBA,hr5971-111
HSJU,hr1478-111
HSSY,hr266-111
HSED,hr266-111
HSHM,hr266-111
HSJU,hr3237-111
SSJU,hr3237-111
HSII,hr4027-111
HSIF,hr1796-111
SSCM,hr1796-111
HSWM,hr205-111
HSWM,hr4149-111
HSJU,hr3698-111
HSBA,hr2014-111
HSHA,hr2014-111
HSPW,hr3028-111
HSSM,hr3032-111
HSVR,hr6430-111
HSII,hr6280-111
HSPW,hr941-111
HSHM,hr941-111
HSWM,hr5936-111
HSIF,hr5936-111
HSBA,hr3380-111
HSWM,hr2615-111
HSWM,hr2672-111
HSWM,hr213-111
HSIF,hr2426-111
HSWM,hr2006-111
HSJU,hr2006-111
HSIF,hr2006-111
HSED,hr2006-111
HSED,hr13-111
HSWM,hr546-111
HSGO,hr546-111
HSIF,hr4161-111
HSRU,hr4161-111
HSGO,hr4858-111
HSVR,hr1821-111
HSIF,hr1573-111
HSED,hr3042-111
HSIF,hr4757-111
HSJU,hr4346-111
HSHM,hr3093-111
HSWM,hr4172-111
HSWM,hr25-111
HSII,hr3201-111
HSVR,hr2968-111
HSIF,hr2291-111
HSWM,hr2291-111
HSIF,hr574-111
HSWM,hr574-111
HSVR,hr5145-111
SSVA,hr5145-111
HSBA,hr5824-111
HSIF,hr211-111
HSWM,hr4770-111
HSIF,hr1189-111
HSVR,hr5360-111
SSVA,hr5360-111
HSJU,hr6137-111
HSWM,hr5834-111
HSED,hr5834-111
HSRU,hr5834-111
HSPW,hr5834-111
HSVR,hr5834-111
HSBA,hr5941-111
HSBA,hr3195-111
HSJU,hr848-111
HSWM,hr4439-111
HSIF,hr1038-111
HSWM,hr1038-111
HSBA,hr1782-111
HSII,hr4579-111
HSII,hr6525-111
HSBA,hr6525-111
HSIF,hr2307-111
HSWM,hr2307-111
HSIF,hr1691-111
HSWM,hr1691-111
HSED,hr1691-111
HSJU,hr4758-111
HSHM,hr4758-111
HSJU,hr4506-111
SSJU,hr4506-111
HSAG,hr815-111
HSIF,hr815-111
HSWM,hr1413-111
HSAS,hr104-111
HLIG,hr104-111
HSJU,hr104-111
HSFA,hr104-111
HSWM,hr4881-111
HSVR,hr2738-111
HSVR,hr1424-111
HSAS,hr1535-111
HSWM,hr6097-111
HSAG,hr4159-111
HSIF,hr2635-111
HSWM,hr2635-111
HSWM,hr5598-111
HSWM,hr4066-111
HSED,hr5079-111
HSII,hr1065-111
HSWM,hr3691-111
HSVR,hr3691-111
HSPW,hr3691-111
HSAP,hr3691-111
HSII,hr1442-111
SSEG,hr1442-111
HSIF,hr4053-111
HSED,hr4053-111
HSIF,hr5210-111
HSVR,hr4541-111
HSVR,hr5933-111
HSWM,hr6222-111
HSED,hr6222-111
HSIF,hr6222-111
HSBA,hr1656-111
HSIF,hr2895-111
HSGO,hr2895-111
HSBA,hr2895-111
HSPW,hr2895-111
HSWM,hr5478-111
HSWM,hr4186-111
HSII,hr454-111
HSIF,hr5712-111
HSBU,hr5712-111
HSWM,hr5712-111
HSWM,hr2024-111
HSIF,hr4601-111
HSIF,hr274-111
HSPW,hr3635-111
HSJU,hr17-111
HSWM,hr897-111
HSII,hr493-111
HSVR,hr5226-111
HSPW,hr5226-111
HSWM,hr6263-111
HSWM,hr5940-111
HSIF,hr2443-111
HSWM,hr2443-111
HSED,hr11-111
SSHR,hr11-111
HSWM,hr3012-111
HSRU,hr3012-111
HSAS,hr2825-111
HSIF,hr1759-111
HSWM,hr218-111
HSIF,hr218-111
HSIF,hr2962-111
HSWM,hr2962-111
HSGO,hr3007-111
HSAS,hr1633-111
HSIF,hr2521-111
HSPW,hr2521-111
HSBA,hr2521-111
HSIF,hr2088-111
HSWM,hr2380-111
HSRU,hr2380-111
HSED,hr5024-111
HSAG,hr4227-111
HSHM,hr1148-111
SSCM,hr1148-111
HSVR,hr4041-111
HSWM,hr4850-111
HSWM,hr4236-111
HSIF,hr2941-111
SSHR,hr2941-111
HSWM,hr4101-111
HSED,hr4870-111
HSAP,hr3288-111
SSAP,hr3288-111
HSED,hr5753-111
HSGO,hr5115-111
HSHM,hr3116-111
SSGA,hr3116-111
HSED,hr912-111
SSHR,hr912-111
HSED,hr3303-111
HSJU,hr3303-111
HSIF,hr2249-111
HSAS,hr840-111
HSJU,hr840-111
HSVR,hr840-111
HSIF,hr3008-111
HSSM,hr3739-111
HSAS,hr4324-111
HSBA,hr4324-111
HSWM,hr3382-111
HSBA,hr6191-111
SSSB,hr6191-111
HSIF,hr3158-111
HSWM,hr3158-111
HSED,hr3158-111
HSWM,hr6413-111
HSPW,hr6413-111
HSVR,hr6413-111
HSPW,hr895-111
HSII,hr4723-111
HSWM,hr4849-111
SSFI,hr4849-111
HSED,hr1338-111
HSAS,hr2771-111
HSJU,hr1521-111
HSAG,hr2880-111
HSIF,hr2880-111
HSIF,hr2057-111
HSWM,hr212-111
HSIF,hr1465-111
HSII,hr1593-111
SSEG,hr1593-111
HSII,hr2802-111
SSEG,hr2802-111
HSSY,hr3650-111
HSII,hr3650-111
HSVR,hr2830-111
HSHM,hr1655-111
HSWM,hr1655-111
HSAG,hr1655-111
HSPW,hr1655-111
HSJU,hr1469-111
SSJU,hr1469-111
HSWM,hr4030-111
HSVR,hr4667-111
SSVA,hr4667-111
HSED,hr6078-111
HSJU,hr3335-111
HSPW,hr5282-111
SSEV,hr5282-111
HSWM,hr5757-111
HSPW,hr5757-111
HSIF,hr5757-111
HSWM,hr3255-111
HSVR,hr5543-111
HSWM,hr5142-111
HSJU,hr2536-111
HSIF,hr2536-111
HSJU,hr3132-111
HSJU,hr1439-111
HSFA,hr1439-111
HSIF,hr2697-111
HSIF,hr5364-111
HSIF,hr889-111
HSED,hr3545-111
HSED,hr4223-111
HSAP,hr2346-111
HSWM,hr1205-111
HSIF,hr1205-111
HSJU,hr4988-111
HSSM,hr4609-111
HSIF,hr2002-111
HSWM,hr2002-111
HSWM,hr2359-111
HSIF,hr6110-111
HSJU,hr1425-111
HSAP,hr1425-111
HSWM,hr4054-111
HSWM,hr2828-111
HSII,hr2828-111
HSIF,hr2828-111
HSSY,hr2828-111
HSRU,hr2828-111
HSGO,hr2828-111
HSPW,hr4217-111
HSWM,hr4217-111
HSWM,hr1175-111
HSAS,hr1175-111
HSWM,hr2492-111
HSIF,hr5201-111
HSII,hr4675-111
HSPW,hr62-111
HSFA,hr2455-111
HSII,hr2455-111
HSWM,hr2455-111
HSPW,hr2455-111
HSII,hr365-111
HSSY,hr365-111
HLIG,hr2544-111
HSVR,hr1293-111
SSVA,hr1293-111
HSAS,hr4440-111
HSII,hr5287-111
HSJU,hr200-111
HSIF,hr109-111
HSII,hr2489-111
SSCM,hr2489-111
HSGO,hr854-111
HSGO,hr5051-111
SSGA,hr5051-111
HSIF,hr6258-111
HSED,hr6258-111
HSWM,hr6258-111
HSII,hr6258-111
HSAG,hr6258-111
HSJU,hr6258-111
HSBA,hr6258-111
HSPW,hr2724-111
HSIF,hr3488-111
HSJU,hr5419-111
HSJU,hr2584-111
HSWM,hr886-111
HSGO,hr1820-111
HSPW,hr966-111
HSWM,hr132-111
HSAS,hr2845-111
HSFA,hr2845-111
HSSY,hr585-111
HSPW,hr585-111
HSII,hr585-111
HSAG,hr585-111
HSIF,hr585-111
HSIF,hr6309-111
HSWM,hr2702-111
HSJU,hr2765-111
SSJU,hr2765-111
HSIF,hr5853-111
HSRU,hr5853-111
HSGO,hr4771-111
HSWM,hr2391-111
HSPW,hr4714-111
SSCM,hr4714-111
HSIF,hr3717-111
HSBA,hr1356-111
HSJU,hr4326-111
HSII,hr644-111
HSGO,hr5150-111
HSWM,hr4380-111
HSJU,hr4567-111
HSIF,hr968-111
HSPW,hr3027-111
HSII,hr4914-111
HSSY,hr4914-111
HSED,hr555-111
HSVR,hr3948-111
HSIF,hr563-111
HSIF,hr5710-111
SSHR,hr5710-111
HSJU,hr3630-111
HSED,hr6142-111
HSIF,hr6553-111
HSAP,hr6553-111
HSPW,hr915-111
HSSY,hr915-111
SSCM,hr915-111
HSHM,hr915-111
HSIF,hr2938-111
SSEG,hr2938-111
HSWM,hr5915-111
HSWM,hr6419-111
HSII,hr3215-111
HSIF,hr2425-111
HSWM,hr2425-111
HSIF,hr479-111
SSHR,hr479-111
HSBA,hr5835-111
HSWM,hr220-111
HSGO,hr220-111
HSHM,hr220-111
HSIF,hr252-111
HSED,hr252-111
HSHM,hr1517-111
HSGO,hr1517-111
SSGA,hr1517-111
HSWM,hr6323-111
HSPW,hr2969-111
HSIF,hr2969-111
HSGO,hr3226-111
HSVR,hr3155-111
SSVA,hr3155-111
HSVR,hr4360-111
SSVA,hr4360-111
HSWM,hr4210-111
HSWM,hr2069-111
HSSY,hr4955-111
HSED,hr4955-111
HSPW,hr1135-111
HSIF,hr1135-111
HSWM,hr1135-111
HSSM,hr1135-111
HSSM,hr1135-111
HSII,hr5735-111
HSAG,hr5735-111
HSIF,hr6173-111
HSIF,hr1117-111
HSIF,hr2778-111
HSAS,hr4923-111
HSWM,hr5615-111
HSAP,hr5615-111
HSPW,hr6483-111
HSIF,hr903-111
HSHM,hr903-111
SSHR,hr903-111
HSVR,hr32-111
HSED,hr1621-111
HSFA,hr1511-111
HSIF,hr1511-111
SSFR,hr1511-111
HSRU,hr654-111
HSBU,hr654-111
HSIF,hr4390-111
HSWM,hr4390-111
HSBA,hr4569-111
HSBA,hr230-111
HSWM,hr5521-111
HSJU,hr5718-111
HSVR,hr3813-111
HSIF,hr2669-111
HSED,hr3669-111
HSWM,hr5491-111
HSPW,hr2746-111
HSWM,hr1708-111
HSIF,hr1708-111
HSPW,hr1708-111
HSJU,hr5687-111
HSHA,hr2393-111
HSWM,hr2436-111
HSJU,hr4113-111
SSJU,hr4113-111
HSBA,hr1582-111
HSWM,hr2094-111
HSIF,hr2094-111
HSII,hr921-111
HSED,hr1313-111
HSAS,hr1313-111
HSVR,hr114-111
HSED,hr2187-111
SSHR,hr2187-111
HLIG,hr4892-111
HSAS,hr4892-111
HSJU,hr4892-111
HSHA,hr4230-111
HSGO,hr4230-111
HSWM,hr4230-111
HSIF,hr4230-111
HSVR,hr4230-111
HSIF,hr5707-111
HSAG,hr1002-111
SSAF,hr1002-111
HSWM,hr6126-111
HSPW,hr651-111
HSWM,hr6121-111
HSIF,hr6121-111
HSED,hr6469-111
SSAF,hr6469-111
HSBA,hr6531-111
HSII,hr2314-111
HSGO,hr4621-111
SSGA,hr4621-111
HSII,hr4339-111
HSWM,hr5856-111
HSIF,hr2221-111
SSCM,hr2221-111
HSWM,hr3909-111
HSSY,hr3909-111
HSII,hr3563-111
HSJU,hr125-111
HSSY,hr820-111
HSIF,hr820-111
HSWM,hr820-111
HSHM,hr820-111
HSAP,hr2918-111
HSAS,hr4427-111
HSIF,hr5421-111
HSAP,hr5421-111
HSWM,hr5421-111
HSED,hr5421-111
HSJU,hr5421-111
HSII,hr5421-111
HSRU,hr5421-111
HSHA,hr5421-111
HSII,hr3514-111
HSWM,hr561-111
HSBA,hr3196-111
HSFA,hr3196-111
HSIF,hr3196-111
HSII,hr725-111
HSJU,hr725-111
HSED,hr2077-111
HSWM,hr5552-111
HSBA,hr4889-111
HSWM,hr1132-111
HSED,hr5285-111
HSBA,hr5285-111
HSIF,hr1670-111
HSVR,hr1075-111
HSWM,hr6415-111
HSSY,hr14-111
HSVR,hr5443-111
HSIF,hr956-111
HSWM,hr956-111
HSED,hr956-111
HSRU,hr956-111
HSPW,hr967-111
HSHM,hr967-111
HSAP,hr3293-111
SSAP,hr3293-111
HSIF,hr6005-111
HSWM,hr6005-111
HSIF,hr3716-111
HSIF,hr1378-111
HSED,hr1378-111
HSJU,hr110-111
HSIF,hr298-111
HSPW,hr4957-111
HSWM,hr4957-111
HSJU,hr5810-111
SSJU,hr5810-111
HSED,hr1363-111
HSWM,hr5141-111
HSII,hr3254-111
HSII,hr5846-111
HSPW,hr5967-111
HSSM,hr1839-111
SSSB,hr1839-111
HSIF,hr4597-111
HSII,hr4416-111
HSWM,hr6128-111
HSAG,hr2869-111
HSIF,hr2730-111
HSIF,hr2149-111
HSPW,hr1000-111
HSAS,hr2059-111
HSPW,hr6150-111
HSJU,hr6150-111
HSED,hr4855-111
HSWM,hr3011-111
HSWM,hr3659-111
HSIF,hr1256-111
HSGO,hr1256-111
HSJU,hr5092-111
HSIF,hr2457-111
HSED,hr2457-111
HSWM,hr2457-111
HSIF,hr1689-111
HSSY,hr1689-111
HSBA,hr3706-111
HSIF,hr1111-111
HSIF,hr2595-111
HSIF,hr5828-111
HSJU,hr3401-111
HSBA,hr3401-111
HSIF,hr1261-111
HSJU,hr2344-111
HSJU,hr588-111
HSHM,hr588-111
HSIF,hr4917-111
HSWM,hr4917-111
HSWM,hr1666-111
HSIF,hr1666-111
HSIF,hr2068-111
HSWM,hr2068-111
HSBA,hr2563-111
HSGO,hr4900-111
HSHM,hr4900-111
HSJU,hr3676-111
HSED,hr3676-111
HSBA,hr3766-111
HSBA,hr2253-111
HSAG,hr2253-111
HSII,hr5709-111
HSGO,hr3493-111
HSWM,hr3761-111
HSAP,hr3761-111
HSIF,hr6482-111
HSII,hr419-111
HSRU,hr236-111
HSBU,hr236-111
HSBA,hr4377-111
HSHA,hr282-111
HSGO,hr282-111
HSIF,hr904-111
HSWM,hr5318-111
HSED,hr2803-111
HSAS,hr707-111
HSWM,hr2667-111
HSBA,hr1669-111
HSGO,hr6065-111
HSWM,hr6065-111
HSIF,hr2326-111
HSJU,hr1885-111
HSVR,hr3661-111
HSBA,hr5199-111
HSII,hr1813-111
HSIF,hr1813-111
HSAG,hr1813-111
HSAS,hr4180-111
HSJU,hr1966-111
HSII,hr4888-111
HSWM,hr3802-111
HSED,hr1444-111
HSBA,hr6038-111
HSAG,hr6038-111
HSWM,hr4068-111
HSED,hr1176-111
HSWM,hr3267-111
HSIF,hr1246-111
SSHR,hr1246-111
HSBA,hr2648-111
HSSY,hr4968-111
HSED,hr4968-111
HSFA,hr364-111
HSIF,hr5444-111
HSAP,hr5444-111
HSHA,hr5444-111
HSWM,hr5444-111
HSED,hr5444-111
HSII,hr5444-111
HSJU,hr5444-111
HSRU,hr5444-111
HSII,hr845-111
HSIF,hr2867-111
HSFA,hr3515-111
HSWM,hr3812-111
HSGO,hr36-111
SSGA,hr36-111
HSGO,hr5004-111
HSWM,hr5029-111
HSBA,hr5029-111
HSAP,hr5029-111
HSII,hr6316-111
HSWM,hr43-111
HSII,hr4847-111
HSIF,hr6208-111
HSWM,hr3918-111
HSHM,hr1726-111
HSIF,hr2252-111
HSWM,hr2252-111
HSIF,hr5164-111
HSSY,hr5164-111
HSED,hr4037-111
HSPW,hr4915-111
HSWM,hr4915-111
SSFI,hr4915-111
HSED,hr3731-111
HSBA,hr2345-111
HSWM,hr487-111
HSHA,hr749-111
SSRA,hr749-111
HSII,hr5130-111
HSGO,hr2978-111
HSGO,hr1254-111
HSAS,hr5958-111
HSIF,hr2233-111
HSAS,hr3294-111
HSIF,hr5922-111
HSPW,hr5922-111
HSII,hr5922-111
HSWM,hr2287-111
HSWM,hr6478-111
HSBA,hr4868-111
HSBU,hr4868-111
HSWM,hr4868-111
HSIF,hr3713-111
HSWM,hr3713-111
HSED,hr3713-111
HSAP,hr3713-111
HSJU,hr3713-111
HSFA,hr72-111
HSGO,hr3471-111
HSJU,hr3471-111
HSJU,hr6239-111
HSIF,hr2358-111
HSIF,hr1551-111
HSIF,hr5381-111
HSIF,hr3851-111
HSIF,hr3000-111
HSWM,hr3000-111
HSED,hr3000-111
HSVR,hr5303-111
HSIF,hr5111-111
HSII,hr5222-111
HSBA,hr2246-111
HSAP,hr5875-111
HSBU,hr5875-111
HSWM,hr1470-111
HSJU,hr3765-111
HSRU,hr3765-111
HSAG,hr3907-111
HSAS,hr3266-111
HSVR,hr3266-111
HSWM,hr953-111
HSVR,hr2614-111
HSVR,hr1546-111
HSJU,hr1173-111
HSWM,hr6169-111
HSIF,hr6169-111
HSPW,hr1057-111
HSGO,hr1263-111
HSWM,hr1263-111
HSPW,hr1130-111
HSII,hr5342-111
HSJU,hr1314-111
HSED,hr540-111
HSIF,hr1819-111
HSGO,hr1414-111
HSWM,hr5054-111
HSWM,hr2628-111
HSIF,hr3018-111
HSJU,hr3018-111
HSJU,hr4614-111
SSJU,hr4614-111
HSJU,hr5939-111
HSIF,hr5939-111
HSWM,hr5939-111
HSED,hr2132-111
HSHA,hr2132-111
HSGO,hr2132-111
HSIF,hr1155-111
HSPW,hr6016-111
SSCM,hr6016-111
HSPW,hr3725-111
HSSM,hr5734-111
HSJU,hr1676-111
SSJU,hr1676-111
HSIF,hr4674-111
HSPW,hr4674-111
HSIF,hr6373-111
HSED,hr1645-111
HSWM,hr3478-111
HSIF,hr3478-111
HSJU,hr3478-111
HSIF,hr3792-111
HSVR,hr3577-111
HSBA,hr6254-111
HSED,hr4958-111
HSED,hr3721-111
HSJU,hr3721-111
HSED,hr6362-111
HSPW,hr2156-111
HSJU,hr3292-111
HSJU,hr4005-111
HSBA,hr4005-111
HLIG,hr4005-111
HSAP,hr4987-111
HSAP,hr5822-111
HSWM,hr1497-111
HSII,hr102-111
HSSY,hr2347-111
HSIF,hr3144-111
HSBA,hr3959-111
HSHA,hr2510-111
SSRA,hr2510-111
HSBA,hr788-111
HSJU,hr503-111
HSIF,hr414-111
HSII,hr5135-111
HSII,hr2100-111
HSSM,hr3723-111
HSBA,hr1207-111
HSGO,hr6175-111
HSGO,hr516-111
HSWM,hr5041-111
HSWM,hr5644-111
HSIF,hr1570-111
HSVR,hr2504-111
HSFA,hr363-111
HSII,hr6490-111
HSIF,hr2206-111
HSED,hr1461-111
HSIF,hr1940-111
HSBU,hr4481-111
HSRU,hr4481-111
HSJU,hr3110-111
HSFA,hr3110-111
HSED,hr5107-111
HSWM,hr5107-111
HSAG,hr4785-111
HSIF,hr4785-111
SSEG,hr4785-111
HSIF,hr2066-111
HSSY,hr2306-111
HSII,hr1584-111
HSIF,hr2935-111
HSJU,hr2935-111
HSHM,hr2935-111
HSHA,hr1752-111
HSWM,hr939-111
HSBA,hr1880-111
HSJU,hr1880-111
HSIF,hr1880-111
HSII,hr3086-111
HSFA,hr3086-111
HSII,hr5383-111
HSFA,hr2194-111
HSBA,hr2194-111
HSGO,hr2194-111
HSWM,hr2194-111
SSBK,hr2194-111
HSIF,hr988-111
HSIF,hr4732-111
HSWM,hr4732-111
HSWM,hr4494-111
HSII,hr4304-111
HSAS,hr296-111
HSIF,hr231-111
HSBA,hr427-111
HSBA,hr583-111
HSII,hr1061-111
HSHA,hr156-111
HSGO,hr156-111
HSIF,hr4235-111
HSHA,hr124-111
HSJU,hr529-111
HSWM,hr184-111
HSGO,hr113-111
HSWM,hr4239-111
HSED,hr2184-111
HSWM,hr1159-111
HSII,hr964-111
HSBA,hr5159-111
HSIF,hr5310-111
HSPW,hr5310-111
HSJU,hr4338-111
HSED,hr3838-111
HSII,hr3203-111
HSII,hr234-111
HSJU,hr2954-111
HSHA,hr1659-111
HSRU,hr1659-111
HSIF,hr2640-111
HSWM,hr2640-111
HSIF,hr3099-111
HSWM,hr2562-111
HSBA,hr1989-111
HSJU,hr2401-111
HSSM,hr1842-111
SSSB,hr1842-111
HSAS,hr2699-111
HSVR,hr2699-111
HSFA,hr4303-111
HSJU,hr4303-111
HSGO,hr4303-111
HSBA,hr4303-111
HSWM,hr3952-111
HSWM,hr6517-111
HSED,hr6517-111
HSIF,hr6517-111
HSBA,hr2336-111
HSWM,hr2096-111
HSII,hr3989-111
SSEG,hr3989-111
HSPW,hr1512-111
HSWM,hr1512-111
HSWM,hr1265-111
HSBA,hr1265-111
HSJU,hr1265-111
HSAS,hr2797-111
HSFA,hr2797-111
HSGO,hr828-111
HSSY,hr4905-111
HSHM,hr1437-111
HSJU,hr1437-111
HSPW,hr431-111
HSIF,hr4662-111
HSWM,hr4662-111
HSBA,hr4157-111
HSWM,hr2658-111
HSWM,hr426-111
HSPW,hr4153-111
HSII,hr3914-111
HSIF,hr3502-111
HSGO,hr4945-111
HSII,hr2522-111
SSEG,hr2522-111
HSFA,hr4962-111
HSWM,hr4962-111
HSBA,hr4962-111
HSWM,hr550-111
HSAG,hr3519-111
SSAF,hr3519-111
HSED,hr824-111
HSGO,hr824-111
HSHA,hr824-111
HSII,hr4814-111
HSGO,hr1686-111
HSIF,hr2087-111
HSWM,hr3439-111
HSIF,hr2479-111
HSWM,hr2479-111
HSGO,hr2004-111
SSGA,hr2004-111
HSAG,hr3048-111
HSBA,hr6529-111
HSWM,hr769-111
HSED,hr1873-111
HSWM,hr2122-111
HSWM,hr1126-111
HSIF,hr3799-111
HSWM,hr3799-111
HSED,hr3799-111
HSJU,hr1083-111
HSED,hr2900-111
HSIF,hr3962-111
HSED,hr3962-111
HSWM,hr3962-111
HSGO,hr3962-111
HSBU,hr3962-111
HSRU,hr3962-111
HSII,hr3962-111
HSJU,hr3962-111
HSPW,hr4891-111
HSII,hr2888-111
HSAG,hr5579-111
HSIF,hr5579-111
HSJU,hr5579-111
HSVR,hr1591-111
HSED,hr2054-111
HSPW,hr2164-111
HSED,hr3181-111
HSIF,hr1258-111
HSAS,hr1417-111
HSIF,hr1417-111
HSII,hr1417-111
HSHM,hr1417-111
HSWM,hr2300-111
HSII,hr2300-111
HSIF,hr2300-111
HSSY,hr2300-111
HSRU,hr2300-111
HSGO,hr2300-111
HSBA,hr347-111
HSHA,hr347-111
SSBK,hr347-111
HSIF,hr5020-111
HSII,hr4754-111
HSJU,hr5143-111
HSIF,hr2368-111
HSGO,hr2368-111
HSAS,hr2368-111
HSFA,hr5351-111
HSIF,hr4809-111
HSII,hr2548-111
HSWM,hr1093-111
HSBA,hr4811-111
HSIF,hr43-111
HSBA,hr2622-111
HSJU,hr975-111
HSSM,hr6447-111
HSII,hr6447-111
HSIF,hr3778-111
HSWM,hr2021-111
HSED,hr2021-111
HSBA,hr2799-111
HSWM,hr3520-111
HSFA,hr3077-111
HSED,hr77-111
HSJU,hr5667-111
HSPW,hr2238-111
HSVR,hr4203-111
HSII,hr5413-111
HSWM,hr1677-111
HSWM,hr6322-111
HSIF,hr927-111
HSBA,hr711-111
HSII,hr337-111
HSED,hr1758-111
HSGO,hr4979-111
HSHA,hr4979-111
HSJU,hr1529-111
HSWM,hr30-111
HSJU,hr48-111
HSIF,hr6176-111
HSFA,hr4102-111
HSSY,hr2020-111
SSCM,hr2020-111
HSJU,hr1651-111
HSJU,hr2541-111
HSIF,hr3448-111
HSII,hr3448-111
HSWM,hr1763-111
HSIF,hr560-111
HSJU,hr560-111
HSIF,hr221-111
HSJU,hr1096-111
HSWM,hr1096-111
HSED,hr1096-111
HSHM,hr1096-111
HSII,hr130-111
HSJU,hr3245-111
HSIF,hr3245-111
HSVR,hr449-111
HSIF,hr4341-111
HSBA,hr1846-111
HSIF,hr4038-111
HSWM,hr4038-111
HSED,hr4038-111
HSJU,hr4038-111
HSHA,hr4761-111
HSGO,hr4761-111
HSIF,hr684-111
HSWM,hr684-111
HSBA,hr1095-111
HSBA,hr1472-111
HSGO,hr1472-111
HSSY,hr5607-111
HSII,hr5607-111
HSWM,hr3718-111
HSIF,hr2940-111
HSED,hr2940-111
HSWM,hr2940-111
HSIF,hr4689-111
HSAS,hr935-111
HSII,hr2509-111
HSII,hr905-111
HSWM,hr4699-111
HSHM,hr791-111
HSII,hr1109-111
HSAG,hr1109-111
HSII,hr4200-111
HSJU,hr5119-111
HSIF,hr5119-111
HSPW,hr1310-111
HSIF,hr2688-111
HSHA,hr2082-111
HSIF,hr3374-111
HSWM,hr3374-111
HSJU,hr1468-111
HSIF,hr5276-111
HSVR,hr1088-111
SSVA,hr1088-111
HSBA,hr4014-111
HSIF,hr1937-111
HSPW,hr645-111
HSAS,hr645-111
HSHM,hr645-111
HSBA,hr1349-111
HSIF,hr2043-111
HSSY,hr6060-111
HSED,hr3626-111
HSWM,hr5699-111
HSIF,hr398-111
HSPW,hr5677-111
HSII,hr5677-111
HSWM,hr85-111
HSWM,hr475-111
HSVR,hr3368-111
HSAS,hr3368-111
HSWM,hr3368-111
HSWM,hr691-111
HSWM,hr3399-111
HSVR,hr2879-111
HSIF,hr6570-111
HSBA,hr1674-111
SSBK,hr1674-111
HSWM,hr832-111
HSIF,hr6265-111
HSAS,hr593-111
HSIF,hr2347-111
HSBA,hr5299-111
HSFA,hr909-111
HSHA,hr4540-111
HSWM,hr907-111
HSJU,hr812-111
HSSY,hr4784-111
HSIF,hr2109-111
HSJU,hr3182-111
HSSM,hr1807-111
SSSB,hr1807-111
HSWM,hr2956-111
HSIF,hr5795-111
HSWM,hr5795-111
HSWM,hr6298-111
HSJU,hr2017-111
HSIF,hr3218-111
HSWM,hr3218-111
HSJU,hr73-111
HSED,hr1589-111
HSED,hr1585-111
SSHR,hr1585-111
HSVR,hr3976-111
SSVA,hr3976-111
HSAG,hr176-111
HSWM,hr27-111
HSIF,hr27-111
HSJU,hr27-111
HSWM,hr5001-111
HSWM,hr2037-111
HSED,hr3753-111
HSWM,hr5844-111
HSIF,hr5844-111
HSIF,hr3754-111
HSVR,hr3949-111
SSVA,hr3949-111
HSBA,hr2267-111
HSIF,hr2267-111
HSJU,hr2267-111
HSHM,hr5105-111
HSAG,hr5105-111
HSII,hr1055-111
HSWM,hr1405-111
HSWM,hr3979-111
HSBA,hr5098-111
HSPW,hr5698-111
HSII,hr5698-111
HSJU,hr1772-111
HSWM,hr2720-111
HSII,hr2662-111
HSJU,hr2414-111
HSWM,hr4769-111
HSPW,hr276-111
HSII,hr1914-111
HSII,hr6070-111
HSIF,hr5980-111
HSJU,hr5980-111
HSWM,hr5980-111
HSBA,hr5980-111
HSPW,hr5980-111
HSSY,hr5980-111
HSED,hr2269-111
HSBA,hr2269-111
HSPW,hr2269-111
HSII,hr2269-111
HSIF,hr2269-111
HSIF,hr5883-111
HSSY,hr5883-111
HSWM,hr5883-111
HSWM,hr3462-111
HSBA,hr2873-111
SSBK,hr2873-111
HSBA,hr4099-111
HSII,hr4438-111
SSEG,hr4438-111
HSIF,hr2858-111
HSWM,hr2858-111
HSWM,hr617-111
HSJU,hr3025-111
HSPW,hr6546-111
HSIF,hr5345-111
HSED,hr579-111
HSIF,hr1411-111
HSIF,hr3199-111
SSHR,hr3199-111
HSIF,hr1816-111
HSIF,hr2427-111
HSWM,hr2427-111
HSED,hr2427-111
HSGO,hr2427-111
HSWM,hr6488-111
HSIF,hr2534-111
HSWM,hr2534-111
HSBA,hr1316-111
HSWM,hr3610-111
HSJU,hr440-111
HSHA,hr4336-111
HSGO,hr4336-111
HSGO,hr5368-111
HSIF,hr20-111
SSHR,hr20-111
HSII,hr1143-111
HSED,hr12-111
HSPW,hr1665-111
SSCM,hr1665-111
HSHM,hr1665-111
HSPW,hr5892-111
HSPW,hr2991-111
HSBA,hr1365-111
HSED,hr2579-111
HSPW,hr3535-111
HSIF,hr1005-111
HSPW,hr1005-111
HSIF,hr3543-111
HSJU,hr748-111
SSJU,hr748-111
HSED,hr2511-111
HSII,hr2188-111
SSEV,hr2188-111
HSWM,hr499-111
HSRU,hr499-111
HSII,hr996-111
HSJU,hr996-111
HSJU,hr256-111
HSBA,hr3451-111
HSHM,hr5173-111
HSWM,hr1250-111
HSII,hr5479-111
HSWM,hr3333-111
HSAP,hr1105-111
HSBU,hr1105-111
HSJU,hr1800-111
HSBA,hr1800-111
HSJU,hr5208-111
HSWM,hr3430-111
HSIF,hr3430-111
HSJU,hr4548-111
HSED,hr4548-111
HSBA,hr2551-111
HSWM,hr2551-111
HSFA,hr3560-111
HSJU,hr1292-111
HSHM,hr1292-111
HSWM,hr4317-111
HSED,hr4317-111
HSAS,hr2295-111
HSII,hr3710-111
HSII,hr5965-111
HSAG,hr5965-111
HSIF,hr2596-111
HSED,hr2596-111
HSED,hr1988-111
HSBA,hr2493-111
HSFA,hr2493-111
HSJU,hr3528-111
HSII,hr4782-111
HSII,hr2055-111
HSIF,hr5809-111
HSJU,hr5809-111
SSJU,hr5809-111
HSIF,hr5019-111
HSWM,hr5019-111
HSGO,hr5019-111
SSFI,hr5019-111
HSIF,hr91-111
HSPW,hr3562-111
SSEV,hr3562-111
HSIF,hr3095-111
HSWM,hr3095-111
HSJU,hr227-111
HSIF,hr1765-111
HSWM,hr1765-111
HSJU,hr2943-111
HSIF,hr2943-111
HSIF,hr4544-111
HSED,hr4544-111
HSJU,hr738-111
SSJU,hr738-111
HSGO,hr2877-111
SSGA,hr2877-111
HSIF,hr4563-111
HSED,hr4563-111
HSWM,hr4563-111
HSGO,hr4563-111
HSBA,hr6086-111
HSGO,hr6086-111
HSED,hr6425-111
HSAS,hr6523-111
HSBU,hr6523-111
HSWM,hr3135-111
HSBA,hr627-111
HSED,hr2339-111
HSAS,hr5469-111
HSBA,hr5369-111
HSIF,hr5560-111
HSIF,hr1179-111
HSED,hr2012-111
HSWM,hr1903-111
HSBA,hr1903-111
HSJU,hr1903-111
HSPW,hr3371-111
SSCM,hr3371-111
HSJU,hr1933-111
SSJU,hr1933-111
HSIF,hr261-111
HSHM,hr261-111
HSED,hr2074-111
HSII,hr1393-111
SSEG,hr1393-111
HSSY,hr4393-111
HSII,hr5059-111
HSAS,hr4738-111
HSPW,hr3466-111
HSBA,hr2897-111
HSIF,hr2373-111
HSWM,hr2373-111
HSIF,hr616-111
HSWM,hr616-111
HSIF,hr2250-111
HSAS,hr2250-111
HSSY,hr2250-111
HSII,hr2250-111
HSWM,hr2250-111
HSWM,hr3825-111
HSIF,hr3002-111
HSWM,hr3002-111
HSII,hr6426-111
HSIF,hr6426-111
HSHM,hr6047-111
HSFA,hr1985-111
HSBA,hr1985-111
HSGO,hr1985-111
HSWM,hr1985-111
HSSY,hr4906-111
HSIF,hr1085-111
HSED,hr1085-111
HSIF,hr3648-111
HSPW,hr3618-111
HSSY,hr3618-111
HSWM,hr4873-111
HSII,hr183-111
HSJU,hr5397-111
HSED,hr5397-111
HSAS,hr4269-111
HSII,hr4916-111
HSIF,hr1382-111
HSJU,hr3059-111
HSAS,hr4176-111
HSJU,hr313-111
HSIF,hr5805-111
HSWM,hr5805-111
HSGO,hr5805-111
HSII,hr5388-111
HSFA,hr5350-111
HSWM,hr5923-111
HSIF,hr392-111
HSIF,hr2818-111
SSHR,hr2818-111
HSIF,hr3896-111
HSWM,hr3896-111
HSPW,hr6113-111
HSIF,hr6113-111
HSII,hr6113-111
HSIF,hr1740-111
HSIF,hr1932-111
HSWM,hr1932-111
HSBA,hr1754-111
HSAG,hr1754-111
HSVR,hr5045-111
HSGO,hr4134-111
HSAS,hr4134-111
HSSY,hr4804-111
HSIF,hr5778-111
HSIF,hr4846-111
HSIF,hr5081-111
HSWM,hr721-111
HSED,hr4864-111
HSIF,hr5515-111
HSWM,hr2826-111
HSIF,hr1133-111
HSWM,hr6067-111
HSBA,hr6225-111
HSED,hr6036-111
HSVR,hr210-111
HSBA,hr4110-111
HSII,hr2442-111
SSEG,hr2442-111
HSWM,hr322-111
HSIF,hr2929-111
HSWM,hr2641-111
HSIF,hr2641-111
HSIF,hr3589-111
HSWM,hr1221-111
HSWM,hr1840-111
HSIF,hr245-111
HSVR,hr2127-111
HSAG,hr6057-111
HSIF,hr3830-111
HSII,hr509-111
SSEV,hr509-111
HSBA,hr4537-111
HSBA,hr1244-111
HSWM,hr3627-111
HSIF,hr3101-111
HSVR,hr4469-111
HSJU,hr2064-111
HSPW,hr1220-111
HSWM,hr4314-111
HSWM,hr5343-111
HSIF,hr5343-111
HSIF,hr2035-111
HSWM,hr2035-111
HSED,hr2035-111
HSAG,hr2035-111
HSAP,hr5850-111
HSJU,hr937-111
HSHM,hr937-111
HSGO,hr5247-111
HSAS,hr5247-111
HLIG,hr5247-111
HSSM,hr4496-111
HSGO,hr4496-111
HSJU,hr4496-111
HSWM,hr4085-111
HSIF,hr4085-111
HSJU,hr40-111
HSVR,hr4592-111
SSVA,hr4592-111
HSSY,hr1145-111
SSEV,hr1145-111
HSIF,hr6564-111
HSWM,hr6564-111
HSPW,hr6564-111
HSBU,hr6564-111
HSSY,hr6564-111
HSGO,hr6564-111
HSII,hr6564-111
HSIF,hr2535-111
HSJU,hr901-111
HSWM,hr1806-111
HSED,hr4590-111
HSBA,hr2936-111
HSBA,hr4516-111
HSBA,hr4173-111
HSAG,hr4173-111
HSIF,hr4173-111
HSJU,hr4173-111
HSRU,hr4173-111
HSBU,hr4173-111
HSGO,hr4173-111
HSWM,hr4173-111
SSBK,hr4173-111
HSII,hr3697-111
HSPW,hr6299-111
HSWM,hr5931-111
HSIF,hr5931-111
HSWM,hr5174-111
HSBA,hr3606-111
HSII,hr3850-111
HSAS,hr1566-111
HSIF,hr2749-111
SSHR,hr2749-111
HSAS,hr671-111
HSII,hr4942-111
HSIF,hr4942-111
HSSY,hr4942-111
HSJU,hr1942-111
HSWM,hr5715-111
HSED,hr5715-111
HSIF,hr3138-111
HSWM,hr3138-111
HSIF,hr6147-111
HSWM,hr6147-111
HSAG,hr329-111
HSAG,hr3299-111
HSWM,hr3299-111
HSVR,hr784-111
HSHA,hr1826-111
HSIF,hr1826-111
HSWM,hr1826-111
HSIF,hr758-111
SSHR,hr758-111
HSED,hr3398-111
HSAS,hr270-111
HSWM,hr2905-111
HSWM,hr2706-111
HSWM,hr2631-111
HSII,hr2631-111
HSBA,hr2631-111
HSGO,hr4983-111
HSRU,hr4983-111
HSHA,hr4983-111
HSJU,hr4983-111
HSSO,hr4983-111
HSIF,hr756-111
SSHR,hr756-111
HSIF,hr5177-111
HSIF,hr1866-111
HSJU,hr1866-111
HSWM,hr4763-111
HSWM,hr2939-111
HSIF,hr2939-111
HSSM,hr2747-111
HSSY,hr2747-111
HSSM,hr3729-111
HSIF,hr661-111
HSJU,hr1343-111
HSWM,hr224-111
HSJU,hr2600-111
HSIF,hr2840-111
HSWM,hr5215-111
HSWM,hr5602-111
HSWM,hr301-111
HSAS,hr775-111
HSIF,hr5961-111
HSJU,hr1001-111
HSWM,hr1368-111
HSIF,hr1778-111
HSBA,hr1778-111
HSIF,hr3228-111
HSVR,hr5953-111
SSVA,hr5953-111
HSJU,hr3567-111
HSII,hr1694-111
SSEG,hr1694-111
HSIF,hr5309-111
HSBA,hr4375-111
HSBA,hr3464-111
HSIF,hr4813-111
HSJU,hr4813-111
HSGO,hr4813-111
HSWM,hr4813-111
HSED,hr4813-111
HSIF,hr3312-111
HSED,hr3312-111
HSWM,hr3312-111
HSJU,hr3312-111
HSAG,hr3312-111
HSVR,hr785-111
HSJU,hr59-111
HSJU,hr97-111
HSHA,hr1679-111
HSSO,hr1679-111
SSGA,hr1679-111
HSVR,hr1098-111
HSAS,hr1098-111
HSIF,hr855-111
HSVR,hr4505-111
SSVA,hr4505-111
HSGO,hr3264-111
HSWM,hr460-111
HSED,hr4354-111
HSJU,hr1448-111
HSHM,hr1448-111
HSFA,hr1448-111
HSAS,hr5233-111
HSWM,hr3985-111
HSWM,hr3316-111
HSWM,hr147-111
HSVR,hr147-111
HSED,hr3295-111
HSIF,hr1715-111
HSIF,hr5527-111
HSWM,hr5527-111
HSIF,hr186-111
HSWM,hr186-111
HSBA,hr857-111
HSWM,hr4191-111
HSRU,hr4191-111
HSBU,hr4191-111
HSGO,hr885-111
SSGA,hr885-111
HSBA,hr3421-111
SSBK,hr3421-111
HSIF,hr2049-111
HSWM,hr2049-111
HSHM,hr559-111
SSCM,hr559-111
HSED,hr6248-111
HSSY,hr6248-111
HSII,hr5661-111
HSII,hr5101-111
HSPW,hr5101-111
HSAG,hr5101-111
HSSY,hr2407-111
HSBA,hr4059-111
HSIF,hr4059-111
HSIF,hr6383-111
HSBA,hr2893-111
HSWM,hr3406-111
HSII,hr4137-111
HSIF,hr1188-111
HSWM,hr1188-111
HSWM,hr3660-111
HSGO,hr6262-111
HSAS,hr6262-111
HSIF,hr3458-111
HSBA,hr1406-111
HSBA,hr6133-111
HSIF,hr4039-111
HSJU,hr4039-111
HSBA,hr5816-111
HSAS,hr5225-111
HSVR,hr5225-111
HSPW,hr4104-111
HSED,hr6274-111
HSPW,hr5301-111
HSIF,hr5636-111
HSED,hr5176-111
HSED,hr3078-111
HSED,hr1229-111
HSJU,hr1229-111
HSIF,hr847-111
HSJU,hr847-111
HSWM,hr1586-111
HSJU,hr3402-111
HSWM,hr2801-111
HSBA,hr1731-111
HSWM,hr502-111
HSWM,hr3260-111
HSWM,hr2866-111
HSII,hr4395-111
SSEG,hr4395-111
HSFA,hr3070-111
HSJU,hr3969-111
HSBA,hr3969-111
HLIG,hr3969-111
HSII,hr1925-111
HSIF,hr5461-111
HSWM,hr5461-111
HSWM,hr4561-111
HSPW,hr3619-111
HSHM,hr3619-111
HSWM,hr4412-111
HSSM,hr4412-111
HSJU,hr2397-111
HSIF,hr695-111
HSJU,hr122-111
HSWM,hr122-111
HSHM,hr122-111
HSED,hr2322-111
HSED,hr4920-111
HSWM,hr4920-111
HSII,hr4920-111
HSGO,hr4920-111
HSFA,hr1146-111
HSIF,hr859-111
HSWM,hr859-111
HSWM,hr2974-111
HSWM,hr4826-111
HSBA,hr4826-111
HSIF,hr3413-111
HSFA,hr334-111
HSBA,hr1160-111
HSVR,hr5315-111
HSWM,hr1833-111
HSJU,hr137-111
HSWM,hr137-111
HSED,hr137-111
HSHM,hr137-111
HSSY,hr1709-111
HSED,hr1709-111
SSCM,hr1709-111
HSFA,hr1605-111
HSWM,hr1311-111
HSIF,hr722-111
HSGO,hr1454-111
HSII,hr1454-111
SSGA,hr1454-111
HSBU,hr3964-111
HSRU,hr3964-111
HSAP,hr3964-111
HSGO,hr3964-111
HSWM,hr3964-111
HSWM,hr882-111
HSPW,hr4370-111
HSHM,hr1668-111
HSGO,hr1668-111
HSIF,hr2129-111
HSED,hr2129-111
HSWM,hr3490-111
HSII,hr5358-111
HSJU,hr6243-111
HSII,hr223-111
HSED,hr1492-111
HSAS,hr3036-111
HSHA,hr3036-111
HSJU,hr78-111
HSPW,hr2163-111
HSGO,hr22-111
SSGA,hr22-111
HSVR,hr2379-111
HSGO,hr2415-111
HSIF,hr805-111
HSGO,hr4832-111
HSIF,hr1200-111
HSWM,hr1200-111
HSGO,hr1200-111
HSAS,hr1200-111
HSWM,hr1594-111
HSIF,hr1257-111
HSJU,hr2308-111
HSJU,hr970-111
HSWM,hr3779-111
HSAP,hr3779-111
HSBA,hr1640-111
HSHA,hr1299-111
SSRA,hr1299-111
HSHM,hr1299-111
HSWM,hr3938-111
HSWM,hr2719-111
HSED,hr242-111
HSJU,hr138-111
HSED,hr138-111
HSHM,hr138-111
HSPW,hr5897-111
HSBA,hr5897-111
HSGO,hr216-111
HSAS,hr216-111
HSBA,hr4300-111
HSRU,hr4300-111
HSIF,hr5582-111
HSPW,hr5582-111
HSBA,hr5582-111
HSIF,hr4140-111
HSWM,hr4140-111
HSED,hr4140-111
HSGO,hr4140-111
HSIF,hr2777-111
HSWM,hr2777-111
HSII,hr6043-111
HSFA,hr6043-111
HSVR,hr1197-111
HSAS,hr484-111
HSVR,hr2342-111
HSBA,hr3068-111
HSAG,hr1226-111
HSWM,hr528-111
HSAG,hr940-111
SSAF,hr940-111
HSJU,hr4515-111
HSJU,hr103-111
HSWM,hr4391-111
HSJU,hr5264-111
HSPW,hr4643-111
HSIF,hr2731-111
HSED,hr2731-111
HSII,hr5267-111
HSWM,hr4374-111
HSBA,hr3204-111
HSJU,hr1024-111
HSJU,hr6245-111
HSBA,hr421-111
HSIF,hr1938-111
HSWM,hr1938-111
HSED,hr1938-111
HSIF,hr2369-111
HSPW,hr1901-111
HSWM,hr3306-111
HSFA,hr1734-111
HSJU,hr1110-111
SSJU,hr1110-111
HSGO,hr6368-111
HSWM,hr2619-111
HSSY,hr4998-111
HSBU,hr3772-111
HSAS,hr1227-111
HSWM,hr1792-111
HSED,hr1792-111
HSIF,hr5290-111
HSWM,hr5290-111
HSHA,hr4583-111
HSIF,hr116-111
HSVR,hr4319-111
HSPW,hr6182-111
HSIF,hr3003-111
HSIF,hr2366-111
HSED,hr2366-111
HSWM,hr2366-111
HSIF,hr2805-111
HSED,hr5929-111
HSWM,hr4143-111
HSII,hr601-111
SSEG,hr601-111
HSWM,hr2343-111
HSVR,hr3103-111
HSAS,hr633-111
HSVR,hr5630-111
SSVA,hr5630-111
HSBA,hr5754-111
HSWM,hr594-111
HSWM,hr891-111
HSGO,hr891-111
HSIF,hr6109-111
HSWM,hr1837-111
HSWM,hr1596-111
HSBA,hr3330-111
SSBK,hr3330-111
HSII,hr2316-111
HSBA,hr5072-111
SSBK,hr5072-111
HSGO,hr2853-111
SSGA,hr2853-111
HSED,hr2981-111
HSHA,hr2981-111
HSGO,hr2981-111
HSJU,hr2981-111
HSIF,hr592-111
HSFA,hr1976-111
HSJU,hr2048-111
HSBA,hr2796-111
HSWM,hr3354-111
HSGO,hr2875-111
HSAS,hr2875-111
HSIF,hr747-111
SSCM,hr3618-111
HSHM,hr3618-111
HSVR,hr5996-111
HSWM,hr507-111
HSWM,hr2739-111
HSED,hr2403-111
HSJU,hr19-111
HSED,hr19-111
HSHM,hr19-111
HSVR,hr2874-111
HSED,hr2874-111
HSFA,hr1531-111
HSWM,hr1531-111
HSJU,hr1531-111
HSAG,hr1531-111
HSBA,hr1531-111
HSGO,hr5103-111
HSII,hr5103-111
HSPW,hr5103-111
HSWM,hr4806-111
HSSM,hr2197-111
HSWM,hr2786-111
HSSY,hr1962-111
HSIF,hr4138-111
HSWM,hr4138-111
HSJU,hr4138-111
HSPW,hr6119-111
HSIF,hr6119-111
HSVR,hr3787-111
SSVA,hr3787-111
HSIF,hr4313-111
HSWM,hr4313-111
HSED,hr2755-111
HSII,hr2029-111
HSBA,hr682-111
HSHA,hr682-111
HSJU,hr682-111
HSAG,hr682-111
HSSO,hr682-111
HSWM,hr1194-111
HSFA,hr6240-111
HSWM,hr6240-111
HSWM,hr3919-111
HSSM,hr3919-111
HSIF,hr629-111
HSWM,hr629-111
HSED,hr629-111
HSSY,hr629-111
HSWM,hr5279-111
HSJU,hr2934-111
HSBA,hr3599-111
HSWM,hr692-111
HSSY,hr5074-111
HSFA,hr2214-111
HSWM,hr998-111
HSVR,hr2928-111
HSSM,hr3363-111
HSPW,hr2707-111
HSWM,hr2707-111
HSIF,hr875-111
HSAG,hr875-111
HSSY,hr5163-111
HSWM,hr4183-111
HSJU,hr628-111
SSJU,hr628-111
HSED,hr6361-111
HSJU,hr2450-111
HSIF,hr1027-111
HSPW,hr2865-111
HSIF,hr5546-111
HSWM,hr5546-111
HSJU,hr359-111
HSWM,hr3641-111
HSIF,hr5777-111
HSBU,hr1557-111
HSRU,hr1557-111
HSWM,hr6192-111
HSWM,hr2779-111
HSGO,hr4399-111
HSIF,hr4399-111
HSPW,hr4399-111
HSSY,hr4399-111
HSHA,hr2056-111
HSIF,hr2056-111
HSWM,hr2056-111
HSGO,hr2056-111
HSIF,hr6252-111
HSII,hr1080-111
SSCM,hr1080-111
HSII,hr39-111
HSHA,hr899-111
HSWM,hr2725-111
HSWM,hr4310-111
HSPW,hr79-111
HSWM,hr1944-111
HSED,hr1325-111
HSIF,hr4956-111
HSII,hr3511-111
HSGO,hr2646-111
HSBA,hr2646-111
SSGA,hr2646-111
HSGO,hr1360-111
HSWM,hr3931-111
HSHA,hr2038-111
HSSY,hr513-111
HSWM,hr1678-111
HSGO,hr3492-111
HSWM,hr2501-111
HSIF,hr2501-111
HSBA,hr6073-111
HSIF,hr1362-111
SSHR,hr1362-111
HSBA,hr514-111
HSHM,hr5057-111
HSIF,hr5057-111
HSAG,hr5057-111
HSGO,hr5057-111
HSPW,hr5057-111
HSFA,hr5057-111
HLIG,hr5057-111
HSAS,hr5057-111
HSHM,hr5498-111
HSIF,hr5498-111
HSAG,hr5498-111
HSPW,hr5498-111
HSFA,hr5498-111
HLIG,hr5498-111
HSIF,hr3152-111
HSWM,hr3152-111
HSII,hr408-111
HSVR,hr6127-111
HSHM,hr5346-111
HSPW,hr5346-111
HSWM,hr2292-111
HSED,hr2292-111
HSIF,hr2292-111
HSWM,hr668-111
HSWM,hr6165-111
HSIF,hr463-111
HSWM,hr463-111
HSED,hr463-111
HSWM,hr106-111
HSAS,hr1537-111
HSVR,hr3407-111
HSBA,hr3904-111
HSIF,hr1841-111
HSII,hr1841-111
HSSY,hr1841-111
HSAG,hr1841-111
HSIF,hr930-111
HSJU,hr2661-111
SSJU,hr2661-111
HSWM,hr3136-111
HSIF,hr3136-111
HSVR,hr3337-111
HSED,hr523-111
HSIF,hr523-111
HSGO,hr5548-111
HLIG,hr5548-111
HSJU,hr5548-111
HSAS,hr5548-111
HSHM,hr5548-111
HSED,hr5548-111
HSJU,hr191-111
HSJU,hr191-111
HSII,hr4521-111
HSIF,hr5692-111
HSAS,hr816-111
HSPW,hr5411-111
HSBA,hr5411-111
HSWM,hr3841-111
HSWM,hr3786-111
HSGO,hr5746-111
HSWM,hr4013-111
HSED,hr2089-111
HSSY,hr292-111
HSVR,hr292-111
HSWM,hr3043-111
HSIF,hr3043-111
HSGO,hr5179-111
HSII,hr3750-111
HSBA,hr3351-111
HSBA,hr527-111
HSHA,hr5957-111
HSRU,hr5957-111
HSPW,hr1747-111
SSCM,hr1747-111
HSIF,hr3889-111
HSED,hr3889-111
HSWM,hr3889-111
HSBA,hr1675-111
SSBK,hr1675-111
HSWM,hr746-111
HSVR,hr746-111
HSED,hr4286-111
HSED,hr1026-111
HSAS,hr1026-111
HSJU,hr1923-111
HSWM,hr1923-111
HSIF,hr1481-111
HSII,hr699-111
HSIF,hr4678-111
HSWM,hr4678-111
HSAG,hr4678-111
HSBA,hr1243-111
SSBK,hr1243-111
HSWM,hr4693-111
HSWM,hr1245-111
HSII,hr3381-111
HSIF,hr6331-111
HSII,hr3061-111
HSVR,hr5120-111
HSED,hr5120-111
HSSM,hr5120-111
HSIF,hr5120-111
HSAS,hr5120-111
HSPW,hr6207-111
HSFA,hr332-111
HSIF,hr3220-111
HSWM,hr3220-111
HSFA,hr1886-111
HSRU,hr1886-111
HSAS,hr1886-111
HSWM,hr3115-111
HSWM,hr5183-111
HSWM,hr5160-111
HSII,hr718-111
HSJU,hr718-111
HSWM,hr2927-111
HSIF,hr3092-111
HSED,hr3930-111
HSIF,hr3930-111
HSWM,hr3930-111
HSAS,hr5195-111
HSWM,hr1087-111
HSIF,hr1087-111
HSHA,hr4527-111
HSPW,hr3058-111
HSJU,hr5649-111
HSBA,hr5970-111
HSWM,hr1547-111
HSAG,hr4177-111
HSAP,hr4177-111
HSFA,hr1206-111
HSWM,hr1206-111
HSBA,hr1206-111
HSGO,hr1206-111
HSJU,hr1206-111
HSHM,hr1206-111
HSII,hr2453-111
HSFA,hr4026-111
HSHM,hr4026-111
HSIF,hr4829-111
HSBA,hr3436-111
HSGO,hr3436-111
HSJU,hr3436-111
HSWM,hr4243-111
HSFA,hr4647-111
HSBA,hr4647-111
HSWM,hr4647-111
HSJU,hr4647-111
HSII,hr5626-111
HSIF,hr5626-111
HSVR,hr4045-111
HSFA,hr4596-111
HSJU,hr4596-111
HSHA,hr512-111
SSRA,hr512-111
HSII,hr482-111
HSIF,hr2135-111
HSII,hr326-111
SLIA,hr326-111
HSED,hr4607-111
HSVR,hr5641-111
HSPW,hr1167-111
HSII,hr4514-111
SSEG,hr4514-111
HSIF,hr605-111
HSWM,hr605-111
HSED,hr605-111
HSAG,hr605-111
HSII,hr3364-111
HSBA,hr932-111
HSWM,hr2244-111
HSIF,hr3646-111
HSPW,hr6184-111
HSII,hr762-111
SSEG,hr762-111
HSAS,hr3839-111
HSBA,hr787-111
HSWM,hr2399-111
HSIF,hr2399-111
HSBA,hr5680-111
HSJU,hr3531-111
HSWM,hr3531-111
HSBA,hr3639-111
SSBK,hr3639-111
HSII,hr2889-111
HSED,hr4148-111
HSIF,hr4148-111
HSJU,hr1947-111
HSJU,hr6085-111
HSJU,hr2679-111
HSED,hr2679-111
HSWM,hr2679-111
HSJU,hr128-111
HSJU,hr3040-111
HSIF,hr3040-111
SSJU,hr3040-111
HSII,hr5666-111
HSPW,hr4372-111
HSED,hr948-111
HSWM,hr4242-111
HSSY,hr2148-111
HSIF,hr2148-111
HSWM,hr2148-111
HSWM,hr4764-111
HSJU,hr486-111
HSJU,hr486-111
HSBA,hr476-111
HSVR,hr3561-111
HSAS,hr3561-111
HSII,hr4996-111
HSIF,hr3700-111
HSWM,hr2168-111
HSFA,hr5501-111
HSBA,hr1209-111
SSBK,hr1209-111
HSFA,hr1623-111
HSJU,hr1623-111
HSSY,hr5716-111
HSII,hr5716-111
HSIF,hr3090-111
HSWM,hr3090-111
HSED,hr3090-111
HSJU,hr3090-111
HSII,hr3090-111
HSAS,hr3090-111
HSVR,hr3090-111
HSAG,hr3090-111
HSWM,hr5995-111
HSJU,hr34-111
HSVR,hr1377-111
SSVA,hr1377-111
HSBA,hr3897-111
HSWM,hr3383-111
HSHM,hr5221-111
HSPW,hr5221-111
HSIF,hr3636-111
HSED,hr178-111
HSFA,hr490-111
HSBA,hr3044-111
HSII,hr715-111
HSWM,hr2023-111
HSIF,hr3675-111
HSWM,hr3675-111
HSWM,hr3497-111
HSFA,hr1202-111
HSIF,hr2107-111
HSED,hr2107-111
HSIF,hr6389-111
HSAS,hr6389-111
HSVR,hr6389-111
SSEV,hr1580-111
HSWM,hr2560-111
HSIF,hr2560-111
HSBU,hr5323-111
HSPW,hr3355-111
HSPW,hr6247-111
HSWM,hr2277-111
HSIF,hr2800-111
HSIF,hr185-111
HSAG,hr185-111
HSIF,hr1079-111
HSJU,hr4627-111
HSSY,hr469-111
SSEG,hr469-111
HSFA,hr2103-111
HSIF,hr5740-111
HSED,hr4830-111
HSWM,hr159-111
HSED,hr5055-111
HSFA,hr4980-111
HSAS,hr4947-111
HSWM,hr656-111
HSII,hr3999-111
HSAS,hr1872-111
HSBA,hr4690-111
HSPW,hr4690-111
HSIF,hr4690-111
HSPW,hr3607-111
HSWM,hr3607-111
HSIF,hr1426-111
HSIF,hr1745-111
SSHR,hr1745-111
HSIF,hr1346-111
HSPW,hr1606-111
HSIF,hr1606-111
HSII,hr2210-111
HSBA,hr4884-111
HSWM,hr4884-111
HSHM,hr6472-111
HSSM,hr4818-111
HSII,hr5436-111
HSIF,hr5044-111
HSWM,hr5044-111
HSBA,hr2995-111
HSFA,hr485-111
HSWM,hr485-111
HSJU,hr485-111
HSWM,hr4746-111
HSPW,hr4029-111
HSVR,hr3885-111
SSVA,hr3885-111
HSIF,hr2165-111
HSWM,hr2748-111
HSAG,hr1869-111
HSWM,hr4599-111
HSBA,hr5409-111
HSVR,hr1335-111
HSIF,hr2925-111
HSWM,hr452-111
HSWM,hr5962-111
HSWM,hr5771-111
HSII,hr279-111
HSWM,hr1502-111
HSWM,hr1068-111
HSVR,hr5484-111
HSIF,hr3745-111
HSED,hr4065-111
HSAS,hr241-111
HSED,hr4402-111
HSBA,hr4254-111
HSWM,hr690-111
HSED,hr330-111
HSPW,hr2497-111
HSWM,hr6312-111
HSWM,hr3773-111
HSIF,hr1847-111
HSPW,hr2010-111
HSED,hr5460-111
HSIF,hr4753-111
HSIF,hr4795-111
HSBA,hr6334-111
HSIF,hr6144-111
HSPW,hr6144-111
HSJU,hr4212-111
HSED,hr6172-111
HSSY,hr4907-111
HSED,hr3249-111
HSWM,hr3249-111
HSVR,hr6123-111
HSFA,hr4952-111
HSVR,hr2180-111
HSBU,hr3148-111
HSPW,hr753-111
HSJU,hr2305-111
HSIF,hr444-111
HSWM,hr5328-111
HSBA,hr709-111
HSWM,hr4373-111
HSIF,hr4373-111
HSJU,hr1204-111
HSGO,hr1266-111
HSHM,hr2611-111
SSGA,hr2611-111
HSWM,hr1776-111
HSSY,hr5866-111
SSEG,hr5866-111
HSED,hr3928-111
HSIF,hr6012-111
SSHR,hr6012-111
HSJU,hr1868-111
HSWM,hr2329-111
HSED,hr4268-111
HSWM,hr3746-111
HSED,hr1723-111
HSGO,hr1723-111
HSWM,hr1723-111
HSIF,hr2372-111
HSII,hr4369-111
HSII,hr1574-111
HSWM,hr3580-111
HSJU,hr3580-111
HSED,hr3580-111
HSVR,hr1982-111
HSIF,hr1225-111
HSAG,hr1225-111
HSJU,hr1225-111
HSHM,hr1225-111
HSVR,hr2698-111
HSBA,hr2743-111
HSIF,hr609-111
HSAG,hr4545-111
HSIF,hr4545-111
HSBA,hr320-111
SSBK,hr320-111
HSII,hr4285-111
HSJU,hr5751-111
SSJU,hr5751-111
HSPW,hr2901-111
HSAS,hr2901-111
HSIF,hr2901-111
HSPW,hr1941-111
HSAS,hr3345-111
HSGO,hr3345-111
HSWM,hr589-111
HSAS,hr6310-111
HSPW,hr5356-111
HSWM,hr674-111
HSJU,hr1748-111
HSGO,hr1748-111
HSBA,hr1748-111
HSII,hr5223-111
HSIF,hr5861-111
HSWM,hr5861-111
HSED,hr5894-111
HSIF,hr3098-111
HSJU,hr5231-111
HSIF,hr5231-111
HSIF,hr1706-111
HSJU,hr1706-111
HSWM,hr2208-111
HSED,hr1685-111
HSWM,hr3050-111
HSIF,hr2784-111
HSPW,hr693-111
HSIF,hr5786-111
HSED,hr5786-111
HSJU,hr1540-111
HSIF,hr400-111
HSWM,hr5178-111
HSFA,hr3328-111
HSJU,hr149-111
HSBA,hr991-111
HSBA,hr5032-111
HSBA,hr4687-111
HSWM,hr4687-111
HSWM,hr3486-111
HSAS,hr4477-111
HSJU,hr4091-111
HSGO,hr4091-111
HSIF,hr2891-111
HSWM,hr5030-111
HSII,hr4716-111
HSPW,hr3617-111
HSWM,hr3617-111
HSII,hr3617-111
HSSY,hr3617-111
HSJU,hr6431-111
HSBA,hr4684-111
HSWM,hr2655-111
HSED,hr2381-111
HSIF,hr2381-111
HSWM,hr2381-111
HSIF,hr1922-111
HSIF,hr4944-111
HSBU,hr4944-111
HSGO,hr4944-111
HSWM,hr4944-111
HSED,hr4944-111
HSJU,hr4944-111
HSII,hr4944-111
HSRU,hr4944-111
HSHA,hr4944-111
HSAP,hr4944-111
HSWM,hr4779-111
HSWM,hr4877-111
HSBA,hr4877-111
HSIF,hr2175-111
HSWM,hr2964-111
HSWM,hr5767-111
HSIF,hr1661-111
HSIF,hr877-111
HSWM,hr5207-111
HSSM,hr5207-111
HSGO,hr4625-111
HSRU,hr4625-111
HSVR,hr4810-111
SSVA,hr4810-111
HSSY,hr3029-111
SSEG,hr3029-111
HSII,hr1044-111
HSAS,hr1044-111
SSAS,hr1044-111
HSIF,hr3065-111
HSGO,hr5919-111
HSED,hr3321-111
HSWM,hr341-111
HSSY,hr5614-111
HSIF,hr3242-111
HSJU,hr3845-111
HLIG,hr3845-111
HSBA,hr3845-111
HSII,hr44-111
SSEG,hr44-111
SSJU,hr44-111
HSIF,hr2150-111
HSFA,hr1737-111
HSJU,hr1737-111
HSBA,hr1737-111
HSAG,hr1737-111
HSPW,hr5097-111
HSII,hr2192-111
HSAG,hr2192-111
HSSY,hr2192-111
HSBA,hr5814-111
HSPW,hr595-111
HSHM,hr595-111
HSAS,hr595-111
HSWM,hr5465-111
HSIF,hr804-111
HSIF,hr2409-111
HSII,hr310-111
SSAF,hr310-111
HSBA,hr5823-111
HSVR,hr1428-111
HSWM,hr424-111
HSED,hr2078-111
HSIF,hr2751-111
HSWM,hr2751-111
HSAG,hr3166-111
HSJU,hr6104-111
HSGO,hr2142-111
SSGA,hr2142-111
HSPW,hr5088-111
HSED,hr2060-111
HSFA,hr1062-111
HSHM,hr4893-111
HSJU,hr4893-111
HSWM,hr3035-111
HSPW,hr6120-111
HSBA,hr6120-111
HSED,hr4535-111
HSGO,hr4535-111
HSIF,hr4535-111
HSJU,hr4535-111
HSIF,hr2212-111
HSSY,hr2212-111
HSIF,hr4708-111
HSWM,hr1542-111
HSIF,hr1680-111
HSJU,hr5281-111
SSJU,hr5281-111
HSWM,hr1101-111
HSIF,hr1101-111
HSWM,hr464-111
HSRU,hr464-111
HSJU,hr136-111
HSED,hr136-111
HSED,hr5096-111
HSWM,hr508-111
HSIF,hr508-111
HSED,hr2205-111
HSAS,hr2205-111
HSJU,hr2695-111
HSIF,hr3663-111
HSWM,hr3663-111
HSIF,hr2716-111
HSWM,hr2716-111
HSBA,hr3140-111
HSIF,hr3140-111
HSAP,hr3140-111
HSWM,hr3140-111
HSPW,hr3140-111
HSVR,hr3140-111
HSBA,hr2660-111
HSIF,hr6376-111
HSWM,hr6376-111
HSAS,hr3699-111
HSIF,hr1326-111
HSPW,hr5112-111
HSFA,hr2005-111
HSJU,hr3290-111
HSBA,hr4142-111
HSED,hr997-111
HSJU,hr997-111
HSJU,hr1064-111
HSED,hr1064-111
HSIF,hr1064-111
HSBA,hr1064-111
HSPW,hr5010-111
HSSM,hr5010-111
HSIF,hr3680-111
HSBA,hr768-111
HSWM,hr768-111
HSBA,hr6219-111
HSFA,hr1969-111
HSWM,hr1969-111
HSWM,hr2293-111
HSED,hr2740-111
HSIF,hr745-111
HSIF,hr3395-111
HSBA,hr3179-111
SSBK,hr3179-111
HSWM,hr4539-111
HSIF,hr1859-111
HSWM,hr4075-111
HSGO,hr1892-111
HSSM,hr4938-111
HSED,hr5855-111
HSPW,hr5855-111
HSBA,hr5855-111
HSWM,hr451-111
HSFA,hr1790-111
HSIF,hr1790-111
HSIF,hr5442-111
HSGO,hr5442-111
HSSY,hr5442-111
HSWM,hr5442-111
HSPW,hr5442-111
HSII,hr3709-111
HSPW,hr5053-111
HSIF,hr5926-111
HSWM,hr5926-111
HSBA,hr2108-111
HSVR,hr1211-111
SSVA,hr1211-111
HSGO,hr3174-111
HSBA,hr3174-111
HSIF,hr5440-111
HSJU,hr2822-111
HSIF,hr391-111
HSJU,hr539-111
HSWM,hr2979-111
HSED,hr2979-111
HSIF,hr2979-111
HSAG,hr2979-111
HSVR,hr3219-111
SSVA,hr3219-111
HSVR,hr293-111
HSWM,hr3898-111
HSPW,hr1799-111
HSWM,hr1799-111
HSWM,hr3460-111
HSIF,hr3460-111
HSIF,hr3400-111
HSWM,hr3400-111
HSED,hr3400-111
HSGO,hr3400-111
HSJU,hr3400-111
HSRU,hr3400-111
HSBU,hr3400-111
HSAP,hr3400-111
HSIF,hr734-111
HSWM,hr3801-111
HSIF,hr864-111
HSPW,hr864-111
HSBA,hr5650-111
HSJU,hr1303-111
HSWM,hr1768-111
HSAG,hr6418-111
HSII,hr689-111
SSEG,hr689-111
HSJU,hr1020-111
HSWM,hr2982-111
HSBA,hr607-111
HSBA,hr5872-111
SSBK,hr5872-111
HSVR,hr1163-111
HSWM,hr1163-111
HSHA,hr1739-111
HSGO,hr1739-111
HSFA,hr1739-111
HSED,hr2460-111
HSGO,hr2460-111
HSHA,hr2460-111
HSWM,hr6159-111
HSED,hr2313-111
HSII,hr1811-111
HSIF,hr2951-111
HSWM,hr2951-111
HSED,hr5316-111
HSJU,hr1412-111
HSIF,hr2680-111
HSHA,hr2791-111
HSWM,hr198-111
HSAP,hr3170-111
HSJU,hr4954-111
HSED,hr933-111
HSBA,hr5559-111
HSWM,hr3443-111
HSIF,hr5026-111
SSEG,hr5026-111
HSWM,hr1389-111
HSWM,hr2186-111
HSAS,hr3926-111
HSVR,hr3926-111
HSED,hr2564-111
HSIF,hr1236-111
HSWM,hr1236-111
HSAS,hr1818-111
HSAS,hr208-111
HSIF,hr4767-111
HSII,hr5508-111
HSBA,hr6162-111
SSBK,hr6162-111
HSIF,hr1137-111
HSWM,hr1137-111
HSED,hr5851-111
HSJU,hr2296-111
HSWM,hr2296-111
HSII,hr146-111
HSIF,hr3418-111
HSWM,hr3418-111
HSIF,hr3911-111
HSED,hr3911-111
HSVR,hr3073-111
HSED,hr5467-111
HSPW,hr5629-111
HSJU,hr5629-111
HSII,hr5629-111
HSHM,hr5629-111
HSVR,hr5385-111
HSED,hr3094-111
HSBA,hr4229-111
HSJU,hr6497-111
HSAS,hr6497-111
HSWM,hr6497-111
HSED,hr6497-111
HSWM,hr5420-111
HSIF,hr1693-111
HSWM,hr1693-111
HSBA,hr1664-111
HSWM,hr4147-111
HSAS,hr972-111
HSSM,hr3740-111
HSIF,hr5209-111
HSED,hr5209-111
HSWM,hr5209-111
HSAG,hr5209-111
HSPW,hr5209-111
HSII,hr5209-111
HSBU,hr311-111
HSRU,hr311-111
HSGO,hr311-111
HSIF,hr4756-111
HSIF,hr3074-111
HSWM,hr3074-111
HSED,hr5663-111
HSJU,hr5663-111
HSBA,hr2861-111
HSBA,hr3146-111
SSBK,hr3146-111
HSBA,hr2483-111
HSWM,hr2367-111
HSVR,hr5428-111
HSHA,hr4720-111
HSGO,hr4720-111
HSII,hr407-111
HSWM,hr1458-111
HSIF,hr1458-111
HSED,hr1458-111
HSII,hr4401-111
HSIF,hr2015-111
HSIF,hr1616-111
HSJU,hr1074-111
HSVR,hr2980-111
HSGO,hr4951-111
HSHA,hr4951-111
HSIF,hr4951-111
HSWM,hr55-111
HSIF,hr1884-111
HSSY,hr2627-111
HSPW,hr2627-111
HSJU,hr448-111
SSJU,hr448-111
HSAS,hr2912-111
HSII,hr192-111
HSGO,hr485-111
HSBA,hr485-111
HSII,hr714-111
SSEG,hr714-111
HSBA,hr1270-111
HSWM,hr5168-111
HSBA,hr111-111
HSBA,hr3763-111
SSBK,hr3763-111
HSBA,hr4936-111
HSAS,hr2404-111
HSED,hr6174-111
HSPW,hr4815-111
HSIF,hr4816-111
HSIF,hr1907-111
HSSM,hr3722-111
HSWM,hr1434-111
HSIF,hr2827-111
HSII,hr980-111
HSWM,hr3673-111
HSIF,hr681-111
HSWM,hr4964-111
HSED,hr5027-111
HSWM,hr3357-111
HSJU,hr4115-111
HSBA,hr5127-111
HSWM,hr2140-111
HSFA,hr2134-111
HSJU,hr2134-111
HSIF,hr2134-111
SSFR,hr2134-111
HSJU,hr4950-111
HSPW,hr2337-111
HSBA,hr3269-111
SSBK,hr3269-111
HSIF,hr2860-111
HSWM,hr2860-111
HSGO,hr673-111
HSBA,hr2676-111
HSWM,hr3586-111
HSED,hr3586-111
HSWM,hr6354-111
HSIF,hr821-111
HSFA,hr4594-111
HSAS,hr4594-111
HSIF,hr2413-111
HSED,hr2413-111
HSGO,hr2413-111
HSAS,hr2413-111
HSWM,hr1449-111
HSWM,hr5314-111
HSIF,hr2835-111
HSPW,hr5635-111
HSIF,hr3924-111
HSWM,hr2500-111
HSIF,hr464-111
HSJU,hr2449-111
HSIF,hr5761-111
HSHA,hr4522-111
HSIF,hr3261-111
HSBA,hr4632-111
HSIF,hr3361-111
HSWM,hr3361-111
HSWM,hr5793-111
HSVR,hr3906-111
HSBA,hr5361-111
HSWM,hr2203-111
HSJU,hr1467-111
HLIG,hr1467-111
HSHM,hr1467-111
HSIF,hr914-111
HSVR,hr3467-111
HSWM,hr4462-111
HSGO,hr2682-111
HSPW,hr6291-111
HSWM,hr6291-111
HSRU,hr6291-111
HSJU,hr1374-111
HSJU,hr2789-111
HSED,hr4196-111
HSWM,hr2230-111
HSIF,hr5354-111
SSHR,hr5354-111
HSWM,hr235-111
HSWM,hr101-111
HSWM,hr3971-111
HSII,hr4060-111
HSJU,hr1924-111
HSII,hr1924-111
HSIF,hr1924-111
HSED,hr1924-111
HSBA,hr3712-111
HSJU,hr3581-111
HSIF,hr1084-111
SSCM,hr1084-111
HSII,hr2523-111
HSIF,hr2357-111
HSJU,hr3687-111
HSJU,hr1086-111
HSIF,hr1086-111
HSPW,hr1396-111
HSIF,hr1396-111
HSWM,hr1396-111
HSSM,hr1396-111
HSWM,hr5990-111
HSAG,hr6462-111
HSWM,hr1836-111
HSII,hr5110-111
HSJU,hr1238-111
HSBA,hr3549-111
HSWM,hr6156-111
SSFI,hr6156-111
HSWM,hr3524-111
HSWM,hr2967-111
HSJU,hr6216-111
HSIF,hr776-111
HSPW,hr2591-111
HSIF,hr2957-111
HSJU,hr5645-111
HSII,hr5645-111
HSAG,hr5645-111
HSIF,hr5645-111
HSII,hr4698-111
HSPW,hr4698-111
HSFA,hr2795-111
HSAG,hr2795-111
HSRU,hr2795-111
HSAS,hr4525-111
HSBU,hr4525-111
HSVR,hr4525-111
HSII,hr5526-111
HSIF,hr4805-111
HSBA,hr4805-111
HSWM,hr2851-111
HSIF,hr1259-111
SSHR,hr1259-111
HSIF,hr4615-111
HSPW,hr5214-111
HSBA,hr1116-111
HSBA,hr2727-111
HSAG,hr2727-111
HSWM,hr2829-111
HSIF,hr2829-111
HSII,hr2288-111
HSJU,hr68-111
HSBA,hr1610-111
HSIF,hr4199-111
HSWM,hr4199-111
HSIF,hr5169-111
HSBA,hr5981-111
SSBK,hr5981-111
HSJU,hr5690-111
HSIF,hr5690-111
HSJU,hr4231-111
HSPW,hr752-111
HSHM,hr752-111
HSBA,hr403-111
HSWM,hr403-111
SSBK,hr403-111
HSJU,hr3939-111
HSIF,hr2872-111
HSWM,hr2872-111
HSIF,hr5186-111
HSHM,hr5186-111
HSED,hr1361-111
HSFA,hr708-111
HSBA,hr5297-111
HSWM,hr1935-111
HSII,hr5213-111
HSED,hr4557-111
HSED,hr3683-111
HSVR,hr23-111
SSVA,hr23-111
HSSY,hr3598-111
SSEG,hr3598-111
HSBA,hr3415-111
HSED,hr3287-111
HSHA,hr6134-111
HSGO,hr6134-111
HSJU,hr6134-111
HSJU,hr1860-111
HSIF,hr1860-111
HSIF,hr619-111
HSSY,hr4061-111
SSCM,hr4061-111
HSHM,hr4061-111
HSED,hr5090-111
HSBU,hr5090-111
HSGO,hr1345-111
SSGA,hr1345-111
HSII,hr129-111
SSEG,hr129-111
HSIF,hr1643-111
HSWM,hr1643-111
HSPW,hr3994-111
HSIF,hr3994-111
HSIF,hr2833-111
HSWM,hr4751-111
HSIF,hr2260-111
HSED,hr2260-111
HSIF,hr4572-111
HSJU,hr2932-111
HSBA,hr2932-111
HSAS,hr6045-111
HSFA,hr6045-111
HSGO,hr1436-111
HSGO,hr4466-111
HSIF,hr179-111
HSIF,hr5462-111
SSHR,hr5462-111
HSWM,hr4155-111
HSJU,hr4677-111
HSIF,hr3217-111
HSPW,hr3888-111
HSJU,hr799-111
HSII,hr4289-111
HSIF,hr4215-111
HSAG,hr4215-111
HSWM,hr1518-111
HSWM,hr1862-111
HSIF,hr1862-111
HSWM,hr4193-111
HSED,hr4193-111
HSWM,hr5396-111
HSIF,hr5187-111
HSWM,hr5187-111
HSWM,hr571-111
HSWM,hr3429-111
HSIF,hr3624-111
HSBA,hr1106-111
HSJU,hr1106-111
HSVR,hr1106-111
SSBK,hr1106-111
HSII,hr4003-111
SSEG,hr4003-111
HSIF,hr4692-111
HSBU,hr4692-111
SSCM,hr4692-111
HSPW,hr687-111
HSED,hr687-111
HSJU,hr4264-111
HSAG,hr4264-111
HSWM,hr4264-111
HSIF,hr2084-111
HSHM,hr5750-111
HSIF,hr5234-111
HSWM,hr5234-111
HSED,hr5234-111
HSWM,hr4132-111
HSJU,hr5748-111
HSIF,hr3109-111
HSWM,hr3109-111
HSVR,hr3109-111
HSED,hr3109-111
HSAS,hr3109-111
HSII,hr3109-111
HSBA,hr1487-111
HSWM,hr4015-111
HSWM,hr3389-111
HSAS,hr3389-111
HSSY,hr49-111
HSII,hr49-111
HSIF,hr49-111
HSII,hr3785-111
HSED,hr3982-111
HSGO,hr3393-111
SSGA,hr3393-111
HSIF,hr2190-111
HSWM,hr4136-111
HSII,hr5023-111
HSIF,hr1359-111
HSJU,hr1359-111
HSSY,hr5858-111
HSWM,hr3666-111
HSJU,hr1050-111
HSVR,hr5737-111
HSWM,hr5435-111
HSSY,hr5062-111
HSWM,hr852-111
HSPW,hr852-111
HSII,hr4651-111
HSAS,hr5013-111
HSGO,hr5013-111
SSAS,hr5013-111
HSWM,hr4145-111
HSWM,hr4772-111
HSJU,hr4820-111
HSIF,hr2810-111
HSPW,hr2444-111
HSFA,hr2131-111
SSFR,hr2131-111
HSAS,hr2419-111
HSED,hr2067-111
HSII,hr2499-111
SSEG,hr2499-111
HSWM,hr5021-111
HSBA,hr3550-111
HSJU,hr3550-111
HSIF,hr3631-111
HSWM,hr3631-111
SSFI,hr3631-111
HSWM,hr2921-111
HSIF,hr2921-111
HSSM,hr5412-111
HSIF,hr1011-111
HSJU,hr3808-111
SSJU,hr3808-111
HSPW,hr4165-111
HSSM,hr4598-111
HSII,hr1520-111
HSED,hr3564-111
HSBA,hr5302-111
HSPW,hr5426-111
HSHA,hr2894-111
HSSY,hr2894-111
HSWM,hr2649-111
HSWM,hr1118-111
HSIF,hr1118-111
HSIF,hr1642-111
HSWM,hr6479-111
HSGO,hr1555-111
HSII,hr1696-111
HSAS,hr6102-111
HSBA,hr2550-111
HSED,hr911-111
SSHR,hr911-111
HSPW,hr947-111
HSWM,hr947-111
HSFA,hr947-111
HSJU,hr1459-111
HSIF,hr1459-111
HSBA,hr2009-111
HSIF,hr2824-111
HSWM,hr2824-111
HSAS,hr2824-111
HSVR,hr2824-111
HSVR,hr6132-111
SSVA,hr6132-111
HSWM,hr962-111
HSED,hr729-111
SSHR,hr729-111
HSVR,hr2416-111
HSGO,hr2416-111
HSGO,hr6554-111
HSAS,hr6554-111
HSWM,hr2574-111
HSPW,hr5520-111
HSVR,hr919-111
HSGO,hr1802-111
HSRU,hr1802-111
HSSY,hr3791-111
HSHM,hr3791-111
SSGA,hr3791-111
HSIF,hr3556-111
HSWM,hr3556-111
HSBA,hr5833-111
HSII,hr1641-111
SSEG,hr1641-111
HSJU,hr6242-111
HSII,hr2362-111
HSWM,hr1891-111
HSWM,hr4389-111
HSED,hr5012-111
SSAF,hr5012-111
HSBA,hr3346-111
HSJU,hr2533-111
HSWM,hr1632-111
HSBA,hr4737-111
HSWM,hr3440-111
HSGO,hr1911-111
HSIF,hr6348-111
HSHA,hr346-111
HSGO,hr346-111
HSIF,hr3172-111
HSWM,hr3172-111
HSJU,hr1575-111
HSWM,hr2543-111
HSED,hr3017-111
HSHA,hr3017-111
HSGO,hr3017-111
HSJU,hr3017-111
HSFA,hr5121-111
HSII,hr328-111
HSJU,hr3986-111
HSJU,hr938-111
HSBA,hr1268-111
HSFA,hr2311-111
HSWM,hr1496-111
HSJU,hr2709-111
HSIF,hr4972-111
HSWM,hr4972-111
HSED,hr4972-111
HSJU,hr4972-111
HSII,hr4972-111
HSRU,hr4972-111
HSHA,hr4972-111
HSAP,hr4972-111
HSIF,hr2816-111
HSWM,hr2816-111
HSED,hr2816-111
HSGO,hr2816-111
HSBA,hr4224-111
HSIF,hr2859-111
HSED,hr2332-111
HSFA,hr2332-111
HSII,hr2062-111
SSEV,hr2062-111
HSIF,hr462-111
HSBA,hr1877-111
HSII,hr172-111
HSHM,hr6497-111
HSJU,hr5408-111
HSED,hr56-111
HSED,hr1984-111
HSBU,hr4249-111
HSRU,hr4249-111
HSWM,hr1495-111
HSFA,hr5156-111
HSIF,hr5156-111
SSCM,hr5156-111
HSED,hr2161-111
HSGO,hr2161-111
HSHA,hr2161-111
HSJU,hr5166-111
HSIF,hr465-111
HSBA,hr6098-111
HSHA,hr6116-111
HSIF,hr6116-111
HSII,hr2383-111
HSED,hr2280-111
HSIF,hr6241-111
HSED,hr1355-111
HSWM,hr3881-111
HSWM,hr3463-111
HSED,hr295-111
HSED,hr4638-111
HSII,hr2213-111
HSBA,hr3793-111
HSIF,hr3559-111
HSWM,hr3559-111
HSWM,hr2331-111
HSWM,hr4995-111
HSED,hr4995-111
HSAS,hr981-111
HSWM,hr3548-111
HSWM,hr544-111
HSII,hr2807-111
HSAG,hr2807-111
HSBA,hr2554-111
SSBK,hr2554-111
HSWM,hr3811-111
HSAS,hr2302-111
HSPW,hr1239-111
HSHM,hr1239-111
HSWM,hr3590-111
HSWM,hr4323-111
HSHM,hr5619-111
HSED,hr1322-111
HSWM,hr3901-111
HSPW,hr6524-111
HSPW,hr5418-111
HSIF,hr2520-111
HSWM,hr2520-111
HSWM,hr2959-111
HSIF,hr2959-111
HSBA,hr3066-111
HSWM,hr4940-111
HSSY,hr5505-111
HSWM,hr5505-111
HSPW,hr5686-111
HSWM,hr1279-111
HSVR,hr5768-111
HSIF,hr3470-111
SSHR,hr3470-111
HSIF,hr2754-111
HSII,hr5519-111
HSIF,hr1150-111
HSHM,hr1150-111
HSSM,hr2527-111
HSWM,hr1381-111
HSED,hr3234-111
HSIF,hr3234-111
HSVR,hr4465-111
HSII,hr5194-111
SSEG,hr5194-111
HSED,hr1855-111
HSWM,hr1855-111
HSJU,hr1855-111
SSHR,hr1855-111
HSIF,hr2195-111
HSHM,hr2195-111
HSWM,hr2145-111
HSWM,hr2524-111
HSIF,hr6283-111
HSAP,hr6283-111
HSWM,hr2398-111
HSJU,hr994-111
HSGO,hr994-111
HSED,hr994-111
HSHA,hr994-111
HSBA,hr994-111
HSHM,hr994-111
HSWM,hr994-111
HSIF,hr3052-111
HSPW,hr3052-111
HSWM,hr2072-111
HSWM,hr4529-111
HSIF,hr4529-111
HSED,hr4529-111
HSRU,hr4529-111
HSBU,hr4529-111
HSJU,hr4529-111
HSII,hr1404-111
HSAG,hr1404-111
HSBU,hr1404-111
SSEG,hr1404-111
HSSY,hr1622-111
SSEG,hr1622-111
HSWM,hr5765-111
HSWM,hr1158-111
HSII,hr5313-111
HSPW,hr5313-111
HSGO,hr2712-111
HSAS,hr2712-111
HSIF,hr3688-111
HSED,hr3688-111
HSWM,hr3688-111
HSAS,hr1809-111
HSWM,hr902-111
HSIF,hr902-111
HSED,hr389-111
HSGO,hr389-111
HSHA,hr389-111
HSIF,hr3206-111
HSIF,hr1392-111
HSWM,hr1392-111
HSPW,hr6347-111
HSWM,hr1808-111
HSJU,hr3600-111
HSIF,hr2046-111
HSIF,hr6325-111
HSAG,hr6325-111
HSII,hr556-111
SSCM,hr556-111
HSED,hr5989-111
HSGO,hr35-111
SSGA,hr35-111
HSHM,hr5684-111
HSPW,hr5684-111
HSJU,hr3327-111
HSIF,hr520-111
HSPW,hr520-111
HSWM,hr2757-111
HSIF,hr1829-111
HSWM,hr1829-111
HSWM,hr386-111
HSWM,hr4126-111
HSWM,hr2251-111
HSIF,hr2251-111
HSJU,hr18-111
HSIF,hr18-111
HSSY,hr6344-111
HSPW,hr1201-111
HSPW,hr5676-111
HSWM,hr5676-111
HSII,hr5676-111
HSJU,hr5676-111
HSIF,hr5676-111
HSSY,hr5676-111
HSJU,hr1475-111
HSVR,hr174-111
HSWM,hr174-111
SSVA,hr174-111
HSWM,hr5950-111
HSIF,hr5950-111
HSED,hr4734-111
HSVR,hr5064-111
HSBU,hr1390-111
HSRU,hr1390-111
HSWM,hr3404-111
HSPW,hr3404-111
HSGO,hr2349-111
HSJU,hr1136-111
HSVR,hr5928-111
HSSM,hr1541-111
HSBA,hr4106-111
HSWM,hr1509-111
HSED,hr4710-111
HSWM,hr2526-111
HSAP,hr2892-111
HSAS,hr2487-111
HSPW,hr1291-111
HSWM,hr971-111
HSJU,hr801-111
HSHA,hr3957-111
HSIF,hr5633-111
HSIF,hr1319-111
SSCM,hr1319-111
HSED,hr399-111
HSPW,hr1071-111
HSWM,hr1805-111
HSIF,hr2744-111
HSIF,hr163-111
HSWM,hr163-111
HSWM,hr6467-111
HSBU,hr6467-111
HSJU,hr1992-111
HSII,hr763-111
HSPW,hr6353-111
HSED,hr2732-111
HSWM,hr3367-111
HSWM,hr2105-111
HSIF,hr2804-111
HSBA,hr1327-111
SSBK,hr1327-111
HSWM,hr2378-111
SSFI,hr2378-111
HSVR,hr2474-111
HSWM,hr1789-111
HSSY,hr3177-111
HSED,hr2570-111
HSIF,hr3286-111
HSIF,hr2273-111
HSWM,hr2273-111
HSWM,hr2686-111
HSIF,hr2686-111
HSWM,hr4154-111
HSWM,hr4218-111
HSPW,hr500-111
HSII,hr500-111
HSSY,hr500-111
HSHA,hr500-111
HSSY,hr631-111
SSEV,hr631-111
HSJU,hr1127-111
HSJU,hr6223-111
HSGO,hr6223-111
HSPW,hr5438-111
HSII,hr3433-111
SSEV,hr3433-111
HSII,hr3671-111
SSEG,hr3671-111
HSED,hr5456-111
HSAG,hr5456-111
HSII,hr405-111
HSWM,hr2298-111
HSWM,hr3933-111
HSJU,hr2196-111
HSED,hr413-111
HSJU,hr4381-111
HSED,hr4381-111
HSJU,hr4011-111
HSPW,hr6008-111
HSIF,hr6008-111
SSCM,hr6008-111
HSII,hr1738-111
HSII,hr3229-111
HSIF,hr995-111
HSED,hr995-111
HSFA,hr2139-111
HSII,hr4040-111
HSFA,hr1530-111
HSWM,hr1530-111
HSIF,hr1530-111
HSJU,hr1530-111
HSBA,hr1530-111
HSGO,hr1530-111
HSAG,hr1530-111
HSWM,hr6522-111
HSIF,hr4250-111
HSSM,hr1803-111
SSSB,hr1803-111
HSIF,hr4273-111
HSWM,hr6074-111
HSIF,hr6074-111
HSVR,hr667-111
HSAS,hr667-111
HSIF,hr1921-111
HSJU,hr1921-111
HSIF,hr2353-111
HSED,hr5305-111
HSWM,hr4213-111
SSFI,hr4213-111
HSWM,hr1371-111
HSIF,hr1371-111
HSED,hr1371-111
HSGO,hr2338-111
HSWM,hr3844-111
HSJU,hr3161-111
HSHA,hr1196-111
HSIF,hr1774-111
HSBA,hr621-111
HSII,hr3307-111
HSAS,hr1308-111
HSVR,hr1308-111
HSVR,hr4073-111
HSPW,hr2144-111
HSFA,hr6532-111
HSII,hr5016-111
HSAG,hr5016-111
HSSY,hr3247-111
HSJU,hr4194-111
SSJU,hr4194-111
HSBA,hr3171-111
HSWM,hr3171-111
HSJU,hr3396-111
HSED,hr3259-111
HSHM,hr1555-111
HSJU,hr1913-111
SSJU,hr1913-111
HSBA,hr3026-111
HSBA,hr5038-111
HSBA,hr1652-111
HSJU,hr2178-111
HSIF,hr2178-111
HSPW,hr4788-111
HSIF,hr3711-111
HSBA,hr1524-111
HSIF,hr2785-111
HSWM,hr2785-111
HSPW,hr1770-111
HSJU,hr429-111
HSIF,hr916-111
HSJU,hr2675-111
HSIF,hr5424-111
HSAP,hr5424-111
HSWM,hr5424-111
HSED,hr5424-111
HSJU,hr5424-111
HSII,hr5424-111
HSHA,hr5424-111
HSRU,hr5424-111
HSJU,hr5736-111
HSHA,hr3762-111
HSHM,hr1881-111
HSGO,hr1881-111
HSAS,hr2647-111
HSIF,hr5108-111
HSGO,hr3569-111
HSWM,hr2466-111
HSJU,hr5575-111
HSWM,hr5575-111
HSIF,hr2275-111
HSSY,hr6160-111
SSEG,hr6160-111
HSWM,hr5618-111
HSBU,hr5618-111
HSED,hr599-111
HSGO,hr2182-111
HSJU,hr3173-111
HSBA,hr2532-111
HSJU,hr985-111
SSJU,hr985-111
HSIF,hr4394-111
HSFA,hr4394-111
HSWM,hr4394-111
HSIF,hr2691-111
HSPW,hr5245-111
HSAS,hr806-111
HSIF,hr1587-111
HSWM,hr5782-111
HSBA,hr5782-111
HSFA,hr5782-111
HSIF,hr677-111
HSWM,hr107-111
HSED,hr107-111
HSBU,hr107-111
HSIF,hr107-111
HSRU,hr107-111
HSJU,hr2110-111
HSED,hr1388-111
HSII,hr5009-111
HSIF,hr724-111
HSPW,hr1571-111
HSWM,hr533-111
HSWM,hr142-111
HSED,hr142-111
HSJU,hr142-111
HSHM,hr142-111
HSII,hr4001-111
HSPW,hr4001-111
HSAG,hr4001-111
HSBA,hr1893-111
HSWM,hr1552-111
HSED,hr1717-111
HSWM,hr4976-111
HSED,hr4976-111
HSAS,hr2101-111
HSPW,hr1443-111
HSHA,hr181-111
HSWM,hr4437-111
HSWM,hr1040-111
HSRU,hr1040-111
HSWM,hr6035-111
HSJU,hr126-111
HSWM,hr3536-111
HSAS,hr3121-111
HSIF,hr4894-111
HSIF,hr4922-111
HSED,hr2790-111
HSWM,hr1234-111
HSIF,hr1581-111
HSAG,hr1581-111
HSIF,hr1427-111
HSJU,hr1427-111
HSBA,hr5924-111
HSGO,hr5148-111
HSWM,hr2033-111
HSIF,hr2033-111
HSGO,hr2392-111
HSIF,hr676-111
HSWM,hr676-111
HSII,hr676-111
HSWM,hr6117-111
HSBA,hr1099-111
HSPW,hr3852-111
HSWM,hr4278-111
HSIF,hr3584-111
HSII,hr1769-111
HSAS,hr5067-111
HSIF,hr1787-111
HSVR,hr4279-111
HSAS,hr4279-111
HSGO,hr5522-111
HSJU,hr2787-111
HSWM,hr267-111
HSVR,hr6188-111
HSIF,hr5235-111
HSWM,hr5235-111
HSRU,hr5258-111
HSBU,hr5258-111
HSHM,hr5590-111
HSAS,hr5590-111
HSRU,hr5590-111
HSJU,hr5590-111
HSIF,hr5590-111
HSPW,hr5590-111
HSJU,hr1139-111
SSJU,hr1139-111
HSHM,hr1139-111
HSIF,hr1476-111
HSGO,hr2256-111
HSED,hr2229-111
HSAG,hr3954-111
SSAF,hr3954-111
HSPW,hr4890-111
HSPW,hr1854-111
SSEG,hr1854-111
SSEV,hr1854-111
HSSM,hr2767-111
HSSY,hr2767-111
HSIF,hr4787-111
HSAP,hr378-111
HSSY,hr300-111
HSII,hr300-111
HSJU,hr2780-111
SSJU,hr2780-111
HSED,hr3309-111
HSIF,hr3790-111
HSWM,hr3790-111
HSWM,hr1974-111
HSIF,hr4919-111
HSWM,hr4919-111
HSED,hr4919-111
HSJU,hr4919-111
HSII,hr4919-111
HSHA,hr4919-111
HSAP,hr4919-111
HSRU,hr4919-111
HSED,hr4709-111
HSWM,hr1125-111
HSIF,hr1125-111
HSIF,hr2402-111
HSBA,hr600-111
SSBU,s3026-111
SSFI,s2470-111
SSJU,s495-111
SSFR,s3193-111
SSBK,s3241-111
SSFI,s3621-111
SSEV,s3230-111
SSFI,s1110-111
SSFI,s1763-111
SSEG,s3436-111
SSHR,s464-111
SSFI,s1222-111
SSFI,s807-111
SSBK,s3996-111
SSJU,s129-111
SSAF,s3144-111
SSEV,s1938-111
HSFA,hr5268-111
HSIF,hr1193-111
HSGO,hr1193-111
HSED,hr1193-111
HSWM,hr1193-111
HSWM,hr1757-111
HSGO,hr2714-111
HSBA,hr5387-111
HSED,hr2113-111
HSII,hr2781-111
SSEG,hr2781-111
HSBA,hr851-111
HSJU,hr1727-111
SSJU,hr1727-111
HSBA,hr2947-111
SSBK,hr2947-111
HSWM,hr1113-111
HSWM,hr143-111
HSBA,hr143-111
HSIF,hr1407-111
HSWM,hr1407-111
HSGO,hr4735-111
HSPW,hr5611-111
HSWM,hr5611-111
HSSM,hr6226-111
HSHA,hr1503-111
HSJU,hr1034-111
HSAS,hr4234-111
HSBA,hr1177-111
SSBK,hr1177-111
HSIF,hr2360-111
HSED,hr2360-111
HSWM,hr2360-111
HSRU,hr2360-111
HSBA,hr4694-111
HSBA,hr3142-111
HSWM,hr5252-111
HSIF,hr5252-111
HSVR,hr1169-111
HSWM,hr678-111
HSED,hr3006-111
HSAG,hr1609-111
HSWM,hr1609-111
HSED,hr3010-111
HSIF,hr1032-111
SSHR,hr1032-111
HSWM,hr5893-111
HSBU,hr5893-111
HSII,hr2986-111
HSAS,hr4949-111
SSGA,hr5148-111
HSED,hr1165-111
HSIF,hr2919-111
HSWM,hr2919-111
HSWM,hr4682-111
HSJU,hr6307-111
HSPW,hr6519-111
HSED,hr4480-111
HSII,hr3910-111
HSHM,hr1617-111
SSGA,hr1617-111
HSWM,hr4090-111
HSJU,hr246-111
HSHM,hr3678-111
HSJU,hr1990-111
HSIF,hr3961-111
HSWM,hr3961-111
HSSY,hr5140-111
HSIF,hr5140-111
HSJU,hr5140-111
HSED,hr5140-111
HSWM,hr5140-111
HSWM,hr1812-111
HSJU,hr5237-111
HSBA,hr3734-111
HSED,hr3734-111
HSAS,hr5170-111
HSWM,hr1629-111
HSWM,hr836-111
HSJU,hr505-111
HSPW,hr5791-111
HSED,hr4992-111
HSVR,hr2734-111
HSED,hr6547-111
SSHR,hr6547-111
HSWM,hr6477-111
HSIF,hr6095-111
HSWM,hr6095-111
HSII,hr80-111
SSEV,hr80-111
HSHM,hr6351-111
HSGO,hr6351-111
HSBA,hr6332-111
HSFA,hr4801-111
HSSY,hr4801-111
HSIF,hr2946-111
HSBA,hr2587-111
HSJU,hr3114-111
HSWM,hr2365-111
HSIF,hr2365-111
HSED,hr2365-111
HSWM,hr3211-111
HSIF,hr896-111
HSAS,hr896-111
HSIF,hr2276-111
HSJU,hr3662-111
HSAS,hr1600-111
HSGO,hr1400-111
HSIF,hr522-111
HSED,hr1380-111
HSIF,hr1380-111
SSHR,hr1380-111
HSWM,hr4679-111
HSED,hr1274-111
HSGO,hr1274-111
HSHA,hr1274-111
HSJU,hr1274-111
HSVR,hr809-111
HSED,hr3343-111
HSII,hr2846-111
HSJU,hr2846-111
HSWM,hr2846-111
HSIF,hr2846-111
HSAS,hr2846-111
HSGO,hr2846-111
HSSY,hr2846-111
HSSY,hr4502-111
HSIF,hr2-111
HSWM,hr2-111
HSED,hr2-111
HSVR,hr1474-111
HSAS,hr1474-111
HSGO,hr1474-111
HSED,hr5944-111
HSVR,hr2583-111
HSBA,hr6055-111
HSWM,hr4742-111
HSED,hr4742-111
HSJU,hr233-111
HSJU,hr233-111
HSPW,hr233-111
HSWM,hr2910-111
HSSM,hr4929-111
HSBA,hr4929-111
HSGO,hr4929-111
HSWM,hr4929-111
HSIF,hr1998-111
HSVR,hr1182-111
HSAS,hr4043-111
HSII,hr3425-111
HSIF,hr4031-111
HSJU,hr4298-111
HSPW,hr1618-111
HSII,hr3505-111
HSWM,hr3505-111
HSIF,hr3505-111
HSJU,hr3505-111
HSSY,hr3505-111
HSWM,hr2849-111
HSIF,hr2849-111
HSSM,hr4302-111
HSBA,hr5502-111
SSBK,hr5502-111
HSWM,hr5943-111
SSFI,s1978-111
SSHR,s3529-111
SSBK,s1659-111
SSCM,s3386-111
HSIF,s3386-111
SSBK,s3412-111
SSGA,s2929-111
SSFI,s3438-111
SSEV,s3001-111
SSHR,s1430-111
SSVA,s1940-111
SSGA,s574-111
SSFI,s3398-111
SSCM,s202-111
SSEG,s2951-111
SSFI,s4040-111
SSBK,s883-111
SSFI,s2591-111
SSFI,s2047-111
SSEV,s430-111
SSEG,s539-111
SSCM,s983-111
SSEV,s3736-111
SSBK,s2969-111
SSFI,s2481-111
SSEG,s607-111
SSFI,s2620-111
SSFI,s1461-111
SSFI,s2281-111
SSGA,s778-111
HSBA,s3987-111
SSFI,s2058-111
SSCM,s684-111
SSFI,s2074-111
SSFI,s1153-111
SSFI,s1333-111
SSEG,s3057-111
SSFI,s2007-111
SSJU,s4037-111
SSAF,s3163-111
SSHR,s444-111
SSFI,s860-111
SSGA,s526-111
SSFI,s2646-111
SSVA,s1204-111
SSCM,s3084-111
SSCM,s3519-111
SSFI,s1366-111
SSFI,s1251-111
SSFI,s781-111
SSFI,s1868-111
SSCM,s3554-111
SSRA,s2959-111
SSFI,s201-111
SSCM,s170-111
SSFI,s1699-111
SSJU,s339-111
SSHR,s1052-111
SSFI,s2173-111
SSBK,s1160-111
SSHR,s686-111
SSVA,s3171-111
SSFI,s888-111
SSFI,s2400-111
SSRA,s27-111
SSFI,s1889-111
SSAF,s934-111
SSHR,s3697-111
SSFR,s2961-111
SSBK,s1676-111
SSGA,s1745-111
SSBK,s376-111
SSFI,s2177-111
SSFI,s1297-111
SSFI,s2579-111
SSFI,s496-111
SSBK,s2746-111
SSEG,s1328-111
SSBU,s169-111
SSFI,s939-111
SSBK,s1012-111
SSFI,s1381-111
SSFR,s1593-111
SSFI,s3577-111
SSFI,s1826-111
SSHR,s3133-111
SSCM,s1437-111
SSEG,s2993-111
SSFI,s58-111
SSFI,s1174-111
SSGA,s602-111
HSHM,s602-111
SSEG,s3385-111
SSFI,s1240-111
SSGA,s1180-111
SSHR,s3500-111
SSHR,s969-111
SSFI,s2713-111
SSEG,s1738-111
SSJU,s2998-111
SSFI,s2319-111
SSCM,s2881-111
SSBK,s1723-111
SSAF,s3435-111
SSFI,s1099-111
SSHR,s593-111
SSEG,s3687-111
SSHR,s999-111
SSGA,s1508-111
SSFI,s3632-111
SSGA,s3323-111
SSJU,s3901-111
SSFI,s2383-111
SSFI,s1678-111
SSFR,s229-111
SSHR,s1679-111
SSCM,s583-111
SSEG,s3780-111
SSEG,s109-111
SSFI,s1754-111
SSEV,s2920-111
SSFI,s2328-111
SSJU,s1376-111
HSJU,s1376-111
SSCM,s3641-111
SSFI,s2587-111
SSFI,s1309-111
SSBK,s2919-111
SSHR,s3711-111
SSFI,s207-111
SSFR,s1675-111
SSJU,s1353-111
SSHR,s616-111
SSFI,s1136-111
SSCM,s3366-111
SSCM,s3584-111
SSFI,s2430-111
SSFI,s1637-111
SSFI,s3137-111
SSAF,s1331-111
SSFI,s1644-111
SSEG,s3059-111
SSAF,s581-111
HSGO,s1285-111
HSAS,s1285-111
SSCM,s649-111
SSFI,s2083-111
SSCM,s374-111
SSVA,s772-111
SSEG,s3233-111
SSBK,s399-111
SSBK,s3051-111
SSCM,s3039-111
SSBK,s1327-111
SSFI,s2089-111
SSEG,s1270-111
SSRA,s162-111
SSHR,s560-111
SSEG,s188-111
SSFI,s2185-111
SSFI,s2841-111
SSHR,s1275-111
SSFI,s3309-111
SSFI,s1324-111
SSRA,s1026-111
SSFI,s833-111
SSHR,s1403-111
SSJU,s369-111
SSFI,s3976-111
SSGA,s1507-111
SLIA,s338-111
SSBU,s2965-111
SSJU,s379-111
SSGA,s265-111
SSEV,s787-111
SSAS,s459-111
SSEG,s1758-111
SSFI,s3134-111
SSEV,s943-111
SSAS,s1393-111
SSEG,s227-111
SSGA,s3484-111
SSVA,s793-111
SSEG,s3925-111
SSFI,s2229-111
SSBK,s255-111
SSJU,s2977-111
SSEG,s1470-111
SSFI,s3714-111
SSCM,s1036-111
SSEG,s1696-111
SSFI,s689-111
SSHR,s80-111
SSFI,s744-111
SSHR,s1756-111
SSEG,s782-111
SSHR,s1742-111
SSFI,s2638-111
SSFI,s2348-111
SSCM,s601-111
SSCM,s1023-111
HSHM,s1023-111
SSVA,s801-111
SSHR,s3723-111
SSFI,s363-111
SSFI,s2814-111
SSJU,s470-111
SSFI,s3695-111
SSHR,s3493-111
SSHR,s571-111
SSRA,s1319-111
SSCM,s1562-111
SSAS,s1008-111
SSJU,s2772-111
SSSB,s2862-111
SSEG,s3886-111
SSCM,s1078-111
SSFI,s1806-111
SSHR,s1771-111
SLIA,s1388-111
SSFI,s2266-111
SSHR,s166-111
SSAP,s1054-111
SSEG,s2976-111
SSFI,s100-111
SSFI,s798-111
SSCM,s3195-111
SSJU,s367-111
SSFI,s312-111
SSHR,s757-111
SSHR,s1206-111
SSEG,s1061-111
SSFI,s2152-111
HSBA,s383-111
HSGO,s383-111
SSBK,s241-111
SSHR,s3733-111
SSFI,s2457-111
SSEV,s3661-111
SSFI,s2284-111
SSAS,s3913-111
SSAS,s3457-111
SSFI,s1958-111
SSCM,s3614-111
SSFI,s2593-111
SSAS,s1664-111
SSCM,s1938-111
SSFI,s2029-111
SSFI,s2927-111
SSBK,s463-111
SSFI,s1797-111
SSAF,s1645-111
SSHR,s818-111
SSHR,s1032-111
SSFI,s1360-111
SSEV,s197-111
SSHR,s1352-111
SSFI,s2012-111
SSHR,s627-111
SSFI,s1588-111
SSCM,s562-111
SSFI,s2640-111
SSFI,s2755-111
SSBK,s3416-111
SSFI,s725-111
SSJU,s714-111
SSFI,s46-111
SSEG,s3631-111
SSFI,s43-111
SSGA,s872-111
SSHR,s3459-111
SSJU,s2804-111
SSFI,s1123-111
SSEG,s3587-111
SSHR,s982-111
SSFI,s576-111
HSAS,hr4058-111
HSIF,hr716-111
HSED,hr716-111
HSWM,hr716-111
HSWM,hr4168-111
HSWM,hr5839-111
HSWM,hr1863-111
HSGO,hr5792-111
HSWM,hr5792-111
HSPW,hr4755-111
HSII,hr455-111
HSWM,hr1058-111
HSBA,hr1705-111
HSIF,hr3124-111
HSVR,hr3124-111
HSII,hr3124-111
HSPW,hr5377-111
HSJU,hr5658-111
HSFA,hr547-111
HSRU,hr547-111
HSWM,hr4878-111
HSII,hr4558-111
HSIF,hr1364-111
HSPW,hr1700-111
SSEV,hr1700-111
HSIF,hr3856-111
HSWM,hr3674-111
HSVR,hr2505-111
HSJU,hr5337-111
HSVR,hr3796-111
HSII,hr5772-111
HSED,hr3384-111
HSIF,hr697-111
HSED,hr697-111
HSGO,hr697-111
HSWM,hr5600-111
HSBA,hr4171-111
HSWM,hr4171-111
HSJU,hr373-111
HSAS,hr2389-111
HSVR,hr2389-111
HSBA,hr1455-111
HSWM,hr3356-111
HSIF,hr3356-111
HSII,hr3339-111
HSVR,hr1171-111
SSVA,hr1171-111
HSBA,hr3128-111
SSJU,sjres15-111
SSAS,sjres10-111
SSFR,sjres34-111
SSFR,sjres29-111
SSFI,sjres29-111
SSFI,sjres17-111
SSJU,sjres11-111
SSJU,sjres7-111
SSJU,sjres6-111
SSHR,sjres30-111
SSEV,sjres26-111
SLIA,sjres14-111
SSJU,sjres36-111
SSJU,sjres28-111
SSJU,sjres16-111
SSJU,sjres13-111
SSJU,sjres2-111
SSJU,sjres25-111
HSJU,sjres25-111
SSHR,sjres39-111
SSJU,sjres27-111
SSJU,s3728-111
SSJU,s1692-111
SSFI,s4012-111
SSHR,s3966-111
SSFI,s1899-111
SSVA,s263-111
SLIA,s381-111
SSJU,s445-111
SSJU,s595-111
SSAF,s3446-111
SSHR,s1235-111
SSHR,s1152-111
SSCM,s3872-111
SSHR,s1473-111
SSBK,s3004-111
SSVA,s475-111
SSCM,s2975-111
SSBK,s1964-111
SSFI,s3783-111
SSEG,s1623-111
SSHR,s3724-111
SSBK,s886-111
SSFI,s2605-111
SSEG,s224-111
SSEG,s742-111
SSFI,s2684-111
SSFI,s1349-111
SSAF,s1527-111
SSFI,s4024-111
SSEV,s3602-111
SSEG,s3431-111
SSFI,s1262-111
SSHR,s618-111
SSEG,s2762-111
SSFI,s2434-111
SSBK,s863-111
SSCM,s2847-111
SSFI,s3924-111
SSBK,s235-111
SSFI,s44-111
SSFI,s4018-111
SSHR,s450-111
SSFI,s2116-111
SSCM,s3629-111
SSFI,s2150-111
SSEG,s3927-111
SSFI,s2226-111
SSFI,s2064-111
SSJU,s458-111
SSJU,s3805-111
SSCM,s2764-111
SSJU,s512-111
SSHR,s3140-111
SSHR,s1708-111
SSEV,s3550-111
SSEG,s1560-111
SSCM,s1385-111
SSFI,s3978-111
SSJU,s1340-111
SSFI,s289-111
SSCM,s2871-111
SSFI,s2994-111
SSHR,s1001-111
SSFI,s3786-111
SSBK,s1065-111
SSAS,s3456-111
SSJU,s168-111
SSFI,s2093-111
SSEG,s1369-111
SSFI,s2293-111
SSFR,s1524-111
SSGA,s3145-111
SSFI,s343-111
SSGA,s354-111
SSEV,s1662-111
SSFI,s671-111
HSII,s338-111
SSFI,s3350-111
SSGA,s3747-111
SSFI,s1400-111
SSFI,s1249-111
SSJU,s346-111
SSFI,s2424-111
SSCM,s1741-111
SSAF,s3470-111
SSHR,s1488-111
SSFR,s3508-111
SSFI,s2416-111
SSFI,s3147-111
SSEG,s3489-111
SSFI,s2483-111
SSHR,s1459-111
SSBK,s908-111
SSVA,s1939-111
SSFI,s2716-111
SSBK,s1822-111
SSFI,s2099-111
SSGA,s1475-111
SSEV,s1712-111
SSVA,s226-111
SSEV,s1005-111
SLIA,s1690-111
SSEV,s3670-111
SSCM,s1514-111
SSEG,s3391-111
SSAF,s460-111
SSRA,s2990-111
SSEV,s1809-111
SSEG,s2921-111
SSEG,s3612-111
SSFI,s2221-111
SSFI,s864-111
SSJU,s1681-111
SSFI,s2531-111
SSFI,s209-111
SSFI,s2218-111
SSFR,s3951-111
SSCM,s2859-111
SSFI,s254-111
SSFI,s260-111
SSJU,s902-111
SSFI,s3893-111
SSHR,s1411-111
SSJU,s2820-111
SSAS,s504-111
SSEV,s3109-111
SSAS,s831-111
SSFI,s410-111
SSBK,s1700-111
SLIA,s1936-111
SSFI,s2295-111
SSFI,s2612-111
SSBK,s1280-111
SSJU,s843-111
SSFI,s2257-111
SSFI,s2821-111
SSFR,s230-111
SSEV,s3481-111
SSVA,s1531-111
SSCM,s4034-111
SSJU,s1789-111
HSJU,s1789-111
HSIF,s1789-111
SLIA,s1735-111
SSFI,s3007-111
SSHR,s488-111
SSEV,s3209-111
SSBK,s3888-111
SSFI,s2363-111
SSBK,s2886-111
SSFI,s565-111
SSHR,s1404-111
SSHR,s2809-111
SSJU,s1736-111
SSFI,s2583-111
SSCM,s2823-111
SSFI,s2688-111
SSCM,s173-111
SSFI,s157-111
SSJU,s610-111
SSFI,s3667-111
SSSB,s3089-111
SSEG,s989-111
HSJU,s2968-111
SSVA,s3377-111
SSAP,s1323-111
SSAF,s337-111
SSFI,s1952-111
SSFI,s2423-111
SSFI,s15-111
SSAF,s1122-111
SSEG,s1122-111
SSEG,s3759-111
SSSB,s1208-111
SSEG,s2052-111
SSCM,s251-111
HSIF,s251-111
HSJU,s251-111
SSFI,s2831-111
SSFI,s101-111
SSFI,s461-111
SSCM,s753-111
SSAF,s3735-111
SSCM,s477-111
SSFI,s2529-111
SSJU,s3278-111
SSJU,s845-111
SSCM,s297-111
SSFI,s2110-111
SSHR,s3504-111
SSEV,s636-111
SSJU,s146-111
SSAF,s552-111
SSCM,s1748-111
SSEG,s3226-111
SSCM,s3010-111
SSJU,s879-111
SSFI,s2478-111
SSJU,s909-111
SSFI,s2472-111
SSHR,s1022-111
SSEV,s3911-111
SLIA,s1264-111
SSJU,s612-111
SSHR,s619-111
SSJU,s3764-111
SSHR,s332-111
HSIF,s3828-111
SSHR,s2803-111
SSFI,s885-111
SSHR,s3257-111
SSFI,s2264-111
SSFI,s1901-111
SSJU,s1734-111
SSEV,s479-111
SSFI,s2454-111
SSVA,s407-111
SSFI,s2582-111
SSHR,s1227-111
SSJU,s393-111
SSVA,s2751-111
SSSB,s3020-111
SSHR,s102-111
SSCM,s4047-111
SSEV,s791-111
SSFI,s3136-111
SSFI,s2227-111
SSFI,s2876-111
SSFI,s2283-111
SSHR,s2730-111
SSHR,s1158-111
SSEV,s2729-111
SSFI,s2269-111
SSFI,s3255-111
SSAP,s1294-111
SSFI,s533-111
SSFI,s3640-111
SSHR,s1655-111
SSCM,s3547-111
SSHR,s1184-111
SSFI,s1996-111
SSJU,s3854-111
SSFI,s3726-111
SSVA,s3234-111
SSBK,s1068-111
SSEV,s1014-111
SSFI,s1248-111
SSHR,s1060-111
SSHR,s3817-111
HSED,s3817-111
SSFI,s2622-111
SSCM,s771-111
SSEV,s3973-111
SSHR,s3769-111
SSHR,s953-111
SSFI,s2166-111
SSAF,s3426-111
SSHR,s4043-111
SSEV,s3833-111
SSFI,s2344-111
SSCM,s389-111
SSFI,s2085-111
SSFI,s2151-111
SSHR,s688-111
SSFI,s3715-111
SSFI,s2544-111
SSFI,s179-111
SSJU,s1554-111
SSHR,s3401-111
SSFI,s648-111
SSBK,s1595-111
SSFI,s702-111
SSFR,s3155-111
SSFI,s2294-111
SSFI,s829-111
SSFI,s2492-111
SSVA,s691-111
SSSB,s1233-111
SSFI,s2054-111
SSJU,s371-111
SSHR,s2887-111
SSHR,s1048-111
SSCM,s164-111
SSFI,s2006-111
SSFI,s3674-111
SSFI,s1918-111
SSAP,s3686-111
SSAS,s1426-111
SSFI,s1786-111
SSEG,s1629-111
SSFI,s2644-111
SSFI,s1610-111
SSFI,s2170-111
SSEG,s1356-111
SSAS,s1033-111
SSCM,s1194-111
HSHM,s1194-111
SSCM,s3600-111
SSFI,s2689-111
SSFR,s1563-111
SSAS,s1558-111
SSVA,s3325-111
SSEG,s1838-111
SSFI,s301-111
SSCM,s2732-111
SSFI,s3496-111
SSSB,s2765-111
SSHR,s611-111
SSFI,s2512-111
SSBK,s2824-111
SSFI,s1570-111
SSHR,s813-111
SSEG,s923-111
HSJU,s3689-111
HSBU,s3689-111
SSFI,s1705-111
SSGA,s3806-111
SSEV,s805-111
SSFI,s1937-111
SSFI,s547-111
SSBK,s3189-111
SSJU,s3972-111
SSHR,s353-111
SSEG,s3573-111
SSFI,s1221-111
SSGA,s3101-111
SSJU,s1301-111
SSBK,s1487-111
SSFI,s1890-111
SSGA,s2901-111
SSHR,s1608-111
SSFI,s1960-111
SSHR,s1760-111
SSFI,s1773-111
SSFI,s1743-111
SSFI,s2484-111
SSFI,s2292-111
SSFI,s2304-111
SSFI,s2647-111
SSHR,s1104-111
SSFR,s2835-111
SSEG,s3524-111
SSFI,s631-111
SSFI,s1728-111
SSJU,s108-111
SSHR,s2817-111
SSEV,s1733-111
SSEG,s561-111
SSJU,s95-111
SSCM,s1638-111
SSFI,s2491-111
SSFI,s1984-111
SSFR,s2982-111
SSHR,s1548-111
SSJU,s1661-111
SSEG,s796-111
SSVA,s1429-111
SSFI,s1291-111
SSHR,s2801-111
SSFI,s765-111
SSAS,s3065-111
SSAS,s775-111
SSFI,s2692-111
SSGA,s3066-111
SSFI,s1278-111
SSFI,s3510-111
SSEV,s937-111
SSHR,s473-111
SSFR,s473-111
SSGA,s946-111
HSHM,s946-111
SSGA,s3263-111
HSHM,s3263-111
SSFI,s1186-111
SSCM,s3427-111
SSFI,s2080-111
SSFI,s2578-111
SSFI,s974-111
SSFI,s3741-111
SSFI,s978-111
SSAS,s3455-111
SSFI,s2456-111
SSFI,s3324-111
SSFI,s3216-111
SSAS,s3782-111
SSBK,s2799-111
SSHR,s3895-111
SSHR,s471-111
SSFI,s2493-111
SSAF,s3701-111
SSFI,s3212-111
SSFI,s2748-111
SSJU,s3494-111
SSHR,s236-111
SSHR,s1555-111
SSHR,s1273-111
SSFI,s2498-111
SSAF,s519-111
SSFI,s2358-111
SSFI,s2973-111
SSFI,s2905-111
SSFI,s1991-111
SSJU,s3461-111
SSEV,s3461-111
SSFR,s587-111
SSFI,s1185-111
SSFI,s2433-111
SSJU,s1260-111
SSVA,s3718-111
SSFI,s1321-111
SSFI,s3626-111
SSFI,s3760-111
SSEG,s3329-111
SSFI,s2947-111
SSFR,s3798-111
SSGA,s4000-111
SSEG,s3763-111
SSHR,s646-111
SSBK,s356-111
SSVA,s847-111
SSHR,s839-111
SSGA,s3538-111
SSCM,s3731-111
SSFI,s3141-111
SSFI,s2401-111
SSFI,s2475-111
SSVA,s699-111
SSFI,s2474-111
SSFI,s1835-111
SSFI,s790-111
SSFI,s2789-111
SSFI,s2230-111
SSFI,s115-111
SSFI,s1972-111
SSEV,s1148-111
SSCM,s1224-111
SSFI,s2719-111
SSCM,s36-111
SSFI,s1769-111
SSFI,s1988-111
SSBK,s1276-111
SSFI,s4003-111
SSBK,s1533-111
SSJU,s208-111
SSFI,s1220-111
SSFI,s2542-111
SSFI,s77-111
SSFI,s2188-111
SSAF,s1330-111
SSHR,s3690-111
SSHR,s1778-111
SSBK,s3203-111
SSFI,s986-111
SSJU,s163-111
SSAP,s3606-111
SSEG,s1617-111
SSJU,s1464-111
SSAP,s3607-111
SSFI,s3990-111
SSJU,s1071-111
SSFI,s2599-111
SSBK,s3402-111
SSJU,s1247-111
SSBK,s1223-111
SSJU,s4050-111
SSJU,s3219-111
SSJU,s1550-111
SSGA,s991-111
SSHR,s525-111
SSFI,s210-111
SSAF,s3126-111
SSFI,s2301-111
SSCM,s841-111
HSIF,s841-111
HSPW,s841-111
SSJU,s2725-111
SSGA,s948-111
SSGA,s800-111
SSAS,s3454-111
SSFI,s2310-111
SSGA,s2767-111
SSJU,s148-111
SSFI,s484-111
SSFI,s3501-111
SSEG,s2908-111
SSJU,s2662-111
SSHR,s3671-111
SSSB,s3190-111
SSCM,s1113-111
SSFI,s3405-111
SSJU,s1038-111
SSVA,s1753-111
SSAS,s3388-111
SSHR,s3002-111
SSBK,s2813-111
SSEG,s1557-111
SSEV,s2946-111
SSCM,s3463-111
SSVA,s1668-111
SSHR,s2740-111
SSFI,s1647-111
SSHR,s3680-111
SSFI,s1909-111
SSFI,s1992-111
SSEV,s675-111
SSEV,s3834-111
SSFR,s1633-111
HSHM,s1633-111
SSFI,s82-111
SSAF,s3439-111
SSGA,s3249-111
SSHR,s2806-111
SSFI,s31-111
SSGA,s1354-111
SSFR,s311-111
SSHR,s1112-111
SSEV,s779-111
SSEV,s779-111
SSGA,s762-111
SSFI,s2356-111
SSHR,s1545-111
SSCM,s1283-111
SSFI,s2490-111
SSCM,s1024-111
SSFI,s2926-111
SSFI,s405-111
SSEG,s2830-111
SSVA,s315-111
SSBK,s1481-111
SSCM,s3856-111
SSFI,s1962-111
SSHR,s4038-111
SSFI,s2525-111
SSBU,s86-111
SSEV,s231-111
SSCM,s1395-111
SSFI,s1914-111
SSEG,s949-111
SSJU,s1100-111
SSVA,s3765-111
SSEG,s1621-111
SSHR,s3766-111
SSEG,s183-111
SSFI,s973-111
SSEG,s2744-111
SSFI,s42-111
SSFI,s1230-111
SSFI,s735-111
HSWM,s735-111
SSEG,s861-111
SSFI,s3000-111
SSJU,s3274-111
SSFR,s384-111
SSEG,s1571-111
SSEV,s856-111
SSFI,s2186-111
SSFI,s3818-111
SSCM,s3896-111
SSHR,s754-111
SSGA,s90-111
SSFI,s1131-111
SSFR,s1966-111
SSHR,s441-111
SSFI,s1906-111
SSEV,s3874-111
SSEG,s799-111
SSFI,s2092-111
SSJU,s386-111
SSHR,s882-111
SSBK,s3052-111
SSEG,s1168-111
SSAF,s3531-111
SSFI,s573-111
SSVA,s658-111
SSCM,s1216-111
SSFI,s3819-111
SSFI,s1474-111
SSFI,s2426-111
SSHR,s1161-111
SSBK,s3106-111
SSFI,s2552-111
SSJU,s727-111
SSEG,s1175-111
SSBK,s3704-111
SSFI,s1267-111
SSFI,s2471-111
SSFI,s2001-111
SLIA,s72-111
SSFI,s2087-111
SSFI,s985-111
SSFI,s1034-111
SSFI,s1371-111
SSHR,s2750-111
SSVA,s246-111
SSFI,s275-111
SSVA,s498-111
SSHR,s706-111
SSFI,s960-111
SSJU,s1782-111
SSFI,s1971-111
SSVA,s1784-111
SSHR,s2785-111
SSBK,s605-111
SSFI,s2466-111
SSJU,s365-111
SSHR,s2932-111
SSFI,s2155-111
SSFI,s3306-111
SSJU,s1304-111
SSEG,s3744-111
SSAF,s3292-111
SSFI,s2220-111
SSCM,s835-111
SSRA,s60-111
HSJU,s60-111
SSJU,s1821-111
SSGA,s3465-111
SLIN,s147-111
SSFI,s3173-111
SSHR,s3732-111
SSSB,s3534-111
SSCM,s3851-111
SSRA,s48-111
SSFI,s2623-111
SSFI,s677-111
SSFI,s75-111
SSAS,s1361-111
SSEG,s247-111
SSJU,s630-111
SSEG,s3313-111
SSFI,s1606-111
SSFI,s3749-111
SSHR,s3575-111
SSAF,s1412-111
SSFR,s705-111
SSFI,s662-111
SSBK,s298-111
SSBK,s1254-111
SSAS,s3150-111
SSFI,s2955-111
SLIN,s2834-111
SSEG,s3346-111
HSJU,s3998-111
SSFI,s769-111
SSBK,s3266-111
SSFI,s2115-111
SSFI,s2928-111
SSFI,s2754-111
SSHR,s1698-111
SSAF,s3123-111
SSFI,s2645-111
SSBK,s500-111
SSFI,s751-111
SSEG,s531-111
SSHR,s1238-111
SSEG,s186-111
SSGA,s3599-111
SSBK,s900-111
SSEG,s3452-111
SSFI,s2362-111
SSFI,s3442-111
SSHR,s467-111
SSHR,s486-111
SSFI,s2124-111
SSBK,s910-111
SSEV,s3375-111
SSEG,s2963-111
SSHR,s4046-111
SSFR,s345-111
SSFI,s1908-111
SSCM,s3662-111
SSHR,s638-111
SSJU,s3360-111
SSFI,s2376-111
SSEV,s1965-111
SSFI,s2251-111
SSGA,s1373-111
SSFI,s1583-111
SSFI,s2403-111
SSFI,s1114-111
SSEV,s903-111
SSSB,s3458-111
SSFI,s2086-111
SSVA,s3107-111
SSJU,s580-111
SSVA,s1444-111
SSFI,s3548-111
SSAF,s1226-111
SSEV,s3515-111
SSEV,s3073-111
SSAP,s3644-111
SSFI,s2268-111
SSHR,s3453-111
SSFR,s3844-111
SSHR,s178-111
SSFI,s2407-111
SSVA,s1118-111
SSFI,s2415-111
SSFI,s1046-111
SSFI,s293-111
SSAS,s370-111
SSHR,s3557-111
SSFI,s1913-111
SSAS,s3476-111
SSEG,s2097-111
SSEG,s3222-111
SSFI,s956-111
SSJU,s446-111
SSHR,s3086-111
SSFR,s987-111
HSFA,s987-111
SSBK,s604-111
SSJU,s2910-111
SSFI,s993-111
SSFI,s2861-111
SSFI,s3950-111
SSFI,s2543-111
SSCM,s3417-111
SSJU,s1765-111
SSHR,s3830-111
SSHR,s3036-111
SSBK,s116-111
SSGA,s3321-111
SSFI,s2327-111
SSFI,s2723-111
SSHR,s3829-111
SSFI,s2183-111
SSFI,s3935-111
SSAF,s1576-111
SSJU,s3411-111
SSHR,s3907-111
SSHR,s698-111
SSJU,s3029-111
SSSB,s2808-111
SSHR,s1512-111
SSHR,s87-111
SSFI,s1643-111
SSEG,s1096-111
SSFI,s1021-111
SSFI,s2190-111
SSAF,s3127-111
SSHR,s3984-111
HSED,s3984-111
SSGA,s569-111
SSFI,s2108-111
SSJU,s2979-111
SSFI,s1630-111
SSFI,s2524-111
SSFI,s326-111
SSCM,s3729-111
SSFI,s3491-111
SSVA,s423-111
SSJU,s718-111
SSHR,s718-111
SSAS,s3869-111
SSHR,s1002-111
SSAF,s1062-111
SSEV,s3072-111
SSFI,s3876-111
SSHR,s422-111
SSFI,s3774-111
SSFI,s156-111
SSFI,s988-111
SSEG,s2843-111
SSEG,s1517-111
SSFI,s63-111
SSHR,s3645-111
SSFI,s1955-111
SLIA,s633-111
SSCM,s743-111
SSCM,s1274-111
SSCM,s3894-111
SSFI,s1466-111
SSFI,s3339-111
SSFI,s2369-111
SSVA,s3330-111
SSAS,s1440-111
SSEG,s17-111
SSBK,s4041-111
SSAF,s272-111
SSVA,s3609-111
SSAS,s66-111
SSFI,s2168-111
SSFI,s2172-111
SSCM,s3180-111
SSFI,s333-111
SSFI,s2191-111
SSAS,s546-111
SSCM,s2870-111
SSEG,s3310-111
SSJU,s3397-111
HSIF,s3397-111
HSJU,s3397-111
SSAF,s2810-111
SSEG,s868-111
SSJU,s321-111
SSBK,s3638-111
SSCM,s773-111
SSHR,s270-111
SSEG,s1453-111
SSAF,s2758-111
SSJU,s3466-111
SSHR,s3393-111
SSGA,s3853-111
SSCM,s1144-111
SSBK,s1144-111
SSFI,s2589-111
SSHR,s2128-111
SSEG,s135-111
SSFI,s1920-111
SSFR,s3112-111
SSFI,s1898-111
SSFI,s1479-111
SSFI,s1257-111
SSJU,s4051-111
SSFI,s2103-111
SSSB,s2780-111
SSJU,s1253-111
SSJU,s729-111
SSFI,s2615-111
SSAF,s1650-111
SSFI,s2585-111
SSHR,s3414-111
SSJU,s761-111
SSFI,s1181-111
SSJU,s556-111
SSSB,s3967-111
SSHR,s1362-111
SSFI,s2161-111
SSEG,s1596-111
HSJU,s1358-111
SSJU,s1146-111
SSHR,s3737-111
SSFI,s427-111
SSJU,s3858-111
SSGA,s50-111
SSAS,s1169-111
SSHR,s3698-111
SSSB,s2989-111
SSFI,s1250-111
SSHR,s1031-111
SSJU,s3017-111
SSFI,s3188-111
SSHR,s3668-111
SSJU,s145-111
SSGA,s3365-111
SSBK,s414-111
SSHR,s1788-111
SSCM,s1539-111
SSFI,s3338-111
SSEG,s215-111
SSFI,s2607-111
SSEG,s672-111
SSGA,s1862-111
SSFI,s3855-111
SSFI,s2280-111
SSFI,s1468-111
SSAP,s3677-111
SSAF,s429-111
SSEG,s187-111
SLIA,s39-111
HSII,s39-111
SSFI,s2219-111
SSCM,s3792-111
SSFI,s3542-111
SSHR,s3906-111
SSEG,s3537-111
SSFI,s1312-111
SSEG,s2933-111
SSFI,s1990-111
SSJU,s424-111
SSJU,s1317-111
SSEV,s1428-111
SSHR,s652-111
SSFI,s2156-111
SSFI,s2648-111
SSFI,s2101-111
SSFI,s1133-111
SSFI,s3288-111
SSFI,s1505-111
HSHM,s1505-111
SSVA,s1780-111
SSEG,s1525-111
SSFI,s502-111
SSAS,s454-111
SSCM,s1124-111
HSHM,s1124-111
SSEG,s865-111
SSAF,s665-111
SSJU,s537-111
SSFI,s622-111
SSHR,s1625-111
SSFI,s1861-111
SSHR,s341-111
SSEG,s548-111
SSFI,s2357-111
SSAF,s1375-111
SSGA,s1335-111
HSHM,s1335-111
SSFI,s703-111
SSVA,s1310-111
SSHR,s3479-111
SSVA,s1237-111
SSGA,s1419-111
SSFI,s2014-111
SSCM,s3954-111
SSGA,s3200-111
SSEV,s3296-111
SSFI,s1177-111
SSCM,s174-111
SSFI,s2626-111
SSHR,s2790-111
SSFI,s3513-111
SSFI,s697-111
SSJU,s3654-111
SSFI,s285-111
SSGA,s920-111
HSGO,s920-111
HSAS,s920-111
SSEG,s3492-111
SSFI,s2476-111
SSFI,s1439-111
SSFI,s155-111
SSJU,s1342-111
SSFI,s673-111
SSSB,s3279-111
SSFI,s935-111
SSFI,s1087-111
SSBK,s970-111
SSBK,s2855-111
SSEV,s3250-111
HSPW,s3250-111
SSFI,s2174-111
SSFI,s1814-111
SSFI,s1905-111
SSFI,s654-111
SSFI,s585-111
SSAS,s3807-111
SSEG,s1689-111
SSFI,s2513-111
SSFI,s3989-111
SSGA,s1567-111
SSJU,s1624-111
SSSB,s177-111
SSHR,s693-111
SSCM,s893-111
SSFI,s774-111
SSEG,s3541-111
SSBK,s1540-111
SSEV,s878-111
SSJU,s1336-111
SSFR,s351-111
SSJU,s150-111
SSFI,s3208-111
SSEG,s3358-111
SSGA,s992-111
SSFI,s1639-111
SSHR,s659-111
SSHR,s206-111
SSCM,s38-111
SSFI,s320-111
SSHR,s914-111
SSFI,s421-111
SSFI,s1926-111
SSFI,s81-111
SSFI,s722-111
SSEG,s1051-111
SSFI,s3018-111
SSFI,s2130-111
SSFI,s826-111
SSJU,s448-111
SSEG,s3993-111
SSVA,s3583-111
SSBK,s1683-111
SSAF,s1709-111
SSFI,s2303-111
SSFI,s3028-111
SSFI,s2545-111
SSFI,s2223-111
SSEV,s1059-111
SSEG,s1320-111
SSCM,s3597-111
SSCM,s411-111
SSFI,s1711-111
SSEG,s783-111
SSJU,s258-111
HSJU,s258-111
HSIF,s258-111
SSEG,s3433-111
SSHR,s2838-111
SSFI,s1111-111
SSFI,s2114-111
SSCM,s4021-111
SSFI,s2276-111
SSCM,s3225-111
SSFI,s1912-111
SSFI,s292-111
SSVA,s1518-111
SSJU,s3033-111
SSFI,s261-111
SSFI,s3957-111
SSEV,s1215-111
SSFI,s94-111
SSEG,s1272-111
SSFR,s3797-111
SSFI,s2066-111
SSJU,s3932-111
SSEV,s3379-111
SSVA,s746-111
SSFI,s2010-111
SSFI,s3177-111
SSJU,s1551-111
SSFI,s493-111
SSJU,s906-111
SSJU,s3120-111
SSAS,s2904-111
SSFI,s2468-111
SSGA,s1530-111
SSFR,s624-111
HSFA,s624-111
SSFI,s468-111
SSFI,s2207-111
SSBK,s3979-111
SSAF,s2805-111
SSVA,s842-111
SSFI,s2169-111
SSHR,s3178-111
SSEG,s409-111
SSFI,s2232-111
SSEV,s1035-111
SSFI,s2167-111
SSEV,s462-111
SSFI,s2617-111
SSFI,s2614-111
SSAF,s3986-111
SSFI,s3608-111
SSFI,s2135-111
SSFI,s1839-111
SSEG,s679-111
SSFI,s998-111
SSJU,s3666-111
HSSM,s3839-111
SSFI,s2514-111
SSFI,s2309-111
SSJU,s3767-111
SSEG,s828-111
SSVA,s3359-111
SSJU,s388-111
SSFI,s1171-111
SLIA,s1178-111
SSEG,s3649-111
SSFI,s1151-111
SSHR,s1422-111
SSFI,s2069-111
SSHR,s114-111
SSFI,s2165-111
SSFI,s2267-111
SSGA,s599-111
SSFI,s1975-111
SSFI,s2602-111
SSCM,s554-111
SSFI,s2432-111
SSGA,s469-111
SSFI,s2427-111
SSSB,s1832-111
SSFI,s2131-111
SSFI,s3630-111
SSFR,s3581-111
SSFI,s1217-111
SSFI,s2619-111
HSVR,s1963-111
SSFI,s1792-111
SSHR,s968-111
SSHR,s4027-111
SSCM,s1506-111
SSBK,s1506-111
SSFI,s1761-111
SSFI,s2107-111
SSEG,s3589-111
SSGA,s1510-111
HSGO,s1510-111
SSGA,s2996-111
HSHM,s2996-111
SSHR,s182-111
SSJU,s449-111
SSFI,s3878-111
SSBK,s738-111
SSFI,s3785-111
SSVA,s239-111
SSFI,s1192-111
SSVA,s821-111
SSEG,s2953-111
SSCM,s1485-111
SSHR,s3407-111
SSFI,s2278-111
SSJU,s1594-111
SSFI,s2302-111
SSHR,s3771-111
SSVA,s3035-111
SSFR,s1425-111
SSFI,s2109-111
SSJU,s577-111
SSEV,s690-111
SSHR,s96-111
SSHR,s3450-111
SSVA,s1427-111
SSEG,s3404-111
SSEG,s3344-111
SSEV,s724-111
SSCM,s859-111
SSEG,s3041-111
SSEG,s153-111
SSFI,s37-111
SSEG,s503-111
SSFI,s1916-111
SSCM,s3982-111
SSAS,s535-111
SSEG,s3016-111
SSAF,s1086-111
SSFI,s647-111
SSFI,s2625-111
SSEV,s854-111
SSFI,s2714-111
SSFI,s2187-111
SSFI,s1977-111
SSJU,s1047-111
SSEG,s1348-111
SSFR,s2737-111
SSFI,s2253-111
SSEG,s3511-111
SSFI,s870-111
SSFI,s823-111
SSEV,s584-111
SSAF,s3693-111
SSFI,s2600-111
SSEV,s3919-111
SSFI,s2061-111
SSJU,s325-111
SSJU,s1085-111
SSFI,s3289-111
SSAF,s3424-111
SSJU,s1234-111
SSFI,s2004-111
SSFI,s1589-111
SSJU,s435-111
SSFI,s730-111
SSJU,s887-111
SSFI,s2104-111
SSEG,s1191-111
SSCM,s685-111
HSPW,s685-111
HSHM,s685-111
HSBU,s685-111
SSBK,s118-111
SSEG,s555-111
SSHR,s85-111
SSEV,s3472-111
SSFI,s1307-111
SSFI,s2516-111
SSHR,s245-111
SSFI,s2519-111
SSJU,s2893-111
SSFI,s670-111
SSFI,s1903-111
SSCM,s3046-111
SSHR,s1492-111
SSFI,s2827-111
SSFI,s2311-111
SSEV,s2778-111
SSCM,s3271-111
SSFI,s996-111
SSEG,s2900-111
SSHR,s777-111
SSFI,s2075-111
SSFI,s1874-111
SSHR,s1259-111
SSGA,s3024-111
SSFI,s825-111
SSFI,s1141-111
SSAS,s3201-111
SSEG,s3509-111
SSBK,s505-111
SSVA,s1452-111
SSHR,s634-111
SSHR,s4039-111
SSJU,s3207-111
SSEV,s2848-111
SSEV,s3485-111
SSRA,s1986-111
SSFI,s2237-111
SSFI,s249-111
SSEV,s536-111
SSBK,s3022-111
SSFI,s913-111
SSBK,s680-111
SSEV,s1397-111
SSFI,s2111-111
SSHR,s1791-111
SSFI,s2650-111
SSFI,s1995-111
SSBK,s195-111
SSEG,s967-111
SSEV,s849-111
SSFI,s2678-111
SSFI,s2882-111
SSEG,s3075-111
SSEG,s3570-111
SSEV,s1660-111
SSEG,s20-111
SSBK,s3898-111
SSFI,s2112-111
SSFI,s3535-111
SSHR,s175-111
SSVA,s3517-111
SSFI,s1263-111
SSFI,s2784-111
SSFI,s2299-111
SSJU,s3019-111
SSVA,s728-111
SSFR,s1382-111
SSHR,s408-111
SSEG,s1802-111
SSFI,s144-111
SSHR,s2800-111
SSJU,s193-111
SSFI,s440-111
SSBK,s1691-111
SSSB,s1070-111
SSBU,s154-111
SSEV,s971-111
SSEG,s1759-111
SSHR,s3891-111
SSAS,s1106-111
SSFI,s3710-111
SSFI,s3146-111
SSGA,s1064-111
SSCM,s1697-111
SSHR,s485-111
HSHM,s485-111
SSJU,s364-111
SSFI,s2305-111
SSBK,s566-111
SSCM,s1041-111
SSCM,s1454-111
SSFI,s1902-111
SSHR,s1543-111
SSFI,s3047-111
SSFI,s79-111
SSFI,s3211-111
SSHR,s3669-111
SSFI,s1213-111
SSAS,s1391-111
SSFR,s3197-111
SSVA,s1394-111
SSFI,s2574-111
SSFI,s812-111
SSVA,s1155-111
SSVA,s3162-111
SSJU,s2925-111
HSJU,s2925-111
HSWM,s2925-111
HSGO,s2925-111
HSBU,s2925-111
SSFI,s350-111
SSEV,s308-111
SSFI,s1521-111
SSFI,s632-111
SSHR,s442-111
SSGA,s3480-111
HSHM,s3480-111
SSBU,s1600-111
SSGA,s2872-111
SSCM,s1496-111
SSHR,s1010-111
SSEV,s3862-111
SSCM,s2856-111
SSFI,s2435-111
SLIA,s3752-111
SSGA,s3236-111
HSBA,s4036-111
SSCM,s3345-111
SSJU,s1347-111
SSJU,s1132-111
HSJU,s1132-111
SSHR,s2860-111
SSCM,s3525-111
SSFI,s3725-111
SSBK,s1379-111
SSHR,s2733-111
SSFI,s2635-111
SSGA,s924-111
SSAS,s644-111
SSEG,s2722-111
SSFI,s2252-111
SSEG,s563-111
SSFI,s1089-111
SSFI,s2487-111
SSJU,s3031-111
SSEG,s2891-111
SSEV,s732-111
SSFI,s2608-111
SSJU,s220-111
SSFI,s1043-111
SSFI,s2592-111
SSHR,s3857-111
SSAP,s1406-111
SSJU,s3467-111
HSHM,s3467-111
SSCM,s788-111
SSGA,s3826-111
SSFI,s979-111
SSFI,s2603-111
SSHR,s1586-111
SSSB,s3399-111
SSVA,s597-111
SSAF,s447-111
SSAP,s3635-111
SSFI,s1673-111
SSFR,s1716-111
SLIA,s797-111
SSJU,s678-111
SSEV,s3633-111
SSFI,s1968-111
SSFI,s1130-111
SSEG,s3521-111
SSHR,s3011-111
SSFI,s1781-111
SSHR,s938-111
SSHR,s1714-111
SSHR,s545-111
SSCM,s3048-111
SSFI,s3691-111
SSFI,s2158-111
SSCM,s1308-111
SSGA,s2868-111
HSGO,s2868-111
SSJU,s657-111
SSFI,s2528-111
SSHR,s811-111
SSFI,s3590-111
SSGA,s474-111
SSFR,s3210-111
SSEG,s745-111
SSHR,s1652-111
SSGA,s1649-111
HSHM,s1649-111
SSSB,s3228-111
SSFI,s1447-111
SSFI,s2649-111
SSFI,s1019-111
SSFI,s2997-111
SSAS,s3280-111
SSJU,s136-111
SSFI,s426-111
SSFI,s2420-111
SSEG,s871-111
SSJU,s1338-111
HSJU,s1338-111
SSFI,s296-111
SSJU,s1292-111
SSEG,s134-111
SSEG,s598-111
SSHR,s1565-111
SSHR,s3043-111
SSRA,s1125-111
SSAS,s262-111
SSHR,s3971-111
SSHR,s2898-111
SSAS,s1599-111
SSJU,s1599-111
HSJU,s1599-111
SSHR,s750-111
SSFI,s2497-111
SSHR,s3758-111
SSFI,s2837-111
SLIA,s965-111
SSAF,s1343-111
SSJU,s1370-111
SSCM,s3304-111
SSFI,s2639-111
SSHR,s3223-111
SSHR,s1315-111
SSAF,s666-111
SSFI,s492-111
SSHR,s1503-111
SSBU,s2853-111
SSBK,s786-111
SSFI,s1597-111
SSGA,s3267-111
HSHM,s3267-111
SSVA,s1556-111
SSHR,s1197-111
SSEV,s1701-111
SSEV,s3514-111
SSAS,s731-111
SSFI,s2179-111
SSFR,s3722-111
SSFI,s950-111
SSFI,s3958-111
SSHR,s1345-111
SSEV,s3861-111
SSFI,s2431-111
SSFI,s2590-111
SSFI,s3754-111
SSFI,s1029-111
SSEV,s1622-111
SSHR,s1142-111
SSHR,s93-111
SSCM,s3042-111
SSJU,s1359-111
SSHR,s925-111
SSJU,s3804-111
SSCM,s1609-111
HSII,s1609-111
SSEG,s1134-111
SSHR,s3281-111
SSJU,s3941-111
SSGA,s707-111
SSBU,s640-111
SSFI,s56-111
SSEG,s3443-111
SSHR,s4044-111
SSVA,s1779-111
SSFI,s3413-111
SSFI,s2680-111
SSEG,s433-111
SSEG,s1787-111
SSFI,s2154-111
SSEG,s737-111
SSFI,s3653-111
SSFI,s2231-111
SSFI,s3716-111
SSVA,s3370-111
SSFI,s2641-111
SSFI,s1640-111
SSHR,s726-111
SSFI,s2262-111
SSFI,s3440-111
SSVA,s3860-111
HSVR,s3860-111
SSEG,s199-111
SSJU,s3224-111
SSFI,s2577-111
SSFI,s3166-111
SSFI,s3520-111
SSBK,s117-111
SSFR,s428-111
SSBK,s2756-111
SSFI,s2082-111
SLIA,s443-111
SSHR,s609-111
SSAP,s336-111
SSHR,s844-111
SSJU,s3522-111
SSFI,s3275-111
SSEV,s529-111
SSFI,s3681-111
SSGA,s1069-111
SSBK,s2897-111
SSFI,s3062-111
SSFI,s1620-111
SSFI,s490-111
SSFI,s438-111
SSFI,s1236-111
SSBK,s131-111
SSAS,s3477-111
SSHR,s3852-111
SSHR,s1580-111
SSHR,s1239-111
SSFI,s740-111
SSBK,s891-111
SSJU,s3113-111
SSJU,s3702-111
SSFI,s3232-111
SSHR,s1176-111
SSEG,s1442-111
SSHR,s3720-111
SSEG,s1138-111
SSHR,s1628-111
SSRA,s528-111
SSFI,s2829-111
SSVA,s3082-111
SSAS,s642-111
SSFI,s1997-111
SSRA,s3300-111
SSSB,s1615-111
SSEG,s359-111
SSHR,s3960-111
SSHR,s456-111
SSJU,s641-111
SSJU,s628-111
SSCM,s952-111
SSVA,s734-111
SSCM,s3395-111
SSFI,s1970-111
SSFI,s2693-111
SSBK,s1731-111
HSBA,s1677-111
SSJU,s436-111
SSJU,s2736-111
SSHR,s621-111
SSJU,s1670-111
SSCM,s858-111
SSHR,s3968-111
SSFI,s3601-111
SSVA,s3352-111
SSFI,s3067-111
SSEV,s2811-111
SSFI,s1942-111
SSCM,s418-111
SSCM,s3045-111
SSFI,s1924-111
SSBK,s927-111
SSJU,s1725-111
SSFI,s1669-111
SLIA,s1105-111
SSBK,s664-111
SSHR,s3683-111
SSFI,s2240-111
SLIA,s3290-111
SSBK,s3637-111
SSJU,s2757-111
SSCM,s3884-111
SSEG,s3343-111
SSBU,s3108-111
SSJU,s3135-111
SSEV,s527-111
SSSB,s1229-111
SSFI,s2465-111
SSHR,s682-111
SSAS,s3425-111
SSGA,s3341-111
SSJU,s28-111
SSFI,s3551-111
SSHR,s1028-111
SSEG,s1713-111
SSCM,s1210-111
SSFI,s307-111
SSJU,s128-111
SSFI,s1974-111
SSAP,s1432-111
SSHR,s3775-111
SSGA,s507-111
SSHR,s1523-111
SSVA,s3367-111
SSFI,s1961-111
SSJU,s331-111
SSGA,s942-111
HSGO,s942-111
HSAS,s942-111
SSHR,s1445-111
SSFI,s1915-111
SSVA,s3356-111
SSHR,s113-111
SSJU,s141-111
HSHM,s141-111
SSFI,s2360-111
SSEG,s3820-111
SSEG,s1721-111
SSFI,s3014-111
SSFI,s2473-111
SSFI,s2624-111
SSSB,s2986-111
SSFI,s1295-111
SSFI,s1808-111
SSFI,s3349-111
SSJU,s3842-111
SSFI,s52-111
SSCM,s1193-111
SSHR,s1101-111
SSCM,s3756-111
SSEG,s1013-111
SSEG,s881-111
SSEG,s2818-111
SSFI,s2395-111
SSFI,s1402-111
SSFI,s2105-111
SSFI,s567-111
SSEV,s3622-111
SSHR,s3595-111
SSFI,s2883-111
SSAS,s476-111
SSBU,s1056-111
SSFI,s3664-111
SSJU,s3462-111
SSHR,s1584-111
SSFI,s3580-111
SSAF,s3129-111
SSHR,s756-111
SSFI,s1674-111
SSJU,s1618-111
SSFI,s2046-111
SSFI,s3596-111
SSFI,s271-111
SSEV,s1266-111
SSCM,s1199-111
SSHR,s643-111
SSFR,s2971-111
SSFI,s491-111
SSFR,s1458-111
SSSB,s1817-111
SSFI,s2422-111
SSHR,s1577-111
SSFI,s2826-111
SSFI,s214-111
SSVA,s402-111
SSHR,s242-111
SSVA,s1607-111
SLIA,s3471-111
SSEG,s2999-111
SSHR,s2781-111
HSIF,s2781-111
HSED,s2781-111
SSEV,s1214-111
SSVA,s1467-111
SSHR,s1025-111
SSJU,s1653-111
SSHR,s3357-111
SSCM,s817-111
SSFI,s26-111
SSEG,s3516-111
SSFI,s3170-111
SSHR,s3415-111
SSFI,s35-111
SSHR,s510-111
HSHM,s510-111
SSAF,s1225-111
SSJU,s650-111
SSGA,s629-111
SSHR,s21-111
SSAF,s1693-111
SSAP,s3761-111
SSFI,s2899-111
SSFI,s1511-111
SSFI,s3315-111
SSFI,s1201-111
SSFI,s2325-111
SSFI,s2288-111
SSBU,s3652-111
SSGA,s2793-111
HSHM,s2793-111
SSJU,s139-111
SSEG,s1502-111
SSFI,s1486-111
SSFI,s266-111
SSJU,s515-111
SSHR,s3883-111
SSJU,s403-111
SSFI,s2520-111
SSFI,s3262-111
SSSB,s3165-111
SSAP,s3636-111
SSFI,s1897-111
SSJU,s1147-111
SSFI,s2011-111
SSJU,s123-111
SSBK,s344-111
SSFI,s1706-111
SSHR,s981-111
SSHR,s259-111
SSJU,s257-111
SSJU,s1684-111
SSFR,s4011-111
SSHR,s538-111
SSFI,s2715-111
SSEV,s309-111
SSCM,s3536-111
SSJU,s299-111
SSFI,s253-111
SSBK,s73-111
SSFI,s1091-111
SSEG,s1097-111
SSJU,s203-111
SSEG,s1672-111
SSFI,s506-111
SSFI,s2404-111
SSFI,s3578-111
SSBK,s951-111
SSHR,s3832-111
SSEG,s1856-111
SSHR,s1305-111
SSCM,s348-111
SSAF,s1500-111
SSFI,s3823-111
SSEG,s32-111
SSFI,s54-111
SSEG,s3303-111
SSFI,s3618-111
SSFI,s306-111
SSHR,s1793-111
SSJU,s200-111
SSEG,s625-111
SSJU,s205-111
HSHM,s205-111
SSFI,s2181-111
SSFI,s2063-111
SSHR,s501-111
SSEV,s933-111
SSJU,s1145-111
SSFI,s1612-111
SSFI,s1279-111
SSEV,s3025-111
SSJU,s578-111
SSGA,s160-111
SSFI,s1824-111
SSSB,s1196-111
SSJU,s931-111
SSHR,s3206-111
SSJU,s1526-111
SSCM,s695-111
SSFI,s3591-111
SSFR,s416-111
SSFI,s2042-111
SSFI,s1989-111
SSEG,s3746-111
SSHR,s819-111
SSJU,s4054-111
SSFI,s2275-111
SSJU,s204-111
SSEG,s874-111
SSSB,s1489-111
SSFI,s382-111
SSFI,s958-111
SSGA,s1755-111
HSIF,s1755-111
SSAS,s1390-111
SSHR,s2915-111
SSFI,s2065-111
SSGA,s3227-111
SSEV,s3119-111
SSEG,s190-111
SSGA,s2902-111
HSGO,s2902-111
SSFI,s2090-111
SSEV,s591-111
SSFI,s2526-111
SSHR,s324-111
SSVA,s347-111
SSHR,s240-111
SSFI,s2228-111
SSAF,s972-111
SSHR,s681-111
HSED,s681-111
SSCM,s596-111
SSGA,s3335-111
SSAP,s3615-111
SSFI,s1907-111
SSCM,s1451-111
SSFI,s2282-111
SSEG,s452-111
SSEV,s3995-111
SSEV,s2995-111
SSFI,s1842-111
SSFI,s2518-111
SSHR,s3220-111
SSFI,s2970-111
SSFI,s2222-111
SSFI,s2695-111
SSCM,s3624-111
SSFI,s3502-111
SSFI,s2686-111
SSEG,s472-111
SSFI,s2992-111
SSFI,s2877-111
SSJU,s3675-111
SSEG,s661-111
SSFI,s712-111
SSEV,s3403-111
SSFI,s700-111
SSCM,s2825-111
SSFI,s2445-111
SSFI,s1983-111
SSCM,s62-111
SSFR,s1438-111
SSVA,s1493-111
SSFI,s1657-111
SSEV,s2913-111
SSVA,s2769-111
SSFI,s1303-111
SSCM,s3302-111
SSEG,s3294-111
SSGA,s736-111
HSGO,s736-111
SSHR,s1730-111
SSFI,s2120-111
SSFI,s1604-111
SSFI,s2667-111
SSAP,s1436-111
SSJU,s132-111
SSBK,s1074-111
SSEG,s1574-111
SSEG,s3822-111
SSEG,s3565-111
SSFI,s2326-111
SSFR,s91-111
SSHR,s749-111
SSFI,s2873-111
SSFI,s551-111
SSAS,s944-111
SSFI,s2091-111
SSCM,s1744-111
SSBK,s89-111
SSHR,s3298-111
SSJU,s564-111
SSFI,s3617-111
SSFI,s391-111
HSHA,s620-111
HSGO,s620-111
SSHR,s1857-111
SSJU,s832-111
SSFI,s2394-111
SSCM,s723-111
SSCM,s3478-111
SSCM,s1255-111
SSJU,s1346-111
SSEV,s3055-111
SSCM,s1135-111
SSHR,s3242-111
SSHR,s3739-111
SSJU,s3546-111
SSFI,s2077-111
SSCM,s3843-111
SSFI,s2355-111
SSFI,s282-111
SSFI,s2480-111
SSCM,s3603-111
SSHR,s3768-111
SSJU,s1332-111
SSVA,s1866-111
SSBK,s3238-111
SSFI,s1934-111
SSBK,s431-111
SSHR,s269-111
SSHR,s984-111
SSBK,s3005-111
SSJU,s1329-111
SSEG,s1456-111
SSHR,s3821-111
SSHR,s3882-111
SSFI,s3044-111
SSFI,s1325-111
SSFI,s1917-111
SSFI,s2609-111
SSEG,s523-111
SSHR,s267-111
SSJU,s1843-111
SSFI,s3205-111
SSFI,s2171-111
SSCM,s3625-111
SSHR,s1614-111
SSGA,s3167-111
SSAF,s1682-111
SSFI,s2613-111
SSFI,s2958-111
SSFI,s23-111
SSAF,s1783-111
SSGA,s3243-111
HSHM,s3243-111
SSAP,s1298-111
SSFI,s3148-111
SSFI,s2477-111
SSHR,s497-111
SSHR,s2840-111
SSFI,s852-111
SSAF,s2819-111
SSEG,s3063-111
SSFI,s1811-111
SSFI,s3183-111
SSVA,s404-111
SSFI,s1935-111
SSFI,s1509-111
SSBK,s392-111
SSHR,s3751-111
SSFI,s2521-111
SSBK,s455-111
SSHR,s623-111
SSBK,s3700-111
SSFI,s3064-111
SSFI,s2962-111
SLIA,s1011-111
SSEG,s3409-111
SSFI,s2753-111
SSFI,s2586-111
SSFI,s2429-111
SSFI,s1446-111
SSEG,s1462-111
SSFI,s1326-111
SSCM,s300-111
SSHR,s244-111
SSHR,s1231-111
SSFI,s802-111
SSFI,s3125-111
SSGA,s615-111
HSFA,s615-111
HSAS,s615-111
SSFI,s1865-111
SSHR,s3770-111
SSFI,s2189-111
SSFI,s3336-111
SSFI,s2084-111
SSJU,s2786-111
SSFI,s2507-111
SSVA,s362-111
SSHR,s3877-111
SSFI,s534-111
SSJU,s1686-111
SSHR,s3142-111
SSFI,s2372-111
SSHR,s830-111
SSEG,s140-111
SSHR,s59-111
SSFI,s2402-111
SSVA,s1109-111
SSFI,s2414-111
SSFI,s3149-111
SSEG,s3532-111
SSBU,s3474-111
SSEG,s3917-111
SSAF,s223-111
SSFI,s2286-111
SSAS,s559-111
SSAS,s1072-111
SSHR,s98-111
SSHR,s3658-111
SSJU,s1365-111
SSCM,s588-111
HSHM,s588-111
SSEG,s2747-111
SSEG,s3488-111
SSBK,s1242-111
SSFI,s2458-111
SSBK,s3994-111
SSFI,s3164-111
SSFI,s2527-111
SSFI,s1491-111
SSGA,s372-111
HSHM,s372-111
SSFI,s2279-111
SSJU,s3518-111
SSFI,s1497-111
SSFI,s1501-111
SSFI,s3571-111
SSFI,s1377-111
SSVA,s977-111
SSVA,s1450-111
SSFI,s2766-111
SSFI,s2679-111
SSCM,s899-111
SSEV,s3864-111
SSEV,s1311-111
SSJU,s2888-111
SSBK,s541-111
SSAF,s2792-111
SSBK,s1695-111
SLIA,s1448-111
HSII,s1448-111
SSFI,s2418-111
SSFI,s2532-111
SSJU,s49-111
SSJU,s1435-111
SSJU,s1504-111
SSHR,s2734-111
SSHR,s1281-111
SSAF,s221-111
SSCM,s1820-111
SSHR,s1463-111
SSEV,s3322-111
SSEG,s1418-111
SSFI,s827-111
SSHR,s3469-111
SSCM,s3742-111
SSFI,s1941-111
SSFI,s74-111
SSFR,s837-111
SSEG,s3495-111
SSFI,s1923-111
SSJU,s2930-111
SLIA,s439-111
SLIA,s1635-111
SSHR,s1541-111
SSCM,s3490-111
SSFI,s1987-111
SSBK,s1389-111
SSFI,s1090-111
SSFI,s1079-111
SSFI,s1157-111
SSBK,s1007-111
SSFI,s1007-111
SSEG,s3682-111
SSFR,s3942-111
SSEV,s1498-111
SSCM,s3824-111
SSCM,s2775-111
SSFI,s1313-111
SSFI,s2842-111
SSEG,s3308-111
SSEG,s3929-111
SSFI,s2987-111
SSJU,s2944-111
HSHM,s2944-111
SSEV,s1666-111
SSFI,s1685-111
SSFI,s250-111
SSEG,s2812-111
SSBK,s3419-111
SSFI,s2296-111
SSFI,s2479-111
SSFI,s2224-111
SSBK,s3672-111
SSFI,s1859-111
SSEG,s1573-111
SSFI,s3334-111
SSHR,s3058-111
SSFI,s2078-111
SSFI,s1910-111
SSFI,s1300-111
SSCM,s739-111
SSEG,s3021-111
SSAP,s1434-111
SSCM,s2768-111
SSFI,s2672-111
SSHR,s319-111
SSCM,s1564-111
SSBU,s1613-111
SSEG,s3497-111
SSGA,s2890-111
SSFI,s1993-111
SSFI,s1631-111
SSBK,s3049-111
SSFI,s1066-111
SSHR,s1000-111
SSAS,s3361-111
SSHR,s890-111
SSCM,s3594-111
SSAS,s3909-111
SSCM,s848-111
SSFI,s3777-111
SSVA,s1785-111
SSHR,s755-111
SSFI,s1582-111
SSFI,s1423-111
SSFI,s2771-111
SSFI,s3215-111
SSVA,s3486-111
SSHR,s1020-111
SSBK,s3549-111
SSFI,s1634-111
SSGA,s1167-111
SSHR,s2934-111
SSEV,s1421-111
SSFI,s1569-111
SSBK,s84-111
SSEV,s3539-111
SSFI,s1341-111
SSFI,s2146-111
SSFI,s2597-111
SSFI,s2419-111
SSFI,s295-111
SSBK,s1619-111
SSCM,s25-111
SSFI,s687-111
SSAF,s3221-111
SSVA,s3314-111
SSBK,s3032-111
SSHR,s3078-111
SSFI,s71-111
SSGA,s1282-111
SSAF,s3307-111
HSED,s3307-111
HSBU,s3307-111
SSFI,s2032-111
SSHR,s1532-111
SSHR,s57-111
SSFI,s2851-111
SSRA,s3299-111
SSCM,s608-111
SSCM,s2745-111
SSHR,s45-111
SSBK,s1006-111
SSHR,s1143-111
SSFI,s2964-111
SSCM,s3116-111
SSGA,s303-111
HSGO,s303-111
SSAF,s3656-111
HSAG,s3656-111
SSJU,s1598-111
SSRA,s3655-111
SSFI,s2406-111
SSFI,s2208-111
SSFI,s3673-111
SSFI,s1943-111
SSBK,s961-111
SSCM,s212-111
SSFI,s274-111
SSEG,s2895-111
SSJU,s167-111
HSHM,s167-111
SSCM,s3566-111
SSFI,s2588-111
SSFI,s2485-111
SSEV,s1098-111
SSJU,s357-111
SSEG,s283-111
SSCM,s1538-111
SSHR,s1057-111
SSBK,s451-111
SSHR,s1810-111
SSFI,s2854-111
SSCM,s30-111
HSIF,s30-111
SSFI,s1864-111
SSEG,s1770-111
SSHR,s3254-111
SSJU,s4004-111
SSFI,s1882-111
SLIA,s2906-111
HSII,s2906-111
SSHR,s3696-111
SSAS,s3406-111
SSAF,s990-111
SSHR,s1149-111
SSEV,s3269-111
SSEG,s3482-111
SSFI,s3505-111
SSAP,s3676-111
SSFI,s511-111
SSHR,s1636-111
SSFI,s2265-111
SSSB,s3506-111
SSEG,s3131-111
SSFI,s276-111
SSAS,s1287-111
SSFI,s323-111
SSGA,s3719-111
SSFI,s1722-111
SSFI,s1896-111
SSVA,s3447-111
HSVR,s3447-111
HSAS,s3447-111
HSBU,s3447-111
SSJU,s3841-111
SSFI,s1380-111
SSCM,s1561-111
SSVA,s3875-111
SSEV,s575-111
SSJU,s3122-111
SSHR,s3117-111
SSFI,s1796-111
SSAF,s1480-111
SSCM,s3115-111
SSEV,s3372-111
SSEG,s995-111
SSEG,s2776-111
SSJU,s417-111
SSBK,s3015-111
SSFR,s3151-111
SSSB,s1831-111
SSJU,s4032-111
SSSB,s2770-111
SSHR,s1121-111
SSFI,s2674-111
SSEV,s373-111
SSEV,s785-111
SSFI,s1350-111
SSBK,s360-111
SSFI,s3533-111
SSFI,s1203-111
SSFI,s2978-111
SSEG,s1271-111
SSSB,s3835-111
SSGA,s674-111
SSRA,s3301-111
SSCM,s3620-111
SSJU,s415-111
SSSB,s3545-111
SSBK,s911-111
SSHR,s866-111
SSFI,s2584-111
SSFI,s3795-111
SSAP,s3800-111
SSFI,s3464-111
SSEG,s1241-111
SSFI,s2157-111
SSBU,s1200-111
SSJU,s2878-111
SSFI,s3090-111
SSHR,s733-111
SSHR,s1611-111
SSJU,s1219-111
SSFI,s138-111
SSJU,s1179-111
SSFI,s437-111
SSSB,s2731-111
SSCM,s3916-111
SSFI,s1900-111
SSFR,s1159-111
SSJU,s1549-111
SSEV,s1536-111
SSFI,s2298-111
SSEV,s1535-111
SSFI,s3838-111
SSSB,s3959-111
SSFI,s2677-111
SSGA,s572-111
SSEV,s1519-111
SSFI,s3946-111
SSFI,s3527-111
SSJU,s1578-111
SSFI,s997-111
SSCM,s2889-111
SSHR,s1339-111
SSFI,s316-111
SSJU,s397-111
SSEG,s1579-111
SSEG,s4031-111
SSVA,s1483-111
SSFI,s314-111
SSHR,s1932-111
SSHR,s2742-111
SSFI,s795-111
SSFI,s2417-111
SSEG,s191-111
SSFI,s2100-111
SSGA,s921-111
HSHM,s921-111
SSBK,s3245-111
SSEG,s3364-111
SSFI,s2690-111
SSEG,s635-111
SSCM,s639-111
SSFI,s2580-111
SSFI,s3103-111
SSGA,s3265-111
SSFI,s2370-111
SSFI,s3326-111
SSCM,s1515-111
SSEV,s1115-111
SSHR,s579-111
SSFI,s2489-111
SSFI,s2581-111
SSFI,s2291-111
SSVA,s1495-111
SSCM,s3512-111
SSFI,s1355-111
SSFI,s3788-111
SSEG,s2779-111
SSEG,s3396-111
SSJU,s3717-111
SSGA,s1261-111
SSEV,s3373-111
SSJU,s256-111
HSIF,s256-111
HSJU,s256-111
SLIA,s1703-111
SLIN,s1494-111
HSHM,s1494-111
SSHR,s1410-111
SSJU,s3327-111
SSFI,s1027-111
SSFI,s284-111
SSFI,s2306-111
SSFI,s2712-111
SSBK,s3247-111
SSFR,s3451-111
SSJU,s3081-111
SSFI,s2741-111
SSCM,s1252-111
SSFI,s1150-111
SSJU,s1409-111
SSFI,s2126-111
SSFI,s2147-111
SSEV,s3305-111
SSJU,s378-111
SSCM,s850-111
SSFI,s334-111
SSVA,s3368-111
SSEV,s1933-111
SSVA,s820-111
SSHR,s277-111
SSHR,s1050-111
SSEV,s3213-111
SSCM,s3268-111
SSHR,s281-111
SSFI,s3692-111
SSVA,s3355-111
SSAS,s590-111
SSFI,s1922-111
SSEG,s3079-111
SSBU,s3779-111
SSCM,s1482-111
SSFI,s1646-111
SSAS,s711-111
SSEG,s3660-111
SSEV,s3825-111
SSJU,s1726-111
SSHR,s1188-111
SSSB,s2869-111
SSAS,s4022-111
SLIA,s375-111
SSFI,s238-111
SSFI,s2576-111
SSBK,s776-111
SSBK,s3264-111
SSFI,s803-111
SSCM,s380-111
SSAF,s667-111
SSFI,s1004-111
SSFI,s1921-111
SSBK,s3098-111
SSEV,s3694-111
SSFI,s2783-111
SSEV,s655-111
SLIA,s530-111
SSBK,s2914-111
SSFI,s2317-111
SSFI,s2683-111
SSFI,s2178-111
SSHR,s1544-111
SSJU,s557-111
SSHR,s2909-111
SSFI,s2233-111
SSHR,s3199-111
SSAF,s1834-111
SSHR,s1299-111
SSHR,s1334-111
SSEG,s152-111
SSAF,s1398-111
SSFI,s1891-111
SSFI,s2371-111
SSEG,s3251-111
SSHR,s3897-111
SSHR,s1603-111
SSBK,s165-111
SSFI,s2044-111
SSFI,s143-111
SSBK,s400-111
SSCM,s3610-111
SSFI,s2057-111
SSGA,s3526-111
SSAS,s3846-111
SSFI,s1040-111
SSEV,s1702-111
SSFI,s1009-111
SSCM,s3181-111
SSGA,s317-111
SSHR,s401-111
SSCM,s592-111
SSEG,s1018-111
SSCM,s3483-111
SSVA,s543-111
SSEG,s2773-111
SSFI,s1218-111
SSJU,s1490-111
SSFI,s322-111
SSGA,s2129-111
SSEV,s2129-111
SSFI,s2088-111
SSBK,s521-111
SSEV,s1156-111
SSEG,s1246-111
SSFI,s243-111
SSFI,s701-111
SSAF,s4002-111
SSEG,s3185-111
SSJU,s126-111
SSEG,s3487-111
SSJU,s1516-111
SSHR,s92-111
SSAS,s2743-111
SSFI,s1982-111
SSFI,s1108-111
SSJU,s1383-111
SSEG,s522-111
SSVA,s3192-111
SSVA,s1302-111
SSEG,s1801-111
SSFI,s2102-111
SSAF,s2880-111
SSAF,s3070-111
SSFI,s966-111
SSCM,s3639-111
SSFI,s2145-111
SSFI,s3709-111
SSFI,s1256-111
SSFI,s2428-111
SSBK,s1658-111
SSFI,s2297-111
SSHR,s2942-111
SSJU,s2885-111
SSJU,s1039-111
SSHR,s1173-111
HSFA,hres556-112
HSRU,hres38-112
HSVR,hres636-112
HSFA,hres636-112
HSIF,hres152-112
HSWM,hres152-112
HSRU,hres48-112
HSFA,hres304-112
HSRU,hres82-112
HSRU,hres477-112
HSJU,hres729-112
HSIF,hres729-112
HSSY,hres104-112
HSED,hres781-112
HSRU,hres661-112
HSJU,hres532-112
HSVR,hres445-112
HSAG,hres760-112
HSRU,hres178-112
HSAS,hres106-112
HSED,hres385-112
HSIF,hres759-112
HSRU,hres142-112
HSRU,hres15-112
HSWM,hres103-112
HSRU,hres288-112
HSFA,hres270-112
HSRU,hres218-112
HSRU,hres189-112
HSPW,hres671-112
HSGO,hres489-112
HSRU,hres667-112
HSRU,hres9-112
HSIF,hres234-112
HSFA,hres507-112
HSBA,hres507-112
HSRU,hres143-112
HSRU,hres206-112
HSIF,hres295-112
HSRU,hres479-112
HSGO,hres645-112
HSFA,hres177-112
HSRU,hres72-112
HSIF,hres635-112
SSBK,s3069-111
SSBK,s3034-111
SSFI,s2094-111
SSFI,s2409-111
SSHR,s211-111
SSHR,s1460-111
SSHR,s994-111
SSFR,s1591-111
SSFI,s1585-111
SSEV,s2724-111
SSFI,s2149-111
SSHR,s2896-111
SSBK,s3258-111
SSFI,s1863-111
SSFI,s3845-111
SSEG,s1601-111
SSRA,s1415-111
SSEG,s940-111
SSEV,s2739-111
SSBK,s1547-111
SSVA,s1547-111
SSHR,s3114-111
SSHR,s1477-111
SLIA,s313-111
SSFI,s3705-111
SSVA,s663-111
SSHR,s2832-111
SSBK,s614-111
HSBA,s614-111
HSHA,s614-111
SSFI,s780-111
SSFI,s3576-111
SLIN,s3611-111
SSHR,s1269-111
SSHR,s558-111
SSFI,s1766-111
SSJU,s3111-111
HSGO,s3111-111
SSBK,s3642-111
SSFI,s394-111
SSBK,s1055-111
SSFI,s947-111
SSCM,s3110-111
SSCM,s3097-111
SSFI,s1973-111
SSFI,s366-111
SSFI,s1542-111
SSBK,s1799-111
SSFI,s1094-111
SSFR,s954-111
SSFI,s304-111
SSAP,s1407-111
SSBK,s1642-111
SSEG,s2798-111
SSFI,s2405-111
SSEG,s600-111
HSHM,s600-111
SSEV,s232-111
SSFI,s2557-111
SSJU,s603-111
SSVA,s252-111
SSHR,s305-111
SSAF,s1399-111
SSFI,s1994-111
SSGA,s1830-111
SSFI,s1919-111
SSEG,s184-111
SSFI,s1999-111
SSHR,s3390-111
SSEV,s3337-111
SSFI,s676-111
SSAS,s3371-111
SSFI,s2053-111
SSEG,s637-111
SSAP,s3721-111
SSHR,s413-111
SSVA,s3801-111
SSEV,s1095-111
SSCM,s3068-111
SSHR,s1775-111
SSFI,s3708-111
SSFI,s1063-111
SSFI,s1408-111
SSFI,s53-111
SSFI,s457-111
SSJU,s1212-111
SSFI,s1522-111
SSCM,s3528-111
SSFI,s2005-111
SSJU,s419-111
SSEG,s853-111
SSFI,s2235-111
SSCM,s1284-111
SSEV,s1777-111
SSFI,s434-111
SSCM,s3523-111
SSFI,s330-111
SSRA,s752-111
SSVA,s3286-111
SSFI,s2610-111
SSGA,s3174-111
SSBK,s1833-111
SSFI,s1823-111
SSAF,s3124-111
SSHR,s268-111
SSFI,s3582-111
SSVA,s509-111
HSVR,s509-111
SSBK,s1363-111
SSHR,s1374-111
SSEG,s40-111
SSRA,s3295-111
SSFI,s975-111
SSGA,s1102-111
SSFI,s2277-111
SLIN,s385-111
HSHM,s385-111
SSFI,s770-111
SSBK,s2787-111
SSFI,s2234-111
SSHR,s2858-111
SSVA,s514-111
SSCM,s213-111
SSHR,s487-111
SSFI,s2816-111
SSGA,s3659-111
SSJU,s3707-111
SSFI,s294-111
SSHR,s3157-111
SSCM,s1162-111
SSEG,s721-111
SSFI,s1030-111
SSCM,s3755-111
SSJU,s1749-111
HSJU,s1749-111
SSJU,s61-111
SSFR,s962-111
SSAF,s3050-111
SSHR,s1258-111
SSFR,s3104-111
SSFI,s2676-111
SSFI,s2117-111
SSEG,s1750-111
SSFI,s2822-111
SSEV,s3362-111
SSEG,s19-111
SSEV,s696-111
SSJU,s941-111
SSBK,s582-111
SSBK,s928-111
SSHR,s586-111
SSFI,s2687-111
SSEV,s3381-111
SSFI,s3634-111
SSBK,s133-111
SSAF,s889-111
SSFI,s3434-111
SSJU,s3651-111
SSFI,s2499-111
SSEV,s237-111
SSFI,s3915-111
SSFI,s2857-111
SSEG,s290-111
SSHR,s3914-111
SSGA,s3831-111
SSFI,s2425-111
SSBK,s1401-111
SSVA,s3348-111
SSFI,s3543-111
SSEG,s3460-111
SSHR,s3441-111
SSJU,s1368-111
SSEV,s884-111
SSFI,s2694-111
SLIA,s3246-111
SSBK,s453-111
SSFI,s2616-111
SSBK,s176-111
SSFI,s2343-111
SSHR,s540-111
SSFI,s2675-111
SSFI,s2238-111
SSFI,s1925-111
SSFI,s2098-111
SSHR,s4035-111
SSFI,s683-111
SSEV,s3553-111
SSHR,s904-111
SSAF,s3040-111
SSFI,s3420-111
SSFI,s1058-111
SSHR,s11-111
SSFI,s2308-111
SSAF,s3102-111
SSAF,s3102-111
SSFI,s1911-111
SSCM,s915-111
SSCM,s3685-111
SSHR,s2828-111
SSBK,s1073-111
SSCM,s1694-111
HSIF,s1694-111
SSEV,s3873-111
SLIA,s708-111
SSAP,s3799-111
SSFR,s2727-111
SSHR,s3840-111
SSCM,s1476-111
SSFI,s318-111
SSFI,s2691-111
SSFI,s2530-111
HSRU,hres300-112
HSWM,hres475-112
HSIF,hres475-112
HSED,hres475-112
HSJU,hres475-112
HSII,hres475-112
HSHA,hres475-112
HSRU,hres475-112
HSAP,hres475-112
HSFA,hres730-112
HSJU,hres730-112
HSIF,hres83-112
HSIF,hres98-112
HSBA,hres426-112
HSAS,hres441-112
HSBU,hres441-112
HSRU,hres419-112
HSHA,hres228-112
HSRU,hres778-112
HSIF,hres530-112
HSIF,hres835-112
HSFA,hres835-112
HSED,hres319-112
HSSY,hres319-112
HSBU,hres733-112
HSWM,hres733-112
HSIF,hres733-112
HSAS,hres733-112
HSPW,hres733-112
HSED,hres733-112
HSIF,hres672-112
HSRU,hres614-112
HSIF,hres162-112
HSSY,hres162-112
HSRU,hres572-112
HSFA,hres686-112
HSRU,hres706-112
HSFA,hres734-112
HSRU,hres399-112
HSSM,hres793-112
HSAG,hres564-112
HSED,hres227-112
HSRU,hres491-112
HSED,hres415-112
HSBA,hres586-112
HSFA,hres586-112
HSRU,hres269-112
HSJU,hres490-112
HSFA,hres180-112
HSRU,hres111-112
HSRU,hres453-112
HSRU,hres276-112
HSRU,hres92-112
HSGO,hres811-112
HSED,hres662-112
HSJU,hres662-112
HSHA,hres727-112
HSRU,hres316-112
HSGO,hres351-112
HSIF,hres351-112
HSWM,hres25-112
HSRU,hres425-112
HSFA,hres813-112
HSFA,hres663-112
HSFA,hres526-112
HSRU,hres310-112
HSRU,hres237-112
HSRU,hres170-112
HSIF,hres175-112
HSJU,hres175-112
HSFA,hres568-112
HSFA,hres306-112
HSFA,hres506-112
HSGO,hres758-112
HSFA,hres34-112
HSGO,hres454-112
HSED,hres153-112
HSED,hres133-112
HSHM,hres28-112
HSRU,hres841-112
HSRU,hres26-112
HSII,hres44-112
HSRU,hres384-112
HSRU,hres30-112
HSPW,hres592-112
HSFA,hres429-112
HSRU,hres591-112
HSWM,hres501-112
HSIF,hres501-112
HSHA,hres501-112
HSPW,hres501-112
HSIF,hres267-112
HSWM,hres267-112
HSFA,hres57-112
HSED,hres386-112
HSGO,hres117-112
HSFA,hres834-112
HSSY,hres638-112
HSPW,hres239-112
HSRU,hres691-112
HSRU,hres448-112
HSWM,hres805-112
HSJU,hres646-112
HSFA,hres628-112
HSRU,hres203-112
HSGO,hres137-112
HSSY,hres91-112
HSWM,hres266-112
HSFA,hres20-112
HSIF,hres343-112
HSJU,hres343-112
HSRU,hres430-112
HSRU,hres533-112
HSFA,hres148-112
HSJU,hres148-112
HSIF,hjres37-112
HSJU,hjres100-112
HSFA,hjres83-112
HSAP,hjres117-112
HSBU,hjres117-112
HSJU,hjres110-112
HSWM,hjres112-112
HSJU,hjres56-112
HSJU,hjres88-112
HSWM,hjres108-112
HSJU,hjres3-112
HSJU,hjres41-112
HSJU,hjres45-112
HSJU,hjres1-112
HSJU,hjres11-112
HSJU,hjres47-112
HSED,hjres103-112
HSJU,hjres90-112
HSJU,hjres34-112
HSIF,hjres58-112
HSHA,hjres38-112
HSJU,hjres2-112
HSJU,hjres2-112
HSJU,hjres17-112
HSIF,hjres59-112
HSJU,hjres106-112
HSJU,hjres81-112
HSJU,hjres62-112
HSIF,hjres19-112
HSJU,hjres13-112
HSAP,hjres79-112
HSBU,hjres79-112
HSWM,hjres79-112
HSFA,sconres25-112
SSFR,sconres12-112
SSBU,sconres19-112
SSAS,sconres13-112
HSAS,sconres13-112
HSVR,sconres13-112
SSVA,sconres4-112
HSVR,sconres4-112
HSAS,sconres4-112
SSFR,sconres15-112
HSFA,sconres15-112
SSBU,sconres52-112
SSFR,sconres47-112
SSCM,sconres7-112
SSBU,sconres21-112
SSFI,sconres61-112
SSFI,sconres62-112
SSFR,sconres50-112
SSBU,sconres37-112
SSBU,sconres18-112
SSCM,s1627-111
SSFI,s929-111
SSGA,s412-111
HSHM,s412-111
SSFI,s2642-111
SSAF,s425-111
SSBK,s808-111
SSFI,s1605-111
SSFI,s2984-111
SSCM,s1076-111
SSBK,s64-111
SSEG,s1080-111
SSFI,s2307-111
SSFI,s233-111
SSFI,s2444-111
SSFI,s3738-111
SSHR,s957-111
SSEV,s3598-111
SSHR,s3182-111
SSCM,s3605-111
SSFI,s286-111
SSAF,s2749-111
SSFI,s47-111
SSEG,s1651-111
SSEV,s3374-111
SSHR,s1003-111
SSBK,s3217-111
SSAS,s1392-111
SSCM,s1209-111
SSEV,s3561-111
SSHR,s310-111
SSFI,s279-111
SSEG,s137-111
SSCM,s2879-111
SSFI,s142-111
SSFI,s29-111
SSVA,s1752-111
SSFI,s1484-111
SSCM,s3027-111
SSFI,s264-111
SSEG,s816-111
SSEG,s3923-111
SSHR,s2796-111
SSFI,s1478-111
SSHR,s660-111
SSHR,s3859-111
SSJU,s4005-111
HSJU,s4005-111
SSAS,s291-111
SSFI,s2153-111
SSFI,s1082-111
SSBK,s710-111
SSGA,s3332-111
SLIN,s248-111
SSHR,s3320-111
SSCM,s1836-111
SSEV,s1816-111
SLIA,s1790-111
SSFI,s1364-111
SSFI,s3948-111
SSBK,s3579-111
SSGA,s713-111
HSPW,s713-111
SSHR,s1626-111
SSVA,s669-111
SSHR,s1720-111
SSHR,s3260-111
SSFI,s3231-111
SSGA,s806-111
HSGO,s806-111
SSGA,s1386-111
SSHR,s717-111
SSJU,s327-111
SSHR,s767-111
HSIF,hr4255-112
HSSY,hr4255-112
HSHA,hr672-112
HSSY,hr672-112
HSWM,hr2590-112
HSPW,hr2590-112
HSVR,hr2590-112
HSIF,hr96-112
HSAS,hr2683-112
HSPW,hr717-112
HSJU,hr196-112
HSBU,hr196-112
HSWM,hr6427-112
HSED,hr6427-112
HSIF,hr4262-112
HSIF,hr6533-112
HSED,hr6533-112
HSPW,hr1762-112
HSII,hr1762-112
HSIF,hr1762-112
HSIF,hr3208-112
HSWM,hr4800-112
HSVR,hr3277-112
HSWM,hr4803-112
HSII,hr4311-112
HSAG,hr2856-112
HSWM,hr219-112
HLIG,hr3523-112
SLIN,hr3523-112
HSWM,hr2071-112
HSWM,hr4926-112
HSWM,hr1398-112
HSJU,hr1946-112
HSED,hr1164-112
HSJU,hr1164-112
HSWM,hr4450-112
HSWM,hr5531-112
HSPW,hr2609-112
HSWM,hr3394-112
HSED,hr2153-112
HSII,hr4033-112
HSWM,hr29-112
HSWM,hr4671-112
HSBA,hr6694-112
HSBA,hr5817-112
SSBK,hr5817-112
HSWM,hr5249-112
HSGO,hr3591-112
HSJU,hr3591-112
HSJU,hr2638-112
HSWM,hr21-112
HSGO,hr2061-112
SSGA,hr2061-112
HSIF,hr2890-112
HSPW,hr2890-112
HSHA,hr1402-112
HSPW,hr4337-112
HSAG,hr4337-112
HSVR,hr1460-112
HSIF,hr3310-112
SSCM,hr3310-112
HSIF,hr1562-112
HSED,hr3829-112
HSWM,hr5203-112
HSIF,hr3859-112
HSWM,hr3859-112
HSBA,hr2517-112
HSWM,hr2945-112
HSVR,hr1627-112
HSAS,hr1627-112
SSVA,hr1627-112
HSWM,hr3936-112
HSII,hr4122-112
HSBA,hr1112-112
HSWM,hr6410-112
HSWM,hr6530-112
HSFA,hr6530-112
HSJU,hr6530-112
HSIF,hr6530-112
HSIF,hr999-112
HSWM,hr999-112
HSWM,hr5379-112
HSBA,hr3530-112
HSIF,hr4247-112
HSAG,hr3553-112
HSIF,hr3553-112
HSWM,hr5094-112
HSWM,hr4898-112
HSWM,hr4392-112
HSWM,hr4994-112
HSBA,hr2603-112
HSPW,hr6249-112
HSWM,hr6249-112
HSSY,hr6249-112
HSBA,hr6613-112
HSAG,hr6613-112
HSII,hr1972-112
HSWM,hr5017-112
HSJU,hr577-112
HSJU,hr1056-112
HSPW,hr1122-112
HSIF,hr432-112
HSPW,hr4342-112
HSWM,hr4342-112
HSWM,hr4744-112
HSED,hr5789-112
HSWM,hr5700-112
HSSY,hr2090-112
HSII,hr2090-112
HSIF,hr2090-112
HSAS,hr1832-112
HSVR,hr1832-112
HSIF,hr2123-112
HSWM,hr2123-112
HSPW,hr4353-112
HSAG,hr3465-112
HSII,hr3465-112
HSII,hr3388-112
SSEG,hr3388-112
HSSM,hr6504-112
HSPW,hr662-112
HSWM,hr662-112
HSII,hr662-112
HSBU,hr662-112
HSWM,hr4464-112
HSIF,hr908-112
HSHM,hr908-112
HSFA,hr2283-112
HSAS,hr2283-112
HSPW,hres635-112
HSAG,hres635-112
HSSY,hres635-112
HSIF,hres531-112
HSGO,hres790-112
HSFA,hres268-112
HSRU,hres747-112
HSRU,hres307-112
HSII,hres140-112
HSRU,hres230-112
HSFA,hres47-112
HSFA,hres292-112
HSAS,hres292-112
HSRU,hres844-112
HSFA,hres134-112
HSRU,hres363-112
HSWM,hres666-112
HSIF,hres666-112
HSWM,hres86-112
HSRU,hres129-112
HSJU,hres95-112
HSRU,hres547-112
HSRU,hres79-112
HSFA,hres704-112
HSHA,hres120-112
HSED,hres23-112
HSED,hres602-112
HSGO,hres657-112
HSWM,hres657-112
HSRU,hres320-112
HSFA,hres394-112
HSHA,hres112-112
HSFA,hres745-112
HSWM,hres745-112
HSFA,hres812-112
HSJU,hres731-112
HSHA,hres562-112
HSED,hres378-112
HSJU,hres651-112
HSRU,hres717-112
HSSM,hres468-112
HSJU,hres282-112
HSHA,hres397-112
HSIF,hres339-112
HSED,hres260-112
HSHM,hres255-112
HSED,hres195-112
HSFA,hres317-112
HSAG,hres309-112
HSII,hres309-112
HSJU,hres60-112
HSFA,hres60-112
HSFA,hres676-112
HSRU,hres219-112
HSRU,hres43-112
HSRU,hres697-112
HSFA,hres232-112
HSJU,hres683-112
HSRU,hres223-112
HSJU,hres668-112
HSRU,hres392-112
HSRU,hres619-112
HSFA,hres376-112
HSRU,hres502-112
HSJU,hjres30-112
HSIF,hjres21-112
HSJU,hjres82-112
HSFA,hjres68-112
HSAS,hjres68-112
HSAP,hjres43-112
HSJU,hjres20-112
HSIF,hjres9-112
HSJU,hjres71-112
HSJU,hjres104-112
HSJU,hjres78-112
HSPW,hjres91-112
HSAP,hjres48-112
HSJU,hjres27-112
HSWM,hjres66-112
HSJU,hjres25-112
HSWM,hjres118-112
HSED,hjres118-112
HSJU,hjres57-112
HSED,hjres115-112
HSJU,hjres72-112
HSJU,hjres111-112
HSJU,hjres54-112
HSJU,hjres69-112
HSIF,hjres42-112
HSJU,hjres97-112
HSJU,hjres102-112
HSFA,hjres80-112
HSJU,hjres86-112
HSJU,hjres8-112
HSJU,hjres22-112
HSWM,hjres98-112
HSJU,hjres5-112
HSJU,hjres107-112
HSJU,hjres75-112
HSAP,hjres44-112
HSBU,hjres44-112
HSJU,hjres92-112
SSJU,sres238-112
SSJU,sres286-112
SSJU,sres115-112
SSAS,sres96-112
SSHR,sres493-112
SSFR,sres601-112
SSHR,sres144-112
SSRA,sres116-112
SSEV,sres119-112
SSRA,sres93-112
SSHR,sres95-112
SSFR,sres424-112
SSFR,sres446-112
SSFR,sres454-112
SSFR,sres392-112
SSJU,sres436-112
SSJU,sres256-112
SSJU,sres297-112
SSJU,sres572-112
SSFR,sres346-112
SSFR,sres429-112
SSFR,sres494-112
SSFR,sres385-112
SSFR,sres399-112
SSFI,sres88-112
SSFR,sres196-112
SSHR,sres199-112
SSFR,sres99-112
SSJU,sres100-112
SSJU,sres573-112
SSFR,sres457-112
SSCM,sres558-112
SSHR,sres172-112
SSFI,sres20-112
SSJU,sres104-112
SSFR,sres466-112
SSFR,sres516-112
SSEV,sres132-112
SSJU,sres201-112
SSCM,sres487-112
SSRA,sres19-112
SSFR,sres80-112
SSFR,sres613-112
SSFR,sres380-112
SSFR,sres185-112
SSAF,sres113-112
SSFR,sres473-112
SSHR,sres347-112
HSVR,hconres12-112
HSAS,hconres12-112
HSFA,hconres65-112
HSBU,hconres113-112
HSBU,hconres37-112
HSGO,hconres7-112
HSAP,hconres36-112
HSHA,hconres36-112
HSAP,hconres35-112
HSHA,hconres35-112
HSWM,hconres101-112
HSHA,hconres125-112
HSJU,hconres29-112
HSHM,hconres29-112
HSWM,hconres142-112
HSIF,hr6551-112
HSWM,hr3083-112
HSJU,hr3083-112
HSBU,hr3083-112
HSHM,hr3608-112
HSBA,hr3503-112
HSWM,hr2645-112
HSIF,hr2645-112
HSIF,hr4384-112
HSHA,hr2540-112
HSJU,hr2540-112
HSAG,hr1275-112
HSWM,hr4105-112
HSHA,hr297-112
HSED,hr1199-112
HSWM,hr5492-112
HSWM,hr6232-112
HSIF,hr6232-112
HSAS,hr4103-112
HSPW,hr929-112
HSIF,hr2729-112
HSWM,hr5660-112
HSWM,hr6064-112
HSII,hr6064-112
HSIF,hr6064-112
HSSY,hr6064-112
HSED,hr6064-112
HSPW,hr6064-112
HSIF,hr894-112
HSWM,hr5759-112
HSJU,hr2701-112
HSII,hr5864-112
HSJU,hr5864-112
HSWM,hr5864-112
HSBU,hr5864-112
HSHA,hr6448-112
HSWM,hr6448-112
HSWM,hr4461-112
HSWM,hr5034-112
HSBA,hr3164-112
HSED,hr1817-112
HSWM,hr3782-112
HSJU,hr3782-112
HSIF,hr1037-112
HSIF,hr3629-112
HSWM,hr6616-112
HSFA,hr6616-112
HSFA,hr4405-112
HSJU,hr4405-112
HSBA,hr4405-112
HSIF,hr6672-112
HSVR,hr6672-112
HSAG,hr4333-112
HSWM,hr2058-112
HSAG,hr4331-112
HSII,hr4331-112
HSIF,hr3474-112
HSWM,hr3474-112
HSWM,hr4049-112
HSED,hr4049-112
HSWM,hr4445-112
HSII,hr281-112
HSWM,hr3506-112
HSIF,hr3506-112
HSWM,hr3946-112
HSAS,hr1019-112
HSGO,hr1019-112
HSGO,hr4237-112
HSII,hr306-112
SSEG,hr306-112
SSEV,hr306-112
HSIF,hr3315-112
HSWM,hr3315-112
HSIF,hr3450-112
HSPW,hr3450-112
HSAG,hr3450-112
HSJU,hr6691-112
HSIF,hr5711-112
HSBU,hr5711-112
HSJU,hr108-112
HSGO,hr108-112
HSHA,hr108-112
HSWM,hr1814-112
HSHA,hr1835-112
HSWM,hr3953-112
HSWM,hr3720-112
HSJU,hr3720-112
HSED,hr3720-112
HSBA,hr4367-112
HSJU,hr3977-112
HSWM,hr5530-112
HSPW,hr1269-112
HSJU,hr411-112
HSAS,hr303-112
HSVR,hr303-112
HSSM,hr6296-112
HSAP,hr5326-112
HSWM,hr6599-112
HSGO,hr1344-112
HSIF,hr2637-112
HSWM,hr4990-112
HSJU,hr6412-112
HSSM,hr3893-112
HSGO,hr3893-112
HSPW,hr3800-112
HSWM,hr3800-112
HSED,hr1482-112
HSPW,hr2839-112
HSAS,hr2839-112
HSWM,hr2632-112
HSWM,hr5458-112
HSED,hr637-112
HSAS,hr637-112
HSWM,hr5455-112
HSJU,hr6063-112
SSJU,hr6063-112
HSBA,hr284-112
HSWM,hr5609-112
HSGO,hr4365-112
SSGA,hr4365-112
HSJU,hr4116-112
HSRU,hr4116-112
HSBU,hr4116-112
HSGO,hr4116-112
HSWM,hr4509-112
HSED,hr2234-112
HSJU,hr1720-112
HSWM,hr4703-112
HSPW,hr1073-112
HSWM,hr5037-112
HSFA,hr4258-112
HSPW,hr1333-112
HSIF,hr1333-112
HSVR,hr2355-112
HSAS,hr2355-112
HSWM,hr5681-112
HSED,hr2598-112
HSAS,hr2312-112
HSSY,hr1536-112
HSHA,hr1536-112
HSIF,hr1746-112
HSWM,hr5192-112
HSAP,hr1255-112
HSGO,hr1255-112
HSHA,hr1255-112
HSBU,hr1255-112
HSWM,hr5539-112
HSIF,hr1733-112
HSJU,hr6339-112
HSPW,hr2993-112
HSIF,hr1366-112
HSBU,hr1366-112
HSIF,hr4971-112
HSWM,hr1663-112
HSWM,hr3360-112
HSWM,hr5506-112
HSIF,hr2119-112
HSJU,hr2119-112
HSPW,hr3145-112
HSWM,hr3145-112
HSWM,hr3427-112
HSBA,hr3427-112
HSSM,hr3427-112
HSAP,hr3427-112
HSWM,hr4564-112
HSHM,hr1507-112
HSAG,hr1507-112
HSII,hr1507-112
HSAS,hr1507-112
HSJU,hr1507-112
HSWM,hr1507-112
HSIF,hr1507-112
HSAP,hr1507-112
HSFA,hr1507-112
HSIF,hr6611-112
HSWM,hr6611-112
HSBA,hr3125-112
HSVR,hr240-112
HSWM,hr4872-112
HSIF,hr2104-112
HSWM,hr2104-112
HSIF,hr4292-112
HSWM,hr4676-112
HSJU,hr5838-112
HSBU,hr1602-112
HSJU,hr3547-112
HSIF,hr1394-112
HSAS,hr1394-112
HSVR,hr1394-112
HSII,hr441-112
SSEG,hr441-112
HSPW,hr1067-112
HSGO,hr2737-112
HSHM,hr5913-112
SSGA,hr5913-112
HSBA,hr3875-112
HSWM,hr2568-112
HSVR,hr1154-112
HSWM,hr53-112
HSWM,hr4508-112
HSWM,hr1576-112
HSIF,hr6155-112
HSGO,hr2158-112
SSGA,hr2158-112
HSBU,hr3332-112
HSGO,hr3332-112
HSSY,hr5916-112
HSWM,hr6205-112
HSJU,hr648-112
HSJU,hr3572-112
HSWM,hr4524-112
HSBA,hr2930-112
SSBK,hr2930-112
HSJU,hr511-112
HSII,hr511-112
HSWM,hr3943-112
SSBU,sconres44-112
SSFR,sconres23-112
SSJU,sconres22-112
SSBU,sconres41-112
SSJU,sconres11-112
HSAS,sconres8-112
SSBU,sconres40-112
SSBU,sconres20-112
SSBU,sconres42-112
SSEV,sres251-112
SSBK,sres270-112
SSJU,sres483-112
SSFR,sres574-112
SSJU,sres505-112
SSFI,sres25-112
SSGA,sres176-112
SSFR,sres138-112
SSJU,sres247-112
SSFI,sres309-112
SSJU,sres239-112
SSHR,sres453-112
SSJU,sres17-112
SSBU,sres133-112
SSJU,sres87-112
HSFA,hconres18-112
HSPW,hconres93-112
HSFA,hconres122-112
HSIF,hconres127-112
SSFR,hconres127-112
HSFA,hconres44-112
HSBU,hconres112-112
SSBU,hconres112-112
HSJU,hconres21-112
HSPW,hconres117-112
HSWM,hconres72-112
HSIF,hconres72-112
HSJU,hconres4-112
HSAP,hconres94-112
HSHA,hconres94-112
HSFA,hconres49-112
HSFA,hconres114-112
HSFA,hconres51-112
HSWM,hconres144-112
HSGO,hconres3-112
HSFA,hconres59-112
HSJU,hconres42-112
HSIF,hconres42-112
HSJU,hconres25-112
HSII,hconres63-112
HSFA,hconres28-112
HSFA,hconres131-112
HSIF,hconres141-112
HSBU,hconres34-112
SSBU,hconres34-112
HSFA,hconres32-112
HSJU,hconres85-112
HSPW,hconres60-112
HSHA,hconres20-112
HSAS,hconres87-112
HSII,hconres87-112
HSJU,hconres13-112
SSJU,hconres13-112
HSFA,hconres115-112
HSWM,hconres116-112
HSAG,hr4330-112
HSJU,hr6725-112
HSFA,hr6018-112
SSFR,hr6018-112
HSGO,hr2340-112
HSRU,hr2340-112
HSHA,hr2340-112
HSJU,hr2340-112
HSSO,hr2340-112
HSHM,hr3670-112
HSVR,hr3670-112
SSCM,hr3670-112
HSFA,hr2639-112
HSJU,hr3842-112
HSBA,hr3283-112
HSAG,hr3283-112
HSVR,hr3340-112
HSAP,hr2112-112
SSAP,hr2112-112
HSGO,hr657-112
HSWM,hr4552-112
HSII,hr5991-112
HSAS,hr5991-112
HSAG,hr5991-112
HSII,hr946-112
HSVR,hr1743-112
HSII,hr4019-112
HSAG,hr4019-112
HSWM,hr3965-112
HSII,hr3353-112
HSIF,hr3353-112
HSPW,hr2677-112
HSII,hr1545-112
HSIF,hr3817-112
HSII,hr1682-112
HSIF,hr1682-112
HSJU,hr2572-112
HSII,hr1916-112
HSJU,hr83-112
HSBA,hr379-112
HSVR,hr6527-112
HSWM,hr4901-112
HSWM,hr2651-112
HSJU,hr1161-112
HSWM,hr2576-112
HSFA,hr2589-112
HSJU,hr6671-112
HSWM,hr5463-112
HSAS,hr2773-112
HSHM,hr2463-112
HSSY,hr2463-112
HSWM,hr5449-112
HSSY,hr1568-112
HSRU,hr2855-112
HSBU,hr2855-112
HSWM,hr2855-112
HSED,hr1525-112
HSII,hr3409-112
SSEV,hr3409-112
HSIF,hr739-112
HSPW,hr739-112
HSII,hr302-112
HSII,hr1022-112
SSEG,hr1022-112
HSVR,hr6455-112
HSSY,hr6455-112
HSJU,hr6455-112
HSWM,hr6455-112
HSFA,hr6455-112
HSAS,hr6455-112
HSJU,hr2199-112
HSIF,hr541-112
HSWM,hr428-112
HSPW,hr6002-112
HSIF,hr642-112
HSFA,hr4179-112
HSBA,hr4179-112
HSJU,hr4179-112
HSGO,hr4179-112
HSBA,hr898-112
HSIF,hr2075-112
HSWM,hr4510-112
HSIF,hr6498-112
HSJU,hr3041-112
HSIF,hr3244-112
HSBA,hr1751-112
HSGO,hr3257-112
HSJU,hr3257-112
HSII,hr3210-112
HSIF,hr3620-112
HSIF,hr3481-112
HSED,hr3498-112
HSGO,hr635-112
HSAG,hr4284-112
HSWM,hr312-112
HSIF,hr6626-112
HSWM,hr6626-112
HSSM,hr6626-112
HSED,hr6371-112
SSGA,hr6371-112
HSWM,hr5634-112
HSWM,hr6329-112
HSPW,hr3311-112
HSGO,hr1307-112
HSWM,hr5171-112
HSJU,hr3341-112
HSHM,hr3341-112
HSFA,hr6644-112
HSWM,hr6644-112
HSGO,hr6644-112
HSAS,hr6644-112
HSRU,hr6644-112
HSWM,hr4736-112
HSIF,hr984-112
HSWM,hr984-112
HSED,hr984-112
HSSY,hr76-112
HSED,hr76-112
HSHM,hr76-112
HSAG,hr4296-112
HSII,hr4109-112
HSED,hr2016-112
HSJU,hr5925-112
HSWM,hr4838-112
HSJU,hr6001-112
HSIF,hr81-112
HSWM,hr1180-112
HSJU,hr84-112
HSRU,hr84-112
HSIF,hr3243-112
HSWM,hr3243-112
HSIF,hr416-112
HSSM,hr1304-112
HSPW,hr2432-112
HSED,hr5966-112
HSIF,hr5966-112
HSWM,hr4476-112
HSWM,hr1122-112
HSRU,hr1122-112
HSWM,hr796-112
HSBU,hr796-112
HSGO,hr1906-112
HSII,hr2452-112
HSVR,hr3483-112
HSIF,hr1672-112
HSWM,hr4519-112
HSIF,hr1516-112
HSPW,hr1516-112
HSJU,hr3051-112
HSAS,hr3051-112
HSWM,hr5705-112
HSJU,hr6460-112
HSFA,hr6460-112
HSWM,hr6460-112
HSPW,hr1282-112
HSWM,hr5431-112
HSFA,hr3771-112
HSBA,hr1987-112
HSHM,hr5997-112
SSGA,hr5997-112
HSWM,hr2421-112
HSIF,hr6624-112
HSVR,hr1318-112
HSII,hr470-112
HSBU,hr470-112
HSWM,hr3516-112
HSWM,hr6398-112
HSWM,hr4554-112
HSED,hr6281-112
HSIF,hr910-112
SSEV,hr910-112
HSFA,hr4388-112
HSAS,hr4388-112
HSVR,hr2318-112
HSII,hr372-112
HSII,hr587-112
HSAG,hr587-112
HSED,hr587-112
HSJU,hr2607-112
HSWM,hr2607-112
HSJU,hr6628-112
HSJU,hr2545-112
HSSM,hr2545-112
HSWM,hr6538-112
HSAG,hr765-112
HSII,hr765-112
HSGO,hr4295-112
HSIF,hr4295-112
HSAP,hr4295-112
HSSY,hr4295-112
HSPW,hr4295-112
HSRU,hr4295-112
HSBA,hr1401-112
HSWM,hr5445-112
HSWM,hr4880-112
HSJU,hr1775-112
HSWM,hr2529-112
HSAP,hr2529-112
HSII,hr1237-112
SSEG,hr1237-112
HSAS,hr535-112
HSIF,hr669-112
HSFA,hr3159-112
HSGO,hr1281-112
HSJU,hr1281-112
HSWM,hr3920-112
HSIF,hr5994-112
HSWM,hr5994-112
HSPW,hr3824-112
HSWM,hr4863-112
HSBA,hr2447-112
SSBK,hr2447-112
HSWM,hr5162-112
HSAS,hr6046-112
HSVR,hr6046-112
HSWM,hr4853-112
HSWM,hr65-112
HSWM,hr1051-112
HSIF,hr1051-112
HSII,hr1456-112
HSII,hr4089-112
HSAG,hr4089-112
HSIF,hr4089-112
HSFA,hr1320-112
HSRU,hr1320-112
HSWM,hr5657-112
HSED,hr863-112
HSPW,hr2904-112
HSHM,hr2904-112
HSWM,hr4722-112
HSED,hr2637-112
HSJU,hr1996-112
HSIF,hr92-112
HSWM,hr92-112
HSVR,hr1298-112
HSWM,hr4553-112
HSIF,hr2997-112
HSPW,hr2997-112
HSII,hr2578-112
SSEG,hr2578-112
HSAP,hr620-112
HSII,hr856-112
HSIF,hr1578-112
HSVR,hr6044-112
HSAS,hr6044-112
HSIF,hr164-112
HSJU,hr2242-112
HSIF,hr2242-112
HSGO,hr327-112
HSIF,hr3097-112
HSPW,hr260-112
HSWM,hr3621-112
HSWM,hr4895-112
HSII,hr290-112
SSVA,hr290-112
HSIF,hr2908-112
HSBA,hr2864-112
HSJU,hr2613-112
HSWM,hr5218-112
HSWM,hr5271-112
HSJU,hr45-112
HSJU,hr4190-112
HSWM,hr4226-112
HSBA,hr3240-112
HSED,hr3240-112
HSIF,hr299-112
HSWM,hr299-112
HSED,hr299-112
HSAP,hr299-112
HSJU,hr299-112
HSII,hr299-112
HSHA,hr299-112
HSRU,hr299-112
HSBA,hr653-112
HSII,hr1408-112
HSII,hr3973-112
HSFA,hr6040-112
HSII,hr6040-112
HSBA,hr1222-112
HSBA,hr5781-112
HSIF,hr611-112
HSGO,hr979-112
HSIF,hr1558-112
HSIF,hr1624-112
HSWM,hr4664-112
HSWM,hr4577-112
HSWM,hr4549-112
HSWM,hr3966-112
HSJU,hr4848-112
HSBA,hr4848-112
HSWM,hr6562-112
HSIF,hr6562-112
HSWM,hr5136-112
HSAG,hr3045-112
HSED,hr3045-112
HSBA,hr3045-112
HSJU,hr1021-112
SSJU,hr1021-112
HSWM,hr1267-112
HSAS,hr4184-112
HSWM,hr2193-112
HSED,hr2193-112
HSIF,hr2193-112
HSAG,hr2193-112
HSIF,hr883-112
HSVR,hr2243-112
HSWM,hr158-112
HSWM,hr5485-112
HSWM,hr4984-112
HSWM,hr4977-112
HSWM,hr660-112
HSWM,hr5423-112
HSWM,hr5447-112
HSHM,hr679-112
HSWM,hr5745-112
HSPW,hr5745-112
HSII,hr5745-112
HSSY,hr5745-112
HSIF,hr5745-112
HSAG,hr5745-112
HSAP,hr5745-112
HSBA,hr5745-112
HSFA,hr5745-112
HSWM,hr5014-112
HSIF,hr1391-112
HSBA,hr3853-112
HSIF,hr3509-112
HSSY,hr3509-112
HSGO,hr3509-112
HSED,hr1995-112
HSSM,hr3137-112
HSIF,hr1967-112
HSGO,hr1967-112
HSAS,hr1967-112
HSAP,hr2283-112
HSII,hr3100-112
HSWM,hr4584-112
HSWM,hr3375-112
HSWM,hr3925-112
HSBA,hr1094-112
HSVR,hr3369-112
HSIF,hr3622-112
HSWM,hr3622-112
HSGO,hr606-112
HSPW,hr175-112
HSHM,hr175-112
HSAG,hr3372-112
HSWM,hr5216-112
HSBA,hr2428-112
HSBA,hr31-112
HSWM,hr170-112
HSFA,hr4259-112
HSJU,hr4259-112
HSPW,hr3533-112
HSBA,hr3533-112
HSII,hr5544-112
SSAF,hr5544-112
HSBA,hr1157-112
HSJU,hr3256-112
HSIF,hr2007-112
HSVR,hr2559-112
HSJU,hr4086-112
SSJU,hr4086-112
HSWM,hr488-112
HSWM,hr5608-112
HSWM,hr3091-112
HSJU,hr6480-112
HSWM,hr4397-112
HSGO,hr466-112
HSIF,hr466-112
HSAS,hr466-112
HSWM,hr1033-112
HSWM,hr4989-112
HSWM,hr4899-112
HSII,hr766-112
HSWM,hr4691-112
HSJU,hr2303-112
HSIF,hr2303-112
HSWM,hr5270-112
HSII,hr1604-112
HSJU,hr1604-112
HSBA,hr33-112
SSBK,hr33-112
HSHA,hr638-112
HSIF,hr831-112
HSWM,hr831-112
HSGO,hr471-112
HSWM,hr4701-112
HSWM,hr5696-112
HSJU,hr6189-112
SSJU,hr6189-112
HSII,hr52-112
HSGO,hr6372-112
HSVR,hr6372-112
HSWM,hr1332-112
HSWM,hr5248-112
HSIF,hr636-112
HSWM,hr636-112
HSED,hr636-112
HSHA,hr636-112
HSIF,hr866-112
HSIF,hr2966-112
HSAG,hr2966-112
HSAS,hr1092-112
HSJU,hr2480-112
SSJU,hr2480-112
HSWM,hr3935-112
HSWM,hr3929-112
HSJU,hr3168-112
HSHM,hr3168-112
HSWM,hr4321-112
HSWM,hr5532-112
HSWM,hr3950-112
HSII,hr4208-112
HSWM,hr2454-112
HSWM,hr4530-112
HSJU,hr1899-112
HSIF,hr1899-112
HSIF,hr69-112
HSIF,hr3150-112
HSWM,hr3150-112
HSPW,hr3200-112
HSSY,hr2994-112
HSIF,hr2994-112
HSPW,hr892-112
HSII,hr892-112
HSJU,hr1981-112
HSIF,hr1981-112
HSAS,hr5144-112
HSWM,hr1908-112
HSPW,hr1908-112
HSAS,hr1908-112
HSJU,hr3855-112
HSPW,hr457-112
HSPW,hr827-112
HSBA,hr273-112
HSBA,hr3546-112
HSIF,hr2073-112
HSWM,hr3656-112
HSED,hr3656-112
HSVR,hr1910-112
HSWM,hr5616-112
HSVR,hr4079-112
HSBU,hr188-112
HSBA,hr6111-112
HSAS,hr1999-112
HSWM,hr5703-112
HSWM,hr1634-112
HSBA,hr3677-112
HSED,hr1240-112
HSIF,hr1286-112
HSWM,hr1286-112
HSED,hr1286-112
HSSM,hr2424-112
HSBA,hr2424-112
HSGO,hr2424-112
HSWM,hr2424-112
HSWM,hr2909-112
HSRU,hr2909-112
HSWM,hr4700-112
HSJU,hr5978-112
HSJU,hr3024-112
HSJU,hr1896-112
HSAS,hr4869-112
HSVR,hr4869-112
HSED,hr3165-112
HSIF,hr4127-112
HSWM,hr4127-112
HSGO,hr2008-112
HSPW,hr1395-112
HSIF,hr1483-112
HSIF,hr3015-112
HSWM,hr6437-112
HSWM,hr4419-112
HSWM,hr3967-112
HSWM,hr450-112
HSIF,hr450-112
HSIF,hr1810-112
HSWM,hr4446-112
HSPW,hr3837-112
HSJU,hr495-112
HSIF,hr6521-112
HSII,hr783-112
HSIF,hr2629-112
HSIF,hr6433-112
HSPW,hr549-112
HSSY,hr549-112
HSII,hr4484-112
SSEG,hr4484-112
HSWM,hr5280-112
HSJU,hr3030-112
HSBA,hr3030-112
HSJU,hr4982-112
HSIF,hr4982-112
HSED,hr4982-112
HSBA,hr4982-112
HSII,hr4982-112
HSIF,hr3891-112
HSBA,hr1815-112
SSBK,hr1815-112
HSII,hr977-112
HSPW,hr548-112
HSWM,hr6179-112
HSBA,hr3849-112
HSWM,hr6151-112
HSWM,hr177-112
HSRU,hr4320-112
HSBU,hr4320-112
HSIF,hr3587-112
HSII,hr6619-112
HSED,hr4207-112
HSIF,hr2798-112
HSVR,hr2996-112
HSVR,hr4482-112
HSED,hr2211-112
HSIF,hr145-112
HSWM,hr145-112
HSED,hr145-112
HSJU,hr145-112
HSII,hr145-112
HSHA,hr145-112
HSRU,hr145-112
HSAP,hr145-112
HSII,hr1192-112
HSWM,hr4-112
HSIF,hr2659-112
HSWM,hr15-112
HSBU,hr15-112
HSIF,hr2227-112
HSAS,hr1928-112
HSJU,hr368-112
HSBU,hr368-112
SSJU,hr368-112
HSVR,hr2498-112
HSFA,hr2237-112
HSGO,hr5983-112
HSWM,hr404-112
HSIF,hr404-112
HSPW,hr404-112
HSWM,hr3105-112
HSIF,hr2405-112
HSHM,hr2405-112
SSHR,hr2405-112
HSJU,hr2471-112
SSJU,hr2471-112
HSII,hr1452-112
HSWM,hr4752-112
HSWM,hr5049-112
HSWM,hr369-112
HSAS,hr180-112
HSWM,hr3736-112
HSII,hr2154-112
HSWM,hr3112-112
HSWM,hr3057-112
HSVR,hr4072-112
HSWM,hr1069-112
HSJU,hr1114-112
HSII,hr2606-112
SSEG,hr2606-112
HSWM,hr5330-112
HSWM,hr5414-112
HSVR,hr545-112
HSFA,hr3605-112
HSWM,hr3605-112
HSBA,hr3605-112
JCSE,hr3605-112
HSWM,hr2911-112
HSWM,hr4688-112
HSWM,hr4202-112
HSAG,hr3525-112
HSVR,hr1671-112
HSIF,hr6509-112
HSIF,hr166-112
HSII,hr1251-112
HSIF,hr2558-112
HSPW,hr2018-112
HSPW,hr4348-112
HSWM,hr4348-112
HSII,hr4348-112
HSSY,hr4348-112
HSIF,hr4348-112
HSWM,hr4874-112
HSPW,hr1544-112
HSSY,hr1367-112
HSWM,hr5367-112
HSED,hr3447-112
HSWM,hr5617-112
HSIF,hr1172-112
HSWM,hr1172-112
HSVR,hr3167-112
HSSM,hr3167-112
HSAG,hr3167-112
HSJU,hr1741-112
HSHM,hr1741-112
HSWM,hr4997-112
HSBA,hr1315-112
SSBK,hr1315-112
HSII,hr5959-112
HSPW,hr5959-112
HSIF,hr5959-112
HSIF,hr6526-112
HSIF,hr3489-112
HSWM,hr123-112
HSBA,hr5794-112
HSWM,hr6061-112
HSIF,hr6213-112
HSSY,hr6213-112
SSEG,hr6213-112
HSAG,hr3665-112
HSWM,hr3758-112
HSPW,hr3758-112
HSVR,hr3758-112
HSBA,hr2093-112
HSWM,hr4921-112
HSIF,hr2696-112
HSWM,hr5842-112
HSIF,hr6288-112
HSWM,hr3275-112
HSED,hr3776-112
HSWM,hr6059-112
HSIF,hr6059-112
HSWM,hr4290-112
HSAS,hr1285-112
HSPW,hr3473-112
HSIF,hr3441-112
HSIF,hr1513-112
HSBA,hr5884-112
HSAG,hr2793-112
HSWM,hr5117-112
HSWM,hr5123-112
HSIF,hr3221-112
HSWM,hr5476-112
HSJU,hr1409-112
HSJU,hr5889-112
SSJU,hr5889-112
HSBA,hr2439-112
HSWM,hr4547-112
HSVR,hr6015-112
HSAS,hr6015-112
HSGO,hr6015-112
HSED,hr1397-112
HSHA,hr1397-112
HSGO,hr1397-112
HSJU,hr1397-112
HSWM,hr4960-112
HSWM,hr5184-112
HSAG,hr4351-112
HSED,hr4351-112
HSWM,hr6271-112
HSVR,hr1484-112
SSVA,hr1484-112
HSFA,hr949-112
HSVR,hr28-112
HSED,hr1994-112
HSWM,hr4659-112
HSIF,hr2546-112
HSVR,hr3329-112
HSAP,hr2219-112
SSAP,hr2219-112
HSWM,hr2528-112
HSWM,hr1102-112
HSII,hr1102-112
HSFA,hr2881-112
HSGO,hr2881-112
HSWM,hr5637-112
HSJU,hr250-112
HSED,hr1342-112
HSBA,hr3649-112
HSII,hr1861-112
HSGO,hr1861-112
HSWM,hr6030-112
HSJU,hr3992-112
SSJU,hr3992-112
HSFA,hr1887-112
HSWM,hr1887-112
HSIF,hr1887-112
HSJU,hr1887-112
HSBA,hr1887-112
HSGO,hr1887-112
HSAG,hr1887-112
HSWM,hr467-112
HSWM,hr4442-112
HSWM,hr5206-112
HSIF,hr675-112
HSWM,hr675-112
HSBU,hr675-112
HSPW,hr2903-112
HSHM,hr2903-112
SSGA,hr2903-112
HSWM,hr4623-112
HSWM,hr4513-112
HSWM,hr3338-112
HSGO,hr3338-112
HSWM,hr4857-112
HSHM,hr4006-112
HSJU,hr6335-112
HSIF,hr6335-112
HSWM,hr6655-112
SSHR,hr6655-112
SSFI,hr6655-112
HSWM,hr5537-112
HSIF,hr157-112
HSED,hr1704-112
HSSY,hr6603-112
HSAG,hr3403-112
HSWM,hr173-112
HSIF,hr173-112
HSWM,hr5932-112
HSJU,hr1203-112
HSIF,hr2472-112
HSWM,hr5628-112
HSWM,hr3667-112
HSIF,hr3667-112
HSWM,hr568-112
HSRU,hr3575-112
HSBU,hr3575-112
HSJU,hr1793-112
HSBA,hr6153-112
HSIF,hr2976-112
HSWM,hr5664-112
HSII,hr2983-112
HSJU,hr2983-112
HSWM,hr2983-112
HSPW,hr2983-112
HSWM,hr349-112
HSWM,hr5481-112
HSWM,hr4123-112
HSII,hr2984-112
HSWM,hr1018-112
HSIF,hr75-112
HSGO,hr2898-112
HSJU,hr2898-112
HSWM,hr1749-112
HSIF,hr5888-112
HSJU,hr1249-112
HSBU,hr1249-112
HSPW,hr4272-112
HSWM,hr4532-112
HSWM,hr4571-112
HSGO,hr793-112
SSGA,hr793-112
HSPW,hr613-112
HSGO,hr2268-112
HSGO,hr4004-112
HSVR,hr1718-112
HSAS,hr1718-112
HSBA,hr3156-112
HSWM,hr584-112
HSAP,hr584-112
HSBA,hr700-112
HSJU,hr3692-112
HSAP,hr2434-112
HSJU,hr4216-112
HSWM,hr4413-112
HSED,hr6434-112
HSAS,hr1046-112
HSWM,hr5688-112
HSED,hr2514-112
HSIF,hr1895-112
HSIF,hr3130-112
HSWM,hr5232-112
HSWM,hr2989-112
HSBA,hr3644-112
HSII,hr2842-112
SSEG,hr2842-112
HSIF,hr2095-112
HSIF,hr3324-112
HSED,hr3324-112
HSAG,hr307-112
HSWM,hr307-112
HSWM,hr4526-112
HSWM,hr5727-112
HSED,hr5727-112
HSIF,hr5727-112
HSAG,hr5727-112
HSPW,hr5727-112
HSBA,hr5727-112
HSSY,hr5727-112
HSSM,hr5727-112
HSJU,hr5727-112
HSRU,hr5727-112
HSGO,hr5727-112
HSHA,hr5727-112
HSII,hr6385-112
HSED,hr4128-112
HSII,hr4063-112
HSII,hr3334-112
HSIF,hr215-112
HSED,hr215-112
HSWM,hr215-112
HSHA,hr215-112
HSRU,hr215-112
HSJU,hr215-112
HSWM,hr800-112
HSED,hr800-112
HSJU,hr800-112
HSGO,hr3609-112
HSHA,hr3609-112
HSIF,hr272-112
HSIF,hr1654-112
HSWM,hr1654-112
HSIF,hr6388-112
HSWM,hr1479-112
HSBA,hr2167-112
HSWM,hr5366-112
HSGO,hr665-112
SSGA,hr665-112
HSIF,hr2674-112
HSWM,hr2674-112
HSWM,hr1993-112
HSWM,hr4654-112
HSJU,hr959-112
HLIG,hr959-112
HSJU,hr140-112
HSIF,hr105-112
HSBU,hr105-112
HSED,hr105-112
HSII,hr105-112
HSHA,hr105-112
HSWM,hr105-112
HSJU,hr105-112
HSRU,hr105-112
HSAP,hr105-112
HSGO,hr105-112
HSHM,hr71-112
HSHM,hr71-112
HSWM,hr2592-112
HSWM,hr4460-112
HSGO,hr3289-112
HLIG,hr3289-112
HSHM,hr3289-112
HSSM,hr4206-112
HSWM,hr5564-112
HSED,hr3322-112
HSAP,hr636-112
HSII,hr636-112
HSJU,hr636-112
HSRU,hr636-112
HSED,hr2902-112
HSAG,hr2031-112
HSWM,hr982-112
HSJU,hr3803-112
HSGO,hr3803-112
HSBA,hr87-112
HSAG,hr87-112
HSIF,hr87-112
HSJU,hr87-112
HSBU,hr87-112
HSGO,hr87-112
HSWM,hr87-112
HSSM,hr87-112
HSII,hr3319-112
SLIA,hr3319-112
HSSM,hr3987-112
HSIF,hr3379-112
HSWM,hr4882-112
HSAS,hr3455-112
HSIF,hr2458-112
HSWM,hr4016-112
HSWM,hr705-112
HSGO,hr2722-112
HSWM,hr3238-112
HSWM,hr3819-112
HSED,hr6211-112
HSWM,hr1124-112
HSIF,hr525-112
SSHR,hr525-112
HSED,hr4046-112
HSII,hr3117-112
SSEV,hr3117-112
HSHA,hr3459-112
HSPW,hr3459-112
HSII,hr3459-112
HSPW,hr6124-112
HSPW,hr3854-112
HSAP,hr3672-112
HSBU,hr3672-112
HSPW,hr792-112
HSFA,hr3075-112
HSJU,hr4309-112
HSWM,hr4719-112
HSJU,hr2299-112
HSED,hr1519-112
HSSY,hr6229-112
HSWM,hr3832-112
HSPW,hr1695-112
HSWM,hr4082-112
HSWM,hr1538-112
HSWM,hr5673-112
HSWM,hr1147-112
HSPW,hr1780-112
HSVR,hr1898-112
HSWM,hr5695-112
HSJU,hr858-112
HSWM,hr5106-112
HSII,hr990-112
HSWM,hr5471-112
HSIF,hr1684-112
HSPW,hr1684-112
HSIF,hr3984-112
HSWM,hr4802-112
HSII,hr1372-112
HSED,hr2689-112
HSWM,hr4707-112
HSWM,hr5430-112
HSWM,hr5974-112
HSWM,hr4316-112
HSWM,hr5558-112
HSII,hr3640-112
HSED,hr1208-112
HSWM,hr4573-112
HSWM,hr1959-112
HSIF,hr1959-112
HSSY,hr1959-112
HSED,hr1959-112
HSJU,hr356-112
HSGO,hr1429-112
HSIF,hr1357-112
HSWM,hr1357-112
HSVR,hr4740-112
HSWM,hr1603-112
HSIF,hr1290-112
HSWM,hr1290-112
HSII,hr846-112
HSAS,hr6170-112
HSPW,hr6170-112
HSII,hr264-112
HSBA,hr189-112
HSVR,hr5653-112
HSVR,hr3730-112
HSJU,hr5742-112
HSJU,hr1771-112
HSED,hr190-112
HSIF,hr4817-112
HSWM,hr5427-112
HSED,hr3991-112
HSGO,hr4629-112
HSPW,hr4629-112
HSJU,hr1864-112
SSFI,hr1864-112
HSWM,hr5257-112
HSWM,hr5131-112
HSWM,hr4985-112
HSBU,hr4072-112
HSWM,hr2223-112
HSWM,hr1052-112
HSWM,hr5499-112
HSIF,hr1970-112
HSED,hr1493-112
HSWM,hr634-112
HSBU,hr634-112
HSIF,hr127-112
HSWM,hr127-112
HSED,hr127-112
HSJU,hr127-112
HSII,hr127-112
HSHA,hr127-112
HSVR,hr1383-112
SSVA,hr1383-112
HSIF,hr989-112
HSAS,hr3828-112
HSJU,hr3232-112
HSWM,hr1191-112
HSWM,hr4741-112
HSPW,hr1228-112
HSSY,hr952-112
HSGO,hr6306-112
HSPW,hr2668-112
SSGA,hr2668-112
HSPW,hr2575-112
HSJU,hr67-112
HLIG,hr67-112
HSWM,hr5632-112
HSWM,hr5185-112
HSAS,hr26-112
HSVR,hr26-112
HSWM,hr4533-112
HSED,hr2485-112
HSED,hr283-112
HSED,hr3055-112
HSWM,hr4656-112
HSSY,hr6491-112
HSBU,hr6491-112
HSII,hr1997-112
HSED,hr6273-112
HSBA,hr6273-112
HSIF,hr663-112
HSWM,hr663-112
HSED,hr663-112
HSII,hr663-112
HSJU,hr663-112
HSRU,hr663-112
HSAP,hr663-112
HSHA,hr663-112
HSWM,hr1730-112
HSWM,hr4588-112
HSWM,hr5728-112
HSED,hr2272-112
HSPW,hr1375-112
HSWM,hr3444-112
HSBA,hr5860-112
HSAG,hr5860-112
HSII,hr624-112
HSHA,hr2653-112
HSBA,hr2759-112
HSWM,hr5022-112
HSGO,hr6634-112
HSHA,hr6634-112
HSWM,hr1599-112
HSED,hr1599-112
HSII,hr1599-112
HSBA,hr1599-112
HSJU,hr1599-112
HSIF,hr4166-112
HSWM,hr4953-112
HSBA,hr6404-112
HSED,hr6404-112
HSSM,hr1336-112
HSPW,hr1336-112
HSBA,hr4253-112
HSWM,hr2812-112
HSPW,hr2324-112
HSFA,hr2519-112
HSBA,hr2446-112
SSBK,hr2446-112
HSJU,hr4018-112
HSWM,hr5656-112
HSED,hr3134-112
HSGO,hr2531-112
HSAP,hr2531-112
HSWM,hr4420-112
HSED,hr1090-112
HSWM,hr814-112
HSIF,hr814-112
HSVR,hr814-112
HSJU,hr3702-112
HSPW,hr2279-112
HSWM,hr2279-112
HSPW,hr3544-112
HSWM,hr5175-112
HSWM,hr2555-112
HSVR,hr6107-112
HSIF,hr3664-112
HSSY,hr3664-112
HSVR,hr2377-112
HSII,hr580-112
HSIF,hr3625-112
HSWM,hr1732-112
HSII,hr2375-112
HSIF,hr2102-112
HSIF,hr3759-112
HSSY,hr3759-112
HSWM,hr6683-112
HSPW,hr5887-112
HSIF,hr553-112
HSWM,hr5229-112
HSIF,hr1861-112
HSWM,hr1861-112
HSSY,hr1861-112
HSPW,hr1861-112
HSBU,hr1861-112
HSJU,hr1861-112
HSRU,hr1861-112
HSED,hr1861-112
HSIF,hr3291-112
HSAG,hr3291-112
HSWM,hr3291-112
HSWM,hr4411-112
HSGO,hr3262-112
HSAG,hr1485-112
HSII,hr1485-112
HSGO,hr3592-112
HSIF,hr2036-112
HSGO,hr2036-112
HSAS,hr2036-112
HSSY,hr2036-112
HSAS,hr1979-112
HSVR,hr1979-112
HSWM,hr2710-112
HSWM,hr3917-112
HSIF,hr2248-112
HSWM,hr2248-112
HSBU,hr1637-112
HSRU,hr1637-112
HSJU,hr1637-112
HSED,hr5050-112
HSBA,hr3871-112
HSWM,hr6705-112
HSII,hr4383-112
HSJU,hr4383-112
HSFA,hr519-112
HSII,hr1620-112
HSWM,hr913-112
HSAP,hr913-112
HSBU,hr913-112
HSJU,hr3823-112
HSWM,hr3823-112
HSAS,hr3823-112
HSHM,hr3823-112
HSJU,hr504-112
HSWM,hr1954-112
HSSY,hr6081-112
HSIF,hr2678-112
HSWM,hr2832-112
HSBA,hr2620-112
HSII,hr1023-112
HSWM,hr1023-112
HSIF,hr1023-112
HSJU,hr6621-112
HSWM,hr1063-112
HSIF,hr1063-112
HSWM,hr5015-112
HSWM,hr942-112
HSAS,hr237-112
HSBA,hr237-112
HSVR,hr5683-112
HSWM,hr4546-112
HSSY,hr6106-112
HSJU,hr6106-112
HSWM,hr5124-112
HSWM,hr4568-112
HSWM,hr4706-112
HSWM,hr5161-112
HSWM,hr4574-112
HSII,hr2171-112
HSII,hr1646-112
HSBA,hr6317-112
HSII,hr818-112
HSVR,hr5830-112
HSJU,hr4305-112
SSJU,hr4305-112
HSWM,hr3807-112
HSIF,hr3807-112
HSED,hr3807-112
HSWM,hr2931-112
HSWM,hr4658-112
HSIF,hr3102-112
HSIF,hr3424-112
HSPW,hr3424-112
HSED,hr1419-112
HSWM,hr4812-112
HSWM,hr98-112
HSJU,hr98-112
HSHM,hr98-112
HSED,hr98-112
HSWM,hr1702-112
HSWM,hr3840-112
HSPW,hr4965-112
HSED,hr3469-112
HSIF,hr412-112
HSPW,hr3202-112
HSAS,hr3202-112
HSIF,hr2374-112
HSAP,hr215-112
HSIF,hr6400-112
HSII,hr3685-112
HSAG,hr3685-112
HSII,hr4067-112
HSII,hr6286-112
HSII,hr443-112
HSIF,hr443-112
SLIA,hr443-112
HSII,hr5545-112
HSIF,hr1219-112
HSGO,hr3510-112
HSII,hr3510-112
HSGO,hr498-112
HSWM,hr4447-112
HSII,hr2325-112
HSPW,hr2325-112
HSWM,hr6206-112
HSWM,hr3951-112
HSII,hr1049-112
HSWM,hr4896-112
HSJU,hr162-112
HSWM,hr4807-112
HSII,hr2621-112
SSEG,hr2621-112
HSWM,hr4897-112
HSBA,hr1418-112
HSSM,hr2608-112
HSGO,hr1262-112
HSJU,hr1262-112
HSWM,hr5125-112
HSII,hr1761-112
HSII,hr6503-112
HSAG,hr6503-112
HSAS,hr6503-112
HSFA,hr1592-112
HSJU,hr4022-112
HSIF,hr3735-112
HSWM,hr3735-112
HSVR,hr4048-112
HSIF,hr3988-112
HSIF,hr1009-112
HSWM,hr4538-112
HSVR,hr2530-112
HSWM,hr5348-112
HSBA,hr3325-112
HSPW,hr3325-112
HSIF,hr3325-112
HSWM,hr5561-112
HSED,hr6561-112
HSJU,hr6561-112
HSSY,hr6561-112
HSIF,hr3705-112
HSWM,hr3705-112
HSWM,hr1827-112
HSVR,hr2052-112
HSAS,hr2052-112
HSED,hr4170-112
HSFA,hr4170-112
HSAS,hr4170-112
HSAS,hr324-112
HSPW,hr2937-112
HSIF,hr2937-112
HSWM,hr5448-112
HSGO,hr2917-112
HSAP,hr2917-112
HSBA,hr370-112
HSWM,hr370-112
HSAS,hr248-112
HSIF,hr1035-112
HSVR,hr3755-112
HSAS,hr1178-112
HSIF,hr6461-112
HSWM,hr4925-112
HSIF,hr3118-112
HSWM,hr4241-112
HSIF,hr5624-112
HSWM,hr5624-112
HSFA,hr936-112
HSWM,hr5439-112
HSII,hr1701-112
HSHM,hr2179-112
HSHM,hr2179-112
HSED,hr2854-112
HSIF,hr5651-112
HSGO,hr1713-112
HSAS,hr1713-112
HSPW,hr1713-112
HSIF,hr1713-112
HSII,hr1960-112
HSWM,hr2408-112
HSWM,hr4616-112
HSWM,hr622-112
HSBU,hr622-112
HSPW,hr7-112
HSBA,hr3539-112
HSAP,hr3539-112
HSII,hr3009-112
HSWM,hr2735-112
HSIF,hr439-112
HSWM,hr439-112
HLIG,hr5743-112
SLIN,hr5743-112
HSWM,hr4851-112
HSAS,hr5344-112
HSWM,hr6403-112
HSIF,hr6403-112
HSWM,hr2039-112
HSWM,hr4660-112
HSIF,hr63-112
HSWM,hr63-112
HSWM,hr6031-112
HSGO,hr3387-112
HSWM,hr468-112
HSBU,hr3582-112
HSRU,hr3582-112
SSBU,hr3582-112
HSWM,hr4686-112
HSJU,hr1181-112
HSWM,hr3743-112
HSIF,hr3743-112
HSPW,hr3743-112
HSII,hr3743-112
HSFA,hr3743-112
HSBA,hr3743-112
HSBU,hr3743-112
HSRU,hr2693-112
HSBU,hr2693-112
HSIF,hr2693-112
HSED,hr2693-112
HSWM,hr2693-112
HSSY,hr2693-112
HSAG,hr3336-112
SSAF,hr3336-112
HSII,hr2601-112
HSAG,hr2601-112
HSJU,hr1963-112
HLIG,hr1963-112
HSJU,hr1506-112
HSWM,hr5542-112
HSWM,hr2262-112
HSBA,hr3595-112
HSHM,hr3049-112
HSWM,hr3049-112
HSPW,hr3049-112
HSSM,hr3049-112
HSGO,hr3049-112
HSFA,hr3049-112
HSAG,hr3049-112
HSJU,hr1490-112
HSED,hr1490-112
HSIF,hr1490-112
HSWM,hr99-112
HSJU,hr1166-112
HSJU,hr1550-112
HSHM,hr1550-112
SSJU,hr1550-112
HSII,hr869-112
HSWM,hr6352-112
HSIF,hr6352-112
HSFA,hr6303-112
HSSY,hr6303-112
HSWM,hr6088-112
HSIF,hr6088-112
HSWM,hr5631-112
HSWM,hr4512-112
HSJU,hr685-112
HSHM,hr685-112
HSHM,hr685-112
HSWM,hr5612-112
HSWM,hr238-112
HSJU,hr3468-112
HSIF,hr1041-112
HSAP,hr1041-112
HSWM,hr1041-112
HSBU,hr5652-112
HSVR,hr1288-112
HSIF,hr1528-112
HSWM,hr1190-112
HSWM,hr5191-112
HSWM,hr6084-112
HSIF,hr1919-112
HSAG,hr5879-112
HSII,hr5744-112
HSAG,hr5744-112
HSBA,hr1453-112
HSIF,hr849-112
HSIF,hr3205-112
HSII,hr2588-112
HSAG,hr2588-112
HSJU,hr4256-112
HSAG,hr835-112
HSWM,hr5724-112
HSII,hr2915-112
HSWM,hr6660-112
HSVR,hr4023-112
HSBA,hr1174-112
HSJU,hr1174-112
HSIF,hr1174-112
HSAS,hr333-112
HSVR,hr333-112
HSBA,hr344-112
HSED,hr6543-112
HSED,hr4628-112
HSIF,hr4628-112
HSBU,hr4628-112
HSAS,hr5993-112
HLIG,hr5993-112
HSPW,hr433-112
HSWM,hr2220-112
HSPW,hr872-112
HSAG,hr872-112
SSAF,hr872-112
HSWM,hr5365-112
HSJU,hr263-112
HSII,hr4233-112
HSGO,hr4233-112
HSSY,hr4233-112
HSAG,hr4233-112
HSWM,hr3231-112
HSWM,hr5968-112
HSIF,hr1076-112
SSCM,hr1076-112
HSIF,hr6598-112
HSWM,hr6598-112
HSGO,hr1779-112
HSJU,hr228-112
HSJU,hr2670-112
HSBA,hr3190-112
HSWM,hr5557-112
HSIF,hr1195-112
HSPW,hr2871-112
HSIF,hr2871-112
HSIF,hr2461-112
HSWM,hr2461-112
HSWM,hr4903-112
HSIF,hr969-112
HSWM,hr5533-112
HSII,hr1352-112
HSII,hr2664-112
HSSY,hr2664-112
HSIF,hr782-112
HSWM,hr782-112
HSJU,hr1331-112
HSWM,hr64-112
HSAS,hr3974-112
HSJU,hr3846-112
HSRU,hr3846-112
HSII,hr2027-112
HSWM,hr5304-112
HSWM,hr4357-112
HSWM,hr5437-112
HSWM,hr1583-112
HSGO,hr893-112
HSIF,hr893-112
HSAS,hr893-112
HSWM,hr4796-112
HSIF,hr1184-112
HSED,hr6506-112
HSJU,hr1943-112
HSHA,hr3108-112
HSJU,hr3108-112
HSED,hr3108-112
HSWM,hr2718-112
HSII,hr850-112
HSPW,hr2254-112
HSWM,hr834-112
HSWM,hr5308-112
HSWM,hr4918-112
HSJU,hr3162-112
HSVR,hr5948-112
SSVA,hr5948-112
HSAP,hr5325-112
HSED,hr1295-112
HSBA,hr740-112
HSED,hr1440-112
HSGO,hr1440-112
HSHA,hr1440-112
HSHA,hr3643-112
HSWM,hr4523-112
HSAG,hr6167-112
HSWM,hr6167-112
HSAS,hr4117-112
HSWM,hr4064-112
HSIF,hr4064-112
HSWM,hr5701-112
HSIF,hr3574-112
HSED,hr3574-112
HSWM,hr5454-112
HSAG,hr1233-112
HSPW,hr4174-112
HSED,hr3126-112
HSED,hr3456-112
HSGO,hr6315-112
HSRU,hr6315-112
HSAP,hr6315-112
HSIF,hr6011-112
HSWM,hr6011-112
HSIF,hr6190-112
HSBA,hr764-112
HSWM,hr2412-112
HSWM,hr4520-112
HSWM,hr4908-112
HSIF,hr1852-112
HSII,hr1777-112
HSIF,hr1777-112
HSWM,hr6549-112
HSIF,hr2557-112
HSJU,hr2115-112
HSJU,hr713-112
HSII,hr1415-112
HSFA,hr1464-112
SSFR,hr1464-112
HSWM,hr6289-112
HSJU,hr1523-112
HSBA,hr6363-112
HSAS,hr4192-112
HSFA,hr4192-112
HSBA,hr3993-112
HSWM,hr4683-112
HSWM,hr5906-112
HSED,hr3014-112
HSPW,hr2019-112
HSJU,hr2019-112
HSJU,hr6654-112
HSWM,hr3079-112
HSBA,hr1977-112
HSII,hr2776-112
HSBA,hr6423-112
HSWM,hr1681-112
HSII,hr2352-112
HSWM,hr4731-112
HSFA,hr2597-112
HSJU,hr2597-112
HSWM,hr2495-112
HSPW,hr2602-112
HSWM,hr1273-112
HSSM,hr366-112
HSFA,hr1714-112
HSBA,hr1714-112
HSJU,hr1714-112
HSWM,hr1714-112
HSIF,hr4087-112
HSBA,hr3733-112
HSIF,hr199-112
HSWM,hr3960-112
HSED,hr576-112
HSII,hr139-112
HSWM,hr5196-112
HSGO,hr1376-112
HSII,hr670-112
SSEG,hr670-112
HSAS,hr652-112
HSED,hr319-112
HSWM,hr5457-112
HSWM,hr5359-112
HSWM,hr3186-112
HSAS,hr1735-112
HSFA,hr1735-112
HSIF,hr2239-112
HSWM,hr5398-112
HSGO,hr630-112
HSII,hr917-112
HSWM,hr4032-112
HSSY,hr6454-112
HSIF,hr3342-112
HSAP,hr6071-112
HLIG,hr2348-112
HSPW,hr1264-112
HSWM,hr4745-112
HSWM,hr5475-112
HSJU,hr5731-112
HSAG,hr5731-112
HSIF,hr5731-112
HSII,hr5731-112
HSGO,hr4152-112
HSWM,hr2711-112
HSPW,hr2711-112
HSVR,hr2711-112
HSVR,hr1025-112
SSVA,hr1025-112
HSWM,hr4843-112
HSWM,hr4455-112
HSWM,hr6209-112
HSFA,hr1016-112
SSFR,hr1016-112
HSGO,hr2309-112
HSRU,hr2309-112
HSII,hr4211-112
HSIF,hr4211-112
HSPW,hr4211-112
HSWM,hr5483-112
HSWM,hr4575-112
HSIF,hr6396-112
HSIF,hr666-112
HSJU,hr1030-112
HSED,hr1030-112
HSWM,hr5048-112
HSWM,hr5697-112
HSPW,hr3019-112
HSWM,hr5496-112
HSWM,hr5493-112
HSWM,hr4912-112
HSII,hr1597-112
HSWM,hr5446-112
HSWM,hr978-112
HSIF,hr978-112
HSJU,hr3053-112
HSIF,hr3053-112
HSAS,hr3053-112
HSWM,hr1964-112
HSJU,hr1446-112
HSVR,hr4327-112
HSWM,hr2327-112
HSIF,hr795-112
HSPW,hr795-112
HSII,hr795-112
HSPW,hr425-112
HSJU,hr394-112
SSJU,hr394-112
HSWM,hr5114-112
HSWM,hr2862-112
HSPW,hr2862-112
HSJU,hr308-112
HSSM,hr4118-112
HSGO,hr4118-112
HSPW,hr1421-112
HSII,hr1421-112
HSVR,hr2654-112
HSJU,hr1781-112
HSED,hr1781-112
HSWM,hr3921-112
HSVR,hr2965-112
HSJU,hr2965-112
HSIF,hr3207-112
HSWM,hr4715-112
HSWM,hr6256-112
HSIF,hr6256-112
HSWM,hr3157-112
HSWM,hr3820-112
HSED,hr2364-112
HSHA,hr2364-112
HSGO,hr2364-112
HSII,hr1296-112
HSAS,hr1296-112
HSVR,hr2477-112
HSWM,hr5278-112
HSIF,hr6502-112
HSWM,hr3922-112
HSIF,hr2741-112
HSWM,hr2741-112
HSIF,hr217-112
HSWM,hr5005-112
HSWM,hr772-112
HSED,hr1794-112
HSPW,hr1703-112
HSHM,hr1703-112
HSAS,hr1703-112
HSPW,hr1795-112
HSGO,hr1795-112
HSJU,hr2556-112
HSWM,hr5399-112
HSBA,hr1224-112
HSGO,hr3485-112
HSED,hr3485-112
HSHA,hr3485-112
HSJU,hr3485-112
HSBA,hr1309-112
SSBK,hr1309-112
HSII,hr6141-112
HSWM,hr4799-112
HSED,hr1253-112
HSBA,hr1253-112
HSFA,hr4070-112
HSBA,hr4070-112
HSJU,hr4070-112
HSJU,hr1432-112
HSWM,hr5320-112
HSWM,hr1232-112
HSII,hr2351-112
SSEG,hr2351-112
HSWM,hr1728-112
HSWM,hr2605-112
HSIF,hr3185-112
HSED,hr2098-112
HSWM,hr5536-112
HSII,hr4007-112
HSVR,hr1742-112
HSPW,hr2350-112
HSBU,hr2350-112
HSBA,hr1755-112
HSWM,hr537-112
HSIF,hr537-112
HSWM,hr1384-112
HSSY,hr1797-112
HSAS,hr1797-112
HSWM,hr639-112
HSWM,hr5425-112
HSED,hr2926-112
HSWM,hr5137-112
HSWM,hr4986-112
HSED,hr2125-112
HSII,hr1560-112
SLIA,hr1560-112
HSPW,hr572-112
HSIF,hr6200-112
HSAG,hr6200-112
HSWM,hr6200-112
HSII,hr6200-112
HSPW,hr2030-112
HSSY,hr2030-112
HSSY,hr1710-112
HSWM,hr1710-112
HSWM,hr5099-112
HSBA,hr2760-112
HSWM,hr4415-112
HSWM,hr4108-112
HSII,hr4108-112
HSBU,hr4108-112
HSAG,hr3454-112
HSWM,hr119-112
HSVR,hr5747-112
HSII,hr2772-112
HSWM,hr6476-112
HSIF,hr6476-112
HSWM,hr5477-112
HSWM,hr239-112
HSVR,hr168-112
HSWM,hr6066-112
HSIF,hr6066-112
HSIF,hr1445-112
HSHM,hr1801-112
HSHM,hr1801-112
SSCM,hr1801-112
HSWM,hr1549-112
HSJU,hr5874-112
HSPW,hr6058-112
HSII,hr6058-112
HSSY,hr6058-112
HSSY,hr4263-112
HSGO,hr4263-112
HSJU,hr4263-112
HSAS,hr4263-112
HLIG,hr4263-112
HSED,hr3653-112
HSJU,hr1341-112
HSWM,hr2525-112
HSIF,hr6311-112
HSWM,hr5500-112
HSVR,hr1930-112
HSWM,hr1788-112
HSWM,hr4035-112
HSPW,hr2998-112
HSWM,hr2231-112
HSBU,hr2231-112
HSIF,hr706-112
HSAP,hr706-112
HSWM,hr4504-112
HSAS,hr1612-112
HSVR,hr1612-112
HSFA,hr2200-112
HSIF,hr3526-112
HSGO,hr2692-112
HSWM,hr2321-112
HSAP,hr2321-112
HSWM,hr5668-112
HSWM,hr1956-112
HSII,hr4322-112
HSAG,hr4322-112
HSPW,hr4322-112
HSIF,hr4322-112
HSVR,hr810-112
HSIF,hr1120-112
HSWM,hr144-112
HSFA,hr2106-112
HSJU,hr2106-112
HSWM,hr2106-112
HSBA,hr2106-112
HSGO,hr2106-112
HSIF,hr2245-112
HSAG,hr1385-112
HSHM,hr1690-112
HSHM,hr1690-112
HSJU,hr6080-112
SSJU,hr6080-112
HSHM,hr3857-112
SSGA,hr3857-112
HSWM,hr5708-112
HSGO,hr6520-112
HSWM,hr524-112
HSII,hr759-112
HSWM,hr5025-112
HSIF,hr225-112
HSHM,hr225-112
HSAG,hr4225-112
HSED,hr1579-112
HSPW,hr658-112
HSSY,hr658-112
HSJU,hr658-112
HSHM,hr658-112
HSWM,hr4507-112
HSWM,hr5219-112
HSJU,hr214-112
HSGO,hr214-112
HSIF,hr438-112
HSAP,hr2354-112
SSAP,hr2354-112
HSHA,hr5799-112
HSJU,hr5799-112
HSSY,hr5799-112
HSVR,hr5799-112
HSGO,hr5799-112
HSED,hr5799-112
HSAS,hr3438-112
HSSM,hr3438-112
HSBA,hr2573-112
HSWM,hr5312-112
HSVR,hr115-112
HSPW,hr1123-112
HSWM,hr4993-112
HSJU,hr5934-112
SSJU,hr5934-112
HSBA,hr2508-112
HSJU,hr2847-112
HSED,hr2847-112
HSHA,hr262-112
HSPW,hr2942-112
HSWM,hr5134-112
HSWM,hr4910-112
HSII,hr2852-112
HSAP,hr1471-112
HSRU,hr2723-112
HSII,hr3500-112
HSAS,hr780-112
HSFA,hr780-112
HSAS,hr1260-112
HSVR,hr1260-112
HSWM,hr5133-112
HSWM,hr3923-112
HSWM,hr3601-112
HSIF,hr3601-112
HSWM,hr4842-112
HSWM,hr5284-112
HSIF,hr5284-112
HSWM,hr5172-112
HSRU,hr1630-112
HSBU,hr1630-112
HSJU,hr3392-112
HSED,hr2758-112
HSIF,hr6138-112
HSFA,hr6138-112
HSED,hr6138-112
HSJU,hr6138-112
HSAS,hr6138-112
HSBA,hr6138-112
HSWM,hr6138-112
HSIF,hr1301-112
HSJU,hr2136-112
HSJU,hr243-112
HSED,hr2565-112
HSJU,hr6029-112
HSIF,hr1971-112
HSWM,hr1971-112
HSED,hr1971-112
HSIF,hr1370-112
HSWM,hr1370-112
HSWM,hr4585-112
HSWM,hr4828-112
HSAP,hr1473-112
HSBU,hr1473-112
HSWM,hr1473-112
HSJU,hr2116-112
HSWM,hr3352-112
HSVR,hr3352-112
HSJU,hr318-112
HSII,hr647-112
HSII,hr6072-112
HSWM,hr2569-112
HSGO,hr6304-112
HSWM,hr3313-112
HSVR,hr2301-112
HSWM,hr3423-112
HSIF,hr3423-112
HSIF,hr3391-112
HSWM,hr5095-112
HSWM,hr4808-112
HSFA,hr6087-112
HSPW,hr6492-112
HSII,hr2420-112
HSWM,hr3420-112
HSWM,hr206-112
HSPW,hr6164-112
HSIF,hr6164-112
HSII,hr6164-112
HSVR,hr1451-112
HSAP,hr1451-112
HSBA,hr790-112
HSED,hr3614-112
HSWM,hr131-112
HSIF,hr3239-112
HSWM,hr3487-112
HSII,hr3487-112
HSJU,hr3487-112
HSIF,hr3487-112
HSSY,hr3487-112
HSED,hr3487-112
HSSM,hr3487-112
HSGO,hr3487-112
HSAS,hr2085-112
HSBA,hr833-112
HSFA,hr833-112
HSAG,hr833-112
HSPW,hr6166-112
HSFA,hr6724-112
HSWM,hr5068-112
HSWM,hr5052-112
HSWM,hr1961-112
HSWM,hr5165-112
HSWM,hr5047-112
HSFA,hr5905-112
HSBA,hr1638-112
HSWM,hr1638-112
HSBU,hr1638-112
HSII,hr6235-112
HSWM,hr659-112
HSII,hr536-112
HSIF,hr536-112
HSWM,hr536-112
HSBU,hr536-112
HSWM,hr1712-112
HSED,hr4385-112
HSED,hr5891-112
HSAS,hr5891-112
HSWM,hr755-112
HSFA,hr755-112
HSPW,hr2429-112
HSWM,hr5230-112
HSPW,hr873-112
HSIF,hr873-112
HSBA,hr1498-112
HSWM,hr5820-112
HSJU,hr2885-112
HSED,hr2885-112
HSWM,hr2885-112
HSWM,hr4666-112
HSJU,hr3541-112
HSJU,hr58-112
HSJU,hr1107-112
HSJU,hr1764-112
HSIF,hr3183-112
HSWM,hr4580-112
HSPW,hr3816-112
HSPW,hr54-112
HSHM,hr1510-112
HSHM,hr1510-112
HSVR,hr575-112
HSIF,hr570-112
SSHR,hr570-112
HSED,hr5654-112
HSBA,hr1430-112
HSII,hr4334-112
HSIF,hr4204-112
HSAS,hr2278-112
HSSM,hr2950-112
HSWM,hr5003-112
HSWM,hr3865-112
HSII,hr4630-112
HSHA,hr187-112
HSGO,hr187-112
HSRU,hr187-112
HSGO,hr3494-112
HSAP,hr3494-112
HSBU,hr3494-112
HSII,hr3494-112
HSPW,hr3265-112
HSII,hr1719-112
HSHM,hr6025-112
HSJU,hr6025-112
SSGA,hr6025-112
HSBA,hr2081-112
HSAG,hr759-112
HSJU,hr759-112
HSWM,hr798-112
HSIF,hr798-112
HSED,hr798-112
HSWM,hr4448-112
HSIF,hr876-112
HSWM,hr876-112
HSIF,hr4209-112
HSIF,hr6377-112
HSWM,hr4479-112
HSWM,hr2770-112
HSIF,hr2770-112
HSWM,hr1601-112
HSPW,hr2766-112
HSWM,hr436-112
HSWM,hr860-112
HSAG,hr3527-112
HSWM,hr4486-112
HSED,hr3151-112
HSGO,hr3151-112
HSHA,hr3151-112
HSII,hr1013-112
HSIF,hr1639-112
HSGO,hr2561-112
HSED,hr3764-112
HSAS,hr3764-112
HSVR,hr3764-112
HSWM,hr3104-112
HSFA,hr3783-112
HSJU,hr2026-112
HSWM,hr5340-112
HSIF,hr6194-112
HSWM,hr6656-112
HSHM,hr6656-112
HSBU,hr6656-112
HSJU,hr1108-112
HSWM,hr4856-112
HSIF,hr1187-112
HSED,hr2228-112
HSSY,hr5827-112
HSHA,hr1626-112
HSGO,hr3194-112
HSJU,hr3194-112
HSIF,hr5334-112
HSVR,hr811-112
HSII,hr3408-112
HSFA,hr3658-112
HSWM,hr3080-112
HSIF,hr3847-112
HSWM,hr4865-112
HSIF,hr1214-112
HSED,hr1214-112
SSHR,hr1214-112
HSWM,hr5253-112
HSAG,hr874-112
HSED,hr1716-112
HSWM,hr3934-112
HSWM,hr3947-112
HSWM,hr4591-112
HSWM,hr3348-112
HSII,hr3037-112
HSIF,hr5800-112
HSWM,hr2496-112
HSAS,hr2496-112
HSPW,hr2496-112
HSBU,hr3082-112
HSRU,hr3082-112
HSGO,hr3082-112
HSWM,hr5236-112
HSII,hr1272-112
SLIA,hr1272-112
HSWM,hr3681-112
HSBA,hr2761-112
HSJU,hr4271-112
HSIF,hr4271-112
HSED,hr4271-112
HSBA,hr4271-112
HSII,hr4271-112
HSIF,hr2044-112
HSIF,hr3326-112
HSHA,hr280-112
HSWM,hr710-112
HSWM,hr5473-112
HSBA,hr1588-112
HSHA,hr2913-112
HSGO,hr2913-112
HSIF,hr2281-112
HSAP,hr3583-112
HSVR,hr3279-112
HSJU,hr3809-112
HSED,hr626-112
HSWM,hr2549-112
HSVR,hr4051-112
HSAS,hr4051-112
HSGO,hr987-112
HSWM,hr6140-112
HSED,hr6140-112
HSJU,hr963-112
HSJU,hr3534-112
SSGA,hr3534-112
HSJU,hr112-112
HSWM,hr1039-112
HSWM,hr5300-112
HSED,hr1636-112
HSPW,hr2887-112
HSWM,hr2887-112
HSSY,hr3703-112
HSWM,hr3768-112
HSWM,hr1697-112
HSBA,hr1697-112
HSAG,hr1697-112
HSBA,hr6416-112
HSPW,hr517-112
HSJU,hr374-112
HSWM,hr4581-112
HSJU,hr3862-112
HSWM,hr5333-112
HSBU,hr5333-112
HSED,hr2040-112
HSED,hr683-112
HLIG,hr754-112
HSIF,hr844-112
HSWM,hr844-112
HSJU,hr2028-112
HSIF,hr1683-112
HSPW,hr2111-112
HSII,hr2111-112
HSIF,hr2111-112
HSBA,hr6037-112
HSIF,hr3314-112
HSWM,hr5672-112
HSWM,hr5429-112
HSWM,hr5541-112
HSGO,hr2130-112
HSWM,hr4928-112
HSGO,hr5322-112
HSPW,hr5322-112
HSWM,hr5078-112
HSII,hr3227-112
HSWM,hr2099-112
HSII,hr2181-112
HSIF,hr4124-112
SSHR,hr4124-112
HSWM,hr3956-112
HSBA,hr3187-112
HSBU,hr3187-112
HSWM,hr5986-112
HSAS,hr152-112
HSFA,hr1888-112
HSWM,hr1888-112
HSJU,hr1888-112
HSAG,hr1888-112
HSBA,hr1888-112
HSVR,hr5999-112
HSAS,hr826-112
HSED,hr2823-112
HSHA,hr2823-112
HSED,hr494-112
HSAS,hr3284-112
HSPW,hr3867-112
HSII,hr1231-112
HSII,hr4301-112
HSIF,hr4301-112
HSPW,hr4301-112
HSJU,hr4301-112
HSRU,hr4301-112
HSWM,hr4301-112
HSAG,hr4301-112
HSAS,hr4301-112
HSGO,hr4301-112
HSWM,hr5128-112
HSIF,hr6545-112
HSIF,hr2159-112
HSVR,hr2159-112
HSAS,hr2159-112
HSBA,hr1131-112
HSII,hr3365-112
HSPW,hr4146-112
HSII,hr4146-112
HSWM,hr5785-112
HSBU,hr4966-112
HSRU,hr4966-112
HSED,hr3154-112
HSED,hr3597-112
HSBA,hr1662-112
HSIF,hr900-112
HSSM,hr598-112
HSII,hr598-112
HSIF,hr3457-112
HSPW,hr761-112
HSVR,hr3216-112
HSVR,hr4114-112
SSVA,hr4114-112
HSBA,hr2963-112
HSJU,hr1153-112
HSWM,hr4696-112
HSII,hr294-112
HSHA,hr294-112
HSWM,hr5189-112
HSWM,hr2435-112
HSWM,hr1825-112
HSBU,hr6535-112
HSWM,hr6535-112
HSFA,hr6178-112
HSIF,hr4175-112
HSED,hr4175-112
HSWM,hr3827-112
HSAP,hr3827-112
HSBU,hr3827-112
HSIF,hr3827-112
HSAS,hr649-112
HSWM,hr797-112
HSIF,hr1897-112
HSAP,hr1-112
HSBU,hr1-112
HSWM,hr37-112
HSWM,hr871-112
HSII,hr3410-112
HSII,hr2176-112
HSWM,hr4827-112
HSII,hr2834-112
HSAG,hr2834-112
HSGO,hr538-112
SSGA,hr538-112
HSGO,hr3047-112
HSWM,hr1845-112
HSIF,hr1845-112
HSBA,hr1909-112
HSJU,hr1823-112
HSED,hr6346-112
HSGO,hr2079-112
SSGA,hr2079-112
HSII,hr4222-112
SSEG,hr4222-112
HSJU,hr2713-112
HSJU,hr314-112
HSAS,hr1089-112
HSAS,hr24-112
HSJU,hr1438-112
HSVR,hr5880-112
HSVR,hr1647-112
HSAS,hr1283-112
HSII,hr608-112
HSWM,hr5538-112
HSPW,hr3684-112
HSWM,hr5324-112
HSAG,hr271-112
HSWM,hr4589-112
HSGO,hr1351-112
HSWM,hr474-112
HSBA,hr557-112
HSWM,hr6149-112
HSWM,hr4705-112
HSAG,hr2328-112
HSBA,hr435-112
HSJU,hr435-112
HSJU,hr2552-112
HSPW,hr3690-112
HSJU,hr1950-112
SSJU,hr1950-112
HSHM,hr5843-112
SSGA,hr5843-112
HSSM,hr5829-112
HSED,hr604-112
HSHM,hr2507-112
HSHM,hr2507-112
HSGO,hr2507-112
HSII,hr2083-112
HSJU,hr496-112
HSGO,hr2114-112
HSWM,hr4766-112
HSGO,hr4409-112
HSWM,hr4463-112
HSIF,hr6548-112
HSWM,hr6548-112
HSIF,hr1215-112
HSIF,hr2841-112
HSBA,hr1082-112
HSWM,hr4349-112
HSGO,hr265-112
HSRU,hr265-112
HSSY,hr3272-112
HSPW,hr3272-112
HSGO,hr3370-112
HSGO,hr735-112
HSWM,hr2756-112
HSIF,hr6234-112
HSWM,hr6234-112
HSAS,hr573-112
HSBA,hr4144-112
HSWM,hr5503-112
HSBA,hr3693-112
HSIF,hr1939-112
HSBA,hr4220-112
HSWM,hr3308-112
HSIF,hr3308-112
HSJU,hr6130-112
HSPW,hr6130-112
HSBA,hr2086-112
HSBU,hr2086-112
HSJU,hr3160-112
HSED,hr3160-112
HSFA,hr2700-112
HSWM,hr3970-112
HSED,hr182-112
HSBA,hr6017-112
HSWM,hr6279-112
HSPW,hr3472-112
HSII,hr3472-112
HSIF,hr3472-112
HSWM,hr3472-112
HSII,hr3377-112
HSFA,hr2643-112
HSJU,hr2643-112
HSPW,hr5831-112
HSAS,hr4164-112
HSHM,hr2000-112
HSJU,hr2000-112
HSWM,hr2000-112
HSED,hr2000-112
HSGO,hr2000-112
HSAS,hr2000-112
HSAG,hr2000-112
HSII,hr2000-112
HSII,hr510-112
HSII,hr6475-112
HSIF,hr3431-112
HSED,hr3568-112
HSWM,hr3568-112
HSAG,hr3568-112
HSWM,hr2097-112
HSWM,hr934-112
HSVR,hr5881-112
HSED,hr1532-112
HSVR,hr4057-112
SSVA,hr4057-112
HSED,hr2255-112
HSIF,hr1328-112
HSWM,hr1328-112
HSGO,hr1328-112
HSWM,hr5474-112
HSWM,hr4875-112
HSWM,hr1744-112
HSWM,hr2320-112
HSIF,hr1499-112
HSGO,hr1564-112
HSII,hr2914-112
HSAG,hr2914-112
HSJU,hr2914-112
HSSY,hr2914-112
HSIF,hr2914-112
HSWM,hr3942-112
HSFA,hr1212-112
HSAS,hr1212-112
HSJU,hr3978-112
HSHA,hr3978-112
HSWM,hr5504-112
HSJU,hr703-112
HSPW,hr2844-112
HSPW,hr1515-112
HSJU,hr4181-112
HSIF,hr4378-112
HSWM,hr4378-112
HSIF,hr6131-112
HSBA,hr1667-112
HSII,hr4198-112
HSWM,hr736-112
HSAS,hr6253-112
HSPW,hr6253-112
HSED,hr870-112
HSWM,hr870-112
HSED,hr2948-112
HSHA,hr5971-112
HSWM,hr1478-112
HSJU,hr266-112
HSGO,hr266-112
HSGO,hr3237-112
SSHR,hr3237-112
HSJU,hr1796-112
HSII,hr205-112
SLIA,hr205-112
HSWM,hr4149-112
HSED,hr6135-112
HSIF,hr2363-112
HSWM,hr5723-112
HSWM,hr2014-112
HSWM,hr6700-112
HSGO,hr3028-112
HSIF,hr3032-112
HSWM,hr3032-112
HSPW,hr6430-112
HSWM,hr4685-112
HSFA,hr6280-112
HSHM,hr6280-112
HSJU,hr6280-112
HSFA,hr2215-112
HSBA,hr2215-112
HSIF,hr941-112
HSWM,hr941-112
HSWM,hr417-112
HSIF,hr3380-112
HSJU,hr2615-112
HSWM,hr2615-112
HSIF,hr2672-112
HSWM,hr2672-112
HSGO,hr213-112
HSJU,hr213-112
HSWM,hr150-112
HSIF,hr2006-112
HSJU,hr4206-112
HSGO,hr1198-112
HSAS,hr1198-112
HSII,hr887-112
HSJU,hr887-112
HSJU,hr6215-112
SSJU,hr6215-112
HSWM,hr5277-112
HSED,hr5647-112
HSHA,hr5647-112
HSGO,hr5647-112
HSJU,hr5647-112
HSGO,hr3285-112
HSIF,hr3274-112
HSVR,hr2388-112
HSJU,hr2933-112
HSBA,hr2462-112
HSVR,hr2274-112
HSAS,hr2274-112
HSIF,hr5998-112
HSWM,hr5998-112
HSII,hr1559-112
HSIF,hr531-112
HSIF,hr1242-112
HSIF,hr950-112
HSII,hr1162-112
HSWM,hr5357-112
HSED,hr2335-112
HSGO,hr4078-112
HSJU,hr4078-112
HSVR,hr169-112
HSJU,hr3686-112
HSJU,hr1804-112
HSWM,hr880-112
HSIF,hr3616-112
HSWM,hr4473-112
HSIF,hr1462-112
HSJU,hr1060-112
HSWM,hr5780-112
HSWM,hr1533-112
HSIF,hr1724-112
HSWM,hr1724-112
HSWM,hr5434-112
HSFA,hr515-112
HSJU,hr515-112
HSBA,hr515-112
SSFR,hr515-112
HSWM,hr2750-112
HSIF,hr3884-112
HSED,hr2464-112
HSIF,hr5910-112
HSED,hr3178-112
HSWM,hr3178-112
HSII,hr461-112
SSEG,hr461-112
HSWM,hr5982-112
HSWM,hr1948-112
HSIF,hr2715-112
HSII,hr4382-112
HSWM,hr5000-112
HSBA,hr4107-112
HSHA,hr1168-112
HSGO,hr1168-112
HSIF,hr6550-112
HSWM,hr5490-112
HSII,hr1230-112
HSWM,hr4797-112
HSWM,hr1036-112
HSWM,hr1031-112
HSIF,hr664-112
HSHM,hr6028-112
SSCM,hr6028-112
HSJU,hr2065-112
HSIF,hr6006-112
HSWM,hr5726-112
HSPW,hr1777-112
HSGO,hr1777-112
HSJU,hr1777-112
HSWM,hr4717-112
HSWM,hr5246-112
HSIF,hr6300-112
HSWM,hr6300-112
HSWM,hr1834-112
HSIF,hr3682-112
HSWM,hr3682-112
HSED,hr3682-112
HSJU,hr3682-112
HSII,hr3682-112
HSHA,hr3682-112
HSRU,hr3682-112
HSAP,hr3682-112
HSII,hr2753-112
HSIF,hr3654-112
HSPW,hr3654-112
HSHM,hr3654-112
HSIF,hr965-112
HSRU,hr965-112
HSWM,hr4418-112
HSSM,hr4121-112
HSBA,hr2582-112
HSIF,hr4205-112
HSWM,hr1611-112
HSSM,hr1611-112
HSAG,hr1422-112
HSIF,hr1822-112
HSWM,hr1822-112
HSED,hr4055-112
HSAS,hr4055-112
HSVR,hr4055-112
HSGO,hr3744-112
HSBA,hr321-112
HSPW,hr3096-112
HSII,hr3096-112
HSSY,hr3096-112
HSIF,hr1830-112
HSGO,hr5952-112
HSWM,hr4562-112
HSIF,hr6697-112
HSJU,hr6697-112
HSPW,hr6697-112
HSII,hr6697-112
HSIF,hr2736-112
HSAP,hr6091-112
HSPW,hr3810-112
HSWM,hr4904-112
HSWM,hr3224-112
HSWM,hr5063-112
HSWM,hr6050-112
HSBA,hr6050-112
HSWM,hr2091-112
HSIF,hr1707-112
HSBU,hr3578-112
SSBU,hr3578-112
HSWM,hr1986-112
HSFA,hr5749-112
HSED,hr1047-112
HSGO,hr1144-112
HSWM,hr5193-112
HSPW,hr712-112
HSWM,hr3551-112
HSWM,hr5451-112
HSED,hr4112-112
HSJU,hr4112-112
HSJU,hr2870-112
HSIF,hr1017-112
HSGO,hr2884-112
HSPW,hr2838-112
HSHM,hr2838-112
SSCM,hr2838-112
HSED,hr5901-112
HSBA,hr3416-112
HSGO,hr375-112
HSWM,hr375-112
HSPW,hr375-112
HSWM,hr390-112
HSWM,hr4879-112
HSAS,hr1284-112
HSBA,hr3655-112
HSJU,hr2567-112
HSII,hr1649-112
HSIF,hr2284-112
HSSY,hr2284-112
HSWM,hr4790-112
HSJU,hr881-112
HSWM,hr5938-112
HSSY,hr3833-112
HSPW,hr3833-112
HSFA,hr3594-112
HSWM,hr5562-112
HSWM,hr5116-112
HSII,hr1505-112
HSAG,hr1505-112
HSHM,hr1505-112
HSII,hr6484-112
HSWM,hr4866-112
HSBA,hr497-112
HSWM,hr5849-112
HSWM,hr2481-112
HSFA,hr1501-112
HSPW,hr57-112
HSIF,hr2289-112
HSWM,hr2382-112
HSII,hr993-112
HSED,hr1048-112
HSIF,hr3900-112
HSWM,hr2502-112
HSIF,hr3258-112
HSWM,hr3258-112
HSHM,hr6328-112
HSJU,hr74-112
HSWM,hr4582-112
HSWM,hr2883-112
HSBU,hr2883-112
HSBA,hr3694-112
HSAS,hr2266-112
HSJU,hr862-112
HSVR,hr807-112
HSAG,hr4948-112
HSJU,hr2032-112
HSAS,hr6266-112
HSED,hr2445-112
HSJU,hr564-112
HSED,hr2794-112
HSWM,hr4459-112
HSPW,hr3122-112
HSIF,hr3122-112
HSPW,hr4276-112
HSWM,hr4276-112
HSII,hr4276-112
HSSY,hr4276-112
HSIF,hr4276-112
HSWM,hr4050-112
HSED,hr4050-112
HSSY,hr3642-112
HSIF,hr3642-112
HSED,hr1066-112
HSWM,hr4429-112
HSWM,hr3864-112
HSPW,hr3864-112
HSWM,hr133-112
HSGO,hr226-112
HSJU,hr226-112
HSBA,hr2977-112
HSJU,hr6199-112
HSPW,hr6199-112
HSSY,hr618-112
HSWM,hr1450-112
HSAS,hr1297-112
HSPW,hr1297-112
HSWM,hr5470-112
HSFA,hr890-112
HSJU,hr890-112
HSWM,hr4578-112
HSWM,hr5725-112
HSIF,hr3679-112
HSWM,hr4672-112
HSWM,hr5942-112
HSIF,hr5942-112
HSIF,hr4332-112
HSWM,hr2783-112
HSAP,hr5972-112
HSBA,hr1070-112
HSWM,hr4436-112
HSAP,hr3005-112
HSBU,hr3005-112
HSGO,hr4631-112
SSGA,hr4631-112
HSSY,hr2396-112
HSHM,hr4251-112
SSCM,hr4251-112
HSGO,hr4257-112
SSGA,hr4257-112
HSII,hr3446-112
HSJU,hr3668-112
SSJU,hr3668-112
HSII,hr1053-112
HSED,hr778-112
HSIF,hr3214-112
HSIF,hr2681-112
HSWM,hr2003-112
HSAG,hr2003-112
HSIF,hr4274-112
HSFA,hr167-112
HSED,hr1867-112
HSWM,hr456-112
HSED,hr456-112
HSIF,hr3596-112
HSGO,hr3596-112
HSAS,hr3596-112
HSED,hr3596-112
HSIF,hr3737-112
HSII,hr1904-112
SSEG,hr1904-112
HSBA,hr3001-112
HSVR,hr614-112
HSHM,hr2356-112
HSIF,hr2356-112
HSPW,hr2356-112
HSFA,hr2356-112
HLIG,hr2356-112
HSSY,hr2356-112
HSWM,hr3475-112
HSBA,hr2593-112
HSWM,hr2813-112
HSIF,hr371-112
HSWM,hr371-112
HSED,hr371-112
HSBA,hr774-112
HSJU,hr774-112
HSWM,hr6056-112
HSPW,hr104-112
HSRU,hr104-112
HSWM,hr4881-112
HSPW,hr2738-112
HSIF,hr2738-112
HSII,hr2738-112
HSWM,hr5167-112
HSGO,hr1424-112
HSPW,hr1535-112
HSIF,hr6097-112
HSWM,hr6097-112
HSED,hr6097-112
HSJU,hr4159-112
HSBA,hr2635-112
HSIF,hr4066-112
HSWM,hr4066-112
HSWM,hr5079-112
HSJU,hr1065-112
HSIF,hr1065-112
HSPW,hr2333-112
HSBA,hr3147-112
HSIF,hr3203-112
HSWM,hr234-112
HSIF,hr2954-112
HSWM,hr2954-112
HSED,hr2954-112
HSBU,hr2954-112
HSVR,hr2954-112
HSAS,hr2954-112
HSAG,hr2954-112
HSJU,hr2954-112
HSII,hr2954-112
HSWM,hr1659-112
HSIF,hr2401-112
SSEV,hr2401-112
HSJU,hr1842-112
HSED,hr1842-112
HSHM,hr1842-112
HSWM,hr567-112
HSFA,hr2699-112
HSJU,hr4303-112
HSFA,hr4303-112
HSWM,hr3952-112
HSPW,hr1849-112
HSED,hr6517-112
HSII,hr2336-112
SSEG,hr2336-112
HSSY,hr2096-112
SSCM,hr2096-112
HSED,hr3989-112
HSWM,hr1265-112
HSWM,hr2797-112
HSGO,hr828-112
SSGA,hr828-112
HSWM,hr4905-112
HSIF,hr5859-112
SSCM,hr5859-112
HSWM,hr1437-112
HSHA,hr431-112
HSGO,hr431-112
HSGO,hr829-112
HSWM,hr4662-112
HSWM,hr3123-112
HSED,hr4157-112
SSHR,hr4157-112
HSPW,hr2658-112
HSHM,hr2658-112
HSWM,hr3903-112
HSAP,hr3060-112
HSWM,hr3060-112
HSWM,hr426-112
HSIF,hr426-112
HSPW,hr4153-112
HSAG,hr4153-112
HSIF,hr4153-112
HSAG,hr3914-112
HSBA,hr3502-112
HSWM,hr4911-112
HSII,hr550-112
HSBU,hr3519-112
HSWM,hr4814-112
HSIF,hr4266-112
HSII,hr2087-112
SSCM,hr2087-112
HSPW,hr6356-112
HSGO,hr6356-112
HSIF,hr3204-112
HSAS,hr2470-112
HSVR,hr2470-112
HSJU,hr1024-112
HSHA,hr1024-112
HSIF,hr2513-112
HSWM,hr4854-112
HSBU,hr6692-112
HSJU,hr6245-112
HSWM,hr421-112
HSPW,hr1938-112
HSIF,hr1938-112
HSII,hr1938-112
HSJU,hr2369-112
HSIF,hr3306-112
HSPW,hr1734-112
HSGO,hr1734-112
HSRU,hr1734-112
SSEV,hr1734-112
HSAS,hr1110-112
HSJU,hr6368-112
HSHM,hr6368-112
SSJU,hr6368-112
HSJU,hr5741-112
HSHM,hr5741-112
HSVR,hr2619-112
HSWM,hr4998-112
HSBA,hr1227-112
HSIF,hr2769-112
HSWM,hr2769-112
HSED,hr2769-112
HSII,hr3532-112
HSWM,hr1792-112
HSWM,hr4583-112
HSED,hr2547-112
HSED,hr3373-112
HSED,hr5732-112
HSGO,hr3300-112
HSIF,hr2417-112
HSED,hr2218-112
SSHR,hr2218-112
HSBA,hr1838-112
HSAG,hr1838-112
HSAG,hr3359-112
HSWM,hr1614-112
HSIF,hr2625-112
HSAG,hr6083-112
HSIF,hr1386-112
HSWM,hr1386-112
HSWM,hr4927-112
HSED,hr925-112
HSWM,hr16-112
HSBU,hr16-112
HSIF,hr1217-112
SSHR,hr1217-112
HSBA,hr6129-112
HSVR,hr2433-112
HSAS,hr2433-112
SSVA,hr2433-112
HSII,hr5987-112
HSED,hr2914-112
HSIF,hr2969-112
HSWM,hr2969-112
HSII,hr3155-112
HSII,hr4360-112
HSWM,hr4210-112
HSBA,hr4210-112
HSHA,hr6424-112
HSGO,hr6424-112
HSPW,hr2069-112
HSWM,hr5433-112
HSWM,hr4955-112
HSWM,hr1135-112
HSAG,hr1135-112
HSBU,hr1135-112
HSRU,hr1135-112
HSIF,hr1135-112
HSBA,hr839-112
SSBK,hr839-112
HSII,hr2512-112
SSEG,hr2512-112
HSWM,hr1527-112
HSAS,hr5735-112
HSVR,hr5735-112
HSED,hr6173-112
HSPW,hr1117-112
HSIF,hr1117-112
HSBA,hr2778-112
HSHM,hr1007-112
HSHM,hr1007-112
HSPW,hr2616-112
HSHM,hr2616-112
HSHM,hr2616-112
HSAS,hr396-112
HSVR,hr396-112
HSBA,hr6483-112
HSJU,hr591-112
HSII,hr903-112
HSBU,hr903-112
HSRU,hr903-112
HSBA,hr32-112
HSED,hr32-112
HSED,hr1511-112
HSIF,hr654-112
HSED,hr4390-112
HSWM,hr4569-112
HSIF,hr230-112
HSSY,hr230-112
HSWM,hr5488-112
HSWM,hr4586-112
HSIF,hr3848-112
HSJU,hr546-112
HSWM,hr3076-112
HSGO,hr4161-112
HSWM,hr4368-112
HSWM,hr4858-112
HSWM,hr5181-112
HSED,hr1821-112
HSBA,hr1573-112
HSAG,hr1573-112
HSSM,hr3042-112
HSIF,hr2577-112
HSWM,hr4757-112
HSAG,hr5960-112
HSII,hr5960-112
HSIF,hr3788-112
HSJU,hr3788-112
HSAG,hr4346-112
HSED,hr5895-112
HSBA,hr4172-112
HSBA,hr6125-112
HSWM,hr25-112
HSWM,hr4841-112
HSED,hr3990-112
HSAS,hr3990-112
HSBA,hr3990-112
HSWM,hr277-112
HSII,hr574-112
HSJU,hr3806-112
HSPW,hr1189-112
HSWM,hr4435-112
HSWM,hr5360-112
HSWM,hr6137-112
HSIF,hr6137-112
HSED,hr5834-112
HSWM,hr3195-112
HSAG,hr3062-112
HSWM,hr4579-112
HSWM,hr2307-112
HSPW,hr1691-112
HSWM,hr4758-112
HSWM,hr4506-112
HSJU,hr815-112
HSII,hr1413-112
HSIF,hr4319-112
HSIF,hr3975-112
HSWM,hr6182-112
HSBA,hr3003-112
HSIF,hr2366-112
HSBA,hr2366-112
HSJU,hr2366-112
HSBA,hr5929-112
HSWM,hr4143-112
HSED,hr4143-112
HSIF,hr6340-112
HSWM,hr601-112
HSJU,hr2343-112
HSWM,hr3552-112
HSAP,hr633-112
HSGO,hr633-112
HSWM,hr5630-112
HSII,hr594-112
HSSY,hr594-112
HSIF,hr891-112
HSWM,hr891-112
HSWM,hr6109-112
HSIF,hr6320-112
HSII,hr1837-112
HSWM,hr1596-112
HSPW,hr1596-112
HSIF,hr1596-112
HSBU,hr1596-112
HSJU,hr2316-112
HSWM,hr4603-112
HSWM,hr5072-112
HSIF,hr2853-112
HSWM,hr289-112
HSJU,hr2981-112
HSII,hr6096-112
HSBA,hr3298-112
SSBK,hr3298-112
HSII,hr3996-112
HSHA,hr3585-112
HSWM,hr5808-112
HSWM,hr694-112
HSAG,hr6518-112
HSWM,hr6518-112
HSED,hr6518-112
HSWM,hr5507-112
HSJU,hr3039-112
HSFA,hr3039-112
HSIF,hr338-112
HSWM,hr6181-112
HSWM,hr4518-112
HSWM,hr5251-112
HSII,hr3191-112
HSED,hr6284-112
HSIF,hr6284-112
HSIF,hr1729-112
HSJU,hr1729-112
HSIF,hr1213-112
HSWM,hr3020-112
HSSY,hr1379-112
HSII,hr1379-112
HSPW,hr1379-112
HSWM,hr5964-112
HSPW,hr5964-112
HSJU,hr5964-112
HSFA,hr4169-112
HSBA,hr4169-112
HSGO,hr4169-112
HSJU,hr4169-112
SSFR,hr4169-112
HSGO,hr4363-112
HSII,hr1760-112
HSII,hr643-112
HSWM,hr2198-112
HSII,hr4094-112
HSJU,hr4094-112
HSII,hr3452-112
HSII,hr6024-112
HSAP,hr6143-112
HSBU,hr6143-112
HSGO,hr2423-112
HSWM,hr5718-112
HSGO,hr3813-112
HSHA,hr3813-112
HSWM,hr2669-112
HSBA,hr2669-112
HSBU,hr3669-112
HSRU,hr3669-112
HSGO,hr3669-112
HSWM,hr3669-112
HSWM,hr5491-112
HSJU,hr1010-112
HSIF,hr2746-112
HSWM,hr2746-112
HSED,hr2746-112
HSAS,hr1708-112
HSFA,hr1708-112
HSIF,hr315-112
HSWM,hr315-112
HSWM,hr4704-112
HSJU,hr704-112
HSBA,hr2436-112
HSIF,hr1582-112
HSED,hr2094-112
HSWM,hr1313-112
HSBU,hr114-112
HSRU,hr114-112
HSGO,hr114-112
HSIF,hr2187-112
HSWM,hr2187-112
HSAP,hr6020-112
HSWM,hr4892-112
HSIF,hr4230-112
HSWM,hr4230-112
HSIF,hr5707-112
HSWM,hr5707-112
HSBU,hr5707-112
HSJU,hr1002-112
SSFI,hr1002-112
HSWM,hr777-112
HSII,hr6168-112
HSWM,hr5347-112
HSBU,hr6365-112
SSBU,hr6365-112
HSHA,hr1148-112
HSJU,hr1148-112
HSSO,hr1148-112
HSRU,hr1148-112
HSFA,hr4041-112
SSBK,hr4041-112
HSIF,hr4850-112
SSEG,hr4850-112
HSBA,hr2941-112
HSBA,hr4101-112
HSFA,hr3288-112
HSWM,hr5115-112
HSHM,hr3116-112
HSIF,hr3116-112
HSSY,hr3116-112
HSPW,hr3116-112
HSIF,hr912-112
HSWM,hr2249-112
HSII,hr840-112
HSPW,hr4000-112
HSIF,hr4000-112
HSII,hr4000-112
HSFA,hr4000-112
HSWM,hr6445-112
HSFA,hr255-112
HSWM,hr255-112
HSIF,hr255-112
HSBA,hr255-112
HSJU,hr255-112
HSGO,hr255-112
HSAG,hr255-112
HSWM,hr4655-112
HSPW,hr3382-112
HSIF,hr6191-112
HSAG,hr6191-112
HSBA,hr2191-112
HSPW,hr3158-112
SSEV,hr3158-112
HSIF,hr6413-112
HSWM,hr6413-112
HSFA,hr895-112
HSWM,hr4723-112
HSPW,hr1338-112
HSII,hr1521-112
HSFA,hr2880-112
HSAS,hr2880-112
HSGO,hr2880-112
HSWM,hr5482-112
HSJU,hr2057-112
HSGO,hr2057-112
HSII,hr6513-112
HSAG,hr6513-112
HSJU,hr212-112
HSVR,hr2053-112
HSJU,hr2469-112
HSGO,hr6569-112
HSJU,hr89-112
HSWM,hr89-112
HSAG,hr1465-112
HSIF,hr741-112
HSWM,hr1593-112
HSJU,hr2802-112
HSED,hr3650-112
HSIF,hr2830-112
HSFA,hr2830-112
HSJU,hr2830-112
HSAS,hr2830-112
HSWM,hr2830-112
JCSE,hr2830-112
HSWM,hr4667-112
HSWM,hr4071-112
HSII,hr3335-112
HSAG,hr6009-112
HSII,hr6009-112
HSWM,hr5282-112
HSWM,hr5543-112
HSWM,hr5142-112
HSED,hr2536-112
HSII,hr3132-112
HSGO,hr1420-112
HSJU,hr1439-112
HSWM,hr2697-112
HSWM,hr5364-112
HSSY,hr889-112
HSPW,hr3545-112
HSJU,hr4223-112
SSJU,hr4223-112
HSED,hr2346-112
HSGO,hr2346-112
HSHA,hr2346-112
HSWM,hr2346-112
HSWM,hr4988-112
HSHM,hr1900-112
HSHM,hr1900-112
HSWM,hr4609-112
HSII,hr3878-112
HSVR,hr2002-112
HSIF,hr2359-112
HSED,hr2359-112
HSWM,hr6110-112
HSSY,hr1425-112
HSSM,hr1425-112
HSAS,hr1425-112
HSJU,hr4054-112
HSED,hr2828-112
HSVR,hr2384-112
HSBA,hr4217-112
HSJU,hr1175-112
HSAG,hr2492-112
HSJU,hr2492-112
HSWM,hr5201-112
HSWM,hr4718-112
HSWM,hr1689-112
HSAP,hr1111-112
HSAS,hr3435-112
HSIF,hr2595-112
HSGO,hr1261-112
HSGO,hr1235-112
HSJU,hr1235-112
HSJU,hr2344-112
HSWM,hr4917-112
HSIF,hr1666-112
HSIF,hr2068-112
HSII,hr2563-112
HSWM,hr4900-112
HSAS,hr3676-112
HSFA,hr3676-112
HSII,hr1241-112
HSHM,hr1447-112
HSHM,hr1447-112
SSCM,hr1447-112
HSED,hr3766-112
HSJU,hr3766-112
HSED,hr2253-112
HSGO,hr1354-112
HSAS,hr1354-112
HSED,hr3493-112
HSBU,hr6482-112
HSFA,hr3056-112
HSAG,hr3886-112
HSII,hr3886-112
HSIF,hr5646-112
HSJU,hr5646-112
HSJU,hr4377-112
HSII,hr4377-112
HSIF,hr6719-112
HSWM,hr6719-112
HSGO,hr6719-112
HSAS,hr6719-112
HSVR,hr6719-112
HSAG,hr6228-112
HSJU,hr282-112
HSED,hr282-112
HSJU,hr6704-112
HSPW,hr904-112
HSWM,hr5113-112
HSED,hr1648-112
HSWM,hr4576-112
HSII,hr2803-112
HSIF,hr6065-112
HSED,hr2326-112
HSWM,hr5006-112
HSJU,hr1885-112
HSWM,hr4478-112
HSWM,hr3661-112
HSWM,hr5199-112
HSWM,hr1813-112
HSWM,hr2515-112
HSED,hr1966-112
HSVR,hr4299-112
HSIF,hr3802-112
HSII,hr1444-112
HSAG,hr1444-112
HSFA,hr6038-112
HSHM,hr4068-112
HSWM,hr6675-112
HSAS,hr6675-112
HSJU,hr3267-112
HSIF,hr4024-112
HSII,hr1042-112
HSWM,hr4663-112
HSIF,hr6666-112
HSWM,hr6666-112
HSII,hr6666-112
HSED,hr6666-112
HSPW,hr6666-112
HSAG,hr6666-112
HSIF,hr364-112
HSED,hr364-112
HSWM,hr364-112
HSJU,hr364-112
HSHA,hr364-112
HSII,hr364-112
HSRU,hr364-112
HSAP,hr364-112
HSWM,hr4702-112
HSWM,hr6688-112
HSBU,hr6688-112
HSAG,hr6688-112
HSIF,hr6688-112
HSBA,hr6688-112
HSJU,hr6688-112
HSGO,hr6688-112
HSHA,hr6688-112
HSRU,hr6688-112
HSII,hr2538-112
HSBA,hr5444-112
HSII,hr845-112
HSFA,hr2867-112
SSFR,hr2867-112
HSJU,hr3515-112
HSED,hr36-112
HSIF,hr36-112
HSWM,hr5394-112
HSWM,hr5004-112
HSWM,hr5029-112
HSWM,hr2387-112
HSPW,hr4028-112
HSII,hr2938-112
SLIA,hr2938-112
HSED,hr5915-112
HSIF,hr4238-112
HSWM,hr70-112
HSWM,hr3215-112
HSBA,hr2425-112
HSSM,hr5835-112
HSWM,hr220-112
HSGO,hr220-112
HSAS,hr1517-112
HSJU,hr1517-112
HSWM,hr6323-112
HSWM,hr5122-112
HSAP,hr397-112
HSRU,hr397-112
HSII,hr3792-112
HSPW,hr6254-112
HSIF,hr6157-112
HSJU,hr3721-112
HSII,hr3292-112
HSHM,hr4005-112
SSGA,hr4005-112
HSWM,hr2468-112
HSIF,hr2468-112
HSIF,hr116-112
HSPW,hr4406-112
HSFA,hr651-112
HSHA,hr6591-112
HSJU,hr6210-112
HSAP,hr5856-112
SSAP,hr5856-112
HSJU,hr2221-112
HSHM,hr3563-112
HSPW,hr3563-112
HSJU,hr125-112
HSRU,hr125-112
HSED,hr820-112
HSGO,hr3071-112
HSFA,hr2918-112
HSJU,hr2918-112
HSWM,hr2918-112
HSWM,hr4422-112
HSWM,hr5421-112
HSWM,hr6653-112
HSWM,hr561-112
HSBA,hr3084-112
HSIF,hr2077-112
HSWM,hr5086-112
HSPW,hr1132-112
HSPW,hr6369-112
HSGO,hr6369-112
HSWM,hr1075-112
HSBA,hr6415-112
HSPW,hr14-112
HSWM,hr14-112
HSII,hr14-112
HSIF,hr14-112
HSAG,hr14-112
HSSY,hr14-112
HSBU,hr14-112
HSGO,hr14-112
HSBA,hr14-112
HSED,hr14-112
HSFA,hr14-112
HSAG,hr967-112
HSWM,hr6005-112
HSAS,hr6576-112
HSAG,hr3111-112
HSWM,hr3111-112
HSWM,hr3691-112
HSIF,hr3691-112
HSGO,hr4053-112
HSED,hr5933-112
HSIF,hr6222-112
HSWM,hr1656-112
HSJU,hr2895-112
HSED,hr2895-112
HSIF,hr2895-112
HSFA,hr2895-112
HSWM,hr3968-112
HSIF,hr6702-112
HSWM,hr5478-112
HSIF,hr4471-112
HSGO,hr4186-112
HSWM,hr5363-112
HSIF,hr6342-112
HSAS,hr5712-112
HSGO,hr2024-112
HSVR,hr3860-112
HSII,hr274-112
HSWM,hr5587-112
HSBA,hr3635-112
HSWM,hr4729-112
HSWM,hr6474-112
HSGO,hr6474-112
HSHA,hr6474-112
HSRU,hr6474-112
HSBU,hr6474-112
HSPW,hr897-112
SSCM,hr897-112
HSAS,hr493-112
HSWM,hr5226-112
HSWM,hr4560-112
HSBA,hr5940-112
HSWM,hr2443-112
HSWM,hr743-112
HSWM,hr11-112
HSWM,hr2886-112
HSPW,hr2886-112
HSAS,hr2886-112
HSJU,hr2886-112
HSJU,hr3012-112
HSJU,hr218-112
HSWM,hr2962-112
HSSM,hr3007-112
HSIF,hr1633-112
HSIF,hr2521-112
HSWM,hr2088-112
HSII,hr6154-112
HSAG,hr6154-112
HSIF,hr6501-112
HSHA,hr4010-112
HSJU,hr4010-112
HSWM,hr5024-112
HSVR,hr4261-112
HSED,hr4227-112
HSHM,hr2042-112
HSWM,hr3941-112
HSWM,hr3944-112
HSBA,hr1148-112
HSAG,hr1148-112
HSIF,hr1687-112
HSWM,hr4675-112
HSWM,hr62-112
HSJU,hr365-112
HSJU,hr1293-112
HSWM,hr4440-112
HSII,hr200-112
HSAS,hr109-112
HSJU,hr109-112
HSFA,hr109-112
HLIG,hr109-112
HSWM,hr4414-112
HSII,hr2489-112
HSWM,hr4543-112
HSWM,hr5051-112
HSIF,hr6258-112
HSED,hr6407-112
HSWM,hr5419-112
HSAP,hr2584-112
HSAG,hr3798-112
HSJU,hr966-112
HSWM,hr132-112
HSPW,hr2845-112
HSIF,hr2845-112
HSJU,hr46-112
HSFA,hr6649-112
HSPW,hr5870-112
HSSM,hr585-112
HSIF,hr6309-112
HSJU,hr2702-112
HSPW,hr2765-112
HSIF,hr5853-112
HSWM,hr2391-112
HSIF,hr2391-112
HSPW,hr3717-112
HSII,hr3717-112
HSJU,hr6432-112
HSBA,hr1356-112
HSIF,hr4326-112
HSHA,hr4326-112
HSAS,hr644-112
HSWM,hr4567-112
HSWM,hr148-112
HSAS,hr968-112
HSED,hr3027-112
HSWM,hr4914-112
HSWM,hr3948-112
HSJU,hr931-112
HSGO,hr931-112
HSPW,hr563-112
HSIF,hr5710-112
HSWM,hr5403-112
HSWM,hr5591-112
HSWM,hr3630-112
HSIF,hr3630-112
HSBA,hr3630-112
HSFA,hr3630-112
HSPW,hr3630-112
HSAG,hr3630-112
HSGO,hr3630-112
HSHA,hr3630-112
HSBU,hr3630-112
HSII,hr3630-112
HSRU,hr3630-112
HLIG,hr3630-112
HSIF,hr6142-112
HSWM,hr6142-112
HSIF,hr6553-112
HSHM,hr915-112
SSGA,hr915-112
HSGO,hr3588-112
HSWM,hr110-112
HSWM,hr5810-112
HSBA,hr830-112
SSBK,hr830-112
HSAP,hr1363-112
HSBU,hr1363-112
HSBA,hr1477-112
HSIF,hr4604-112
HSWM,hr5141-112
HSBA,hr3254-112
HSFA,hr5846-112
HSIF,hr5967-112
HSJU,hr1839-112
HSWM,hr4416-112
HSWM,hr6128-112
HSWM,hr2730-112
HSGO,hr2149-112
SSGA,hr2149-112
HSHM,hr1561-112
HSWM,hr1561-112
HSAG,hr1561-112
HSPW,hr1561-112
HSII,hr2173-112
HSFA,hr2059-112
HSED,hr1951-112
HSJU,hr4730-112
HSAG,hr6567-112
HSWM,hr6567-112
HSED,hr6567-112
HSBA,hr6695-112
HSWM,hr4855-112
HSHM,hr3011-112
HSJU,hr3011-112
HSWM,hr3659-112
SSFI,hr3659-112
HSIF,hr1256-112
HSWM,hr1256-112
HSFA,hr2457-112
HSIF,hr6582-112
HSWM,hr3918-112
HSII,hr258-112
HSPW,hr258-112
HSED,hr1726-112
HSJU,hr2252-112
HSIF,hr6079-112
HSWM,hr6079-112
HSED,hr6079-112
HSII,hr6079-112
HSJU,hr6079-112
HSHA,hr6079-112
HSRU,hr6079-112
HSAP,hr6079-112
HSBU,hr6079-112
HSWM,hr5164-112
HSGO,hr4037-112
HSWM,hr4915-112
HSVR,hr2345-112
HSAG,hr6089-112
HSII,hr6089-112
HSGO,hr487-112
HSWM,hr487-112
HSWM,hr749-112
HSWM,hr5130-112
HSED,hr2978-112
HSFA,hr680-112
HSIF,hr1254-112
HSJU,hr1254-112
SSJU,hr1254-112
HSII,hr5958-112
SSEV,hr5958-112
HSIF,hr2233-112
HSWM,hr2233-112
HSWM,hr2287-112
HSWM,hr4868-112
HSED,hr3471-112
HSWM,hr3471-112
HSED,hr2358-112
HSII,hr2070-112
SSEG,hr2070-112
HSED,hr5871-112
HSJU,hr822-112
SSJU,hr822-112
HSIF,hr5381-112
HSIF,hr1955-112
HSWM,hr1955-112
HSED,hr1955-112
HSHM,hr770-112
HSSM,hr3851-112
HSGO,hr3851-112
HSIF,hr3000-112
HSED,hr3000-112
HSWM,hr3000-112
HSJU,hr3000-112
HSII,hr3000-112
HSRU,hr3000-112
HSHA,hr3000-112
HSAP,hr3000-112
HSGO,hr3000-112
HSBU,hr3000-112
HSWM,hr5222-112
HSFA,hr6652-112
HSPW,hr3358-112
HSBA,hr3358-112
HSIF,hr1486-112
HSGO,hr1470-112
HSWM,hr3765-112
HSIF,hr3765-112
HSPW,hr3765-112
HSII,hr3765-112
HSFA,hr3765-112
HSBA,hr3765-112
HSBU,hr3765-112
HSAG,hr3704-112
HSIF,hr3266-112
HSWM,hr4668-112
HSIF,hr1546-112
HSWM,hr1546-112
HSIF,hr1173-112
HSWM,hr1173-112
HSRU,hr6169-112
HSIF,hr6699-112
HSFA,hr6699-112
HSED,hr3189-112
HSIF,hr3189-112
HSED,hr1057-112
HSFA,hr6255-112
HSAS,hr6255-112
HSVR,hr1263-112
SSVA,hr1263-112
HSVR,hr1130-112
HSWM,hr3998-112
HSWM,hr5342-112
HSII,hr1314-112
HSWM,hr992-112
HSII,hr1819-112
HSII,hr1414-112
HSBA,hr6395-112
HSED,hr2628-112
HSWM,hr3018-112
HSWM,hr4614-112
HSFA,hr4340-112
HSIF,hr2132-112
HSIF,hr3209-112
HSWM,hr4669-112
HSBU,hr1155-112
HSRU,hr1155-112
HSII,hr1572-112
HSPW,hr1572-112
HSBU,hr1848-112
HSRU,hr1848-112
HSIF,hr1676-112
HSJU,hr6373-112
HSII,hr1645-112
HSIF,hr1645-112
HSJU,hr1645-112
HSGO,hr3602-112
HSHA,hr3602-112
HSIF,hr397-112
HSWM,hr397-112
HSED,hr397-112
HSJU,hr397-112
HSHA,hr397-112
HSII,hr397-112
HSWM,hr1310-112
HSWM,hr2082-112
HSAS,hr2082-112
HSWM,hr3374-112
HSJU,hr1468-112
HSWM,hr5276-112
HSBA,hr4014-112
HSGO,hr645-112
HSGO,hr1349-112
HSII,hr6060-112
SSEG,hr6060-112
HSAP,hr3626-112
HSIF,hr3626-112
HSED,hr3626-112
HSWM,hr5699-112
HSAS,hr1435-112
HSJU,hr398-112
HSBU,hr398-112
SSJU,hr398-112
HSWM,hr4834-112
HSIF,hr6601-112
HSAG,hr6601-112
HSWM,hr5677-112
HSED,hr85-112
HSAS,hr3368-112
HSBA,hr691-112
HSBA,hr2586-112
HSAG,hr2586-112
HSIF,hr3399-112
HSWM,hr3399-112
HSJU,hr3399-112
HSBA,hr6570-112
HSED,hr6570-112
HSBU,hr6570-112
HSED,hr1674-112
HSWM,hr5452-112
HSSM,hr447-112
HSSY,hr447-112
HSWM,hr865-112
HSAS,hr865-112
HSIF,hr832-112
HSWM,hr6265-112
HSIF,hr593-112
HSII,hr2347-112
HSIF,hr3144-112
HSWM,hr3144-112
HSWM,hr3959-112
HSIF,hr2510-112
HSWM,hr2510-112
HSED,hr788-112
HSED,hr503-112
HSWM,hr5180-112
HSHA,hr414-112
HSWM,hr414-112
HSWM,hr5135-112
HSWM,hr2100-112
HSVR,hr3723-112
HSII,hr1207-112
HSWM,hr86-112
HSIF,hr516-112
HSPW,hr516-112
HSBA,hr516-112
HSJU,hr516-112
HSWM,hr516-112
HSSY,hr516-112
HSWM,hr1570-112
HSII,hr2504-112
HSPW,hr3513-112
HSSM,hr3513-112
HSBA,hr5521-112
HSIF,hr1186-112
HSWM,hr1186-112
HSWM,hr2479-112
HSFA,hr2004-112
HSGO,hr2004-112
HSJU,hr6529-112
HLIG,hr6529-112
HSBA,hr769-112
HSJU,hr1873-112
HSJU,hr973-112
HSFA,hr2122-112
HSII,hr1126-112
HSAG,hr1083-112
HSIF,hr1083-112
HSJU,hr2900-112
HSWM,hr3958-112
HSWM,hr3962-112
HSHA,hr3774-112
HSGO,hr3774-112
HSRU,hr3774-112
HSSO,hr3774-112
HSWM,hr6212-112
HSWM,hr2630-112
HSWM,hr4891-112
HSWM,hr2888-112
HSJU,hr1591-112
HSVR,hr1591-112
HSAS,hr1591-112
HSAG,hr5825-112
HSAS,hr478-112
HSJU,hr478-112
HSIF,hr2054-112
HSJU,hr2164-112
HSED,hr2164-112
HSWM,hr2164-112
HSED,hr3821-112
HSGO,hr3181-112
HSJU,hr3181-112
HSAS,hr1417-112
HSED,hr1138-112
HSVR,hr2300-112
HSJU,hr347-112
SSJU,hr347-112
HSWM,hr5020-112
HSWM,hr4517-112
HSIF,hr751-112
HSIF,hr5937-112
HSWM,hr4754-112
HSAG,hr5143-112
HSIF,hr6608-112
HSED,hr2368-112
HSED,hr3250-112
HSWM,hr4809-112
HSGO,hr2548-112
SSGA,hr2548-112
HSED,hr2721-112
HSJU,hr1093-112
HSWM,hr1093-112
HSWM,hr4811-112
HSJU,hr3983-112
HSJU,hr43-112
HSJU,hr4847-112
HSII,hr6208-112
HSIF,hr6047-112
HSWM,hr1985-112
HSWM,hr4906-112
HSIF,hr1085-112
HSAP,hr1085-112
HSPW,hr3648-112
HSII,hr6039-112
HSJU,hr3618-112
HSBA,hr201-112
HSJU,hr483-112
HSWM,hr483-112
HSED,hr483-112
HSIF,hr5996-112
HSED,hr5996-112
HSWM,hr4743-112
HSED,hr507-112
HSWM,hr2739-112
HSIF,hr1756-112
HSAS,hr2403-112
HSIF,hr1598-112
HSGO,hr1598-112
HSBA,hr1598-112
HSPW,hr1598-112
HSED,hr6409-112
HSJU,hr6409-112
HSIF,hr6409-112
HSAP,hr5854-112
HSWM,hr4806-112
HSED,hr1294-112
HSED,hr2786-112
HSGO,hr6042-112
HSJU,hr1962-112
HLIG,hr1962-112
HSVR,hr4287-112
HSIF,hr4138-112
HSGO,hr6119-112
HSWM,hr4987-112
HSJU,hr5822-112
HSPW,hr526-112
HSWM,hr526-112
HSFA,hr526-112
HSWM,hr5655-112
HSVR,hr1497-112
HSAS,hr1497-112
HSGO,hr102-112
HSBA,hr102-112
HSED,hr3405-112
HSWM,hr6645-112
HSIF,hr6645-112
HSRU,hr6645-112
HSII,hr501-112
HSSY,hr501-112
HSIF,hr501-112
HSPW,hr501-112
HSED,hr501-112
HSED,hr975-112
HSED,hr6447-112
HSRU,hr3778-112
HSBU,hr3778-112
HSIF,hr2021-112
HSIF,hr2799-112
HSIF,hr640-112
HSBA,hr3077-112
HSHM,hr77-112
HSJU,hr77-112
HSWM,hr2763-112
HSED,hr288-112
HSII,hr2610-112
HSVR,hr117-112
HSWM,hr2238-112
HSSM,hr4203-112
HSPW,hr1677-112
HSAG,hr6470-112
HSWM,hr3955-112
HSED,hr6322-112
HSII,hr927-112
HSBA,hr1488-112
HSBA,hr6186-112
SSBK,hr6186-112
HSWM,hr5401-112
HSAS,hr337-112
HSWM,hr5339-112
HSAS,hr1529-112
HSPW,hr30-112
HSGO,hr48-112
HSJU,hr5848-112
HSIF,hr6176-112
HSWM,hr6176-112
HSJU,hr6176-112
HSWM,hr3831-112
HSIF,hr3831-112
HSHA,hr204-112
HSGO,hr204-112
HSIF,hr2020-112
HSWM,hr2020-112
HSPW,hr2541-112
HSIF,hr560-112
HSWM,hr560-112
HSWM,hr5182-112
HSWM,hr4673-112
HSJU,hr221-112
HSJU,hr1096-112
HSED,hr130-112
HSIF,hr130-112
HSVR,hr3245-112
HSAS,hr3245-112
HSSM,hr449-112
HSSY,hr449-112
HSAS,hr4341-112
HSPW,hr1846-112
HSED,hr1846-112
HSWM,hr5402-112
HSHA,hr926-112
HSWM,hr684-112
HSIF,hr6051-112
HSPW,hr1472-112
HSWM,hr4680-112
HSBU,hr3895-112
HSWM,hr5607-112
HSJU,hr3718-112
HSBA,hr2940-112
HSWM,hr4689-112
HSWM,hr935-112
HSBA,hr2509-112
HSIF,hr905-112
HSWM,hr905-112
HSWM,hr4699-112
HSAS,hr791-112
HSJU,hr4200-112
HSWM,hr5119-112
HSAG,hr4235-112
HSBA,hr4235-112
HSWM,hr529-112
HSWM,hr184-112
HSWM,hr5329-112
HSII,hr113-112
HSPW,hr4239-112
HSWM,hr4239-112
HSII,hr4239-112
HSSY,hr4239-112
HSIF,hr4239-112
HSII,hr2184-112
HSSY,hr2184-112
HSIF,hr1159-112
HSWM,hr1159-112
HSIF,hr964-112
HSWM,hr5159-112
HSWM,hr5310-112
HSAS,hr4338-112
HSWM,hr4873-112
HSWM,hr5397-112
HSJU,hr4269-112
HSWM,hr4916-112
HSAG,hr1382-112
HSIF,hr3059-112
HSJU,hr313-112
HSIF,hr313-112
SSJU,hr313-112
HSED,hr5805-112
HSII,hr5923-112
HSED,hr3896-112
HSII,hr1740-112
HSJU,hr1932-112
HSWM,hr5606-112
HSBA,hr1754-112
HSWM,hr4134-112
HSWM,hr5085-112
HSWM,hr4804-112
HSBA,hr3628-112
HSWM,hr2488-112
HSWM,hr2241-112
HSPW,hr2241-112
HSJU,hr4846-112
HSIF,hr4846-112
HSWM,hr5081-112
HSWM,hr721-112
HSWM,hr4864-112
HSBA,hr5691-112
HSWM,hr2826-112
HSVR,hr1133-112
HSBA,hr1133-112
HSBA,hr3603-112
HSVR,hr210-112
HSWM,hr5480-112
HSII,hr909-112
HSGO,hr909-112
HSWM,hr909-112
HSIF,hr909-112
HSAS,hr909-112
HSPW,hr1953-112
HSII,hr1287-112
HSJU,hr1287-112
HSIF,hr1287-112
HSSY,hr1287-112
HSPW,hr1287-112
HSVR,hr812-112
HSAG,hr1607-112
HSJU,hr3814-112
HSWM,hr278-112
HSWM,hr2109-112
HSGO,hr2109-112
HSIF,hr1807-112
HSGO,hr2956-112
HSWM,hr5795-112
HSWM,hr5535-112
HSWM,hr5306-112
HSAP,hr2017-112
SSAP,hr2017-112
HSIF,hr3218-112
HSGO,hr73-112
HSIF,hr1589-112
HSWM,hr1589-112
HSPW,hr1585-112
HSPW,hr176-112
HSHM,hr176-112
HSWM,hr5001-112
HSII,hr2037-112
HSED,hr5844-112
HSWM,hr3949-112
HSWM,hr2267-112
HSIF,hr2267-112
HSIF,hr1055-112
HSWM,hr1055-112
HSIF,hr1405-112
HSWM,hr4537-112
HSPW,hr3270-112
HSWM,hr1244-112
HSED,hr1244-112
HSSM,hr1244-112
HSWM,hr4639-112
HSIF,hr3627-112
HSGO,hr3101-112
HSWM,hr5417-112
HSWM,hr4862-112
HSJU,hr4469-112
HSIF,hr4469-112
HSJU,hr2064-112
HSED,hr2064-112
HSPW,hr1824-112
HSWM,hr5343-112
HSJU,hr5850-112
HSWM,hr937-112
HSWM,hr5247-112
HSAG,hr4085-112
HSVR,hr120-112
HSJU,hr40-112
HSJU,hr1145-112
HSSY,hr6564-112
HSED,hr2535-112
HSHM,hr901-112
HSIF,hr901-112
HSII,hr1806-112
HSIF,hr6578-112
HSWM,hr4590-112
HSSM,hr2936-112
HSWM,hr4516-112
HSFA,hr4173-112
HSED,hr3697-112
HSBU,hr3697-112
HSWM,hr5102-112
HSWM,hr6627-112
HSGO,hr641-112
HSPW,hr5931-112
HSII,hr5931-112
HSWM,hr5174-112
HSBA,hr3606-112
SSBK,hr3606-112
HSSM,hr3850-112
HSGO,hr3850-112
HSWM,hr4566-112
HSVR,hr1566-112
HSJU,hr1566-112
HSSY,hr2749-112
HSIF,hr2749-112
HSWM,hr2749-112
HSHM,hr2749-112
HSII,hr3397-112
SSEG,hr3397-112
HSSM,hr4081-112
HSWM,hr1312-112
HSVR,hr1312-112
HSWM,hr1635-112
HSIF,hr671-112
HSAS,hr1942-112
HSED,hr5715-112
HSWM,hr5715-112
HSSY,hr3138-112
HSVR,hr329-112
HSIF,hr4083-112
HSVR,hr1826-112
HSJU,hr1826-112
HSJU,hr2972-112
HSII,hr758-112
HSII,hr3398-112
HSIF,hr3398-112
HSHA,hr270-112
HSGO,hr270-112
HSJU,hr270-112
HSAG,hr2905-112
HSWM,hr2905-112
HSII,hr2706-112
HSAG,hr2631-112
HSBA,hr2612-112
HSIF,hr2612-112
HSBU,hr2319-112
HSRU,hr2319-112
HSWM,hr2319-112
HSAP,hr2319-112
HSGO,hr2319-112
HSWM,hr4983-112
HSPW,hr756-112
HSWM,hr5177-112
HSWM,hr4468-112
HSIF,hr4468-112
HSWM,hr6276-112
HSIF,hr5911-112
HSIF,hr2939-112
HSWM,hr2939-112
HSWM,hr3729-112
HSWM,hr661-112
HSIF,hr1343-112
HSAG,hr1343-112
SSCM,hr1343-112
HSWM,hr2092-112
HSGO,hr6580-112
HSVR,hr6580-112
HSAP,hr5857-112
HSII,hr6350-112
HSBA,hr3129-112
HSWM,hr3129-112
HSIF,hr5865-112
HSBU,hr5865-112
SSCM,hr5865-112
HSED,hr6558-112
HSWM,hr6558-112
HSIF,hr1983-112
HSPW,hr2840-112
HSJU,hr6014-112
HSWM,hr5215-112
HSSY,hr301-112
HSPW,hr5961-112
HSWM,hr1001-112
HSBA,hr430-112
HSED,hr1368-112
HSGO,hr1778-112
HSWM,hr3567-112
SSFI,hr3567-112
HSPW,hr1694-112
HSWM,hr5309-112
HSVR,hr2051-112
HSWM,hr4375-112
HSED,hr3464-112
HSWM,hr4813-112
HSHM,hr3312-112
HSII,hr785-112
HSBA,hr6428-112
HSWM,hr4475-112
HSJU,hr6333-112
HSRU,hr6333-112
HSWM,hr4550-112
HSIF,hr97-112
HSIF,hr3067-112
HSAS,hr1679-112
HSIF,hr521-112
HSBA,hr1098-112
HSWM,hr1098-112
HSJU,hr1098-112
HSII,hr855-112
HSWM,hr4505-112
HSPW,hr3264-112
HSWM,hr3264-112
HSBU,hr3264-112
HSII,hr460-112
HSBU,hr460-112
HSIF,hr1448-112
HSWM,hr1448-112
HSGO,hr1448-112
HSED,hr1448-112
HSWM,hr5233-112
HSSM,hr3985-112
HSBA,hr6337-112
HSHA,hr3316-112
HSJU,hr3120-112
SSJU,hr3120-112
HSIF,hr147-112
HSJU,hr3295-112
HSGO,hr1715-112
HSWM,hr6579-112
HSAS,hr186-112
HSBU,hr186-112
HSVR,hr186-112
HSIF,hr4044-112
HSSM,hr4191-112
HSBA,hr4191-112
HSAS,hr2955-112
HSED,hr885-112
HSWM,hr559-112
HSAS,hr6248-112
HSAG,hr6248-112
HSGO,hr6248-112
HSWM,hr5661-112
HSWM,hr5101-112
HSBU,hr6684-112
HSWM,hr6684-112
HSAG,hr6684-112
HSIF,hr6684-112
HSBA,hr6684-112
HSJU,hr6684-112
HSGO,hr6684-112
HSHA,hr6684-112
HSRU,hr6684-112
HSPW,hr2407-112
HSED,hr3611-112
HSWM,hr4613-112
HSJU,hr3781-112
HSFA,hr2893-112
HSJU,hr3406-112
HSWM,hr4137-112
HSWM,hr1188-112
HSFA,hr3660-112
HSAS,hr3660-112
HSGO,hr3660-112
HSWM,hr6262-112
HSIF,hr3458-112
HSWM,hr3458-112
HSIF,hr1406-112
HSIF,hr6405-112
HSPW,hr6405-112
HSRU,hr6405-112
HSJU,hr2217-112
HSHM,hr2217-112
HSII,hr4039-112
HSWM,hr66-112
HSWM,hr4536-112
HSGO,hr2958-112
HSWM,hr1463-112
HSIF,hr6272-112
HSWM,hr5225-112
HSBA,hr4104-112
HSWM,hr5301-112
HSWM,hr5636-112
HSWM,hr5176-112
HSWM,hr3078-112
HSII,hr1229-112
HSJU,hr1229-112
HSIF,hr847-112
HSBA,hr363-112
HSIF,hr6490-112
HSWM,hr6490-112
HSED,hr2206-112
HSII,hr1461-112
HSWM,hr5007-112
HSVR,hr4481-112
HSPW,hr3110-112
HSFA,hr6436-112
HSWM,hr5107-112
HSWM,hr3877-112
HSPW,hr2814-112
HSGO,hr2814-112
HSJU,hr1156-112
HSVR,hr2848-112
HSII,hr4969-112
HSGO,hr2066-112
HSIF,hr2306-112
HSJU,hr2306-112
HSPW,hr1584-112
HSIF,hr1584-112
HSII,hr1584-112
HSWM,hr6539-112
HSED,hr2117-112
SSHR,hr2117-112
HSIF,hr1752-112
HSII,hr939-112
HSIF,hr1880-112
HSFA,hr1880-112
HSGO,hr5908-112
HSJU,hr6429-112
HSIF,hr2960-112
HSWM,hr1416-112
HSED,hr3086-112
HSIF,hr2194-112
HSJU,hr988-112
HSPW,hr4304-112
HSII,hr296-112
HSBU,hr296-112
HSJU,hr231-112
HSGO,hr1061-112
HSWM,hr3932-112
HSPW,hr2553-112
HSWM,hr2553-112
HSWM,hr5098-112
HSWM,hr5698-112
HSED,hr4297-112
HSJU,hr4297-112
HSAG,hr4297-112
HSIF,hr4297-112
HSPW,hr4297-112
HSVR,hr4297-112
HSPW,hr1772-112
HSIF,hr1772-112
HSVR,hr2720-112
HSFA,hr2259-112
HSAS,hr2259-112
HSVR,hr4978-112
HSWM,hr2662-112
HSPW,hr2414-112
HSIF,hr6378-112
HSVR,hr276-112
HSIF,hr3613-112
HSWM,hr3613-112
HSJU,hr6070-112
HSSY,hr2269-112
HSHM,hr2269-112
HSVR,hr6297-112
HSAS,hr6297-112
HSWM,hr2873-112
HSBA,hr1121-112
HSII,hr4099-112
HSWM,hr4438-112
HSIF,hr4017-112
HSGO,hr4017-112
HSSY,hr4017-112
HSWM,hr2858-112
HSIF,hr617-112
HSPW,hr3025-112
HSII,hr2170-112
HSWM,hr5345-112
HSIF,hr1411-112
HSHM,hr1411-112
HSBA,hr1798-112
HSFA,hr1798-112
HSWM,hr4859-112
HSSY,hr3199-112
HSPW,hr2427-112
HSAS,hr6277-112
HSPW,hr6277-112
HSHM,hr6277-112
HSIF,hr750-112
HSWM,hr2534-112
HSIF,hr1316-112
HSED,hr3610-112
HSAS,hr3610-112
HSVR,hr3610-112
HSAG,hr3610-112
HSII,hr3610-112
HSJU,hr3610-112
HSIF,hr3610-112
HSPW,hr3610-112
HSFA,hr440-112
HSWM,hr4336-112
HSIF,hr3241-112
HSFA,hr3241-112
HSWM,hr5368-112
HSWM,hr12-112
HSSM,hr12-112
HSPW,hr12-112
HSED,hr12-112
HSIF,hr12-112
HSBA,hr12-112
HSHA,hr12-112
HSJU,hr12-112
HSGO,hr12-112
HSRU,hr12-112
HSSY,hr12-112
HSIF,hr5892-112
SSEG,hr5892-112
HSII,hr1365-112
HSIF,hr1005-112
HSWM,hr1005-112
HSJU,hr3543-112
HSIF,hr748-112
HSJU,hr2511-112
HSJU,hr322-112
HSII,hr2641-112
HSFA,hr3589-112
HSJU,hr3589-112
HSWM,hr3589-112
HSIF,hr3589-112
HSBA,hr1221-112
HSGO,hr1221-112
HSAG,hr1840-112
HSSY,hr90-112
HSAG,hr90-112
HSJU,hr6183-112
HSIF,hr2127-112
HSPW,hr6057-112
HSWM,hr6057-112
HSII,hr6057-112
HSSY,hr6057-112
HSIF,hr6057-112
HSGO,hr2146-112
SSGA,hr2146-112
HSII,hr509-112
HSWM,hr5592-112
HSWM,hr4991-112
HSHA,hr6632-112
HSPW,hr3451-112
HSWM,hr5173-112
HSWM,hr6048-112
HSII,hr1250-112
HSWM,hr2080-112
HSWM,hr5479-112
HSWM,hr3333-112
HSAG,hr3333-112
HSHM,hr1105-112
HSHM,hr1105-112
HSJU,hr1800-112
HLIG,hr1800-112
HSIF,hr3430-112
HSWM,hr4548-112
HSAP,hr2551-112
SSAP,hr2551-112
HSII,hr3560-112
HSIF,hr1292-112
HSFA,hr4317-112
HSVR,hr3612-112
HSWM,hr3087-112
HSED,hr2295-112
HSII,hr3710-112
HSSY,hr3710-112
HSPW,hr3710-112
HSAP,hr2596-112
HSWM,hr4975-112
HSWM,hr1988-112
HSAP,hr1988-112
HSIF,hr1988-112
HSBA,hr6161-112
HSWM,hr2493-112
HSJU,hr3528-112
HSAP,hr2055-112
SSAP,hr2055-112
HSWM,hr5809-112
HSII,hr3894-112
HSWM,hr5019-112
HSIF,hr91-112
HSPW,hr91-112
HSPW,hr3562-112
HSIF,hr3562-112
HSJU,hr227-112
HSWM,hr5132-112
HSWM,hr3522-112
HSJU,hr3344-112
HSWM,hr2943-112
HSBU,hr2943-112
HSWM,hr4544-112
HSII,hr738-112
HSAG,hr3107-112
HSWM,hr4563-112
HSPW,hr1504-112
HSII,hr6086-112
HSAG,hr6086-112
HSED,hr3135-112
HSBA,hr627-112
HSJU,hr2339-112
HSWM,hr5469-112
HSJU,hr4119-112
HSWM,hr4119-112
HSHM,hr4119-112
HSJU,hr3797-112
HSWM,hr5560-112
HSIF,hr1179-112
HSWM,hr2012-112
HSED,hr2012-112
HSED,hr1903-112
HSPW,hr3371-112
HSIF,hr3371-112
HSJU,hr1933-112
SSJU,hr1933-112
HSII,hr261-112
HSVR,hr2074-112
HSBA,hr4088-112
HSII,hr1393-112
HSPW,hr1393-112
HSWM,hr4393-112
HSED,hr6674-112
HSWM,hr6674-112
HSWM,hr4657-112
HSED,hr2465-112
SSGA,hr2465-112
HSPW,hr2897-112
HSII,hr2373-112
HSPW,hr229-112
HSGO,hr5720-112
HSRU,hr5720-112
HSGO,hr616-112
HSHA,hr616-112
HSII,hr2011-112
HSIF,hr2250-112
HSBA,hr3825-112
HSWM,hr5158-112
HSJU,hr224-112
HSWM,hr6180-112
HSIF,hr2600-112
HSED,hr2118-112
SSAS,hr4310-112
HSVR,hr4288-112
HSAP,hr95-112
HSFA,hr502-112
HSIF,hr502-112
HSWM,hr2866-112
HSIF,hr4395-112
HSAG,hr6233-112
SSAF,hr6233-112
HSAP,hr3070-112
HSWM,hr3969-112
HSIF,hr1925-112
HSJU,hr1925-112
HSWM,hr4561-112
HSBA,hr3619-112
HSWM,hr4974-112
HSWM,hr4412-112
HSII,hr2752-112
HSHA,hr2397-112
HSGO,hr2397-112
HSBA,hr695-112
HSVR,hr695-112
HSGO,hr122-112
HSWM,hr4451-112
HSWM,hr5197-112
HSII,hr2322-112
HSWM,hr4920-112
HSFA,hr1146-112
HSAP,hr5973-112
HSWM,hr4826-112
HSWM,hr334-112
HSIF,hr1833-112
HSED,hr1833-112
HSIF,hr137-112
HSAS,hr1709-112
HSBU,hr1605-112
HSRU,hr1605-112
HSIF,hr1311-112
HSWM,hr1311-112
HSAS,hr1311-112
HSED,hr1311-112
HSWM,hr722-112
HSHA,hr1454-112
HSGO,hr1454-112
HSWM,hr3964-112
HSFA,hr4133-112
SSFR,hr4133-112
HSII,hr2147-112
HSII,hr3496-112
HSAG,hr3496-112
HSJU,hr1668-112
HSWM,hr4661-112
HSPW,hr2129-112
HSJU,hr1929-112
HSIF,hr1929-112
HSWM,hr5358-112
HSJU,hr223-112
HSGO,hr1492-112
HSBA,hr6381-112
HSED,hr3036-112
HSIF,hr2163-112
HSPW,hr22-112
HSIF,hr22-112
HSED,hr2379-112
HSWM,hr6677-112
HSBA,hr6677-112
HSVR,hr805-112
HSIF,hr1200-112
HSWM,hr1200-112
HSGO,hr1200-112
HSAS,hr1200-112
HSED,hr1200-112
HSWM,hr6439-112
HSBU,hr1257-112
HSAS,hr1257-112
HSBA,hr2308-112
HSSY,hr970-112
HSGO,hr3779-112
HSSM,hr3779-112
HSBA,hr1640-112
HSHM,hr1299-112
SSGA,hr1299-112
HSPW,hr3719-112
HSII,hr3719-112
HSJU,hr381-112
HSWM,hr3938-112
HSII,hr2719-112
SSEG,hr2719-112
HSHA,hr138-112
HSJU,hr138-112
HSGO,hr345-112
HSSY,hr3479-112
HSPW,hr3479-112
HSII,hr3479-112
HSIF,hr4281-112
HSPW,hr4281-112
HSWM,hr4281-112
HSII,hr4281-112
HSSY,hr4281-112
HSHM,hr216-112
HSIF,hr6043-112
HSAG,hr2172-112
HSWM,hr1747-112
HSVR,hr2985-112
HSJU,hr3889-112
HSWM,hr1675-112
HSED,hr746-112
HSED,hr4286-112
HSBA,hr1026-112
HSJU,hr699-112
HSWM,hr4678-112
HSIF,hr1243-112
HSWM,hr4693-112
HSIF,hr3381-112
HSBA,hr6331-112
HSII,hr3061-112
HSJU,hr3119-112
HSWM,hr5120-112
HSJU,hr6062-112
SSJU,hr6062-112
HSWM,hr4643-112
HSWM,hr5267-112
HSWM,hr4374-112
HSII,hr817-112
HSED,hr4366-112
HSWM,hr4867-112
HSWM,hr3885-112
HSED,hr2437-112
HSBU,hr2041-112
HSRU,hr2041-112
HSWM,hr3366-112
HSWM,hr2165-112
HSIF,hr2748-112
HSWM,hr781-112
HSIF,hr2671-112
HSIF,hr6584-112
HSWM,hr1869-112
HSED,hr1869-112
HSII,hr1335-112
HSWM,hr2925-112
HSIF,hr2925-112
HSWM,hr452-112
HSRU,hr452-112
HSIF,hr452-112
HSAG,hr5962-112
HSWM,hr5771-112
HSAS,hr309-112
HSIF,hr279-112
HSWM,hr279-112
HLIG,hr1502-112
HSGO,hr1068-112
HSWM,hr5484-112
HSWM,hr6544-112
HSAS,hr943-112
HSVR,hr943-112
HSWM,hr5529-112
HSJU,hr367-112
HSII,hr4402-112
HSJU,hr4402-112
SSEG,hr4402-112
HSWM,hr4254-112
HSIF,hr4254-112
HSAG,hr4313-112
HSJU,hr6651-112
HSHM,hr6651-112
HSFA,hr4221-112
HSBA,hr4221-112
HSWM,hr4221-112
HSSM,hr4221-112
HSIF,hr2029-112
HSWM,hr682-112
HSWM,hr1194-112
HSBU,hr1194-112
SSFI,hr1194-112
HSWM,hr4528-112
HSWM,hr3919-112
HSWM,hr629-112
HSWM,hr2934-112
HSII,hr3599-112
HSAG,hr3599-112
HSJU,hr692-112
HSIF,hr340-112
HSIF,hr1216-112
SSHR,hr1216-112
HSIF,hr1936-112
HSWM,hr1936-112
HSPW,hr3647-112
HSGO,hr6406-112
HSAS,hr6406-112
HSED,hr6406-112
HSWM,hr2214-112
HSED,hr623-112
HSED,hr998-112
HSWM,hr4565-112
HSPW,hr2971-112
HSGO,hr2971-112
HSWM,hr2971-112
HSWM,hr2707-112
HSJU,hr875-112
HSJU,hr5163-112
HSIF,hr1340-112
HSBA,hr1902-112
HSGO,hr1902-112
HSWM,hr134-112
HSBA,hr6361-112
SSBK,hr6361-112
HSII,hr2865-112
HSPW,hr825-112
HSED,hr5546-112
HSWM,hr359-112
HSHA,hr359-112
HSII,hr3641-112
HSWM,hr4909-112
HSWM,hr5250-112
HSAG,hr6192-112
HSWM,hr6192-112
HSWM,hr253-112
HSIF,hr5909-112
HSWM,hr5909-112
HSJU,hr5909-112
HSII,hr5909-112
HSVR,hr5909-112
HSAS,hr5909-112
HSWM,hr8-112
HSBU,hr8-112
HSBA,hr2779-112
HSAG,hr2779-112
HSWM,hr4570-112
HSJU,hr847-112
HSGO,hr6278-112
HSHM,hr1586-112
HSHM,hr1586-112
HSIF,hr2801-112
HSJU,hr2801-112
HSGO,hr3002-112
HSVR,hr4052-112
HSHA,hr6426-112
HSWM,hr6426-112
HSIF,hr6426-112
HSWM,hr6043-112
HSGO,hr1197-112
HSWM,hr9-112
SSFI,hr9-112
HSGO,hr484-112
HSIF,hr6345-112
HSED,hr4277-112
HSWM,hr4277-112
HSJU,hr2342-112
HSJU,hr410-112
HSPW,hr6676-112
HSIF,hr6676-112
HSGO,hr3068-112
HSJU,hr3068-112
HSED,hr3826-112
HSBA,hr1226-112
HSIF,hr528-112
HSBA,hr940-112
HSWM,hr940-112
HSWM,hr4515-112
HSBA,hr6158-112
HSIF,hr153-112
HSED,hr1325-112
HSWM,hr1325-112
HSHA,hr121-112
HSIF,hr3511-112
HSVR,hr2646-112
HSJU,hr1360-112
HSWM,hr3931-112
HSAS,hr513-112
HSVR,hr923-112
HSED,hr2501-112
HSBA,hr757-112
HSIF,hr4056-112
HSJU,hr6680-112
HSAS,hr1362-112
HSPW,hr1362-112
HSWM,hr1362-112
HSJU,hr514-112
HLIG,hr514-112
HSWM,hr5498-112
HSGO,hr408-112
HSII,hr408-112
HSPW,hr408-112
HSBU,hr408-112
HSRU,hr408-112
HSAP,hr408-112
HSAG,hr408-112
HSHA,hr408-112
HSED,hr408-112
HSIF,hr408-112
HSWM,hr408-112
HSBA,hr408-112
HSJU,hr408-112
HSSY,hr408-112
HSED,hr1876-112
HSGO,hr1876-112
HSHA,hr1876-112
HSWM,hr4503-112
HSII,hr489-112
HSBA,hr6127-112
HSIF,hr3230-112
HSWM,hr5346-112
HSIF,hr668-112
HSBU,hr668-112
HSWM,hr5018-112
HSIF,hr6392-112
HSWM,hr6392-112
HSBA,hr463-112
HSJU,hr2189-112
SSJU,hr2189-112
HSJU,hr1537-112
HSPW,hr2644-112
HSWM,hr2644-112
HSII,hr3407-112
HSAS,hr3904-112
HSIF,hr1841-112
HSWM,hr5065-112
HSVR,hr802-112
SSVA,hr802-112
HSVR,hr930-112
HSVR,hr6375-112
HSBU,hr6375-112
HSVR,hr3337-112
HSJU,hr523-112
HSAP,hr1358-112
HSWM,hr4521-112
HSJU,hr3-112
HSIF,hr3-112
HSWM,hr3-112
HSIF,hr816-112
HSJU,hr816-112
HSWM,hr5411-112
HSBA,hr3841-112
HSWM,hr3841-112
HSED,hr2656-112
HSWM,hr2656-112
HSJU,hr3786-112
HSGO,hr3786-112
HSFA,hr6027-112
HSWM,hr5746-112
HSWM,hr4013-112
HSPW,hr2089-112
HSHA,hr292-112
SSRA,hr292-112
HSBU,hr3043-112
HSWM,hr5179-112
HSVR,hr3351-112
HSAS,hr3351-112
HSWM,hr6687-112
HSJU,hr527-112
HSSM,hr527-112
SSGA,hr527-112
HSIF,hr1920-112
HSJU,hr5957-112
HSII,hr2172-112
HSVR,hr6397-112
HSPW,hr1574-112
HSBU,hr3580-112
HSRU,hr3580-112
HSAG,hr3580-112
HSWM,hr3580-112
HSIF,hr3580-112
HSED,hr3580-112
HSWM,hr1982-112
HSBA,hr1225-112
HSWM,hr2698-112
HSWM,hr609-112
HSWM,hr4545-112
HSII,hr320-112
SSEG,hr320-112
HSVR,hr1941-112
HSAS,hr1941-112
HSGO,hr1941-112
HSWM,hr589-112
HSHA,hr6310-112
HSED,hr2617-112
HSWM,hr5356-112
HSWM,hr674-112
HSIF,hr1748-112
HSWM,hr1748-112
HSII,hr1748-112
HSWM,hr5223-112
HSBA,hr5861-112
HSVR,hr5861-112
HSGO,hr155-112
HSIF,hr3098-112
HSWM,hr5231-112
HSWM,hr1706-112
HSAS,hr332-112
HSIF,hr332-112
HSPW,hr332-112
HSII,hr332-112
HSED,hr332-112
HSGO,hr3220-112
SSGA,hr3220-112
HSWM,hr4665-112
HSWM,hr1149-112
HSIF,hr1149-112
HSPW,hr3538-112
HSFA,hr3115-112
HSAG,hr3115-112
HSWM,hr5183-112
HSWM,hr718-112
HSWM,hr5662-112
HSED,hr5969-112
HSED,hr3092-112
HSAG,hr3092-112
HSGO,hr1949-112
HSWM,hr5669-112
HSWM,hr3930-112
HSED,hr5195-112
HSWM,hr4527-112
HSSM,hr924-112
HSAG,hr5649-112
HSED,hr5970-112
HSBA,hr2636-112
HSED,hr1547-112
HSAS,hr4177-112
HSBA,hr2809-112
HSSM,hr2809-112
HSED,hr2809-112
HSHM,hr2623-112
HSIF,hr1206-112
HSFA,hr1856-112
HSBA,hr1856-112
HSGO,hr1856-112
HSIF,hr4026-112
HSED,hr4026-112
HSII,hr3436-112
HSFA,hr4243-112
HSWM,hr4410-112
HSWM,hr4647-112
HSAS,hr4045-112
HSIF,hr482-112
HSBA,hr326-112
HSFA,hr1905-112
HSBA,hr1905-112
HSGO,hr1905-112
HSJU,hr1905-112
HSWM,hr1905-112
SSFR,hr1905-112
HSGO,hr4607-112
HSJU,hr4607-112
HSWM,hr1167-112
HSBU,hr1167-112
HSRU,hr1167-112
HSAG,hr1167-112
HSIF,hr1167-112
HSWM,hr4514-112
HSWM,hr605-112
HSFA,hr2992-112
HSIF,hr3364-112
HSJU,hr932-112
HSGO,hr2244-112
SSGA,hr2244-112
HSIF,hr3646-112
HSWM,hr3646-112
HSAG,hr3646-112
HSBA,hr762-112
HSIF,hr3839-112
HSJU,hr3839-112
HSWM,hr5376-112
HSWM,hr787-112
HSGO,hr459-112
HSBA,hr459-112
HSSY,hr2399-112
HSWM,hr5614-112
HSWM,hr3242-112
HSWM,hr4973-112
HSII,hr44-112
HSII,hr2150-112
HSWM,hr1737-112
HSWM,hr4096-112
HSIF,hr6552-112
HSWM,hr5036-112
HSJU,hr595-112
HSVR,hr595-112
HSVR,hr804-112
HSAG,hr6693-112
HSWM,hr2409-112
HSPW,hr2257-112
HSED,hr310-112
HSBA,hr5823-112
HSIF,hr424-112
HSBA,hr2078-112
HSAS,hr2751-112
HSJU,hr3166-112
HSPW,hr2459-112
HSWM,hr1653-112
HSII,hr2060-112
SSEG,hr2060-112
HSBA,hr1062-112
HSWM,hr4893-112
HSIF,hr3035-112
HSWM,hr5338-112
HSWM,hr6120-112
HSWM,hr4535-112
HSJU,hr2212-112
HSWM,hr5220-112
HSWM,hr5281-112
HSWM,hr5441-112
HSHA,hr6259-112
HSBA,hr336-112
HSWM,hr5221-112
HSJU,hr3636-112
HSAS,hr178-112
HSWM,hr4453-112
HSII,hr490-112
HSVR,hr6101-112
HSAS,hr6101-112
HSBA,hr3044-112
HSJU,hr715-112
HSIF,hr3675-112
HSJU,hr3675-112
HSIF,hr3497-112
HSWM,hr3497-112
HSJU,hr3497-112
HSPW,hr1373-112
HSPW,hr2107-112
HSWM,hr5595-112
HSBU,hr6389-112
HSWM,hr6389-112
HSIF,hr6389-112
HSED,hr6389-112
HSJU,hr6389-112
HSHA,hr6389-112
HSII,hr6389-112
HSRU,hr6389-112
HSAP,hr6389-112
HSAG,hr6389-112
HSGO,hr6389-112
HSWM,hr1580-112
HSIF,hr1580-112
HSWM,hr60-112
HSBU,hr2560-112
HSRU,hr2560-112
HSWM,hr2560-112
HSWM,hr5323-112
HSWM,hr3355-112
HSVR,hr3355-112
HSII,hr6247-112
HSIF,hr6247-112
HSJU,hr2800-112
SSJU,hr2800-112
HSPW,hr1079-112
HSWM,hr1079-112
HSWM,hr5468-112
HSWM,hr4627-112
HSED,hr469-112
HSBA,hr5740-112
HSAS,hr159-112
HSVR,hr159-112
HSHM,hr1091-112
HSWM,hr6411-112
HSWM,hr4947-112
HSSM,hr4185-112
HSFA,hr656-112
HSWM,hr3999-112
HSIF,hr1872-112
HSPW,hr1872-112
HSAG,hr1872-112
HSWM,hr4690-112
HSPW,hr3607-112
HSWM,hr3607-112
HSPW,hr922-112
HSBA,hr922-112
HSII,hr922-112
HSAG,hr922-112
HSIF,hr1426-112
HSWM,hr1745-112
HSBU,hr1745-112
HSGO,hr6726-112
HSHA,hr6726-112
SSGA,hr6726-112
HSWM,hr5704-112
HSJU,hr1346-112
HSIF,hr1606-112
HSJU,hr2210-112
HSBA,hr4219-112
HSWM,hr4884-112
HSWM,hr6472-112
HSED,hr4818-112
HSAP,hr5855-112
HSIF,hr451-112
HSWM,hr5442-112
HSIF,hr2108-112
HSWM,hr2108-112
HSJU,hr1211-112
HSGO,hr3174-112
HSWM,hr5540-112
HSWM,hr5440-112
HSJU,hr2822-112
HSII,hr3278-112
HSWM,hr539-112
HSED,hr539-112
HSRU,hr539-112
HSPW,hr539-112
HSVR,hr539-112
HSWM,hr5627-112
HSSM,hr3219-112
HSWM,hr293-112
HSHA,hr3898-112
HSRU,hr3898-112
HSVR,hr1799-112
HSWM,hr3460-112
HSIF,hr3072-112
HSIF,hr3400-112
HSWM,hr3400-112
HSJU,hr3400-112
HSGO,hr3400-112
HSII,hr3400-112
HSSM,hr3400-112
HSPW,hr3400-112
HSRU,hr3400-112
HSWM,hr734-112
HSAP,hr734-112
HSWM,hr3801-112
HSAS,hr3801-112
HSED,hr864-112
HSWM,hr5307-112
HSIF,hr5650-112
HSBA,hr1303-112
HSII,hr50-112
HSED,hr6418-112
HSWM,hr689-112
HSIF,hr1020-112
HSJU,hr2982-112
HSWM,hr5563-112
HSIF,hr607-112
HSBU,hr5872-112
HSWM,hr5551-112
HSAG,hr1739-112
HSWM,hr1739-112
HSPW,hr2460-112
HSII,hr4100-112
HSHM,hr6159-112
HSBA,hr2313-112
HSAP,hr2313-112
HSWM,hr2478-112
HSJU,hr2497-112
HSIF,hr3773-112
HSGO,hr1847-112
HSAS,hr1847-112
HSWM,hr2010-112
HSJU,hr2010-112
HSIF,hr2010-112
HSAG,hr5873-112
HSWM,hr4753-112
HSPW,hr3632-112
HSIF,hr4212-112
HSFA,hr4212-112
SSCM,hr4212-112
HSIF,hr6172-112
HSWM,hr4907-112
HSJU,hr420-112
HSWM,hr420-112
HSWM,hr5487-112
HSIF,hr5648-112
HSAS,hr6123-112
HSWM,hr4952-112
HSFA,hr2180-112
HSWM,hr3148-112
HSVR,hr2305-112
HSBA,hr4020-112
HSWM,hr5328-112
HSBA,hr709-112
HSED,hr709-112
HSWM,hr4373-112
HSIF,hr1204-112
HSIF,hr1266-112
HSJU,hr1266-112
HSED,hr2611-112
HSPW,hr3537-112
HSFA,hr3537-112
HSIF,hr3537-112
HSII,hr3537-112
HSPW,hr1776-112
HSWM,hr3928-112
HSJU,hr6012-112
HSSY,hr6586-112
HSIF,hr1868-112
HSVR,hr2329-112
HSBA,hr4268-112
HSHA,hr6197-112
HSBA,hr1723-112
HSHA,hr2372-112
HSJU,hr4369-112
HSBA,hr6397-112
HSGO,hr3639-112
HSHA,hr3639-112
HSWM,hr2889-112
HSED,hr1947-112
HSAS,hr1947-112
HSHA,hr6085-112
HSIF,hr2679-112
HSED,hr128-112
HSWM,hr4372-112
HSAS,hr948-112
HSIF,hr4242-112
HSWM,hr4242-112
HSED,hr4242-112
HSJU,hr4242-112
HSII,hr4242-112
HSRU,hr4242-112
HSHA,hr4242-112
HSAP,hr4242-112
HSII,hr6007-112
SSEV,hr6007-112
HSAS,hr2148-112
HSII,hr486-112
HSWM,hr476-112
HSAS,hr4248-112
HSVR,hr4248-112
HSWM,hr3561-112
HSED,hr3561-112
HSWM,hr4996-112
HSED,hr5868-112
HSWM,hr5868-112
HSJU,hr2168-112
HLIG,hr2168-112
HSWM,hr342-112
HSIF,hr342-112
HSWM,hr5501-112
HSBA,hr1209-112
HSIF,hr5716-112
HSWM,hr5716-112
HSPW,hr3090-112
HSBA,hr3090-112
HSII,hr5995-112
HSBA,hr34-112
HSED,hr1377-112
HSIF,hr1377-112
HSIF,hr3897-112
HSFA,hr1280-112
HSRU,hr1280-112
HSIF,hr1280-112
HSIF,hr325-112
HSIF,hr2208-112
HSIF,hr1685-112
HSPW,hr1685-112
HSGO,hr1685-112
HSWM,hr1685-112
HSBU,hr1685-112
HSPW,hr3050-112
HSWM,hr2784-112
HSJU,hr693-112
HSED,hr693-112
HSAS,hr1540-112
SSAS,hr1540-112
HSHM,hr1540-112
HSWM,hr1140-112
HSIF,hr1140-112
HSAS,hr5946-112
HSIF,hr400-112
HSWM,hr5178-112
HSIF,hr3328-112
HSWM,hr3328-112
HSII,hr991-112
HSWM,hr4687-112
HSED,hr3486-112
HSWM,hr4477-112
HSWM,hr1957-112
HSIF,hr4091-112
HSIF,hr2891-112
HSWM,hr5030-112
HSWM,hr4716-112
HSED,hr3617-112
HSBA,hr6431-112
HSWM,hr4684-112
HSWM,hr2655-112
HSII,hr4025-112
HSII,hr1922-112
HSHM,hr1922-112
HSGO,hr5954-112
SSGA,hr5954-112
HSWM,hr4649-112
HSWM,hr4877-112
HSBA,hr6139-112
HSIF,hr2175-112
HSAG,hr2175-112
HSPW,hr2175-112
HSGO,hr2964-112
HSJU,hr2964-112
HSRU,hr2964-112
HSBU,hr2964-112
HSII,hr41-112
HSED,hr877-112
HSBU,hr3414-112
HSRU,hr3414-112
HSGO,hr3414-112
HSWM,hr4810-112
HSGO,hr3029-112
HSWM,hr5722-112
HSWM,hr1044-112
HSII,hr3065-112
HSJU,hr3065-112
HSII,hr4606-112
HSPW,hr3321-112
HSWM,hr4542-112
HSED,hr5436-112
HSWM,hr5044-112
SSFI,hr5044-112
HSBA,hr1151-112
HSWM,hr2995-112
HSWM,hr1534-112
HSED,hr1534-112
HSJU,hr1270-112
HSWM,hr5168-112
HSIF,hr111-112
HSWM,hr111-112
HSED,hr111-112
HSJU,hr3763-112
HSWM,hr2286-112
HSIF,hr6174-112
HSWM,hr4815-112
HSWM,hr4816-112
HSED,hr4816-112
HSII,hr1907-112
HSJU,hr249-112
HSJU,hr1434-112
HSBA,hr2827-112
SSBK,hr2827-112
HSGO,hr980-112
HSGO,hr4454-112
HSPW,hr681-112
HSWM,hr5027-112
HSII,hr838-112
HSFA,hr3357-112
HSVR,hr4115-112
HSWM,hr5127-112
HSIF,hr2140-112
HSWM,hr2140-112
HSIF,hr2134-112
HSWM,hr4950-112
HSFA,hr2337-112
HSIF,hr3269-112
HSWM,hr3269-112
HSJU,hr6019-112
HSRU,hr2860-112
HSWM,hr673-112
HSIF,hr2676-112
HSWM,hr2676-112
HSIF,hr3586-112
HSJU,hr3586-112
HSJU,hr2235-112
HSHM,hr2235-112
HSIF,hr2013-112
HSWM,hr2013-112
HSED,hr2013-112
HSHA,hr2013-112
HSII,hr2013-112
HSJU,hr2013-112
HSRU,hr2013-112
HSAP,hr2013-112
HSWM,hr4551-112
HSBA,hr2413-112
HSII,hr1553-112
HSWM,hr5395-112
HSIF,hr1449-112
HSRU,hr2835-112
HSWM,hr5635-112
HSWM,hr3924-112
HSWM,hr2500-112
HSIF,hr2500-112
HSWM,hr136-112
HSVR,hr136-112
HSPW,hr304-112
HSJU,hr304-112
HSWM,hr610-112
HSIF,hr610-112
HSIF,hr2205-112
HSJU,hr2205-112
HSIF,hr3663-112
HSIF,hr2341-112
HSED,hr2341-112
HSWM,hr5489-112
HSAG,hr3225-112
HSWM,hr6338-112
HSIF,hr6338-112
HSHM,hr3140-112
SSGA,hr3140-112
HSWM,hr5450-112
HSAS,hr4408-112
HSII,hr4408-112
HSGO,hr3699-112
HSFA,hr1326-112
HSII,hr612-112
HSIF,hr2005-112
HSVR,hr4142-112
HSED,hr997-112
HSJU,hr997-112
HSIF,hr4095-112
HSPW,hr1064-112
HSWM,hr5010-112
HSIF,hr3680-112
HSPW,hr3680-112
HSII,hr3680-112
HSSY,hr3680-112
HSAS,hr768-112
HSED,hr1969-112
HSWM,hr1969-112
HSWM,hr2740-112
HSED,hr745-112
HSIF,hr3395-112
HSWM,hr3395-112
HSJU,hr3179-112
HSWM,hr4886-112
HSBA,hr1859-112
HLIG,hr1892-112
HSSY,hr448-112
HSGO,hr3770-112
HSED,hr3770-112
HSBA,hr3770-112
HSAS,hr1003-112
HSII,hr2912-112
HSII,hr192-112
HSHA,hr1787-112
HSWM,hr5811-112
HSIF,hr2787-112
HSWM,hr2787-112
HSJU,hr267-112
HSGO,hr267-112
HSJU,hr100-112
HSGO,hr1248-112
HSWM,hr5235-112
HSWM,hr5258-112
HSIF,hr358-112
HSWM,hr358-112
SSFI,hr358-112
HSGO,hr3835-112
HSHA,hr3835-112
SSGA,hr3835-112
HSIF,hr1476-112
HSWM,hr1476-112
HSAG,hr2256-112
HSWM,hr4876-112
HSED,hr2229-112
HSIF,hr2229-112
HSWM,hr3954-112
HSIF,hr6094-112
HSII,hr4325-112
HSVR,hr1854-112
HSBA,hr378-112
HSBA,hr300-112
HSED,hr300-112
HSWM,hr2780-112
HSIF,hr3309-112
SSCM,hr3309-112
HSIF,hr3790-112
HSWM,hr3790-112
HSGO,hr1974-112
HSHA,hr1974-112
HSWM,hr4919-112
HSIF,hr1958-112
HSWM,hr1958-112
HSWM,hr4709-112
HSWM,hr1125-112
HSBU,hr1125-112
HSRU,hr1125-112
HSAP,hr1125-112
HSAG,hr5955-112
HSGO,hr5955-112
HSSY,hr5955-112
HSWM,hr2402-112
HSJU,hr2449-112
HSWM,hr918-112
HSJU,hr3261-112
HSJU,hr3361-112
HSWM,hr5793-112
HSII,hr3906-112
HSWM,hr5361-112
HSVR,hr2203-112
HSWM,hr3467-112
HSWM,hr4462-112
HSIF,hr733-112
HSBA,hr2682-112
HSAG,hr2682-112
HSII,hr6291-112
HSHA,hr1374-112
HSBA,hr2789-112
HSWM,hr4196-112
HSWM,hr2230-112
HSED,hr2230-112
HSHM,hr6069-112
HSAP,hr235-112
HSFA,hr235-112
HSBA,hr235-112
HSII,hr235-112
HSGO,hr235-112
HSHA,hr235-112
HSED,hr235-112
HSWM,hr235-112
HSPW,hr235-112
HSSY,hr235-112
HSAS,hr235-112
HSAG,hr235-112
HSIF,hr235-112
HSWM,hr3971-112
HSBU,hr4060-112
HSBA,hr3712-112
HSHA,hr3712-112
HSII,hr6082-112
HSVR,hr1441-112
HSAS,hr1441-112
HSBU,hr3581-112
HSGO,hr3581-112
HSWM,hr3581-112
SSBU,hr3581-112
HSIF,hr1084-112
HSIF,hr6244-112
HSIF,hr2523-112
HSPW,hr2357-112
HSWM,hr1004-112
HSBA,hr3461-112
HSVR,hr3687-112
HSED,hr1086-112
HSED,hr1396-112
HSWM,hr5990-112
HSJU,hr5904-112
HSWM,hr6156-112
HSED,hr6557-112
HSRU,hr6557-112
HSVR,hr3524-112
HSFA,hr4229-112
HSII,hr6497-112
HSII,hr56-112
HSPW,hr56-112
HSAG,hr3236-112
HSBU,hr3236-112
HSBA,hr1984-112
HSWM,hr4249-112
HSBA,hr1495-112
HSJU,hr2161-112
HSED,hr2161-112
HSWM,hr5166-112
HSVR,hr465-112
HSAS,hr465-112
HSIF,hr4387-112
HSED,hr458-112
HSAG,hr6098-112
HSWM,hr3963-112
HSVR,hr2383-112
HSWM,hr2280-112
HSWM,hr5126-112
HSJU,hr6241-112
HSJU,hr10-112
HSRU,hr10-112
SSGA,hr10-112
HSFA,hr615-112
HSWM,hr615-112
HSBA,hr2056-112
SSBK,hr2056-112
HSWM,hr5565-112
HSIF,hr1080-112
HSII,hr39-112
HSGO,hr899-112
HSII,hr3235-112
HSED,hr3235-112
HSSY,hr5826-112
HSJU,hr2916-112
HSAS,hr4310-112
HSIF,hr2824-112
HSWM,hr2824-112
HSJU,hr6132-112
HSAP,hr962-112
HSPW,hr729-112
HSIF,hr6554-112
HSWM,hr1802-112
HSVR,hr5833-112
HSSY,hr1641-112
HSFA,hr6242-112
HSII,hr2362-112
HSII,hr3432-112
HSAG,hr3432-112
HSWM,hr5254-112
HSGO,hr1688-112
HSED,hr1891-112
HSWM,hr5012-112
HSWM,hr3346-112
HSPW,hr3346-112
HSJU,hr2533-112
HSWM,hr3482-112
HSJU,hr3482-112
HSWM,hr4737-112
HSII,hr3440-112
HSVR,hr1911-112
HSIF,hr346-112
HSJU,hr1575-112
HSBA,hr1575-112
HSIF,hr2543-112
HSWM,hr5011-112
HSJU,hr3017-112
HSWM,hr3017-112
HSED,hr3017-112
HSAG,hr3017-112
HSWM,hr5121-112
HSPW,hr328-112
HSIF,hr945-112
HSII,hr726-112
HSGO,hr938-112
HSII,hr938-112
HSIF,hr1268-112
HSWM,hr2311-112
HSBU,hr3521-112
HSRU,hr3521-112
SSBU,hr3521-112
HSIF,hr4972-112
HSIF,hr4224-112
HSWM,hr4224-112
HSED,hr4224-112
HSJU,hr4224-112
HSII,hr4224-112
HSRU,hr4224-112
HSAP,hr4224-112
HSHA,hr4224-112
HSFA,hr2859-112
HSWM,hr462-112
HSRU,hr462-112
HSWM,hr5268-112
HSJU,hr1193-112
HSFA,hr1193-112
HSWM,hr1757-112
HSPW,hr2113-112
HSIF,hr6033-112
HSWM,hr6642-112
HSHM,hr6642-112
HSBU,hr6642-112
HSSY,hr2781-112
HSVR,hr1811-112
HSWM,hr5316-112
HSIF,hr1412-112
HSVR,hr2634-112
HSFA,hr2634-112
HSIF,hr2634-112
HSJU,hr592-112
HSED,hr1976-112
HSVR,hr2048-112
HSJU,hr3634-112
HSIF,hr402-112
HSPW,hr402-112
HSBA,hr402-112
HSII,hr3354-112
HSVR,hr2875-112
HSWM,hr3804-112
HSED,hr3804-112
HSIF,hr3804-112
HSWM,hr747-112
HSWM,hr1693-112
HSPW,hr1664-112
HSII,hr1664-112
HSJU,hr1973-112
HSIF,hr4147-112
HSWM,hr5719-112
HSAG,hr5896-112
HSIF,hr5896-112
HSIF,hr165-112
HSSY,hr2258-112
HSJU,hr1134-112
HSED,hr972-112
HSWM,hr5209-112
HSSY,hr4483-112
HSWM,hr311-112
HSWM,hr4756-112
HSII,hr3074-112
HSWM,hr5663-112
HSIF,hr2861-112
HSJU,hr3146-112
HSSY,hr3146-112
HSED,hr3146-112
HSWM,hr2604-112
HSBA,hr2483-112
HSAG,hr2483-112
HSWM,hr5129-112
HSBA,hr6204-112
HSWM,hr5428-112
HSSY,hr4720-112
HSWM,hr6727-112
HSIF,hr6507-112
HSWM,hr3927-112
HSWM,hr5118-112
HSSY,hr2015-112
HSED,hr1616-112
HSWM,hr1074-112
HSGO,hr2980-112
HSAS,hr2980-112
HSWM,hr4951-112
HSPW,hr55-112
HSII,hr1884-112
HSWM,hr2627-112
HSED,hr2207-112
HSSM,hr448-112
HSGO,hr2967-112
HSPW,hr6216-112
HSWM,hr776-112
HSED,hr776-112
HSJU,hr202-112
HSED,hr202-112
HSJU,hr2957-112
HSWM,hr4698-112
HSIF,hr2795-112
HSED,hr2795-112
HSWM,hr2795-112
HSII,hr2795-112
HSJU,hr2795-112
HSBA,hr2795-112
HSAG,hr2795-112
HSWM,hr4525-112
HSWM,hr5239-112
HSWM,hr4805-112
HSIF,hr3280-112
HSWM,hr1259-112
HSWM,hr4615-112
HSAP,hr93-112
HSJU,hr1116-112
HSFA,hr2829-112
HSIF,hr4156-112
HSII,hr3069-112
HSAS,hr2288-112
HSIF,hr68-112
HSBA,hr1610-112
HSAG,hr1610-112
HSWM,hr4199-112
HSWM,hr4474-112
HSED,hr5981-112
HSWM,hr4231-112
HSII,hr752-112
HSAS,hr403-112
HSWM,hr3939-112
HSSM,hr2872-112
HSAG,hr5186-112
HSPW,hr708-112
HSWM,hr5217-112
HSJU,hr4970-112
HSIF,hr4970-112
HSED,hr4970-112
HSBA,hr4970-112
HSVR,hr23-112
HSJU,hr5869-112
HSHM,hr5869-112
HSWM,hr5869-112
HSII,hr3415-112
HSGO,hr3415-112
HSWM,hr3287-112
HSJU,hr6134-112
HSJU,hr1860-112
HSPW,hr619-112
HSED,hr4061-112
HSWM,hr5362-112
HSJU,hr3915-112
HSED,hr906-112
HSAG,hr377-112
HSVR,hr198-112
HSJU,hr933-112
HSHM,hr933-112
HSWM,hr5559-112
HSBA,hr2599-112
HSJU,hr3443-112
HSWM,hr5026-112
HSFA,hr1389-112
HSIF,hr1389-112
HSWM,hr3926-112
HSAS,hr6574-112
HSWM,hr3318-112
HSIF,hr3995-112
HSJU,hr3995-112
HSWM,hr5472-112
HSWM,hr1773-112
HSJU,hr2564-112
HSWM,hr1236-112
HSIF,hr361-112
HSAS,hr208-112
HSWM,hr6162-112
HSVR,hr3197-112
SSVA,hr3197-112
HSBA,hr1137-112
HSIF,hr2376-112
HSSM,hr5851-112
HSII,hr491-112
SSEG,hr491-112
HSIF,hr353-112
HSWM,hr353-112
HSIF,hr38-112
HSII,hr3263-112
HSIF,hr2128-112
HSWM,hr2128-112
HSIF,hr3418-112
HSSY,hr2484-112
HSII,hr2484-112
HSWM,hr5467-112
HSWM,hr5629-112
HSED,hr3094-112
HSWM,hr3052-112
HSIF,hr3879-112
HSAS,hr3879-112
HSBA,hr2072-112
HSWM,hr4529-112
HSED,hr3887-112
HSIF,hr3887-112
HSHA,hr1404-112
HSIF,hr1622-112
HSII,hr1158-112
HSGO,hr3064-112
HSWM,hr4721-112
HSWM,hr5313-112
HSIF,hr2045-112
HSSM,hr2712-112
HSJU,hr3688-112
HSBA,hr4624-112
HSAG,hr6068-112
HSED,hr1809-112
HSWM,hr4511-112
HSBA,hr902-112
HSIF,hr3206-112
HSGO,hr1392-112
HSIF,hr1808-112
HSSY,hr1808-112
HSWM,hr3600-112
HSAS,hr2046-112
HSWM,hr6325-112
HSWM,hr4449-112
HSBA,hr4293-112
HSIF,hr556-112
HSAP,hr556-112
HSWM,hr556-112
HSSY,hr556-112
HSBU,hr556-112
HSVR,hr6563-112
HSWM,hr6563-112
HSBU,hr6563-112
HSAS,hr6563-112
HSFA,hr6563-112
HSJU,hr6563-112
HSSY,hr6563-112
HSED,hr6563-112
HSWM,hr3945-112
HSIF,hr5989-112
HSWM,hr35-112
HSJU,hr5684-112
HSPW,hr3327-112
HSIF,hr520-112
HSFA,hr2757-112
HSAS,hr2757-112
HSII,hr1829-112
HSWM,hr4999-112
HSHA,hr5912-112
HSJU,hr386-112
HSBU,hr386-112
SSJU,hr386-112
HSHA,hr4126-112
HSBA,hr2251-112
HSGO,hr1201-112
HSJU,hr1475-112
HSPW,hr960-112
HSHM,hr174-112
HSGO,hr174-112
HSPW,hr5950-112
HSWM,hr5064-112
HSPW,hr1390-112
HSIF,hr1390-112
HSWM,hr1390-112
HSSM,hr1390-112
HSII,hr3404-112
HSPW,hr1865-112
HSWM,hr4587-112
HSIF,hr6163-112
SSHR,hr6163-112
HSED,hr129-112
HSFA,hr4141-112
HSAG,hr4141-112
HSWM,hr4605-112
HSGO,hr3994-112
HSAP,hr3994-112
HSED,hr2833-112
HSIF,hr351-112
HSWM,hr4572-112
HSJU,hr2932-112
HSIF,hr1436-112
HSWM,hr4466-112
HSWM,hr3638-112
HSED,hr3638-112
HSII,hr3638-112
HSAG,hr3638-112
HSJU,hr3638-112
HSSY,hr3638-112
HSIF,hr3638-112
HSGO,hr3638-112
HSSM,hr3638-112
HSPW,hr3638-112
HSBA,hr3638-112
HSVR,hr3638-112
HSBU,hr3638-112
HSAS,hr3638-112
HSFA,hr3638-112
HSAS,hr179-112
HSWM,hr5462-112
HSGO,hr4155-112
HSWM,hr4677-112
HSPW,hr3217-112
HSWM,hr4452-112
HSII,hr799-112
HSIF,hr4215-112
HSWM,hr4215-112
HSWM,hr1518-112
HSIF,hr3542-112
HSIF,hr1862-112
HSII,hr4193-112
HSAG,hr4193-112
HSWM,hr5396-112
HSWM,hr5187-112
HSIF,hr5187-112
HSED,hr571-112
HSII,hr3429-112
HSFA,hr2105-112
HSGO,hr2105-112
HSJU,hr2105-112
HSWM,hr2105-112
HSSY,hr2105-112
HSBA,hr2105-112
HSPW,hr2105-112
SSFR,hr2105-112
HSWM,hr1327-112
HSII,hr2378-112
HSJU,hr1789-112
HSAS,hr2570-112
HSAG,hr3286-112
HSED,hr3286-112
HSIF,hr2273-112
HSBA,hr4218-112
HSWM,hr500-112
HSED,hr631-112
HSIF,hr1127-112
HSJU,hr6223-112
HSBA,hr861-112
SSBK,hr861-112
HSWM,hr5438-112
HSIF,hr6118-112
HSED,hr5975-112
HSGO,hr3433-112
HSBA,hr6105-112
HSWM,hr3937-112
HSAP,hr3671-112
HSBU,hr3671-112
HSWM,hr5456-112
HSII,hr480-112
HSPW,hr480-112
HSIF,hr480-112
HSSY,hr480-112
HSPW,hr405-112
HSJU,hr4074-112
HSIF,hr2298-112
HSFA,hr2298-112
HSWM,hr3933-112
HSGO,hr2196-112
HSII,hr2196-112
HSBA,hr1081-112
HSAS,hr413-112
HSII,hr4381-112
HSVR,hr6008-112
HSWM,hr1738-112
HSII,hr3229-112
HSAG,hr4457-112
HSPW,hr995-112
HSBA,hr2139-112
HSFA,hr1530-112
HSJU,hr5949-112
HLIG,hr5949-112
HSPW,hr6566-112
HSHM,hr6566-112
HSWM,hr4250-112
HSPW,hr1803-112
HSIF,hr4273-112
SSEV,hr4273-112
HSED,hr667-112
HSWM,hr5138-112
HSWM,hr2353-112
HSVR,hr4213-112
HSGO,hr2338-112
SSGA,hr2338-112
HSBU,hr3844-112
HSRU,hr3844-112
HSGO,hr3844-112
HSWM,hr4282-112
HSBU,hr4282-112
HSJU,hr4282-112
SSFI,hr4282-112
HSJU,hr1196-112
HSGO,hr1196-112
HSED,hr1196-112
HSHA,hr1196-112
HSBA,hr1196-112
HSHM,hr1196-112
HSWM,hr1196-112
HSII,hr1196-112
HSAG,hr1196-112
HSAG,hr3437-112
HSFA,hr3437-112
HSAS,hr621-112
HSWM,hr3307-112
HSFA,hr2144-112
HSII,hr6532-112
HSWM,hr5016-112
HSGO,hr3247-112
SSGA,hr3247-112
HSII,hr4194-112
HSED,hr2247-112
HSED,hr3171-112
HSPW,hr3259-112
HSBA,hr3259-112
HSHM,hr1555-112
HSIF,hr6508-112
HSBA,hr1965-112
HSWM,hr6102-112
HSVR,hr2550-112
HSIF,hr911-112
HSIF,hr4120-112
HSWM,hr4120-112
HSWM,hr4670-112
HSPW,hr947-112
HSJU,hr1459-112
HSIF,hr2009-112
HSJU,hr126-112
HSWM,hr126-112
HSPW,hr3536-112
HSHM,hr6449-112
HSGO,hr3121-112
HSRU,hr3121-112
HSAP,hr94-112
HSWM,hr6575-112
HSIF,hr6575-112
HSAS,hr409-112
HSWM,hr4894-112
HSWM,hr4922-112
HSII,hr1234-112
HSII,hr1581-112
HSAG,hr1581-112
HSIF,hr4160-112
HSWM,hr4160-112
HSED,hr4160-112
HSBA,hr1355-112
HSJU,hr3881-112
HSHA,hr3463-112
HSWM,hr3463-112
SSRA,hr3463-112
HSII,hr295-112
SSCM,hr295-112
HSWM,hr1883-112
HSED,hr3793-112
HSBA,hr3559-112
HSAG,hr3559-112
HSWM,hr5432-112
HSWM,hr4995-112
HSWM,hr4840-112
HSHA,hr981-112
HSGO,hr981-112
HSIF,hr3548-112
HSPW,hr3548-112
HSII,hr3548-112
HSAS,hr1142-112
HSBA,hr1489-112
HSJU,hr1433-112
SSJU,hr1433-112
HSVR,hr544-112
HSBA,hr1223-112
HSBA,hr2807-112
HSJU,hr2554-112
HSAP,hr6581-112
HSBU,hr6581-112
HSVR,hr4246-112
HSPW,hr3811-112
HSIF,hr3811-112
HSII,hr3811-112
HSIF,hr2133-112
HSII,hr2133-112
HSSY,hr2133-112
HSAG,hr2133-112
HSVR,hr2302-112
SSVA,hr2302-112
HSIF,hr6638-112
HSHA,hr1239-112
HSGO,hr1239-112
HSJU,hr3590-112
HSWM,hr6536-112
HSBA,hr4323-112
HSWM,hr5619-112
HSED,hr1322-112
HSJU,hr3901-112
HSBA,hr6524-112
HSSY,hr2782-112
HSWM,hr5418-112
HSVR,hr4245-112
HSIF,hr2520-112
HSWM,hr2959-112
HSED,hr3066-112
HSWM,hr5505-112
HSHM,hr1279-112
HSHM,hr1279-112
HSJU,hr1279-112
HSWM,hr6597-112
HSBA,hr3213-112
HSWM,hr2754-112
HSWM,hr5002-112
HSWM,hr4441-112
HSJU,hr1150-112
HSWM,hr5610-112
HSWM,hr3476-112
HSJU,hr3476-112
HSBA,hr3476-112
HSED,hr1381-112
HSIF,hr603-112
HSWM,hr4465-112
HSIF,hr5194-112
HSWM,hr5194-112
HSVR,hr1855-112
HSIF,hr2195-112
HSWM,hr2195-112
HSGO,hr2145-112
HSFA,hr2524-112
HSIF,hr6283-112
HSWM,hr6283-112
HSED,hr6283-112
HSWM,hr5556-112
HSED,hr3624-112
HSED,hr1106-112
HSII,hr6689-112
HSII,hr1115-112
HSWM,hr4692-112
HSWM,hr687-112
HSBA,hr4264-112
SSBK,hr4264-112
HSHA,hr2084-112
HSWM,hr5234-112
HSPW,hr2594-112
HSFA,hr2594-112
SSCM,hr2594-112
HSIF,hr4132-112
HSFA,hr5748-112
HSII,hr3109-112
HSIF,hr1487-112
HSWM,hr6643-112
HSBA,hr1912-112
HSED,hr1912-112
HSBA,hr2440-112
HSWM,hr5008-112
HSSY,hr3389-112
HSWM,hr6319-112
HSII,hr49-112
HSIF,hr49-112
HSSY,hr49-112
HSSY,hr3834-112
SSCM,hr3834-112
HSFA,hr3785-112
HSAS,hr3785-112
HSIF,hr3982-112
HSIF,hr2190-112
HSWM,hr2190-112
HSIF,hr4136-112
HSWM,hr5023-112
HSVR,hr4201-112
SSVA,hr4201-112
HSWM,hr5858-112
HSPW,hr3666-112
HSED,hr1050-112
HSWM,hr5435-112
HSWM,hr4559-112
HSWM,hr3940-112
HSWM,hr5013-112
HSBA,hr4145-112
HSWM,hr5084-112
HSED,hr2810-112
HSII,hr2444-112
HSSM,hr2131-112
HSWM,hr2067-112
HSIF,hr2499-112
HSWM,hr2499-112
HSWM,hr5021-112
HSWM,hr1011-112
HSJU,hr3808-112
HSJU,hr5-112
HSIF,hr5-112
HSBA,hr3564-112
HSII,hr6364-112
HSGO,hr6364-112
HSWM,hr5426-112
HSWM,hr2649-112
HSWM,hr5659-112
HSAS,hr1577-112
HSRU,hr1118-112
HSJU,hr1642-112
HSVR,hr1657-112
SSVA,hr1657-112
HSVR,hr2349-112
SSVA,hr2349-112
HSWM,hr696-112
HSGO,hr1136-112
HSHM,hr1136-112
HSPW,hr843-112
HSED,hr4106-112
HSGO,hr4106-112
HSHA,hr4106-112
HSJU,hr4106-112
HSWM,hr1509-112
SSFI,hr1509-112
HSWM,hr4710-112
HSWM,hr5534-112
HSBA,hr4130-112
HSWM,hr2892-112
HSAG,hr2487-112
HSII,hr1291-112
HSIF,hr971-112
HSIF,hr6444-112
HSPW,hr801-112
HSWM,hr3957-112
HSWM,hr5633-112
HSBA,hr2441-112
HSFA,hr1319-112
HSJU,hr399-112
HSJU,hr1805-112
HSBA,hr1805-112
HLIG,hr1805-112
HSII,hr3882-112
HSWM,hr5378-112
HSPW,hr2744-112
HSWM,hr2744-112
HSII,hr163-112
HSBA,hr6467-112
HSPW,hr763-112
HSWM,hr763-112
HSWM,hr6353-112
HSJU,hr3367-112
HSBA,hr1567-112
HSBA,hr6394-112
HSIF,hr6394-112
HSJU,hr1913-112
HSIF,hr3026-112
HSJU,hr2185-112
HSWM,hr2185-112
HSBU,hr2185-112
HSIF,hr2785-112
HSWM,hr2785-112
HSGO,hr1770-112
HSSM,hr1770-112
HSWM,hr5665-112
HSIF,hr429-112
HSWM,hr429-112
HSGO,hr429-112
HSED,hr429-112
HSII,hr429-112
HSJU,hr429-112
HSRU,hr429-112
HSHA,hr429-112
HSAP,hr429-112
HSIF,hr916-112
HSHM,hr916-112
HSAG,hr2675-112
HSWM,hr5424-112
HSWM,hr5311-112
HSII,hr976-112
HSWM,hr4417-112
HSFA,hr4307-112
HSIF,hr3762-112
HSED,hr1881-112
HSWM,hr4531-112
HSVR,hr837-112
HSPW,hr3362-112
HSWM,hr5404-112
HSPW,hr1565-112
HSED,hr3569-112
HSWM,hr3569-112
HSAG,hr3569-112
HSWM,hr2466-112
HSIF,hr3805-112
HSJU,hr727-112
HSJU,hr1348-112
HSVR,hr813-112
HSWM,hr2224-112
HSIF,hr2224-112
HSSY,hr2275-112
HSWM,hr2275-112
HSFA,hr2275-112
HSIF,hr6160-112
HSWM,hr5618-112
HSAP,hr599-112
HSIF,hr2182-112
HSHM,hr3173-112
SSCM,hr3173-112
HSGO,hr2532-112
HSBU,hr2532-112
HSWM,hr2532-112
HSWM,hr5245-112
HSAS,hr4329-112
HSVR,hr806-112
HSED,hr677-112
HSJU,hr107-112
HSWM,hr4139-112
HSPW,hr2110-112
HSBU,hr2110-112
HSII,hr1278-112
HSPW,hr6456-112
HSSY,hr1388-112
HSII,hr1388-112
HSAS,hr1388-112
HSWM,hr5009-112
HSWM,hr724-112
HSIF,hr1571-112
HSJU,hr1571-112
HSED,hr532-112
HSAG,hr533-112
HSIF,hr4622-112
HSWM,hr5702-112
HSIF,hr142-112
HSWM,hr4001-112
HSPW,hr2370-112
HSPW,hr1893-112
HSWM,hr1893-112
HSJU,hr1552-112
HSBA,hr2126-112
HSII,hr4976-112
HSAG,hr4976-112
HSPW,hr395-112
HSAS,hr3863-112
HSWM,hr2101-112
HSII,hr1443-112
HSIF,hr1443-112
HSAG,hr1443-112
HSAS,hr181-112
HSPW,hr4361-112
HSWM,hr88-112
HSJU,hr82-112
HSWM,hr4437-112
HSBA,hr287-112
HSWM,hr287-112
HSWM,hr1040-112
HSRU,hr1040-112
HSWM,hr6035-112
HSBA,hr1783-112
HSWM,hr5317-112
HSFA,hr2583-112
HSWM,hr6055-112
HSJU,hr6055-112
HSWM,hr4742-112
HSBA,hr233-112
HSIF,hr3198-112
HSWM,hr3198-112
HSWM,hr4929-112
HSBA,hr1182-112
HSAS,hr4043-112
HSII,hr4043-112
HSWM,hr5594-112
HSAP,hr5882-112
SSAP,hr5882-112
HSED,hr3425-112
HSII,hr4031-112
HSBA,hr1618-112
HSJU,hr3505-112
HSBA,hr4302-112
HSED,hr6481-112
HSAG,hr6481-112
HSWM,hr5502-112
HSWM,hr5943-112
HSIF,hr2033-112
HSIF,hr676-112
HSWM,hr676-112
HSII,hr676-112
HSJU,hr6117-112
HSFA,hr1099-112
HSIF,hr1099-112
HSWM,hr3852-112
HSPW,hr4278-112
HSIF,hr2141-112
HSWM,hr2141-112
HSGO,hr3584-112
HSWM,hr1769-112
HSWM,hr4883-112
HSWM,hr5067-112
HSJU,hr4058-112
HSBA,hr4058-112
HSVR,hr4058-112
HSVR,hr803-112
HSWM,hr4681-112
HSPW,hr4350-112
HSSY,hr716-112
HSVR,hr4168-112
HSWM,hr5839-112
HSVR,hr1863-112
HSWM,hr3784-112
HSPW,hr3784-112
HSWM,hr4755-112
HSJU,hr455-112
HSWM,hr1058-112
HSIF,hr1705-112
HSPW,hr1705-112
HSGO,hr3124-112
HSWM,hr3124-112
HSIF,hr6446-112
HSWM,hr6446-112
HSWM,hr5377-112
HSWM,hr5658-112
HSIF,hr141-112
HSWM,hr141-112
HSED,hr141-112
HSJU,hr141-112
HSII,hr141-112
HSHA,hr141-112
HSRU,hr141-112
HSAP,hr141-112
HSWM,hr4878-112
HSWM,hr4558-112
HSIF,hr1364-112
HSIF,hr1700-112
HSWM,hr1700-112
HSHM,hr3674-112
HSGO,hr3674-112
HSSY,hr3674-112
HSJU,hr3674-112
HLIG,hr3674-112
HSIF,hr3674-112
HSWM,hr5224-112
HSIF,hr2505-112
HSWM,hr5337-112
HSJU,hr3796-112
SSJU,hr3796-112
HSGO,hr697-112
HSII,hr4171-112
HSGO,hr373-112
HSRU,hr373-112
HSBU,hr373-112
HSJU,hr373-112
HSPW,hr2389-112
HSJU,hr3356-112
HSWM,hr3339-112
HSIF,hr3339-112
HSPW,hr1171-112
HSII,hr1171-112
SSCM,hr1171-112
HSBA,hr3128-112
SSJU,sjres19-112
SSJU,sjres10-112
HSFA,sjres41-112
SSJU,sjres12-112
SSJU,sjres35-112
SSJU,sjres29-112
SSJU,sjres4-112
SSFI,sjres17-112
SSJU,sjres42-112
SSJU,sjres11-112
SSJU,sjres38-112
HSWM,hr851-112
HSFA,hr1727-112
HSED,hr1113-112
HSWM,hr143-112
HSVR,hr1407-112
SSVA,hr1407-112
HSWM,hr4735-112
HSWM,hr5611-112
HSWM,hr6226-112
HSWM,hr1034-112
HSPW,hr1034-112
HSWM,hr4697-112
HSII,hr4234-112
HSAG,hr4234-112
HSFA,hr3253-112
HSJU,hr3253-112
HSWM,hr6559-112
HSII,hr2360-112
SSEG,hr2360-112
HSWM,hr4694-112
HSAS,hr1169-112
HSGO,hr1169-112
HSAG,hr3006-112
HSIF,hr4345-112
HSJU,hr4345-112
HSSM,hr3980-112
HSWM,hr4695-112
HSWM,hr1543-112
HSIF,hr1543-112
HSFA,hr1609-112
HSRU,hr1609-112
HSWM,hr3972-112
HSJU,hr3010-112
SSGA,hr3010-112
HSJU,hr1032-112
HSED,hr2226-112
HSWM,hr2226-112
HSJU,hr5893-112
HSWM,hr5893-112
HSSY,hr5893-112
HSAP,hr5893-112
HSIF,hr5893-112
HSII,hr2745-112
SSEG,hr2745-112
SSVA,s1852-112
SSCM,s1207-112
SSEV,s806-112
SSGA,s717-112
SSFI,s3080-112
SSHR,s767-112
SSFI,s1557-112
SSFI,s3463-112
SSGA,s1668-112
SSFI,s2740-112
SSFI,s1647-112
SSFI,s3680-112
SSBK,s2049-112
SSGA,s1957-112
SSBK,s1992-112
SLIA,s675-112
SSFI,s2703-112
SSAS,s1633-112
SSJU,s1894-112
SSFI,s82-112
SSEV,s3439-112
SSFI,s31-112
SSHR,s1354-112
SSFI,s311-112
SSEG,s779-112
SSGA,s762-112
SSFI,s2356-112
SSHR,s3074-112
SSJU,s1794-112
SSHR,s1283-112
HSJU,hr4160-112
HSII,hr4160-112
HSHA,hr4160-112
HSRU,hr4160-112
HSAP,hr4160-112
HSIF,hr1427-112
HSIF,hr2863-112
HSWM,hr2863-112
HSHM,hr1165-112
HSHM,hr1165-112
HSWM,hr6152-112
HSWM,hr5269-112
HSWM,hr4682-112
HSWM,hr6307-112
HSIF,hr4480-112
HSII,hr4480-112
HSAG,hr4480-112
HSAS,hr4480-112
SSEG,hr4480-112
HSED,hr1617-112
HSPW,hr4090-112
HSAG,hr3678-112
HSPW,hr842-112
HSII,hr1990-112
HSWM,hr3961-112
HSWM,hr2394-112
HSWM,hr5140-112
HSBA,hr1539-112
HSGO,hr2236-112
HSII,hr2236-112
HSGO,hr1812-112
HSAS,hr6393-112
HSVR,hr6393-112
HSIF,hr5979-112
HSII,hr3734-112
HSAS,hr4485-112
HSFA,hr4485-112
HSIF,hr1629-112
HSII,hr1870-112
HSSY,hr1870-112
HSIF,hr1870-112
HSPW,hr1870-112
HSED,hr1870-112
HSBA,hr836-112
SSBK,hr836-112
HSJU,hr505-112
HSWM,hr376-112
HSED,hr376-112
HSPW,hr492-112
HSJU,hr2952-112
HSJU,hr4362-112
SSJU,hr4362-112
HSBA,hr6477-112
HSPW,hr6477-112
HSIF,hr2482-112
HSSY,hr2482-112
HSAS,hr2482-112
HSED,hr3023-112
HSAS,hr3016-112
HSVR,hr3016-112
HSJU,hr6351-112
HSWM,hr4801-112
HSPW,hr2946-112
HSED,hr2587-112
HSWM,hr4798-112
HSII,hr2304-112
HSIF,hr3211-112
HSJU,hr896-112
HSWM,hr4487-112
HSJU,hr2276-112
HSIF,hr2276-112
HSGO,hr3662-112
HSBU,hr3662-112
HSII,hr1400-112
HSAS,hr3449-112
HSED,hr522-112
HSWM,hr1380-112
HSSY,hr1380-112
HSIF,hr1380-112
HSWM,hr5497-112
HSWM,hr4679-112
HSGO,hr3282-112
HSJU,hr1274-112
HSAS,hr1274-112
HSHM,hr1274-112
HSII,hr1274-112
HSAG,hr1274-112
HSVR,hr809-112
HSWM,hr3343-112
HSWM,hr4502-112
HSIF,hr2-112
HSED,hr2-112
HSWM,hr2-112
HSJU,hr2-112
HSII,hr2-112
HSRU,hr2-112
HSHA,hr2-112
HSAP,hr2-112
HSWM,hr5190-112
HSFA,hr3880-112
HSBA,hr3880-112
HSGO,hr1474-112
SSJU,sjres24-112
SSFI,sjres50-112
SSFI,sjres46-112
SSJU,sjres33-112
SSJU,sjres2-112
SSEV,sjres27-112
SSEG,s171-112
SSFI,s16-112
SSEG,s1692-112
SSHR,s263-112
SSFR,s381-112
SSHR,s595-112
SSEV,s3446-112
SSCM,s1152-112
SSEG,s1473-112
SSFI,s3004-112
SSEG,s963-112
SSAP,s475-112
SSFI,s3138-112
SSFI,s3013-112
SSFI,s1964-112
SSBK,s1623-112
SSGA,s3468-112
SSCM,s886-112
SSJU,s224-112
SSGA,s742-112
SSFI,s2684-112
SSBK,s1349-112
SSJU,s3431-112
SLIA,s1262-112
SSFR,s618-112
SSFI,s2762-112
SSFI,s2434-112
SSFI,s863-112
SSFI,s2847-112
SSGA,s235-112
SSFI,s44-112
SSJU,s450-112
SSHR,s2116-112
SSFI,s2150-112
SSEV,s2226-112
SSHR,s458-112
SSEG,s512-112
SSFI,s3140-112
SSEG,s1708-112
SSHR,s3550-112
SSJU,s1560-112
SSBK,s1385-112
SSFI,s194-112
SSFI,s2994-112
SSEG,s1001-112
SLIA,s1065-112
SSFI,s2567-112
SSJU,s3456-112
SSRA,s168-112
SSEV,s1369-112
SSEG,s1524-112
SSJU,s354-112
SSHR,s1662-112
SSJU,s671-112
SSHR,s280-112
SSHR,s1978-112
SSHR,s2192-112
SSFI,s2399-112
SSFI,s2954-112
SSEV,s3529-112
SSCM,s1659-112
SSJU,s3076-112
SSEG,s3438-112
SSFI,s3001-112
SSCM,s1430-112
SSFI,s3161-112
SSFI,s2935-112
SSBK,s1940-112
SSEG,s3398-112
SSBK,s202-112
SSFI,s2951-112
SSFI,s2591-112
SSHR,s2047-112
SSFI,s539-112
SSFI,s983-112
SSHR,s1137-112
SSEG,s607-112
SSFI,s3037-112
SSJU,s570-112
SSFI,s2620-112
SSHR,s1461-112
SSHR,s2281-112
SSGA,s1688-112
SSFI,s778-112
SSEG,s2058-112
SSFI,s2074-112
SSEG,s1153-112
SSFI,s3057-112
SSFI,s2007-112
SSHR,s2254-112
SSGA,s860-112
SSEG,s526-112
SSFI,s2568-112
SSFI,s2646-112
SSAS,s1204-112
SSVA,s3084-112
SSSB,s2364-112
SSFI,s1366-112
SSFI,s1251-112
SSEV,s781-112
SSRA,s1868-112
SSFI,s2959-112
SSEG,s201-112
SSBK,s170-112
SSFI,s2636-112
SSFI,s1699-112
SSAS,s67-112
SSGA,s358-112
SSFI,s339-112
SSHR,s1052-112
SSEG,s1160-112
SSHR,s686-112
SSEG,s888-112
SSFI,s2400-112
SSJU,s27-112
SSFI,s934-112
SSSB,s2136-112
SSHR,s1190-112
SSFI,s2961-112
SSBK,s2160-112
SSBK,s1745-112
SSGA,s376-112
SSHR,s851-112
SSFR,s2177-112
SSHR,s1297-112
SSFI,s2579-112
SSAF,s496-112
SSFI,s2746-112
SSHR,s1328-112
SSAS,s2467-112
SSFI,s2563-112
SSFI,s2331-112
SSJU,s169-112
SSFI,s939-112
SSFI,s2464-112
SSFI,s1012-112
SSAF,s1593-112
SSFI,s55-112
SSFI,s2209-112
SSEG,s127-112
SSFR,s3577-112
SSFI,s1826-112
SSFI,s3133-112
SSHR,s1437-112
SSHR,s1471-112
SSFI,s2993-112
SSFI,s58-112
SSFI,s1174-112
SSGA,s602-112
SSEG,s3385-112
SSHR,s1240-112
SSAF,s2217-112
SSBK,s1180-112
SSEV,s3500-112
SSHR,s969-112
SSFI,s1738-112
SSFI,s2421-112
SSGA,s2319-112
SSHR,s3237-112
SSJU,s1099-112
SSFI,s593-112
HSPW,s3687-112
HSII,s3687-112
HSJU,s3687-112
SSEV,s999-112
SSGA,s709-112
SSBK,s1508-112
SSVA,s3323-112
SSFI,s2383-112
SSCM,s1678-112
SSHR,s229-112
SSBU,s1679-112
SSFI,s583-112
SSFI,s2196-112
SSFI,s3020-112
SSFI,s106-112
SSJU,s791-112
SSEG,s2015-112
SSFI,s3136-112
SSFI,s3121-112
SSGA,s2283-112
SSCM,s1449-112
SSHR,s1158-112
SSAF,s2216-112
SSFI,s107-112
SSJU,s2269-112
SSFI,s1294-112
SSHR,s1232-112
SSAF,s1947-112
HSAG,s1947-112
HSJU,s1947-112
SSEG,s278-112
SSJU,s533-112
SSEV,s3547-112
SSVA,s1184-112
SSFI,s3234-112
SSHR,s1068-112
SSJU,s1014-112
SSVA,s894-112
SSVA,s1060-112
SSAS,s68-112
SSGA,s2038-112
SLIA,s771-112
SSJU,s466-112
SSBK,s3426-112
SSGA,s2085-112
SSCM,s2151-112
SSBK,s912-112
SSFI,s2685-112
SSFI,s2573-112
SLIA,s379-112
SSEG,s265-112
SSHR,s2142-112
SSHR,s787-112
SSAF,s459-112
SSEG,s1758-112
SSFI,s3134-112
SSFI,s943-112
SSBK,s1393-112
SSFI,s227-112
SSBK,s3484-112
SSEG,s2229-112
SSFI,s2977-112
SSEG,s1470-112
SSFI,s3714-112
SSHR,s5-112
SSEV,s1036-112
SSJU,s1696-112
SSEG,s689-112
SSFI,s80-112
SSJU,s744-112
SSSB,s1756-112
SSEV,s782-112
SSFI,s2638-112
SSEG,s2248-112
SSCM,s601-112
SSEV,s980-112
SSGA,s801-112
SSCM,s363-112
HSII,s363-112
SSEG,s1844-112
SSFI,s2814-112
SSHR,s470-112
SSFI,s3695-112
SSJU,s3493-112
SSHR,s571-112
SSJU,s1319-112
SSGA,s1562-112
SSFI,s2772-112
SSVA,s1806-112
SSFI,s3130-112
SSFR,s1388-112
SSFI,s166-112
SSJU,s1054-112
SSFI,s100-112
SSJU,s798-112
SSFI,s367-112
SSFI,s312-112
SSEG,s757-112
SSFI,s1206-112
SSJU,s1061-112
SSFI,s2152-112
SSFR,s2152-112
SSFI,s2633-112
SSFI,s1016-112
SSEG,s383-112
SSGA,s241-112
SSCM,s3661-112
SSFI,s2284-112
SSAP,s2323-112
HSBA,s1958-112
HSBA,s1958-112
SSBK,s3614-112
SSHR,s2263-112
SSFI,s2593-112
SSEV,s471-112
SSFI,s2163-112
SSFI,s2493-112
SSHR,s3212-112
SSFI,s2748-112
SSFI,s3494-112
SSSB,s236-112
SSGA,s2368-112
SSFI,s2637-112
SSEG,s1555-112
SSHR,s1273-112
SSBU,s1290-112
SSEG,s519-112
SSAF,s2270-112
SSFI,s2905-112
SSCM,s1991-112
SSHR,s3461-112
SSEV,s587-112
SSFI,s1185-112
SSFI,s2433-112
SSHR,s1260-112
SSFI,s2596-112
SSFI,s1321-112
SSEV,s3626-112
SSEG,s3329-112
SSSB,s1590-112
SSJU,sjres5-112
SSJU,sjres3-112
SSFR,sjres20-112
SSCM,sjres6-112
SSFI,sjres43-112
SSHR,sjres36-112
SSEV,sjres37-112
SSJU,sjres44-112
HSFA,sjres44-112
SSFR,sjres28-112
SSFI,sjres48-112
SSAF,s1850-112
SSFI,s109-112
SSFR,s109-112
SSFI,s1754-112
SSFI,s2849-112
SSFI,s110-112
SSFI,s1376-112
SSHR,s3641-112
SSFI,s2587-112
SSFI,s1309-112
SSEG,s917-112
SSHR,s3711-112
SSJU,s207-112
SSHR,s2067-112
SSHR,s1675-112
SSCM,s3703-112
HSFA,s2009-112
HSJU,s2009-112
HSED,s2009-112
SSHR,s616-112
SSFI,s2430-112
SSHR,s1139-112
SSFI,s3137-112
SSFI,s2048-112
SSEG,s1331-112
SSHR,s217-112
SSFI,s1644-112
SSFI,s3059-112
SSHR,s581-112
SSFI,s1285-112
SSHR,s649-112
SSFI,s2083-112
SSFI,s374-112
SSGA,s772-112
SSVA,s3233-112
SSFI,s2243-112
SSEG,s161-112
SLIA,s399-112
SSFI,s3039-112
SSEV,s1270-112
SSFI,s560-112
SSEV,s188-112
HSPW,s188-112
SSFI,s1275-112
SSFI,s2939-112
SSVA,s3309-112
SSEV,s1324-112
SSAF,s1026-112
SSFI,s877-112
SSHR,s833-112
SSJU,s1746-112
SSFI,s1403-112
SSBK,s369-112
SSHR,s1128-112
SSFI,s2659-112
SSHR,s1507-112
SSEG,s338-112
SSJU,s1886-112
HSJU,s1886-112
SSJU,s225-112
SSEG,s2316-112
SSBK,s3350-112
SSEV,s1813-112
SSFI,s2618-112
SSEV,s1400-112
SSEV,s1249-112
SSFI,s22-112
SSFI,s2424-112
SSBK,s1737-112
SSEG,s398-112
SSFI,s1741-112
SSJU,s1228-112
SSFI,s3470-112
SSHR,s1488-112
SSFI,s2634-112
SSFI,s2416-112
SSFI,s3147-112
SSFI,s2483-112
SLIA,s908-112
SSEV,s1939-112
SSAS,s542-112
SSAS,s1822-112
SSBK,s2099-112
SSEG,s1475-112
SSJU,s1712-112
SSJU,s226-112
SSHR,s1819-112
SSHR,s3297-112
SSJU,s1005-112
SSEG,s1690-112
SSAS,s3670-112
SSHR,s3391-112
SSHR,s460-112
SSFI,s2990-112
SSHR,s1809-112
SSFI,s2988-112
SSHR,s2221-112
SSEG,s864-112
SSAS,s209-112
SSFI,s7-112
SSFI,s2242-112
SSGA,s2218-112
SSJU,s254-112
SSAS,s260-112
SSHR,s902-112
SSRA,s1411-112
SSFI,s2820-112
SSHR,s504-112
SSHR,s3560-112
SSAF,s831-112
SSJU,s410-112
SSHR,s1700-112
SSGA,s1936-112
SSFI,s3088-112
SSHR,s2295-112
SSHR,s3376-112
SSHR,s2285-112
SSBK,s2055-112
SSFR,s1280-112
HSFA,s1280-112
SSEG,s843-112
SSHR,s2257-112
SSEV,s1795-112
SSJU,s34-112
SSEG,s2176-112
SSHR,s230-112
SSGA,s3481-112
SSVA,s3555-112
SSGA,s1531-112
SSGA,s1789-112
SSFI,s3007-112
SSBK,s488-112
SLIA,s3209-112
SSJU,s3248-112
SSFI,s2533-112
SSJU,s565-112
SSFI,s1404-112
SSGA,s1736-112
SSFI,s2688-112
SSJU,s149-112
SSJU,s3186-112
SSCM,s3291-112
SSFI,s3089-112
SSEG,s766-112
SSEV,s989-112
SSFI,s3377-112
SSFI,s2629-112
SSCM,s1952-112
SSEV,s15-112
SSEV,s1122-112
SSFI,s1208-112
SSBK,s251-112
SSFI,s101-112
SSFI,s461-112
SSGA,s3175-112
SSBK,s3278-112
SSJU,s3287-112
SSFI,s845-112
SSFI,s2788-112
SSCM,s297-112
SSEG,s2110-112
SLIA,s3504-112
SLIA,s636-112
SSFI,s146-112
SSFI,s552-112
SSFI,s3226-112
SSFI,s3010-112
SSBK,s3499-112
SSFR,s879-112
SSSB,s1154-112
SSVA,s1264-112
SSFI,s1286-112
SSHR,s619-112
SSJU,s332-112
SSFI,s2950-112
SSFI,s2907-112
SSRA,s3257-112
SSEV,s2264-112
SSFI,s1901-112
SSHR,s1734-112
SSFR,s1469-112
SSFI,s2454-112
SSEG,s407-112
SSFI,s2702-112
SSHR,s393-112
SSFI,s2725-112
SSHR,s3229-112
SSEG,s948-112
SSEV,s800-112
SLIN,s3454-112
SSFI,s2310-112
SSFI,s2767-112
SSHR,s484-112
SSJU,s3501-112
SSFI,s2908-112
SSFI,s4-112
SSFI,s2662-112
SSBK,s3671-112
SSJU,s3190-112
SSEG,s1113-112
SSVA,s3405-112
SSCM,s1753-112
SSFI,s361-112
SSFI,s518-112
SSFI,s3026-112
SSHR,s495-112
SSAP,s3241-112
SSHR,s3230-112
SSSB,s1110-112
SLIA,s1763-112
SSHR,s3436-112
SSJU,s464-112
SSGA,s1222-112
SSHR,s807-112
SSFI,s3144-112
SSEV,s1815-112
SSGA,s1938-112
SSFI,s181-112
SSFI,s2029-112
SSFI,s2927-112
SSHR,s463-112
SSEV,s1797-112
SSSB,s532-112
SSJU,s1645-112
SSFI,s818-112
SSVA,s1127-112
SSJU,s1032-112
SLIA,s1739-112
SSBK,s1360-112
SSHR,s197-112
SSFI,s668-112
SSCM,s2012-112
SSJU,s627-112
HSGO,s627-112
SSFI,s2720-112
SSEV,s1588-112
SSCM,s562-112
SSAF,s2346-112
SSFI,s2640-112
SSFI,s1277-112
SSBK,s3416-112
SSFI,s725-112
SSEG,s714-112
SSCM,s46-112
SSJU,s3631-112
SSHR,s43-112
SSFI,s1534-112
SLIA,s872-112
SSEG,s3459-112
SSVA,s1123-112
SSEG,s3587-112
SSHR,s576-112
SSAF,s2261-112
SSFI,s2647-112
SSVA,s1104-112
SSFI,s3524-112
SSFI,s631-112
SSJU,s1728-112
SSFI,s2572-112
SSFI,s108-112
SSFI,s2817-112
SSAS,s1733-112
SSJU,s561-112
SSFI,s95-112
SSFI,s3156-112
SSHR,s1984-112
SSVA,s3202-112
HSVR,s3202-112
HSAS,s3202-112
HSBU,s3202-112
SSBK,s1548-112
SSHR,s1661-112
SSFI,s796-112
SSFI,s1885-112
SSFR,s1245-112
SSBK,s1429-112
SSFI,s1291-112
SSEG,s765-112
SSFI,s3065-112
SSAS,s3418-112
SSBU,s1396-112
SSHR,s775-112
SSHR,s3421-112
SSFI,s3066-112
SSFI,s1278-112
SSEG,s937-112
SSGA,s473-112
HSHM,s473-112
SSHR,s946-112
SSEV,s3053-112
SSCM,s3263-112
SSJU,s1186-112
SSBK,s2080-112
SSFI,s2200-112
SSFI,s2578-112
SSAS,s1704-112
SSCM,s2008-112
SSJU,s978-112
SSAS,s2175-112
SSVA,s3324-112
SSAP,s3216-112
SSEV,s594-112
SSEV,s3558-112
SSFI,s2846-112
SSHR,s773-112
SSFI,s2758-112
SSFI,s3466-112
SSHR,s10-112
SSJU,s329-112
SSFI,s3139-112
SSFI,s1627-112
SSHR,s929-112
SSEV,s412-112
SSFI,s2642-112
SSHR,s425-112
SSEG,s808-112
SSJU,s1605-112
SSGA,s2249-112
SSAS,s1080-112
SSFI,s2307-112
SSEG,s233-112
SSFI,s2444-112
SSFI,s2059-112
SSFI,s3285-112
SSVA,s957-112
SSEV,s3605-112
SSFI,s2749-112
SSGA,s47-112
SSBU,s1651-112
SSEG,s3374-112
SSFI,s3217-112
SSEV,s1392-112
SSEG,s1209-112
SSEV,s3561-112
SSEV,s1729-112
SSFI,s310-112
SSHR,s137-112
SSAF,s142-112
SSEG,s29-112
SSHR,s1752-112
SSHR,s1484-112
SSFI,s3027-112
SSFI,s816-112
SSHR,s2256-112
SSFI,s2796-112
SSHR,s660-112
SSEV,s710-112
HSIF,s710-112
SSCM,s3332-112
SSHR,s248-112
SSFI,s248-112
SSBK,s3320-112
SSEV,s1836-112
SSEV,s1816-112
SSCM,s1980-112
SSJU,s3579-112
SSEV,s1803-112
SSEG,s713-112
SSAF,s1626-112
SSHR,s669-112
SSFR,s2215-112
SSFI,s1965-112
SSBK,s1965-112
SSFI,s1373-112
SSFI,s18-112
SSFI,s2403-112
SSJU,s1114-112
SSFI,s2379-112
SSJU,s3458-112
SSEV,s3191-112
SSAF,s2377-112
SSFI,s520-112
SSGA,s1444-112
SSFI,s2981-112
SSEV,s1226-112
SSJU,s3515-112
SSEG,s302-112
SSFI,s3073-112
SSFI,s2598-112
SSHR,s3453-112
SSFI,s178-112
SSFI,s2407-112
SSGA,s1118-112
SSFI,s2415-112
SSSB,s370-112
SSHR,s3351-112
SSHR,s3557-112
SSFI,s2701-112
SSCM,s1913-112
SSHR,s3476-112
SSFI,s2097-112
SSGA,s3222-112
SSCM,s2019-112
SSFI,s3086-112
SSJU,s987-112
SSFI,s604-112
SSFI,s993-112
SSEG,s1024-112
SSFI,s2926-112
SSEG,s405-112
SSFI,s905-112
SSAS,s1893-112
SSBK,s2035-112
SSJU,s315-112
SSEG,s2133-112
SSHR,s1481-112
SSBK,s1962-112
SSFI,s2380-112
SSHR,s3256-112
SSEV,s898-112
SSFI,s2525-112
SSBK,s86-112
SSEV,s231-112
SSFI,s1395-112
SSFI,s1914-112
SSFI,s2561-112
SSEG,s949-112
SSGA,s1100-112
SSEV,s1528-112
SSBK,s1621-112
SSCM,s183-112
SSCM,s973-112
SSFI,s2744-112
SSHR,s42-112
SSCM,s1230-112
SSFI,s720-112
SSFR,s735-112
SSEV,s861-112
SSCM,s3274-112
SSGA,s384-112
SSFI,s2833-112
SSEG,s2365-112
SSHR,s1571-112
SSFI,s856-112
SSHR,s716-112
SSFI,s2673-112
SSBK,s2373-112
SSCM,s754-112
SSAS,s2121-112
SSAF,s1053-112
SSAS,s90-112
SSHR,s1131-112
SSCM,s1966-112
SSEG,s1906-112
SSCM,s799-112
SSHR,s2092-112
SSHR,s606-112
SSFI,s386-112
SSFI,s882-112
SSVA,s3052-112
SSHR,s2390-112
SSFI,s1205-112
SSEV,s1881-112
SSFI,s2852-112
SSCM,s646-112
SLIA,s356-112
SSEV,s847-112
SSJU,s839-112
SSBK,s3538-112
SSFI,s2401-112
SSFI,s3091-112
SSEG,s699-112
SSHR,s2474-112
SSBK,s1835-112
SSRA,s9-112
SSGA,s790-112
SSFI,s2789-112
SSFI,s3023-112
SSEV,s115-112
SSHR,s1972-112
SSHR,s3562-112
SSVA,s1148-112
SSEG,s1224-112
SSFI,s2719-112
SSFI,s1680-112
SSEG,s1988-112
SSFI,s208-112
SSFI,s1220-112
SSEV,s77-112
SSJU,s2188-112
SSGA,s3690-112
SSFI,s2565-112
SSFI,s1876-112
SSFI,s1378-112
SSAS,s3203-112
SSFI,s986-112
SSAF,s2274-112
SSEV,s3606-112
SSBK,s1617-112
SSHR,s1464-112
SSSB,s3253-112
SSFI,s2782-112
SSCM,s3402-112
SSCM,s1247-112
SSJU,s1223-112
SSJU,s3382-112
SSBK,s3219-112
SSBK,s1550-112
SSGA,s1981-112
SSGA,s991-112
SSHR,s525-112
SSRA,s210-112
SSFI,s3126-112
SSEG,s1357-112
SSEG,s1129-112
SSFI,s3155-112
SSAF,s2294-112
SSFI,s829-112
SSFI,s2492-112
SSBU,s1316-112
SSAF,s691-112
SSFI,s1233-112
SSCM,s371-112
SSFI,s2887-112
SSFR,s1048-112
SSBK,s1048-112
SSFI,s2763-112
SSFI,s164-112
SSCM,s2006-112
SSCM,s3706-112
SSCM,s1918-112
SSFR,s1426-112
SSGA,s1189-112
SSVA,s1629-112
SSFI,s2644-112
SSEV,s1610-112
SSGA,s2170-112
HSGO,s2170-112
SSFI,s1356-112
SSJU,s1194-112
SSVA,s3235-112
SSGA,s3600-112
SSFI,s2689-112
SSFI,s1558-112
SSHR,s3325-112
SSCM,s3569-112
SSVA,s1838-112
SSCM,s301-112
SSHR,s2002-112
SSFI,s2765-112
SSCM,s611-112
SSHR,s1570-112
SSGA,s813-112
SSFI,s1880-112
SSVA,s1705-112
SSAF,s805-112
SSFI,s1937-112
SSHR,s547-112
SSFI,s3012-112
SSGA,s353-112
SSEV,s3573-112
SSHR,s1221-112
SSFI,s3160-112
SSEG,s508-112
SSJU,s1301-112
SLIN,s3276-112
SSJU,s3276-112
SSGA,s1487-112
HSHM,s1487-112
SSCM,s1890-112
SSFI,s2901-112
SSJU,s1608-112
SSFI,s1960-112
SSJU,s1760-112
SSAF,s1773-112
SSHR,s2292-112
SSEG,s1144-112
SSCM,s234-112
SSBU,s2128-112
SSFI,s135-112
SSJU,s1920-112
SSFI,s3112-112
SLIA,s1898-112
SSFI,s1479-112
SSBK,s3678-112
SSGA,s2103-112
SSFI,s2780-112
SSAS,s1253-112
SSEG,s729-112
SSBK,s1650-112
SSGA,s761-112
SSBK,s1181-112
SSBK,s556-112
SSFI,s2161-112
SSAP,s1596-112
SSHR,s1358-112
SSVA,s1146-112
SSEG,s427-112
SSFI,s3095-112
SSCM,s50-112
SSVA,s2241-112
SSFI,s2989-112
SSHR,s1250-112
SSFI,s1031-112
SSFI,s3017-112
SSFI,s145-112
SSFR,s414-112
HSFA,s414-112
SSEG,s1788-112
SSFI,s2601-112
SSFR,s1539-112
SSHR,s758-112
SSHR,s151-112
SSVA,s3353-112
SSHR,s3338-112
SSFI,s215-112
SSFI,s672-112
SSHR,s1862-112
SSFI,s2651-112
SSBK,s2280-112
SSFI,s1468-112
HSBA,s3677-112
SSGA,s429-112
SSEG,s187-112
SSHR,s39-112
SSRA,s2219-112
SSCM,s3542-112
SSFI,s2201-112
SSCM,s1312-112
SSCM,s1990-112
SSEV,s2164-112
SSFI,s424-112
SSFI,s1117-112
SSFI,s652-112
SSEV,s2156-112
SSFI,s2648-112
SSBK,s2101-112
SSFI,s1133-112
SSCM,s1780-112
SSEV,s1525-112
SSJU,s2017-112
SSAS,s1867-112
HSHM,s1867-112
SSFI,s2664-112
SSFI,s454-112
SSVA,s1124-112
SSFI,s907-112
SSFI,s3096-112
SSRA,s111-112
SSHR,s865-112
SSHR,s665-112
SSGA,s1625-112
SSHR,s1861-112
SLIN,s548-112
SSHR,s2068-112
SSFI,s2357-112
SSFI,s1375-112
SSFI,s1164-112
SSCM,s1335-112
HSPW,s1335-112
SSAS,s2013-112
SLIA,s703-112
SSHR,s1310-112
SSHR,s3479-112
SSFI,s1237-112
SSGA,s2014-112
SSJU,s3296-112
SSHR,s1177-112
SSFI,s174-112
SSFI,s2626-112
SSGA,s1268-112
SSFI,s3272-112
SSFI,s697-112
SSFR,s2034-112
SSEG,s920-112
SSBK,s3492-112
SSFI,s2476-112
SSFI,s1238-112
SSFR,s186-112
SSBK,s3452-112
SSFI,s2340-112
SSFI,s3442-112
SSSB,s3442-112
SSFI,s2385-112
SSVA,s486-112
SSEG,s516-112
SSHR,s2124-112
SSVA,s910-112
SSEG,s3375-112
SSJU,s1195-112
SSJU,s3389-112
SSFI,s1908-112
SSJU,s638-112
SSJU,s513-112
SSCM,s2376-112
SSFI,s659-112
SSGA,s206-112
SSVA,s914-112
SSFI,s3071-112
SSEG,s421-112
SSAF,s1926-112
SSRA,s81-112
SSFI,s722-112
SSFI,s3018-112
SSVA,s2130-112
SSEV,s826-112
SSBK,s3583-112
SSFI,s1683-112
SSFI,s3028-112
SSFI,s2545-112
SSBK,s2223-112
SSHR,s1059-112
SSEV,s1320-112
SSFI,s3597-112
SSVA,s411-112
SSFI,s1872-112
SSFI,s1711-112
SSFI,s258-112
SSCM,s3433-112
SSFI,s2838-112
SSFI,s1111-112
SSGA,s2114-112
SSJU,s2276-112
SLIA,s1424-112
SSCM,s1165-112
SSFI,s2070-112
SSEG,s292-112
HSII,s292-112
SSGA,s261-112
SSHR,s1553-112
SSEG,s1215-112
SSFI,s94-112
SSHR,s2043-112
SSVA,s1272-112
SSEG,s2066-112
SSBK,s746-112
SSFI,s2260-112
SSFI,s2010-112
SSBK,s3177-112
SSFI,s1551-112
SSFI,s2536-112
SSSB,s493-112
SSFI,s906-112
SSFI,s3120-112
SSVA,s2320-112
SSFI,s2904-112
SSGA,s1530-112
SSBK,s624-112
SSEV,s468-112
SSJU,s355-112
SSJU,s2169-112
SSJU,s3178-112
SSJU,s409-112
SCNC,s409-112
SSGA,s2232-112
SSFI,s1035-112
SSJU,s2167-112
SSJU,s462-112
SSFI,s2945-112
SSFI,s2450-112
SSGA,s1546-112
HSHM,s1546-112
SSRA,s3608-112
SSAS,s1839-112
SSGA,s679-112
SSHR,s998-112
HSAG,s3666-112
SSFI,s2309-112
SSFI,s2621-112
SSEG,s828-112
SSGA,s388-112
SSFI,s1171-112
SSHR,s1178-112
SSEV,s2245-112
SSEV,s3649-112
SSJU,s1151-112
SSCM,s1422-112
SSHR,s2069-112
SSEG,s114-112
SSFI,s2718-112
SSFR,s2165-112
SSEG,s599-112
SSFI,s3153-112
SSFR,s1975-112
SSJU,s554-112
SSFI,s1832-112
SSEG,s2131-112
SSFI,s3581-112
SSFI,s1217-112
SSFI,s2619-112
SSEG,s1807-112
SSBK,s1963-112
SSJU,s968-112
SSFI,s1506-112
SSEG,s2374-112
SSFI,s1761-112
SSFI,s3087-112
SSFI,s2107-112
SSAP,s2322-112
SSBK,s3589-112
SSEG,s1510-112
SSVA,s1172-112
SSFI,s738-112
SSFI,s239-112
SLIA,s1192-112
SSJU,s821-112
SSFI,s2953-112
SSEV,s2148-112
SSFI,s1485-112
SSEG,s1182-112
SSHR,s3407-112
SSFI,s3159-112
SSFI,s2957-112
SSBK,s2278-112
SSFI,s2302-112
SSFI,s2566-112
SSVA,s815-112
SSFI,s3035-112
SSHR,s1425-112
SLIA,s2109-112
SSFI,s577-112
SSBK,s690-112
SSHR,s96-112
SSEG,s3450-112
SSAF,s1427-112
SSFI,s3344-112
SLIA,s1684-112
SSHR,s1306-112
SSEV,s538-112
SSFI,s309-112
SSEV,s3588-112
SSFI,s3536-112
SSGA,s299-112
SSFI,s2660-112
SSHR,s2119-112
SSJU,s253-112
SSFI,s73-112
SSBK,s1091-112
SSAS,s1097-112
SSCM,s203-112
SSJU,s1672-112
SSHR,s506-112
SSHR,s3578-112
SSVA,s951-112
SSJU,s1856-112
SSJU,s1305-112
SSJU,s348-112
SSHR,s1500-112
SSJU,s32-112
SSHR,s54-112
SSCM,s3303-112
SSJU,s3618-112
SSJU,s306-112
SSEV,s625-112
SSEV,s875-112
SSAF,s1592-112
SSHR,s2181-112
SSCM,s2063-112
SSFI,s501-112
SSFI,s933-112
SLIN,s719-112
SSJU,s1145-112
SSFI,s2845-112
SSJU,s1384-112
SSJU,s1612-112
SCNC,s1612-112
HSIF,s1612-112
HSJU,s1612-112
SSGA,s14-112
SSCM,s1717-112
SSHR,s1279-112
SSFI,s3025-112
SSBK,s3394-112
SSCM,s1663-112
SSFI,s3417-112
HSPW,s2039-112
SSEG,s395-112
SSHR,s1765-112
SSFI,s3036-112
SSCM,s116-112
SSFI,s3321-112
SSFI,s2723-112
SSFI,s2451-112
SSAS,s1465-112
SSFR,s1576-112
SSVA,s698-112
SSVA,s3318-112
SSFI,s2808-112
SSVA,s1846-112
SSFI,s1512-112
SSFI,s1643-112
SSFI,s1096-112
SSAP,s1021-112
SSBK,s2190-112
SSFI,s3127-112
SSCM,s692-112
SSJU,s569-112
SSEG,s759-112
SSFI,s2979-112
SSGA,s1630-112
SSFI,s2524-112
SSFI,s1858-112
SSCM,s326-112
SSFI,s3491-112
SSAF,s1888-112
SSAF,s1757-112
SSAF,s718-112
SSJU,s1002-112
SSFI,s3003-112
SSCM,s1950-112
SSAS,s1062-112
SSFI,s3072-112
SSCM,s422-112
SSEG,s156-112
SSEG,s988-112
SSFI,s1244-112
SSGA,s120-112
SSHR,s1955-112
SSSB,s633-112
HSSM,s633-112
SSAF,s3240-112
SSGA,s743-112
HSGO,s743-112
HLIG,s743-112
HSHM,s743-112
SSBU,s1274-112
SSJU,s3339-112
SSCM,s2369-112
SSHR,s1440-112
HSIF,s1440-112
SSFI,s17-112
SSEV,s272-112
SSFI,s3092-112
SSJU,s3609-112
SSHR,s2168-112
SSSB,s2172-112
SSFI,s2711-112
SSFR,s3310-112
SSFI,s3397-112
SSFI,s2334-112
SSAF,s3239-112
SSBK,s2162-112
SSFI,s868-112
SSEV,s321-112
SSCM,s510-112
SSFI,s2569-112
SSJU,s2159-112
SSFI,s650-112
SSFI,s2627-112
SSEG,s629-112
SSFI,s1845-112
SSGA,s21-112
SSFI,s1693-112
SSFI,s2899-112
SSEV,s1201-112
SSFR,s2325-112
SSHR,s2288-112
SSJU,s3652-112
SSCM,s1140-112
SSAF,s2141-112
SSJU,s139-112
SSCM,s1502-112
SSFI,s1486-112
SSAP,s515-112
SSEG,s403-112
SSFI,s2520-112
SSFI,s1416-112
SSBK,s3636-112
SSEG,s1897-112
SSVA,s1147-112
SSCM,s2011-112
SSBU,s123-112
SSAS,s344-112
SSFI,s1706-112
SSJU,s955-112
SSAS,s981-112
SSFR,s1848-112
SSFI,s259-112
SSFI,s12-112
SSSB,s257-112
SSHR,s1439-112
SSFI,s155-112
SSEG,s1342-112
SSCM,s673-112
SSGA,s3279-112
SSVA,s935-112
SSEG,s1087-112
SSJU,s3250-112
SSCM,s2174-112
SSHR,s1814-112
SSHR,s922-112
SSHR,s585-112
SSVA,s1689-112
SSEV,s810-112
SSFI,s1854-112
SSHR,s1567-112
SSBK,s1624-112
SSEG,s177-112
SSBK,s693-112
SSEV,s893-112
SSBK,s3541-112
SSFI,s1540-112
SSBK,s878-112
SSHR,s1747-112
SSFI,s2575-112
SSEG,s351-112
SSGA,s3208-112
SSHR,s3358-112
SSHR,s992-112
SSJU,s1639-112
HSJU,s1639-112
SSAF,s2275-112
SSFI,s204-112
SSVA,s874-112
SSHR,s1489-112
SSEG,s382-112
SSHR,s958-112
SSVA,s1755-112
SSFI,s1390-112
SSBU,s2065-112
SSCM,s3227-112
SSFI,s2449-112
SSEV,s190-112
SSFI,s2902-112
SLIA,s2090-112
SSFI,s591-112
SSFI,s2526-112
SSEG,s324-112
SSFI,s347-112
SSAS,s240-112
SSEG,s2228-112
SSEV,s972-112
SSJU,s1202-112
SSJU,s596-112
SSJU,s3335-112
SSCM,s3615-112
SSBK,s1907-112
SSCM,s1451-112
SSEV,s2282-112
SSFI,s2314-112
SSFI,s2522-112
SSFI,s2995-112
SSJU,s1842-112
SSFI,s748-112
SSFI,s2518-112
SSAF,s2222-112
HSPW,s3624-112
SSCM,s3502-112
SSFI,s626-112
SSFI,s1049-112
SSFI,s2686-112
SSAS,s472-112
SSFI,s2992-112
SSGA,s892-112
SSEV,s661-112
SSFI,s712-112
SSFI,s3403-112
SSFI,s700-112
SSFI,s105-112
SSFI,s2445-112
SSJU,s1983-112
SSGA,s1438-112
SSFR,s1493-112
SSFI,s2913-112
SSFI,s2769-112
SSEG,s1303-112
SSFI,s2315-112
SSCM,s3302-112
SSBK,s2120-112
SSFI,s2667-112
SSFI,s1436-112
SSJU,s132-112
SSEG,s1574-112
SSHR,s3565-112
SSJU,s91-112
SSEG,s1851-112
SSFI,s3604-112
SSFI,s749-112
SSFI,s749-112
SSAS,s551-112
SSCM,s158-112
SSFI,s2091-112
SSJU,s1744-112
SSFI,s89-112
SSCM,s3298-112
SSEG,s1883-112
SSFI,s2250-112
SSEG,s564-112
SSFI,s2408-112
SSAP,s391-112
SSHR,s620-112
SSJU,s1857-112
SSGA,s832-112
SSJU,s70-112
SSJU,s723-112
SSHR,s3478-112
SSAS,s1255-112
SSFI,s1346-112
SSFI,s3055-112
SSEG,s1135-112
SSFI,s3242-112
SSFI,s2709-112
SSFI,s2123-112
SSFI,s1656-112
SSCM,s1499-112
SSHR,s2077-112
SSFI,s2355-112
SSFI,s1804-112
SSEG,s1332-112
SSFI,s1866-112
SSVA,s3238-112
HSVR,s3238-112
SSFI,s1934-112
SSEV,s104-112
SSHR,s984-112
SSFI,s3005-112
SSHR,s1329-112
SSFI,s1456-112
SSFI,s2938-112
SSEV,s838-112
SSAP,s724-112
SSFI,s3041-112
SSJU,s2212-112
SSHR,s153-112
SSFI,s2836-112
SSFI,s37-112
SSGA,s503-112
SSCM,s1916-112
SSCM,s3410-112
SSFI,s2517-112
SSFI,s3016-112
SSEG,s647-112
SSHR,s2106-112
SSFI,s2625-112
SSHR,s854-112
SSFI,s2714-112
SSSB,s2187-112
SSHR,s1977-112
SSJU,s1348-112
SSFI,s2737-112
SSGA,s2253-112
SSVA,s3511-112
SSJU,s823-112
SSFI,s2313-112
SSJU,s553-112
SSHR,s584-112
SSJU,s3693-112
SSGA,s2061-112
HSJU,s2061-112
SSAS,s325-112
SSFI,s2455-112
SSAP,s1572-112
SSEV,s1085-112
SSFI,s3289-112
SSGA,s119-112
SSAF,s2016-112
SSBK,s2004-112
SSFI,s435-112
SSFI,s3-112
SSJU,s216-112
HSIF,s216-112
HSJU,s216-112
SSEG,s730-112
SSJU,s2003-112
SSEV,s2104-112
SSEG,s1191-112
SSAF,s685-112
SSFI,s118-112
SSHR,s555-112
SSFI,s85-112
SSHR,s3472-112
HSED,s3472-112
SSHR,s2516-112
SSEV,s33-112
SSBU,s245-112
SSFR,s2515-112
SSFI,s2519-112
SSCM,s670-112
SSGA,s1903-112
SSFI,s3046-112
SSEG,s1492-112
SSFI,s2696-112
SSFI,s2311-112
SSHR,s2182-112
SSFI,s2778-112
SSFI,s3271-112
SSFI,s996-112
SSFI,s2900-112
SSFI,s2075-112
SSFR,s1259-112
SSFI,s3024-112
SSFI,s825-112
SSFI,s3201-112
SSEV,s3509-112
SSFI,s2258-112
SSJU,s505-112
SSEV,s1163-112
SSHR,s588-112
SSFI,s2747-112
SSFI,s1242-112
SSFI,s2527-112
SSFI,s2700-112
SSFI,s2397-112
SSEG,s1491-112
SSGA,s2337-112
SSCM,s372-112
SSFI,s2815-112
SSGA,s1853-112
SSCM,s2279-112
SSFI,s3518-112
SSFI,s1497-112
SSBK,s3571-112
SSJU,s977-112
SSCM,s1450-112
SSFI,s2766-112
SSAF,s3384-112
SSHR,s1311-112
SSFI,s2888-112
SSHR,s541-112
SSCM,s1695-112
SSCM,s1448-112
SSFI,s2418-112
SSFI,s2532-112
SSFI,s1093-112
SSJU,s49-112
SSGA,s2239-112
SSFI,s1504-112
SSCM,s1281-112
SSFI,s221-112
SSAS,s1820-112
SSHR,s1463-112
SSVA,s3322-112
SSFI,s2562-112
SSGA,s1418-112
SSHR,s827-112
SSAF,s368-112
SSEG,s3469-112
SSJU,s2213-112
SSHR,s919-112
SSBK,s1941-112
SSCM,s74-112
SSFR,s3495-112
SSJU,s1923-112
SSBU,s439-112
SSEG,s3445-112
SSEG,s1635-112
SSFI,s1873-112
SSHR,s834-112
SSEV,s1389-112
SSEG,s1090-112
SSGA,s1079-112
SSAF,s1157-112
SSFI,s2630-112
SSFI,s1007-112
SSVA,s873-112
SSJU,s3682-112
SSFI,s2775-112
SSAP,s784-112
SSEV,s1313-112
SSVA,s3308-112
SSFI,s2987-112
SSFI,s2944-112
SSFI,s2980-112
SSHR,s1666-112
SSFI,s1685-112
SSJU,s250-112
SSFI,s2812-112
SSBK,s3419-112
SSVA,s3179-112
SSHR,s2296-112
SSFR,s2224-112
HSFA,s2224-112
SSBK,s2072-112
SSVA,s1859-112
SSAP,s1573-112
SSFI,s2960-112
SSFI,s3058-112
SSBK,s2078-112
SSGA,s1910-112
SSFI,s1300-112
SSRA,s739-112
SSFI,s3021-112
SSJU,s465-112
SSVA,s2045-112
HSVR,s2045-112
SSCM,s2028-112
SSEV,s573-112
SSAS,s658-112
SSCM,s1216-112
SSHR,s2037-112
SSFI,s1474-112
SSEG,s1351-112
SSFI,s3347-112
SSAF,s1161-112
SSFI,s2495-112
SSFI,s2354-112
SSFI,s727-112
SSHR,s1175-112
SSFI,s2697-112
SSFI,s1267-112
SSEG,s2471-112
SSEG,s2001-112
SSGA,s1985-112
SSFI,s2452-112
SSFI,s72-112
SSGA,s985-112
SSFI,s1034-112
SSCM,s1371-112
SSEV,s1081-112
SSJU,s180-112
SSCM,s275-112
SSHR,s494-112
SSGA,s2076-112
SSJU,s2076-112
SSGA,s498-112
SSFI,s960-112
SSHR,s1782-112
SSEV,s1971-112
SSCM,s1784-112
SSFI,s2785-112
SSJU,s605-112
SCNC,s605-112
SSHR,s365-112
HSED,s365-112
SSAF,s2155-112
SSFI,s2943-112
SSCM,s3306-112
SSFI,s2271-112
SSFI,s2594-112
SSCM,s1304-112
SSGA,s1871-112
SSFI,s3292-112
SSJU,s835-112
SSJU,s1821-112
SSFI,s1878-112
SSHR,s3465-112
SSEV,s147-112
SSJU,s3534-112
SSFI,s578-112
SSFI,s160-112
SSBK,s1824-112
SSJU,s1196-112
SSFI,s931-112
SSVA,s3206-112
SSEG,s741-112
SSFI,s1526-112
SSCM,s695-112
SSEV,s112-112
SSFI,s1616-112
SSFI,s3591-112
SSBK,s2342-112
SSJU,s2042-112
SSFI,s1989-112
SSFI,s1452-112
SSJU,s634-112
SSAS,s3207-112
SSEG,s352-112
SSFI,s2848-112
SSFI,s2382-112
SSFI,s3485-112
SSFI,s3008-112
SSJU,s1986-112
SSFI,s3143-112
SSJU,s218-112
SSEV,s249-112
SSVA,s536-112
SSFI,s3022-112
SSCM,s913-112
SSEV,s680-112
SSFI,s1397-112
SSBK,s1791-112
SSFI,s2650-112
SSHR,s1995-112
SSFI,s195-112
SSBK,s967-112
SSEG,s849-112
SSFI,s2678-112
SSFI,s3075-112
SSCM,s3570-112
SSFI,s2143-112
SSFI,s20-112
SSFI,s1289-112
SSAS,s2112-112
SSEG,s3535-112
SSJU,s175-112
SSHR,s2289-112
SSBK,s3517-112
SSJU,s1263-112
SSFI,s2863-112
SSFI,s2784-112
SSVA,s2299-112
SSJU,s2000-112
SSFI,s3019-112
SSEV,s1382-112
SSHR,s1802-112
SSEG,s144-112
SSJU,s193-112
SSJU,s1691-112
SSSB,s653-112
SSHR,s154-112
SSFI,s971-112
SSCM,s1759-112
SSFI,s3006-112
SSAS,s1106-112
SSHR,s3710-112
SSFI,s2956-112
SSHR,s1064-112
SSJU,s1103-112
HSJU,s1103-112
SSJU,s1697-112
SSHR,s1877-112
SSCM,s485-112
SSFI,s364-112
SSVA,s1017-112
SSFI,s2305-112
SSEG,s566-112
SSBK,s1041-112
SSFI,s1454-112
SSFI,s2628-112
SSBK,s3047-112
SSEV,s79-112
SSFR,s3211-112
SSEV,s3448-112
SSFI,s1213-112
SSVA,s1391-112
SSEV,s1394-112
SSFI,s2574-112
SSFI,s1948-112
SSHR,s812-112
SSFI,s3162-112
SSFI,s2925-112
SSEV,s1751-112
SSFI,s308-112
SSAF,s1521-112
SSCM,s632-112
SSVA,s3270-112
SSFI,s340-112
SSBK,s3480-112
SSFI,s1600-112
SSFI,s2872-112
SSCM,s1496-112
SSGA,s1010-112
SSFI,s2435-112
SSFI,s2991-112
SSFI,s1318-112
SSVA,s3236-112
SSHR,s3345-112
SSHR,s1132-112
SSFI,s3009-112
SSFI,s2635-112
SSGA,s644-112
SSFI,s2722-112
SSFI,s2252-112
SSVA,s1089-112
SSFI,s2487-112
SSFI,s3093-112
SSHR,s267-112
SSHR,s1843-112
SSFI,s3205-112
SSFI,s3099-112
SSBK,s2171-112
SSFI,s3061-112
SSHR,s1614-112
SSAF,s2225-112
SSAF,s1682-112
SSFI,s2958-112
SSRA,s219-112
SSJU,s23-112
SSCM,s1783-112
SSFI,s3243-112
SSFI,s3148-112
SSFI,s2477-112
SSJU,s497-112
SSJU,s852-112
SSGA,s2198-112
SSFI,s2819-112
SSFI,s3063-112
SSFI,s1811-112
SSFI,s2884-112
SSFI,s3183-112
SSVA,s2246-112
SSVA,s1707-112
SSBK,s1935-112
SSFI,s1509-112
SSFI,s2706-112
SSFI,s2521-112
SSFI,s2555-112
SSCM,s455-112
SSJU,s623-112
SSFI,s3700-112
SSFI,s3064-112
SSFI,s3128-112
SSJU,s1011-112
SSEG,s3409-112
SSEG,s499-112
SSFI,s2586-112
SSFI,s2429-112
SSHR,s895-112
SSEV,s1446-112
SSHR,s1462-112
SSGA,s300-112
HSGO,s300-112
HSAS,s300-112
SSFI,s244-112
SSJU,s1231-112
SSFI,s1413-112
SSHR,s1372-112
SSEG,s802-112
SSFI,s3125-112
SSGA,s615-112
SSAS,s1768-112
SSHR,s1865-112
SSCM,s1953-112
SSEG,s896-112
SSHR,s2189-112
SSCM,s2084-112
SSFI,s2786-112
SSHR,s362-112
SSFI,s534-112
SSSB,s1828-112
SSHR,s1686-112
SSFI,s1443-112
SSEG,s2372-112
SSEV,s3428-112
SSEG,s140-112
HSII,s140-112
SSFI,s2447-112
SSFI,s2402-112
SSJU,s1109-112
SSFI,s2414-112
SSFI,s3149-112
SSFI,s3532-112
SSHR,s3474-112
HSHM,s223-112
SSEG,s2286-112
SSFI,s559-112
SSFI,s159-112
SSHR,s121-112
SSFI,s98-112
SSAS,s1365-112
HSPW,s1134-112
HSII,s1134-112
HSBU,s1134-112
SSFI,s1764-112
SSJU,s3556-112
SSEV,s2062-112
SSAF,s707-112
SSFR,s640-112
SSFI,s56-112
SSHR,s3443-112
SSFI,s2680-112
SSBK,s1829-112
SSFI,s433-112
SSFI,s1787-112
SSBK,s737-112
SSFI,s2641-112
SSAF,s1640-112
SSFI,s2564-112
SSBU,s726-112
SSFI,s1895-112
SSHR,s2262-112
SSEG,s2031-112
SSFI,s1587-112
SSFI,s3440-112
SSHR,s763-112
SSEG,s1344-112
SSFI,s3432-112
SSBK,s3520-112
SSFI,s2652-112
SSBK,s824-112
SSFR,s3331-112
HSFA,s3331-112
SSEV,s609-112
SSFI,s336-112
SSBK,s3713-112
SSHR,s844-112
SSFI,s3275-112
SSFI,s747-112
SSFI,s529-112
SSFI,s1069-112
SSFI,s3062-112
SSFI,s24-112
SSGA,s3444-112
SSVA,s490-112
SSHR,s438-112
SSJU,s3317-112
SSFR,s3477-112
SSFI,s2760-112
SSFI,s2721-112
SSBK,s1239-112
HSBA,s1239-112
SSHR,s740-112
SSFI,s891-112
SSJU,s3702-112
SSFI,s3232-112
SSCM,s1176-112
SSBK,s1434-112
SSHR,s964-112
SSFI,s2768-112
SSHR,s319-112
SSEV,s1564-112
SSHR,s1613-112
SSBK,s3497-112
SSEV,s482-112
SSFI,s2386-112
SSBK,s1993-112
SSVA,s1631-112
SSEG,s1067-112
SSVA,s3049-112
SSCM,s1066-112
SSFI,s1575-112
SSEG,s1000-112
SSEV,s432-112
SSJU,s890-112
SSFI,s3586-112
SSFI,s3594-112
SSFI,s848-112
SSFI,s2312-112
SSFI,s755-112
SSFI,s1423-112
SSFI,s2771-112
SSAP,s3215-112
SSEV,s1805-112
SSBK,s2030-112
SSBK,s2367-112
HSJU,s2367-112
HSBA,s2367-112
SSJU,s3486-112
HSJU,s3486-112
SSFI,s1020-112
SSEG,s901-112
SSEV,s3549-112
SSVA,s3340-112
SSVA,s1634-112
SSHR,s1167-112
SSFI,s2934-112
SSCM,s918-112
SSHR,s1569-112
SSFI,s84-112
SSFI,s3539-112
SLIA,s2389-112
SSRA,s1341-112
SSFI,s3568-112
SSEG,s2146-112
SSFI,s704-112
SSFI,s2597-112
SSGA,s792-112
SSFI,s2419-112
SSAF,s25-112
SSCM,s936-112
SSHR,s2236-112
SSFI,s687-112
SSEG,s3078-112
SSFI,s3307-112
SSHR,s2032-112
SSHR,s3475-112
SSFI,s57-112
SSFI,s2851-112
SSCM,s1457-112
SSCM,s608-112
SSFI,s2745-112
SSFI,s45-112
SSFI,s1006-112
SSGA,s1143-112
SSFI,s2964-112
SSAF,s1598-112
SSFI,s3655-112
SSFI,s1879-112
SSFI,s2406-112
SSBK,s2208-112
SSFI,s3673-112
SSHR,s1943-112
SSEV,s2138-112
SSFI,s961-112
SSAS,s212-112
SSFI,s274-112
SSJU,s167-112
SSHR,s3566-112
SSFI,s2485-112
SSBK,s1892-112
SSFI,s1098-112
SSEV,s357-112
SSGA,s1538-112
SSJU,s451-112
SSEV,s1810-112
SSFI,s30-112
SSBK,s1864-112
SSFI,s1770-112
SSAS,s3254-112
SSHR,s1882-112
SSFI,s2906-112
SSHR,s1243-112
SSFI,s3406-112
SSFI,s2335-112
SSFI,s2940-112
SSEG,s1149-112
SSEV,s511-112
SSEG,s1084-112
SSJU,s1636-112
SSCM,s3387-112
SSFI,s2643-112
SSHR,s3506-112
SSFI,s3131-112
SSFI,s1287-112
SSJU,s867-112
SSEG,s323-112
SSEG,s99-112
HSIF,s99-112
HSSY,s99-112
HSBU,s99-112
SSJU,s1380-112
SSHR,s1568-112
SSFI,s1561-112
SSBK,s575-112
SSFI,s2199-112
SSFI,s3122-112
SSFI,s1796-112
SSHR,s1480-112
SSJU,s35-112
SSFI,s3069-112
SSJU,s694-112
SSFI,s3034-112
SSEV,s2094-112
SSBU,s211-112
SSFI,s2850-112
SSBK,s1591-112
SSFR,s1585-112
SSBK,s2149-112
SSFI,s3158-112
SSAF,s3258-112
SSFI,s1863-112
SSAP,s1601-112
SSHR,s1415-112
SSFI,s2570-112
SSFI,s1951-112
SSBK,s1547-112
SSFI,s3083-112
SSCM,s1477-112
SSEG,s313-112
SSFI,s3705-112
SSJU,s222-112
SSJU,s614-112
SSVA,s780-112
SSGA,s3611-112
SSHR,s51-112
SSCM,s1536-112
SSAF,s2298-112
SSJU,s1535-112
SSCM,s732-112
SSEG,s220-112
SSEG,s1043-112
SSFI,s3152-112
SSFI,s2592-112
SSEV,s3467-112
SSHR,s788-112
SSEG,s979-112
SSEG,s1586-112
SSEG,s3399-112
SSHR,s1045-112
SSFI,s597-112
SSGA,s1673-112
SSHR,s1716-112
SSAS,s855-112
SSHR,s797-112
SSJU,s678-112
SSEG,s3633-112
SSFI,s1130-112
SSEG,s1455-112
SSFI,s3521-112
SSFI,s3011-112
SSAP,s2375-112
SSFI,s1781-112
SSEG,s938-112
SSAF,s1714-112
SSBK,s3048-112
SSCM,s3691-112
SSFI,s3094-112
SSVA,s1847-112
SSJU,s1308-112
SSJU,s657-112
SSHR,s3574-112
SSFI,s2528-112
SSHR,s811-112
SSGA,s474-112
SSVA,s3210-112
SSVA,s745-112
SSJU,s1652-112
SSGA,s1649-112
SSVA,s1849-112
SSBU,s3228-112
SSHR,s1447-112
SSFI,s2649-112
SSHR,s1019-112
SSFI,s2997-112
SSHR,s3280-112
SSHR,s136-112
SSHR,s426-112
SSFI,s2050-112
SSFI,s2420-112
SSFI,s871-112
SSGA,s1338-112
SSHR,s296-112
SSEV,s1292-112
SLIA,s134-112
SSVA,s396-112
SSJU,s598-112
SSFI,s1565-112
SSGA,s1732-112
SSFI,s3043-112
SSFI,s262-112
SSFI,s2898-112
SSAP,s1599-112
SSRA,s750-112
SSRA,s750-112
SSFI,s2837-112
SSFI,s965-112
SSEG,s1343-112
SSFI,s1837-112
SSHR,s1370-112
SSFI,s2639-112
SSJU,s1315-112
SSFI,s2501-112
SSVA,s666-112
SSCM,s492-112
SSEV,s1503-112
SSFI,s2453-112
SSAS,s786-112
SSHR,s1597-112
SSFI,s3267-112
SSGA,s1556-112
SSEV,s1197-112
SSCM,s1701-112
SSEG,s3514-112
SSJU,s480-112
SSVA,s2179-112
SSEV,s950-112
SLIA,s1345-112
SSFI,s2132-112
SSFI,s2681-112
SSEG,s1029-112
SSFR,s1622-112
SSEG,s1142-112
SSAS,s387-112
SSJU,s549-112
SSFI,s3042-112
SSEG,s1359-112
SSBK,s1472-112
SLIA,s1293-112
SSEG,s1134-112
SSJU,s3372-112
SSJU,s995-112
SSFI,s3616-112
SSFI,s2776-112
SSFI,s1671-112
SSEG,s417-112
SSFI,s3015-112
SSFI,s3151-112
SSBK,s1831-112
SSFI,s2770-112
SSFI,s1121-112
SSHR,s373-112
SSGA,s785-112
SSFI,s2523-112
SSHR,s1350-112
SSHR,s3430-112
SSFI,s1203-112
SSFI,s2978-112
SSFI,s2941-112
SSRA,s674-112
SSAP,s3301-112
SSBK,s3620-112
SSCM,s415-112
SSCM,s911-112
SSAS,s866-112
SSEV,s1183-112
SSGA,s2139-112
SSEG,s3464-112
SSJU,s1241-112
SSGA,s2345-112
SSAF,s1200-112
SSFI,s3090-112
SSFI,s733-112
SSGA,s1611-112
SSEG,s138-112
SSFI,s2571-112
SSRA,s3312-112
SSHR,s1179-112
SSFI,s2033-112
SSEV,s1740-112
SSFI,s437-112
SSEV,s78-112
SSFI,s1900-112
SSAS,s1159-112
SSHR,s2020-112
SSFI,s2378-112
SSGA,s1628-112
SSEV,s528-112
SSHR,s481-112
SSVA,s3082-112
SSFR,s3176-112
SSJU,s642-112
SSBK,s1997-112
SSEG,s3300-112
SSBK,s1615-112
SSFI,s2144-112
SSFI,s359-112
SSAF,s456-112
SSFR,s641-112
SSFI,s2413-112
SSEG,s628-112
SSHR,s857-112
SSHR,s41-112
SSEV,s2122-112
SSJU,s952-112
SSEG,s734-112
SSAF,s3395-112
SSAS,s1976-112
SSBK,s1970-112
SSEV,s1187-112
SSFI,s2693-112
SSJU,s1731-112
SSHR,s1677-112
SSJU,s436-112
SSFI,s2506-112
SSEG,s916-112
SSEG,s621-112
SSJU,s1670-112
SSEG,s858-112
SSAS,s1044-112
SSBK,s3204-112
SSCM,s2184-112
SSFI,s3352-112
SSFI,s3067-112
SSBK,s1942-112
SSEG,s3408-112
SSEV,s1927-112
SSFI,s804-112
SSFI,s3045-112
SSCM,s1924-112
SSVA,s2244-112
SSEV,s1669-112
SSFI,s1105-112
SSFI,s2726-112
SSEG,s1265-112
SSFI,s664-112
SSFI,s2240-112
SSJU,s3290-112
SSBK,s3637-112
SSJU,s2197-112
SSCM,s3343-112
SSFI,s3135-112
SSBK,s527-112
SSFI,s1581-112
SSAP,s2465-112
SSFR,s3341-112
HSFA,s3341-112
SSFR,s8-112
SSGA,s2096-112
SSCM,s28-112
SSAS,s2134-112
SSHR,s1841-112
SSGA,s128-112
SSFI,s1432-112
SSHR,s507-112
SSHR,s1523-112
SSAP,s1961-112
SSCM,s942-112
SSCM,s1445-112
SSCM,s1915-112
SSFR,s3356-112
SSFI,s113-112
SSFI,s2360-112
SSFI,s1387-112
SSFI,s3014-112
SSFI,s3132-112
SSFI,s2624-112
SSFI,s2986-112
SSFI,s1295-112
SSBK,s3349-112
SSFI,s1417-112
SSCM,s52-112
SSEV,s1193-112
SSAF,s1715-112
SSFI,s1101-112
SSFI,s1013-112
SSBK,s881-112
SSFI,s2818-112
SSFI,s2395-112
SSGA,s2105-112
SSHR,s567-112
SSFI,s3595-112
SSHR,s3244-112
SSFR,s476-112
SSEV,s1056-112
SSHR,s1584-112
SSEV,s3580-112
SSFI,s3129-112
SSFI,s756-112
SSHR,s1674-112
SSFI,s1618-112
SSJU,s2046-112
SSEG,s271-112
HSII,s271-112
SSEV,s1266-112
SSJU,s1199-112
SSFI,s643-112
SSVA,s491-112
SLIN,s1458-112
SSCM,s1817-112
SSCM,s69-112
SSHR,s1107-112
SSFI,s2332-112
SSFI,s2329-112
SSFI,s1577-112
SSEV,s214-112
SSAS,s402-112
SSFI,s1904-112
SSAS,s242-112
SSFI,s2781-112
SSAS,s1214-112
SSHR,s1467-112
SSAS,s1025-112
SSJU,s1653-112
SSFI,s2330-112
SSFI,s26-112
SSEV,s840-112
SSFI,s840-112
SSCM,s3516-112
SSJU,s3415-112
SSFI,s932-112
SSAS,s3181-112
SSFI,s3684-112
SSEG,s1559-112
SSBK,s317-112
SSEG,s3423-112
SSJU,s401-112
SSCM,s1119-112
SSCM,s592-112
SSEG,s3483-112
SSFI,s543-112
SSFI,s2773-112
SSHR,s1490-112
SSEG,s322-112
SSGA,s2129-112
SSJU,s645-112
SSGA,s550-112
HSHM,s550-112
SSAS,s243-112
SSFI,s3572-112
SSHR,s701-112
SSJU,s3185-112
SSFI,s1762-112
SSRA,s126-112
SSFR,s126-112
SSAS,s3487-112
SSFI,s3154-112
SSHR,s1269-112
SSFR,s558-112
SSHR,s1766-112
SSHR,s1166-112
HSJU,s3642-112
SSHR,s1855-112
HSHM,s1855-112
SSJU,s394-112
SSEG,s544-112
SSFI,s1055-112
SSBK,s947-112
SSVA,s2206-112
SSFI,s3097-112
SSJU,s1973-112
SSBK,s366-112
SSEV,s1322-112
SSFI,s1542-112
SSVA,s1799-112
SSHR,s1094-112
SSFI,s1407-112
SSFI,s1642-112
SSGA,s3585-112
SSFI,s2405-112
SSEG,s600-112
SSFI,s232-112
SSJU,s603-112
SSJU,s6-112
SSCM,s305-112
SSJU,s1399-112
SSJU,s1945-112
SSJU,s1994-112
SSHR,s1654-112
SSFI,s1830-112
SSJU,s1919-112
SSFI,s1999-112
SSFI,s13-112
SSFI,s3337-112
SLIA,s676-112
SSBK,s2025-112
SSCM,s3371-112
SSBK,s2053-112
SSBK,s637-112
SSGA,s413-112
SSHR,s1095-112
SSHR,s1015-112
SSFI,s3068-112
SSEG,s1775-112
SSJU,s3708-112
SSHR,s1211-112
SSEG,s1063-112
SSJU,s1408-112
SSHR,s53-112
SSAF,s457-112
SSJU,s1212-112
SSFI,s2717-112
SSFR,s2205-112
SSJU,s2005-112
SSFI,s2347-112
SSHR,s853-112
SSCM,s2235-112
SSBK,s1284-112
SSAS,s1777-112
SSHR,s434-112
SSJU,s3523-112
SSCM,s330-112
SSHR,s752-112
SSGA,s3286-112
SSFI,s2610-112
SSEV,s1833-112
SSVA,s1823-112
SSFI,s3124-112
SSEG,s268-112
SSEV,s273-112
SSHR,s3582-112
SSBK,s509-112
SSFI,s2937-112
SSEG,s897-112
HSII,s897-112
SSCM,s1374-112
SSHR,s40-112
SSFI,s2903-112
SSAP,s3295-112
SSHR,s975-112
SSJU,s1102-112
SSAF,s2277-112
SSJU,s385-112
SSHR,s770-112
SSFI,s2787-112
SSGA,s2234-112
SSGA,s514-112
SSSB,s3194-112
SSEG,s487-112
SSFI,s2816-112
SSFI,s3659-112
SSFI,s3060-112
SSFI,s1641-112
SSJU,s3707-112
SSHR,s589-112
SSHR,s294-112
SSJU,s517-112
SSHR,s1884-112
SSFI,s3157-112
SSCM,s3613-112
SSCM,s1092-112
SSFI,s483-112
SSHR,s48-112
SSJU,s75-112
SSHR,s1361-112
SSEG,s247-112
SSEG,s630-112
SSVA,s3313-112
HSVR,s3313-112
SSEV,s760-112
SSGA,s1606-112
SSHR,s3575-112
SSCM,s1665-112
SSFI,s705-112
SSEV,s662-112
SSFI,s2595-112
SSFI,s298-112
SSAS,s1254-112
SSFI,s930-112
SSFI,s3150-112
SSFI,s420-112
SSFI,s2955-112
SSGA,s2834-112
SSEG,s3346-112
SSFI,s2-112
SSFI,s2384-112
SSVA,s769-112
SSFI,s794-112
SSFI,s3123-112
SSFI,s3038-112
SSFI,s2645-112
SSEG,s500-112
SSHR,s1566-112
SSCM,s751-112
SSGA,s531-112
SSFI,s688-112
SSCM,s179-112
SSFR,s1595-112
HSRU,hres748-113
HSRU,hres256-113
HSBA,hres496-113
HSFA,hres247-113
HSRU,hres670-113
HSIF,hres124-113
HSAP,hjres84-113
HSAP,hjres89-113
HSJU,hjres49-113
HSJU,hjres43-113
HSJU,hjres20-113
HSJU,hjres31-113
HSJU,hjres9-113
HSAP,hjres78-113
HSAP,hjres91-113
HSWM,hjres66-113
HSBU,hjres66-113
HSAP,hjres66-113
HSJU,hjres28-113
HSJU,hjres25-113
HSJU,hjres57-113
HSAP,hjres96-113
HSAP,hjres72-113
HSJU,hjres54-113
HSWM,hjres69-113
HSBU,hjres69-113
HSAP,hjres69-113
HSBU,hjres67-113
HSAP,hjres67-113
HSAP,hjres80-113
HSFA,hjres116-113
HSJU,hjres5-113
HSAP,hjres75-113
HSJU,hjres44-113
HSAP,hjres92-113
HSAP,hjres76-113
HSFA,hjres125-113
HSAP,hjres73-113
HSAP,hjres77-113
HSBU,hjres100-113
HSAP,hjres100-113
HSAP,hjres83-113
HSAP,hjres130-113
HSJU,hjres122-113
HSJU,hjres56-113
HSJU,hjres113-113
HSJU,hjres50-113
HSBU,hjres124-113
HSAP,hjres124-113
HSJU,hjres119-113
HSJU,hjres10-113
HSAP,hjres88-113
HSJU,hjres1-113
HSAP,hjres131-113
HSJU,hjres47-113
HSAP,hjres90-113
HSJU,hjres34-113
HSAS,hjres58-113
HSFA,hjres58-113
HSJU,hjres24-113
HSJU,hjres17-113
HSBU,hjres59-113
HSAP,hjres59-113
HSWM,hjres99-113
HSAP,hjres106-113
HSFA,hjres109-113
HSBU,hjres65-113
HSAP,hjres65-113
HSAP,hjres81-113
HSWM,hjres62-113
HSBU,hjres62-113
HSAP,hjres62-113
HSJU,hjres19-113
HSJU,hjres51-113
HSJU,hjres13-113
HSJU,hjres23-113
HSIF,hjres64-113
HSAP,hjres79-113
SSAF,sconres39-113
SSFI,sconres6-113
SSFI,sconres12-113
SSFI,sconres4-113
SSFI,sconres15-113
SSFR,sconres7-113
SSBU,sconres14-113
SSEG,sconres21-113
SSFR,sconres41-113
SSAF,sconres33-113
SSBU,sconres8-113
SSFR,sconres27-113
SSHR,sconres42-113
SSHR,sres251-113
SSFR,sres270-113
SSFR,sres530-113
HSED,hr4461-113
HSIF,hr4461-113
HSJU,hr339-113
HSWM,hr339-113
HSJU,hr5034-113
HSIF,hr5034-113
HSPW,hr5034-113
HSBU,hr5034-113
HSRU,hr5034-113
HSAG,hr5034-113
HSBA,hr3623-113
HSIF,hr3164-113
HSHA,hr3164-113
HSGO,hr3164-113
SSVA,s572-112
SLIA,s1519-112
SSBK,s3085-112
SSJU,s3527-112
SSEV,s1578-112
SSFI,s3473-112
SSEG,s397-112
SSHR,s959-112
SSFI,s328-112
SSGA,s1483-112
SSFR,s1483-112
SSHR,s1667-112
SSGA,s3540-112
SSHR,s314-112
SSFI,s2742-112
SSGA,s191-112
SSEG,s2100-112
SSJU,s2554-112
SSJU,s3245-112
HSJU,s3245-112
HSED,s3245-112
SSFI,s2690-112
SSEG,s635-112
SSJU,s639-112
SSFI,s2580-112
SSJU,s2370-112
SSFI,s2661-112
SSFI,s3326-112
SSFR,s3326-112
SSGA,s1515-112
SSEV,s1115-112
SSAS,s579-112
SSCM,s3333-112
SSCM,s3378-112
SSFI,s2291-112
SSHR,s613-112
SSHR,s1495-112
SSEG,s1812-112
SSEV,s3512-112
SSFI,s2663-112
SSRA,s1355-112
SSFI,s2779-112
SSEG,s122-112
SSFI,s1337-112
SSGA,s1261-112
SSEG,s342-112
SSFI,s256-112
SSEG,s1703-112
SSFI,s1410-112
SSFI,s3327-112
SSEG,s1027-112
SSFI,s2306-112
SSFI,s3451-112
SSFI,s3081-112
SSFI,s2741-112
SSFI,s1718-112
SSGA,s1116-112
SSGA,s1409-112
HSGO,s1409-112
SSAF,s2126-112
SSHR,s850-112
SSEG,s334-112
HSIF,s334-112
SSBK,s1933-112
SSFI,s2448-112
SSVA,s277-112
SSJU,s1979-112
SSSB,s3213-112
SSFI,s281-112
SSAS,s3692-112
SSFI,s3355-112
SSGA,s3079-112
SSVA,s2259-112
SSEV,s711-112
SSFI,s3660-112
SSAF,s1529-112
SSGA,s196-112
SSAF,s375-112
SSEG,s375-112
SSCM,s238-112
SSGA,s803-112
HSHM,s803-112
SSFI,s380-112
SSEG,s667-112
SSHR,s1004-112
SSFI,s1921-112
SSFI,s3056-112
SSFI,s3098-112
SSGA,s3694-112
SSFI,s1042-112
SSBK,s3218-112
SSFI,s2783-112
SSFI,s530-112
SSFI,s1969-112
SSFR,s3646-112
SSHR,s2051-112
SSGA,s2178-112
SSBK,s1544-112
SSFI,s557-112
SSBK,s2909-112
SSJU,s2233-112
SSJU,s3199-112
SSBK,s1834-112
SSFI,s2125-112
SSBK,s1299-112
SSFI,s1334-112
SSCM,s152-112
SSFI,s1946-112
SSEG,s1891-112
SSFI,s2446-112
SSHR,s2371-112
SSCM,s1603-112
SSVA,s1314-112
SSHR,s103-112
SSEG,s764-112
SSHR,s165-112
SSFI,s2500-112
SSEV,s2300-112
SSCM,s2044-112
SSFI,s143-112
SSEG,s400-112
SSFI,s3610-112
SSFI,s2057-112
SSAS,s3526-112
SSHR,s2193-112
SSCM,s1040-112
SSBK,s489-112
SSHR,s2113-112
SSEV,s1702-112
SSAP,s1009-112
SSFI,s2308-112
SSFI,s1911-112
SSFI,s915-112
SSEG,s3400-112
SSAS,s1694-112
SSFI,s2412-112
SSGA,s2195-112
SSEV,s76-112
SSFI,s708-112
SSGA,s1476-112
SSFI,s2691-112
SSFI,s2743-112
SSBK,s390-112
SSHR,s1982-112
SSFI,s2704-112
SSEG,s1108-112
SSFI,s1383-112
SSGA,s568-112
SSCM,s522-112
SSJU,s3192-112
SSFI,s1801-112
SSGA,s2102-112
SSFI,s2880-112
SSFI,s3070-112
SSHR,s966-112
SSJU,s3639-112
SSFI,s1-112
SSFI,s2145-112
SSEG,s1774-112
HSBA,s3709-112
SSAS,s1256-112
SSHR,s1088-112
SSFI,s2428-112
SSAF,s1658-112
SSBK,s1431-112
SSJU,s2297-112
SSFI,s2942-112
SSAS,s2885-112
SSFR,s1039-112
SSFI,s1173-112
SSEV,s862-112
SSFI,s1602-112
SSJU,s3688-112
SSFI,s2333-112
HSAS,hres32-113
HSRU,hres330-113
HSGO,hres414-113
HSJU,hres417-113
HSFA,hres417-113
HSFA,hres284-113
HSSY,hres467-113
HSAS,hres104-113
HSVR,hres104-113
HSFA,hres570-113
HSVR,hres190-113
HSJU,hres190-113
HSAS,hres190-113
HSFA,hres190-113
HSHA,hres615-113
HSRU,hres352-113
HSBU,hres737-113
HSFA,hres445-113
HSJU,hres587-113
HSFA,hres587-113
HSIF,hres94-113
HSWM,hres94-113
HSED,hres94-113
HSIF,hres149-113
HSRU,hres391-113
HSIF,hres348-113
HSAG,hres593-113
HSIF,hres593-113
HSPW,hres593-113
HSII,hres593-113
HSGO,hres302-113
HSHM,hres15-113
HSIF,hres313-113
HSFA,hres447-113
HSRU,hres288-113
HSIF,hres401-113
HSFA,hres705-113
HSRU,hres590-113
HSFA,hres187-113
HSWM,hres388-113
HSWM,hres76-113
HSED,hres169-113
HSIF,hres307-113
HSIF,hres536-113
HSIF,hres584-113
HSRU,hres243-113
HSRU,hres641-113
HSFA,hres136-113
HSRU,hres710-113
HSJU,hres35-113
HSFA,hres27-113
HSRU,hres515-113
HSRU,hres544-113
HSIF,hres95-113
HSFA,hres19-113
HSGO,hres547-113
HSRU,hres39-113
HSHA,hres110-113
HSFA,hres617-113
HSRU,hres23-113
HSFA,hres657-113
HSWM,hres112-113
HSED,hres495-113
HSRU,hres557-113
HSJU,hres108-113
HSAG,hres379-113
HSFA,hres24-113
HSFA,hres34-113
HSFA,hres28-113
HSJU,hres652-113
HSGO,hres711-113
HSJU,hres55-113
HSRU,hres13-113
HSGO,hres30-113
HSFA,hres599-113
HSRU,hres372-113
HSRU,hres368-113
HSJU,hres326-113
HSPW,hres236-113
HSIF,hres540-113
HSFA,hres238-113
HSRU,hres99-113
SSFR,sres348-113
SSFR,sres154-113
SSFR,sres90-113
SSHR,sres60-113
SSFR,sres203-113
SSFR,sres384-113
SSFR,sres412-113
SSFR,sres269-113
SSJU,sres313-113
SSBK,sres561-113
SSFR,sres319-113
SSCM,sres37-113
SSHR,sres303-113
SSCM,sres157-113
SSEV,sres564-113
SSFR,sres453-113
SSHR,sres26-113
SSEV,sres512-113
SSHR,sres133-113
SSFR,sres563-113
SSFR,sres410-113
SSAS,sres323-113
SSRA,sres28-113
SSHR,sres301-113
SSFR,sres426-113
SSFR,sres12-113
SSHR,sres372-113
SSHR,sres330-113
SSFR,sres370-113
SSFR,sres75-113
SSFR,sres597-113
SSHR,sres591-113
SSHR,sres102-113
SSRA,sres225-113
SSFI,sres8-113
SSFR,sres333-113
SSHR,sres128-113
SSRA,sres230-113
SSAF,sres230-113
SSFR,sres540-113
SSVA,sres479-113
SSJU,sres445-113
SSHR,sres97-113
SSBU,sres562-113
SSFR,sres65-113
SSCM,sres289-113
SSFR,sres314-113
SSFR,sres498-113
SSHR,sres104-113
SSHR,sres126-113
SSHR,sres134-113
SSRA,sres343-113
SSFR,sres541-113
SSJU,sres371-113
SSFR,sres517-113
SSFR,sres165-113
SSFR,sres357-113
HSBA,hr2572-113
HSFA,hr1916-113
HSVR,hr5730-113
HSAS,hr5336-113
HSIF,hr83-113
HSED,hr379-113
SSEG,hr767-113
HSII,hr767-113
HSII,hr4901-113
HSBA,hr3501-113
HSVR,hr5273-113
HSWM,hr2651-113
HSIF,hr2651-113
HSPW,hr1161-113
HSIF,hr1698-113
SSCM,hr2576-113
HSIF,hr2576-113
HSPW,hr2576-113
HSHM,hr2589-113
HSIF,hr2330-113
HSWM,hr2330-113
HSJU,hr819-113
HSII,hr819-113
HSPW,hr2773-113
HSJU,hr2463-113
HSII,hr2463-113
HSPW,hr5449-113
HSBA,hr2263-113
HSJU,hr1129-113
HSIF,hr1915-113
HSAP,hr2855-113
HSJU,hr1525-113
HSHM,hr1525-113
HSGO,hr1525-113
HSII,hr3409-113
HSJU,hr3892-113
HSGO,hr3892-113
HSWM,hr3892-113
HSED,hr3892-113
HSPW,hr739-113
HSII,hr739-113
HSSY,hr1022-113
SSFR,hr4653-113
HSFA,hr4653-113
HSBA,hr2199-113
HSJU,hr195-113
HSHA,hr195-113
HSED,hr5200-113
HSIF,hr541-113
HSBA,hr1119-113
HSED,hr428-113
HSIF,hr642-113
HSAG,hr1644-113
HSPW,hr4179-113
HSBA,hr5553-113
HSJU,hr898-113
HSFA,hr898-113
HSWM,hr898-113
HSIF,hr898-113
HSSY,hr2075-113
HSIF,hr2075-113
HSPW,hr2075-113
HSBA,hr4510-113
HSFA,hr4347-113
HSSY,hr3244-113
HSIF,hr5790-113
HSWM,hr5790-113
HSED,hr1751-113
HSGO,hr1751-113
HSHA,hr1751-113
HSAP,hr3210-113
HSPW,hr3620-113
HSIF,hr3481-113
HSWM,hr3498-113
HSVR,hr635-113
SSBK,hr701-113
HSBA,hr701-113
HSII,hr4284-113
HSBA,hr2580-113
HSJU,hr312-113
HSAG,hr5634-113
HSII,hr3311-113
HSII,hr1307-113
HSAP,hr5171-113
HSJU,hr3341-113
HSII,hr4736-113
HSVR,hr984-113
HSAS,hr984-113
HSJU,hr4296-113
HSII,hr4296-113
HSJU,hr4077-113
HSGO,hr4109-113
HSAS,hr2016-113
HSIF,hr81-113
HSWM,hr1180-113
HSIF,hr1180-113
HSED,hr3243-113
HSSY,hr3243-113
HSFA,hr416-113
HSIF,hr1304-113
HSPW,hr1304-113
HSVR,hr5046-113
HSGO,hr5255-113
HSIF,hr4476-113
HSPW,hr3083-113
HSAS,hr3503-113
HSVR,hr4384-113
HSIF,hr4384-113
HSAS,hr4384-113
HSBU,hr4384-113
HSVR,hr2540-113
HSWM,hr1275-113
HSPW,hr4105-113
HSWM,hr4105-113
SSHR,hr297-113
HSIF,hr297-113
HSAS,hr3657-113
HSED,hr1199-113
HSGO,hr5492-113
HSJU,hr4103-113
HSGO,hr1931-113
HSHA,hr5660-113
HSVR,hr894-113
HSJU,hr5759-113
HSSY,hr2034-113
HSAS,hr2034-113
HSHM,hr2034-113
HSPW,hr2034-113
HSVR,hr3800-113
HSIF,hr1482-113
HSAS,hr2839-113
HSJU,hr5555-113
HSIF,hr2632-113
HSIF,hr5458-113
HSJU,hr637-113
HSHM,hr5455-113
HSPW,hr5609-113
HSWM,hr4365-113
HSED,hr4509-113
HSED,hr1720-113
HSAG,hr1720-113
HSFA,hr4703-113
HSBA,hr5037-113
HSII,hr4258-113
HSVR,hr5349-113
HSVR,hr1333-113
HSGO,hr2355-113
HSGO,hr961-113
HSWM,hr2312-113
HSHM,hr1536-113
HSAG,hr1536-113
HSED,hr1746-113
HSBA,hr1255-113
HSIF,hr5539-113
HSWM,hr5539-113
HSJU,hr1733-113
HSIF,hr1733-113
HSIF,hr2993-113
HSIF,hr1366-113
HSVR,hr4971-113
HSJU,hr1663-113
HSAS,hr3360-113
HSII,hr2261-113
HSPW,hr2261-113
HSBA,hr5506-113
HSRU,hr4786-113
HSWM,hr4786-113
HSVR,hr2119-113
HSWM,hr3145-113
HSBA,hr4564-113
HSWM,hr1507-113
HSIF,hr1507-113
HSAS,hr3125-113
HSAP,hr3125-113
HSSM,hr5599-113
HSBA,hr240-113
HSGO,hr4872-113
HSHA,hr4872-113
HSJU,hr2104-113
HSWM,hr2104-113
SLIA,hr1410-113
HSII,hr1410-113
SSJU,hr4292-113
HSJU,hr4292-113
HSWM,hr1602-113
HSSY,hr3547-113
HSII,hr1394-113
HSJU,hr2690-113
HSGO,hr2690-113
HSVR,hr562-113
HSJU,hr3875-113
HLIG,hr3875-113
HSED,hr5572-113
HSVR,hr5572-113
HSAS,hr5572-113
HSIF,hr1154-113
HSII,hr2162-113
HSAG,hr1012-113
HSII,hr1012-113
HSWM,hr1012-113
HSIF,hr1012-113
HSII,hr2158-113
HSHM,hr1945-113
HSBA,hr1945-113
HSED,hr2930-113
HSJU,hr4750-113
HSIF,hr4750-113
HSIF,hr3322-113
HSWM,hr3445-113
HSAG,hr1298-113
HSSY,hr4553-113
HSED,hr2920-113
HSWM,hr2578-113
HSIF,hr2578-113
HSWM,hr1578-113
HSIF,hr1578-113
HSAS,hr164-113
HSBA,hr3097-113
HSIF,hr4895-113
HSJU,hr3557-113
HLIG,hr3557-113
HSWM,hr290-113
HSSM,hr2908-113
HSIF,hr2864-113
HSWM,hr2864-113
HSIF,hr4240-113
HSWM,hr4240-113
HSIF,hr418-113
HSIF,hr4989-113
SSEG,hr4899-113
HSJU,hr4899-113
HSII,hr4899-113
HSWM,hr766-113
HSWM,hr4691-113
HSAS,hr2303-113
HSPW,hr5270-113
HSII,hr1604-113
HSSY,hr1604-113
HSAG,hr1604-113
HSGO,hr1604-113
HSGO,hr33-113
HSII,hr1934-113
SSEV,hr1300-113
HSII,hr1300-113
HSII,hr638-113
HSED,hr831-113
HSIF,hr1339-113
HSGO,hr471-113
HSII,hr2271-113
SSHR,hr4701-113
HSIF,hr4701-113
HSFA,hr5696-113
HSJU,hr3323-113
HSFA,hr3323-113
HSAS,hr1332-113
HSGO,hr1332-113
HSED,hr2160-113
HSED,hr1514-113
HSJU,hr2902-113
HSIF,hr2031-113
SSJU,hr982-113
HSJU,hr982-113
HSII,hr3803-113
HSIF,hr3803-113
HSAP,hr3803-113
HSRU,hr3803-113
HSHA,hr3803-113
HSJU,hr3803-113
HSED,hr3803-113
HSWM,hr3803-113
HSII,hr87-113
HSII,hr4924-113
HSBA,hr4556-113
HSIF,hr3319-113
HSWM,hr3319-113
HSGO,hr3319-113
HSPW,hr135-113
HSWM,hr3987-113
HSWM,hr4733-113
HSWM,hr2708-113
HSGO,hr1141-113
HSGO,hr2458-113
HSIF,hr4016-113
HSIF,hr4430-113
HSED,hr5288-113
HSWM,hr2722-113
HSBA,hr3819-113
HSBU,hr1124-113
HSAP,hr1124-113
HSJU,hr525-113
HSIF,hr525-113
HSED,hr5523-113
HSAS,hr3507-113
HSVR,hr3507-113
HSWM,hr3117-113
HSFA,hr3117-113
HSWM,hr5576-113
HSAS,hr3459-113
HSED,hr3854-113
HSJU,hr3732-113
HSVR,hr3672-113
HSWM,hr3747-113
HSJU,hr4749-113
HSWM,hr4749-113
HSIF,hr792-113
HSWM,hr4719-113
HSWM,hr2831-113
HSJU,hr1695-113
HSWM,hr4082-113
HSBA,hr1538-113
HSWM,hr1538-113
HSIF,hr1780-113
HSHA,hr1780-113
HSGO,hr1780-113
HSVR,hr1898-113
HSBA,hr858-113
HSII,hr1548-113
HSHM,hr5620-113
HSIF,hr5620-113
SSGA,hr5106-113
HSGO,hr5106-113
HSBA,hr990-113
SSAF,hr5471-113
SSBK,hr5471-113
HSAG,hr5471-113
HSBA,hr5471-113
SSGA,hr4802-113
HSHM,hr4802-113
HSAS,hr1372-113
HSVR,hr1372-113
HSIF,hr2689-113
HSIF,hr4707-113
SLIA,hr841-113
HSII,hr841-113
HSII,hr4316-113
HSIF,hr5558-113
HSWM,hr5558-113
HSAG,hr5204-113
HSII,hr5204-113
HSWM,hr3640-113
HSII,hr1208-113
SSFR,hr4573-113
HSJU,hr4573-113
HSFA,hr4573-113
HSIF,hr1959-113
HSVR,hr3499-113
SSEG,hr356-113
HSII,hr356-113
HSIF,hr1429-113
HSVR,hr1357-113
HSWM,hr4740-113
HSBA,hr1603-113
HSVR,hr4887-113
HSII,hr5821-113
HSJU,hr1290-113
HSWM,hr846-113
HSIF,hr846-113
HSIF,hr61-113
HSBA,hr189-113
HSHA,hr4488-113
HSBA,hr4488-113
HSBA,hr5653-113
HSII,hr5742-113
HSHM,hr1771-113
SSFR,hr1771-113
HSGO,hr1771-113
HSBA,hr1771-113
HSJU,hr1771-113
HSED,hr2237-113
HSIF,hr2237-113
HSJU,hr404-113
HSII,hr3105-113
HSJU,hr2405-113
HSFA,hr2471-113
HSIF,hr2471-113
HSIF,hr4752-113
HSII,hr5049-113
HSVR,hr369-113
HSJU,hr180-113
HSJU,hr3736-113
HSED,hr2154-113
HSBA,hr1952-113
HSIF,hr3112-113
HSWM,hr3112-113
HSWM,hr3057-113
HSGO,hr4072-113
HSIF,hr5499-113
HSWM,hr1970-113
HSAS,hr1970-113
HSJU,hr1493-113
SSAF,hr742-113
HSBA,hr742-113
HSAG,hr742-113
SSBK,hr634-113
HSAG,hr634-113
HSBA,hr634-113
HSWM,hr127-113
HSED,hr4214-113
HSED,hr1383-113
HSIF,hr989-113
HSAP,hr989-113
HSAP,hr3232-113
HSII,hr1191-113
HSVR,hr4741-113
HSJU,hr5586-113
HSAS,hr3453-113
HSJU,hr3453-113
HSSY,hr3453-113
HSVR,hr3453-113
HSGO,hr3453-113
HSWM,hr2668-113
HSSY,hr3038-113
HSBA,hr1028-113
HSWM,hr2575-113
HSPW,hr67-113
HSBA,hr5632-113
HSHA,hr26-113
HSGO,hr26-113
HSBU,hr3815-113
HSBA,hr3815-113
HSJU,hr4533-113
HLIG,hr4533-113
HSGO,hr4533-113
HSVR,hr2485-113
HSGO,hr283-113
HSED,hr779-113
HSII,hr779-113
HSWM,hr779-113
HSIF,hr779-113
HSHA,hr779-113
HSAP,hr779-113
HSRU,hr779-113
HSJU,hr779-113
HSGO,hr779-113
HSAS,hr4656-113
HSIF,hr3517-113
HSWM,hr3517-113
HSIF,hr5332-113
HSWM,hr5332-113
HSBA,hr1997-113
HSII,hr663-113
HSIF,hr1730-113
HSIF,hr4588-113
HSJU,hr5728-113
HSIF,hr5728-113
HSAS,hr2272-113
HSAG,hr1375-113
HSII,hr1375-113
HSWM,hr3444-113
HSWM,hr5860-113
HSHM,hr624-113
SLIN,hr624-113
HLIG,hr624-113
HSED,hr2653-113
HSED,hr2759-113
HSII,hr4371-113
HSVR,hr5022-113
HSIF,hr1599-113
HSII,hr4166-113
HSJU,hr4953-113
HSAS,hr4253-113
HSII,hr4253-113
HSJU,hr2812-113
HSFA,hr2324-113
HSVR,hr2519-113
HSIF,hr2519-113
HSFA,hr2519-113
HSBA,hr2446-113
HSWM,hr1276-113
HSFA,hr5656-113
HSWM,hr3134-113
SSFI,hr2531-113
HSWM,hr2531-113
HSAP,hr2410-113
HSII,hr4420-113
HSJU,hr3540-113
HSIF,hr3540-113
HSED,hr1090-113
HSWM,hr814-113
HSGO,hr814-113
HSIF,hr3702-113
SSEV,hr2279-113
HSPW,hr2279-113
HSIF,hr2279-113
HSIF,hr5175-113
SSFI,s1162-112
SSAP,s721-112
SSEG,s1687-112
SSGA,s1030-112
SSJU,s1749-112
SLIA,s61-112
SSJU,s1258-112
SSFI,s1120-112
SSFI,s3104-112
SSCM,s1956-112
HSPW,s1956-112
SSHR,s1750-112
SSFI,s2632-112
SSBK,s3283-112
SSEV,s876-112
SSFI,s2381-112
SSEV,s3362-112
SSFI,s19-112
SSVA,s696-112
SSHR,s941-112
SSRA,s582-112
SSVA,s928-112
SSGA,s586-112
SSEG,s1126-112
SSFI,s2687-112
SSFI,s1967-112
SSFI,s2777-112
SSAP,s3434-112
SSFI,s3651-112
SSSB,s3214-112
SSFI,s2985-112
SSFI,s2425-112
SSCM,s1401-112
SSVA,s3348-112
SSEV,s3543-112
SSFI,s3460-112
SSAS,s3441-112
SSVA,s1798-112
SSFI,s1368-112
SSFI,s884-112
SSSB,s3246-112
SSCM,s453-112
SSFI,s2616-112
SSJU,s176-112
SSEV,s228-112
SSHR,s540-112
SSAF,s2238-112
SSJU,s1925-112
SSHR,s2098-112
SSJU,s3553-112
SSFI,s904-112
SSFI,s2631-112
SSFI,s3040-112
SSHR,s1058-112
SSFI,s11-112
HSGO,hres388-113
HSRU,hres475-113
HSII,hres730-113
HSFA,hres98-113
HSFA,hres643-113
HSJU,hres643-113
HSWM,hres643-113
HSAS,hres643-113
HLIG,hres643-113
HSRU,hres258-113
HSJU,hres732-113
HSFA,hres735-113
HSIF,hres197-113
HSSM,hres728-113
HSGO,hres40-113
HSJU,hres196-113
HSRU,hres122-113
HSFA,hres31-113
HSIF,hres512-113
HSGO,hres102-113
HSED,hres614-113
HSIF,hres192-113
HSRU,hres113-113
HSFA,hres188-113
HSGO,hres572-113
HSSM,hres410-113
HSFA,hres227-113
HSRU,hres766-113
HSFA,hres147-113
HSFA,hres131-113
HSSY,hres51-113
HSED,hres51-113
HSIF,hres340-113
HSIF,hres144-113
HSWM,hres712-113
HSED,hres662-113
HSWM,hres285-113
HSII,hres285-113
HSRU,hres351-113
HSGO,hres173-113
HSWM,hres280-113
HSRU,hres775-113
HSIF,hres356-113
HSBA,hres702-113
HSFA,hres622-113
HSRU,hres175-113
HSIF,hres538-113
HSRU,hres36-113
HSIF,hres489-113
HSFA,hres489-113
HSRU,hres271-113
HSFA,hres135-113
HSGO,hres301-113
HSJU,hres206-113
HSIF,hres206-113
HSRU,hres295-113
HSFA,hres177-113
HSED,hres571-113
HSIF,hres72-113
HSED,hres72-113
HSFA,hres365-113
HSFA,hres109-113
HSJU,hres318-113
HSIF,hres57-113
HSRU,hres66-113
HSED,hres117-113
HSRU,hres366-113
HSIF,hres59-113
HSRU,hres164-113
HSGO,hres755-113
HSFA,hres688-113
HSFA,hres252-113
HSBU,hres174-113
HSRU,hres266-113
HSRU,hres367-113
HSJU,hres578-113
HSRU,hres303-113
HSIF,hres148-113
HSHA,hres115-113
HSAG,hres90-113
HSFA,hres418-113
HSGO,hres97-113
HSJU,hres601-113
HSFA,hres601-113
HSWM,hres378-113
HSAG,hres378-113
HSFA,hres130-113
HSJU,hres468-113
HSIF,hres468-113
HSFA,hres707-113
HSFA,hres423-113
HSHA,hres423-113
HSRU,hres260-113
HSFA,hres642-113
HSED,hres658-113
HSRU,hres361-113
HSFA,hres520-113
HSHA,hres77-113
HSGO,hres509-113
HSHA,hres676-113
HSRU,hres676-113
HSRU,hres776-113
HSED,hres353-113
HSIF,hres201-113
HSIF,hres396-113
HSGO,hres697-113
HSFA,hres754-113
HSFA,hres291-113
HSAS,hres675-113
HSWM,hres359-113
SSCM,sres311-113
SSFR,sres413-113
SSJU,sres489-113
SSRA,sres53-113
SSBU,sres53-113
SSJU,sres242-113
SSRA,sres110-113
SSFR,hconres105-113
HSFA,hconres105-113
HSAG,hconres86-113
HSIF,hconres64-113
HSIF,hconres57-113
HSIF,hconres36-113
HSFA,hconres35-113
HSSY,hconres76-113
HSAG,hconres39-113
HSWM,hconres39-113
HSFA,hconres30-113
HSHA,hconres122-113
HSAP,hconres122-113
HSIF,hconres80-113
SSFR,hconres107-113
HSFA,hconres107-113
HSFA,hconres23-113
SSBU,hconres96-113
HSBU,hconres96-113
HSWM,hconres4-113
HSWM,hconres24-113
HSHA,hconres106-113
HSED,hconres97-113
HSIF,hconres59-113
HSBU,hconres25-113
HSIF,hconres69-113
HSWM,hconres8-113
HSWM,hconres34-113
HSFA,hconres53-113
HSWM,hconres52-113
HSJU,hconres16-113
HSII,hconres13-113
HSAG,hr4330-113
HSIF,hr3749-113
HSWM,hr3749-113
SSCM,hr3670-113
HSIF,hr3670-113
HSJU,hr2639-113
HSHM,hr3283-113
HSPW,hr3283-113
HSIF,hr2666-113
HSBA,hr2666-113
SSGA,hr2112-113
HSGO,hr2112-113
HSAG,hr657-113
HSII,hr657-113
HSIF,hr4552-113
HSJU,hr5706-113
HSWM,hr5706-113
HSIF,hr4930-113
HSED,hr946-113
HSPW,hr1743-113
HSWM,hr4019-113
HSWM,hr3965-113
HSAG,hr3353-113
HSIF,hr5729-113
HSWM,hr1682-113
HSED,hr4713-113
HSJU,hr1562-113
HSIF,hr5393-113
HSWM,hr5393-113
HSJU,hr3829-113
HSWM,hr3558-113
HSJU,hr1831-113
HSRU,hr1831-113
HSWM,hr2945-113
HSBA,hr1627-113
HSHM,hr1210-113
HSWM,hr2820-113
HSED,hr4122-113
HSWM,hr4845-113
HSHM,hr999-113
HSPW,hr999-113
HSJU,hr3530-113
HSGO,hr4247-113
HSGO,hr5094-113
HSVR,hr5094-113
HSVR,hr4898-113
HSAG,hr4392-113
HSBA,hr5758-113
HSIF,hr4994-113
HSWM,hr4994-113
HSJU,hr2603-113
HLIG,hr2603-113
HSED,hr1858-113
HSJU,hr1858-113
HSHA,hr1858-113
HSWM,hr3751-113
HSVR,hr577-113
HSBU,hr5580-113
HSED,hr1122-113
HSIF,hr796-113
SSBK,hr384-113
HSBA,hr384-113
HSED,hr1722-113
HSPW,hr1906-113
HSSM,hr2452-113
HSJU,hr3483-113
HSJU,hr4404-113
HSPW,hr5295-113
HSPW,hr1516-113
HSIF,hr5705-113
HSBA,hr1282-113
HSVR,hr1987-113
HSAG,hr2421-113
HSIF,hr244-113
HSED,hr1318-113
HSBA,hr385-113
HSAS,hr3516-113
HSVR,hr3516-113
HSPW,hr4726-113
HSBA,hr4554-113
HSWM,hr5298-113
HSVR,hr2726-113
HSVR,hr3442-113
HSPW,hr2318-113
HSIF,hr2318-113
HSII,hr587-113
HSIF,hr2607-113
HSWM,hr2545-113
HSIF,hr2545-113
HSWM,hr4428-113
SSEG,hr2430-113
HSII,hr2430-113
HSII,hr765-113
HSPW,hr765-113
HSIF,hr765-113
HSPW,hr4295-113
HSGO,hr5445-113
HSIF,hr4880-113
HSPW,hr1775-113
HSJU,hr3902-113
HSVR,hr2529-113
HSAS,hr1237-113
HSWM,hr535-113
HSED,hr4765-113
HSJU,hr4765-113
HSAG,hr4765-113
HSII,hr4765-113
HSIF,hr4765-113
HSBA,hr4765-113
SSHR,hr669-113
HSIF,hr669-113
HSJU,hr3159-113
HLIG,hr3159-113
HSIF,hr1281-113
HSJU,hr3920-113
HLIG,hr3920-113
HSII,hr382-113
HSPW,hr3824-113
HSWM,hr3824-113
HSAS,hr4863-113
HSSY,hr2447-113
HSIF,hr2447-113
HSBU,hr2447-113
HSJU,hr65-113
HSJU,hr720-113
HSIF,hr1456-113
HSWM,hr4089-113
HSJU,hr698-113
HSIF,hr698-113
HSWM,hr5549-113
HSWM,hr1320-113
HSIF,hr1320-113
HSIF,hr5657-113
HSII,hr863-113
HSHA,hr863-113
HSED,hr2637-113
HSIF,hr5271-113
HSWM,hr5271-113
HSED,hr45-113
HSII,hr45-113
HSWM,hr45-113
HSIF,hr45-113
HSBU,hr45-113
HSAP,hr45-113
HSHA,hr45-113
HSRU,hr45-113
HSJU,hr45-113
HSWM,hr4933-113
HSBA,hr3013-113
HSIF,hr4190-113
HSWM,hr4190-113
HSBA,hr4226-113
SSBK,hr3240-113
HSBA,hr3240-113
HSIF,hr1408-113
SSJU,hr3973-113
HSJU,hr3973-113
SSEG,hr5781-113
HSII,hr5781-113
HSIF,hr611-113
HSAG,hr979-113
HSWM,hr1558-113
HSIF,hr1558-113
HSED,hr4959-113
HSJU,hr1624-113
HSRU,hr1624-113
HSBU,hr1624-113
HSSM,hr4093-113
HSWM,hr4664-113
HSIF,hr4577-113
HSWM,hr4577-113
HSVR,hr5762-113
HSWM,hr4848-113
HSIF,hr5486-113
HSBA,hr5188-113
HSIF,hr5136-113
HSAS,hr3045-113
HSAG,hr1021-113
HSII,hr1021-113
HSBA,hr1267-113
HSIF,hr1619-113
HSWM,hr1619-113
HSVR,hr4184-113
HSWM,hr2193-113
HSHA,hr558-113
HSVR,hr883-113
HSAS,hr2243-113
HSED,hr5485-113
HSED,hr3873-113
SSHR,hr4984-113
HSED,hr4984-113
HSVR,hr4977-113
HSED,hr5423-113
HSAG,hr5447-113
HSVR,hr679-113
HSFA,hr5014-113
SSFR,hr3509-113
HSFA,hr3509-113
HSAG,hr1995-113
HSBA,hr3137-113
HSJU,hr1967-113
HSAG,hr4423-113
HSII,hr4423-113
HSWM,hr2994-113
HSWM,hr892-113
HSED,hr1981-113
HSBA,hr688-113
HSHA,hr5144-113
HSED,hr1908-113
HSIF,hr1908-113
HSWM,hr1908-113
HSBU,hr3855-113
HSIF,hr171-113
HSIF,hr3320-113
HSWM,hr3320-113
HSII,hr432-113
HSED,hr1875-113
HSIF,hr4342-113
HSIF,hr2090-113
HSGO,hr1832-113
HSIF,hr2123-113
HSII,hr1306-113
HSII,hr4353-113
HSJU,hr3465-113
HSFA,hr662-113
HSWM,hr4464-113
HSII,hr908-113
SSFR,hr2283-113
HSFA,hr2283-113
HSAG,hr730-113
HSAG,hr1094-113
HSIF,hr1094-113
HSVR,hr3369-113
SSVA,hr357-113
HSVR,hr357-113
HSAS,hr4852-113
HSPW,hr2428-113
HSBA,hr31-113
HSED,hr170-113
HSII,hr3533-113
SSEG,hr5544-113
HSSY,hr5544-113
HSIF,hr1403-113
SSEG,hr1157-113
HSII,hr1157-113
HSAG,hr2007-113
HSJU,hr2559-113
HSHA,hr2559-113
HSGO,hr2559-113
HSED,hr2559-113
HSAG,hr1894-113
HSWM,hr2876-113
HSWM,hr5528-113
HSED,hr4086-113
HSII,hr488-113
HSJU,hr446-113
HSJU,hr3091-113
HSIF,hr3091-113
HSWM,hr3091-113
HSHA,hr4397-113
HSWM,hr466-113
SSEG,hr1033-113
HSII,hr1033-113
HSWM,hr418-113
HSWM,hr1771-113
HSFA,hr1771-113
HSJU,hr4817-113
HSGO,hr4817-113
HSWM,hr3991-113
HSED,hr4629-113
SSAS,hr1864-113
HSAS,hr1864-113
HSWM,hr3004-113
HSVR,hr5131-113
HSJU,hr3899-113
HSWM,hr4985-113
HSJU,hr457-113
HSIF,hr1968-113
HSBA,hr827-113
SSGA,hr273-113
HSGO,hr273-113
HSPW,hr3546-113
HSWM,hr3546-113
HSIF,hr2073-113
HSBA,hr3656-113
HSWM,hr1910-113
HSAG,hr1910-113
HSIF,hr1910-113
HSAG,hr5616-113
HSJU,hr4079-113
HSAG,hr1999-113
HSIF,hr1999-113
HSWM,hr1999-113
HSAP,hr1999-113
HSGO,hr1999-113
HSED,hr3633-113
HSJU,hr5703-113
HSAS,hr5703-113
HSWM,hr5703-113
HSFA,hr5703-113
HSWM,hr1634-113
HSSY,hr3677-113
HSFA,hr3677-113
HSSM,hr1240-113
HSED,hr1286-113
HSGO,hr1286-113
HSHA,hr1286-113
HSED,hr2424-113
HSII,hr2424-113
HSBA,hr2424-113
HSED,hr2909-113
HSIF,hr2909-113
HSGO,hr2909-113
HSAS,hr2909-113
HSIF,hr3024-113
HSWM,hr3024-113
SSFI,hr1896-113
HSJU,hr1896-113
HSWM,hr1896-113
HSBU,hr1896-113
HSSY,hr4869-113
HSWM,hr2539-113
HSJU,hr3165-113
HSII,hr3165-113
HSIF,hr3165-113
HSAP,hr3165-113
HSRU,hr3165-113
HSHA,hr3165-113
HSED,hr3165-113
HSWM,hr3165-113
HSII,hr4127-113
HSED,hr1395-113
HSBA,hr1483-113
HSWM,hr2990-113
HSJU,hr4419-113
HSAG,hr4419-113
HSII,hr4419-113
HSBA,hr450-113
HSII,hr1810-113
HSVR,hr4446-113
HSED,hr3837-113
HSWM,hr3837-113
SSEG,hr1526-113
HSII,hr1526-113
HSAG,hr1526-113
HSWM,hr495-113
HSFA,hr783-113
HSBA,hr2629-113
HSWM,hr549-113
HSIF,hr4484-113
HSWM,hr4484-113
SSAF,hr3695-113
HSAG,hr3695-113
HSIF,hr5547-113
HSJU,hr5280-113
HSED,hr5280-113
HSPW,hr5071-113
HSED,hr3030-113
HSWM,hr3030-113
HSED,hr4982-113
HSED,hr1815-113
HSED,hr4636-113
HSFA,hr548-113
HSAG,hr548-113
HSHM,hr548-113
HSWM,hr548-113
HSPW,hr548-113
HSGO,hr548-113
HSSM,hr548-113
HSED,hr3849-113
HSIF,hr3849-113
HSII,hr3849-113
HSAP,hr3849-113
HSRU,hr3849-113
HSHA,hr3849-113
HSJU,hr3849-113
HSWM,hr3849-113
HSWM,hr1353-113
HSWM,hr177-113
HSED,hr4320-113
HSIF,hr3587-113
SSGA,hr1423-113
HSGO,hr1423-113
HSII,hr3981-113
HSAG,hr2798-113
HSII,hr2798-113
HSAP,hr2996-113
HSSY,hr2996-113
HSWM,hr1851-113
HSBA,hr2211-113
HSII,hr145-113
SSEG,hr1192-113
HSII,hr1192-113
HSIF,hr3426-113
HSWM,hr3426-113
HSJU,hr4-113
HSSM,hr4-113
HSII,hr4-113
HSAG,hr4-113
HSBA,hr4-113
HSRU,hr4-113
HSGO,hr4-113
HSBU,hr4-113
HSWM,hr4-113
HSSY,hr15-113
HSHM,hr15-113
HSII,hr15-113
HSIF,hr15-113
HSPW,hr15-113
HSBA,hr15-113
HSBU,hr15-113
HSGO,hr15-113
HSED,hr15-113
HSAG,hr15-113
HSAS,hr15-113
HSWM,hr15-113
HSFA,hr15-113
HSJU,hr15-113
HSWM,hr1104-113
HSGO,hr1104-113
HSAS,hr2227-113
HSED,hr1928-113
HSAS,hr368-113
HSAG,hr2498-113
HSWM,hr3728-113
HSAS,hr4688-113
HSAS,hr4202-113
HSVR,hr4202-113
HSGO,hr4202-113
HSWM,hr166-113
HSVR,hr1251-113
HSVR,hr2018-113
HSED,hr4348-113
HSJU,hr4874-113
HSGO,hr4874-113
HSAP,hr4874-113
HSIF,hr3727-113
HSPW,hr1544-113
HSGO,hr1367-113
HSAS,hr4492-113
HSBU,hr4270-113
HSJU,hr5617-113
HSWM,hr1172-113
HSWM,hr3167-113
HSAG,hr1741-113
HSWM,hr1317-113
HSFA,hr4997-113
HSIF,hr3489-113
HSAS,hr123-113
HSIF,hr123-113
HSGO,hr123-113
HSAS,hr3665-113
HSIF,hr3665-113
HSGO,hr3665-113
HSWM,hr3665-113
HSWM,hr3758-113
HSIF,hr2093-113
HSIF,hr4921-113
HSGO,hr2696-113
HSIF,hr3776-113
HSWM,hr3776-113
HSED,hr1736-113
SLIA,hr2650-113
HSII,hr2650-113
HSVR,hr3615-113
HSGO,hr3615-113
HSPW,hr5675-113
HSIF,hr4290-113
HSJU,hr1285-113
HSIF,hr1285-113
HSWM,hr3473-113
HSVR,hr3441-113
HSWM,hr247-113
HSII,hr1513-113
HSGO,hr2793-113
HSED,hr2456-113
SSEG,hr5205-113
HSII,hr5205-113
HSIF,hr3221-113
HSII,hr5476-113
HSWM,hr1323-113
HSFA,hr1409-113
HSWM,hr2439-113
HSJU,hr4547-113
HSWM,hr4547-113
HSBA,hr1397-113
HSWM,hr4960-113
HSJU,hr5184-113
HSAP,hr5184-113
HSRU,hr5184-113
HSWM,hr5184-113
HSGO,hr5184-113
HSIF,hr4351-113
HSWM,hr1484-113
HSIF,hr1484-113
HSPW,hr949-113
HSBA,hr949-113
HSSM,hr28-113
HSHA,hr1994-113
HSJU,hr4659-113
HSHA,hr269-113
HSFA,hr2546-113
HSWM,hr2546-113
SSBK,hr3329-113
HSBA,hr3329-113
HSII,hr1785-113
HSSY,hr2219-113
HSII,hr2219-113
HSVR,hr2528-113
HSGO,hr2528-113
HSVR,hr2310-113
HSWM,hr1102-113
HSIF,hr1102-113
HSED,hr2881-113
HSWM,hr5637-113
HSIF,hr5283-113
HSII,hr250-113
HSWM,hr1342-113
HSIF,hr1342-113
HSWM,hr3649-113
HSPW,hr1861-113
HSWM,hr1522-113
HSBU,hr2663-113
SSBK,hr4411-113
HSBA,hr4411-113
HSFA,hr4411-113
HSJU,hr1917-113
HSWM,hr1917-113
HSIF,hr1917-113
HSAG,hr1917-113
HSGO,hr1917-113
HSBA,hr1917-113
HSFA,hr1917-113
HSBA,hr1485-113
HSED,hr1387-113
HSAG,hr2036-113
HSWM,hr2036-113
HSED,hr1979-113
HSED,hr2710-113
HSII,hr3917-113
HSIF,hr2248-113
HSIF,hr2868-113
HSPW,hr2868-113
HSED,hr1637-113
HSII,hr5050-113
HSIF,hr4432-113
HSBA,hr4383-113
HSJU,hr519-113
HSWM,hr1620-113
HSWM,hr582-113
HSPW,hr913-113
HSAP,hr504-113
HSGO,hr504-113
HSRU,hr1954-113
HSGO,hr1954-113
HSED,hr4611-113
HSWM,hr4611-113
HSBA,hr2733-113
HSVR,hr5518-113
HSWM,hr2832-113
HSJU,hr1023-113
HSED,hr4902-113
HSII,hr1063-113
HSJU,hr4135-113
HSAG,hr1895-113
HSII,hr1895-113
HSJU,hr3130-113
HSHM,hr3130-113
HSIF,hr5232-113
HSWM,hr5232-113
HSAS,hr2989-113
HSAP,hr3644-113
HSBU,hr3644-113
HSGO,hr3644-113
HSII,hr2095-113
HSII,hr3324-113
SSHR,hr307-113
HSVR,hr307-113
HSIF,hr307-113
HSED,hr4526-113
HSWM,hr4128-113
HSBA,hr4042-113
HSIF,hr3334-113
HSWM,hr3334-113
HSII,hr1329-113
HSWM,hr3685-113
HSWM,hr4067-113
HSIF,hr4067-113
HSSY,hr5545-113
HSII,hr2555-113
HSAS,hr2377-113
HSIF,hr580-113
HSSY,hr3625-113
HSED,hr1732-113
HSWM,hr1732-113
HSWM,hr2375-113
HSIF,hr2375-113
HSWM,hr232-113
HSIF,hr232-113
HSGO,hr5229-113
SSGA,hr1660-113
HSGO,hr1660-113
HSGO,hr2606-113
HSAS,hr2606-113
HSFA,hr2606-113
HSWM,hr5330-113
HSIF,hr2911-113
HSJU,hr5015-113
HSIF,hr942-113
HSWM,hr942-113
HSGO,hr237-113
HSJU,hr5683-113
HSII,hr4546-113
HSBA,hr4568-113
HSII,hr4706-113
HSIF,hr4706-113
SSCM,hr5161-113
HSIF,hr5161-113
HSVR,hr1494-113
HSAS,hr1494-113
HSAS,hr5211-113
HSGO,hr5211-113
HSJU,hr4574-113
HSAS,hr4574-113
HSED,hr4574-113
HSII,hr4574-113
HSIF,hr4574-113
HSVR,hr4574-113
HSWM,hr4574-113
HSED,hr2171-113
HSBA,hr1646-113
SSGA,hr4355-113
HSGO,hr4355-113
HSII,hr2174-113
HSPW,hr2174-113
HSII,hr818-113
HSAG,hr818-113
HSAS,hr4305-113
HSFA,hr5241-113
HSAS,hr3807-113
HSAG,hr3807-113
HSII,hr3807-113
HSFA,hr3807-113
HSAS,hr3184-113
HSJU,hr2931-113
HSWM,hr4619-113
SSAF,hr3102-113
HSFA,hr3102-113
HSED,hr3102-113
HSAG,hr3102-113
HSWM,hr3424-113
SSCM,hr4812-113
HSHM,hr4812-113
SSCM,hr5769-113
HSPW,hr5769-113
HSVR,hr1702-113
HSAS,hr3840-113
HSWM,hr4062-113
HSJU,hr2475-113
HLIG,hr2475-113
SSCM,hr3202-113
HSHM,hr3202-113
HSIF,hr275-113
SSBK,hr2374-113
HSBA,hr2374-113
HSED,hr2374-113
HSAG,hr3992-113
HSII,hr3992-113
HSBU,hr3992-113
HSHA,hr4442-113
HSED,hr675-113
HSGO,hr675-113
HSHA,hr675-113
HSWM,hr675-113
HSED,hr2903-113
HSPW,hr4623-113
HSBA,hr4513-113
HSIF,hr4857-113
HSWM,hr4857-113
HSJU,hr4783-113
HSIF,hr4783-113
HSVR,hr4344-113
HSAS,hr2209-113
HSVR,hr2209-113
HSPW,hr3403-113
HSED,hr5807-113
HSJU,hr1203-113
HSED,hr1334-113
HSIF,hr3667-113
HSBU,hr3667-113
HSGO,hr568-113
HSHM,hr3575-113
HSWM,hr1793-113
HSRU,hr1793-113
HSGO,hr1793-113
HSFA,hr1793-113
HSJU,hr2976-113
HSIF,hr2983-113
SSEG,hr1613-113
HSBA,hr1613-113
HSFA,hr1613-113
HSII,hr1613-113
HSAG,hr349-113
HSIF,hr5481-113
HSWM,hr5481-113
HSED,hr4123-113
HSIF,hr2762-113
HSGO,hr4489-113
HSII,hr4489-113
HSIF,hr1699-113
HSFA,hr75-113
HSJU,hr2898-113
HSFA,hr1749-113
HSGO,hr5888-113
HSED,hr5674-113
HSIF,hr1249-113
HSII,hr4272-113
HSBA,hr4532-113
HSBA,hr4571-113
HSJU,hr793-113
HSWM,hr793-113
HSBA,hr613-113
HSED,hr2268-113
HSVR,hr4004-113
HSPW,hr3156-113
HSBA,hr3156-113
HSIF,hr584-113
HSED,hr700-113
HSWM,hr4822-113
HSED,hr3692-113
HSIF,hr4216-113
SSAF,hr4413-113
HSAG,hr4413-113
HSED,hr4612-113
HSPW,hr5532-113
HSJU,hr3484-113
HSHM,hr3484-113
HSWM,hr3950-113
HSBA,hr4208-113
HSJU,hr2454-113
HSBU,hr1014-113
HSII,hr69-113
HSHM,hr1960-113
HSPW,hr1960-113
HSAS,hr1960-113
HSJU,hr2408-113
HSVR,hr4616-113
SSFI,hr7-113
HSJU,hr7-113
HSWM,hr7-113
HSIF,hr7-113
HSIF,hr3539-113
HSVR,hr2151-113
HSJU,hr2735-113
HSJU,hr5585-113
HSIF,hr5585-113
HSIF,hr4396-113
HSAG,hr542-113
HSED,hr5743-113
HSWM,hr355-113
HSFA,hr4851-113
HSJU,hr4851-113
HSVR,hr2039-113
HSAP,hr4660-113
HSED,hr5294-113
HSAG,hr5294-113
HSVR,hr5294-113
HSII,hr5294-113
HSIF,hr5294-113
HSJU,hr5294-113
HSAS,hr5294-113
HSBU,hr5294-113
HSWM,hr5294-113
HSVR,hr3387-113
HSGO,hr468-113
HSIF,hr3582-113
HSPW,hr3582-113
HSWM,hr3582-113
HSII,hr4686-113
HSAP,hr5464-113
HSGO,hr1181-113
HSHA,hr1181-113
HSBA,hr3743-113
HSHM,hr2693-113
HSWM,hr3336-113
HSAP,hr3336-113
HSPW,hr2601-113
HSSM,hr5154-113
HSJU,hr2361-113
SSEG,hr1963-113
HSII,hr1963-113
HSAS,hr5832-113
HSBA,hr1767-113
HSAS,hr1506-113
HSIF,hr3113-113
HSWM,hr51-113
HSAG,hr5542-113
HSPW,hr2262-113
HSVR,hr1490-113
HSJU,hr99-113
HSBA,hr3836-113
HSSM,hr2542-113
HSJU,hr2542-113
HSGO,hr1072-113
HSHA,hr685-113
HSBA,hr685-113
HSED,hr5612-113
HSJU,hr238-113
HSBU,hr1766-113
SSBK,hr3468-113
HSBA,hr3468-113
HSED,hr1041-113
HSII,hr5836-113
HSWM,hr5260-113
HSVR,hr1288-113
HSAS,hr1288-113
HSIF,hr800-113
HSWM,hr800-113
HSGO,hr3609-113
HSWM,hr1654-113
HSGO,hr1654-113
HSRU,hr1654-113
HSBU,hr1654-113
HSWM,hr1479-113
HSII,hr5366-113
HSSY,hr2674-113
HSED,hr2674-113
HSJU,hr2674-113
HSII,hr2674-113
HSPW,hr2674-113
HSIF,hr2674-113
HSSM,hr2674-113
HSWM,hr2674-113
HSWM,hr3843-113
HSIF,hr4654-113
HSSY,hr959-113
HSIF,hr959-113
HSJU,hr140-113
HSWM,hr105-113
HSII,hr596-113
HSAG,hr596-113
HSII,hr71-113
HSED,hr2592-113
HSGO,hr1078-113
HSJU,hr4460-113
HSII,hr4456-113
HSIF,hr2027-113
HSIF,hr5304-113
HSWM,hr5304-113
HSPW,hr1152-113
HSJU,hr893-113
HSSY,hr893-113
HSPW,hr893-113
HSBA,hr893-113
HSGO,hr893-113
HSFA,hr893-113
HSBA,hr1184-113
HSIF,hr1943-113
HSAG,hr3108-113
HSAS,hr3775-113
HSVR,hr3775-113
HSPW,hr850-113
SSBK,hr850-113
HSWM,hr850-113
HSGO,hr850-113
HSBA,hr850-113
HSJU,hr850-113
HSFA,hr850-113
HSGO,hr3689-113
HSVR,hr834-113
HSAS,hr3789-113
HSWM,hr1295-113
HSII,hr740-113
HSWM,hr1440-113
HSJU,hr3643-113
HSWM,hr4117-113
HSWM,hr4064-113
HSII,hr5701-113
HSAG,hr3574-113
HSSY,hr3574-113
HSII,hr3574-113
HSIF,hr3574-113
HSPW,hr3574-113
HSFA,hr3574-113
HSBA,hr3574-113
HSAP,hr3574-113
HSWM,hr3574-113
HSII,hr5454-113
HSWM,hr5454-113
HSIF,hr2817-113
SSGA,hr1233-113
HSGO,hr1233-113
HSGO,hr4174-113
HSAS,hr3456-113
HSVR,hr3456-113
HSBA,hr5104-113
HSII,hr764-113
HSVR,hr2412-113
HSWM,hr2788-113
HSJU,hr1852-113
HSFA,hr1777-113
HSWM,hr1777-113
HSBA,hr1777-113
HSSM,hr1777-113
HSWM,hr4717-113
HSIF,hr5073-113
HSED,hr5327-113
HSII,hr1834-113
HSIF,hr2753-113
HSWM,hr2753-113
HSIF,hr3654-113
HSJU,hr965-113
HSIF,hr4418-113
HSWM,hr4418-113
HSSM,hr4121-113
HSBU,hr2582-113
HSAG,hr1611-113
HSII,hr1611-113
SSEV,hr1422-113
HSSY,hr1422-113
HSII,hr1822-113
HSGO,hr3744-113
HSIF,hr321-113
HSWM,hr2143-113
HSIF,hr2143-113
HSBA,hr2323-113
HSIF,hr1830-113
SSHR,hr4080-113
HSIF,hr4080-113
HSBA,hr737-113
HSJU,hr2736-113
HLIG,hr2736-113
HSAS,hr3810-113
HSII,hr3810-113
HSAG,hr4904-113
HSII,hr586-113
HSSY,hr5063-113
HSPW,hr3578-113
HSAS,hr1986-113
HSJU,hr1828-113
HSBA,hr5749-113
HSII,hr1144-113
HSAG,hr686-113
HSVR,hr5193-113
HSAG,hr712-113
HSII,hr712-113
HSJU,hr2371-113
HSPW,hr3551-113
HSIF,hr5451-113
HSWM,hr2870-113
HSPW,hr2838-113
HSED,hr375-113
HSBA,hr375-113
HSIF,hr4879-113
HSVR,hr1284-113
HSIF,hr4711-113
HSJU,hr2284-113
HSPW,hr4790-113
HSAS,hr881-113
HSAS,hr1879-113
HSIF,hr1879-113
HSJU,hr2270-113
HSIF,hr2270-113
HSWM,hr3833-113
HSIF,hr3833-113
HSGO,hr2385-113
HSBA,hr2385-113
SSGA,hr5116-113
HSHM,hr5116-113
HSJU,hr5116-113
HSJU,hr1505-113
HSFA,hr1505-113
HSII,hr4866-113
HSED,hr497-113
HSWM,hr497-113
HSJU,hr867-113
HSIF,hr867-113
SSVA,hr2481-113
HSVR,hr2481-113
SSEG,hr1501-113
HSII,hr1501-113
HSAP,hr57-113
SSEG,hr291-113
HSII,hr291-113
HSIF,hr986-113
HSWM,hr986-113
HSJU,hr868-113
HSIF,hr1508-113
HSGO,hr1508-113
HSVR,hr2382-113
SSEG,hr993-113
HSII,hr993-113
HSBA,hr1750-113
HSJU,hr2557-113
HSWM,hr2557-113
HSHA,hr2115-113
HSWM,hr713-113
HSIF,hr713-113
HSWM,hr1415-113
HSAP,hr453-113
HSWM,hr453-113
HSII,hr1219-113
HSED,hr3510-113
HSIF,hr498-113
HSWM,hr3951-113
HSWM,hr5787-113
HSIF,hr5796-113
HSIF,hr162-113
HSAS,hr4807-113
HSED,hr4897-113
HSJU,hr5080-113
HSJU,hr1844-113
HSIF,hr3890-113
HSWM,hr3890-113
HSIF,hr1262-113
HSPW,hr1262-113
HSIF,hr5125-113
HSWM,hr1761-113
HSIF,hr1761-113
HSJU,hr2836-113
HSJU,hr2124-113
HSHM,hr2124-113
HSED,hr2124-113
HSAS,hr2124-113
HSWM,hr2124-113
HSJU,hr4022-113
HSGO,hr4022-113
HSWM,hr3735-113
HSIF,hr4048-113
HSPW,hr3988-113
HSED,hr1009-113
HSWM,hr1009-113
SSFI,hr2530-113
HSWM,hr2530-113
HSHM,hr2624-113
HSJU,hr2624-113
HSAP,hr2624-113
HSFA,hr2624-113
HSJU,hr415-113
HSED,hr4158-113
HSJU,hr4158-113
HSII,hr4158-113
HSIF,hr4158-113
HSAP,hr4158-113
HSRU,hr4158-113
HSHA,hr4158-113
HSGO,hr4158-113
HSWM,hr4158-113
HSIF,hr1853-113
HSED,hr3325-113
HSPW,hr5561-113
HSIF,hr1827-113
SSCM,hr2052-113
HSIF,hr2052-113
HSWM,hr3861-113
HSIF,hr4170-113
HSII,hr3063-113
HSPW,hr2937-113
HSPW,hr5448-113
HSWM,hr2917-113
SSBK,hr1035-113
HSBA,hr1035-113
HSWM,hr2774-113
HSIF,hr1178-113
HSIF,hr3715-113
HSPW,hr4925-113
HSIF,hr5083-113
HSWM,hr5083-113
HSII,hr2728-113
HSED,hr3118-113
HSWM,hr3118-113
HSIF,hr4241-113
HSPW,hr5624-113
HSWM,hr5624-113
HSIF,hr5439-113
HSWM,hr1701-113
HSIF,hr1701-113
HSIF,hr2179-113
HSWM,hr2854-113
SSHR,hr1919-113
HSIF,hr1919-113
HSII,hr2808-113
HSVR,hr1453-113
HSIF,hr1615-113
SSFI,hr3205-113
HSWM,hr3205-113
HSAG,hr2588-113
HSII,hr2588-113
HSED,hr866-113
HSWM,hr4941-113
HSED,hr2966-113
HSWM,hr2480-113
HSED,hr2480-113
HSIF,hr2480-113
HSAG,hr3935-113
HSII,hr3929-113
HSED,hr4321-113
HSBA,hr719-113
HSSY,hr4833-113
HSPW,hr887-113
HSBA,hr887-113
HSED,hr5277-113
HSII,hr3411-113
HSAG,hr3411-113
HSAP,hr3274-113
HSPW,hr1878-113
SLIA,hr2388-113
HSII,hr2388-113
HSSM,hr2462-113
SSBK,hr2274-113
HSBA,hr2274-113
HSJU,hr531-113
HSWM,hr531-113
HSWM,hr118-113
HSII,hr2467-113
HSGO,hr950-113
SSGA,hr1162-113
HSGO,hr1162-113
HSWM,hr4078-113
HSED,hr169-113
HSII,hr1183-113
HSIF,hr2975-113
HSVR,hr1804-113
HSWM,hr880-113
HSIF,hr3616-113
HSWM,hr3616-113
HSIF,hr1462-113
HSIF,hr5780-113
HSWM,hr5780-113
HSJU,hr1533-113
HSIF,hr1533-113
HSWM,hr1724-113
HSIF,hr1724-113
HSHA,hr1724-113
HSJU,hr5434-113
HSED,hr515-113
HSHA,hr515-113
HSGO,hr515-113
HSGO,hr2750-113
HSIF,hr2464-113
HSII,hr3178-113
HSPW,hr1948-113
HSSY,hr4382-113
HSED,hr5000-113
HSWM,hr5000-113
HSAS,hr4107-113
HSII,hr1168-113
HSAG,hr5490-113
HSII,hr1230-113
HSWM,hr1031-113
HSBU,hr1031-113
HSII,hr664-113
HSJU,hr5525-113
HSVR,hr2065-113
HSJU,hr434-113
HSII,hr4256-113
HSII,hr5682-113
HSIF,hr5682-113
HSPW,hr5682-113
HSED,hr835-113
HSIF,hr835-113
HSBA,hr5776-113
HSIF,hr4023-113
HSPW,hr2537-113
HSBA,hr1174-113
HSWM,hr2806-113
HSVR,hr333-113
HSAS,hr333-113
HSJU,hr344-113
HSAS,hr472-113
HSIF,hr472-113
HSPW,hr472-113
HSGO,hr472-113
HSAG,hr1882-113
HSFA,hr1882-113
HSAS,hr4628-113
HSII,hr433-113
HSAG,hr2220-113
HSHM,hr2220-113
HSIF,hr2220-113
HSRU,hr2220-113
HSAS,hr2220-113
HSJU,hr872-113
HSAG,hr872-113
HSWM,hr872-113
HSIF,hr872-113
HSGO,hr872-113
HSBA,hr872-113
HSFA,hr872-113
HSFA,hr3760-113
HSIF,hr3760-113
HSWM,hr1076-113
HSIF,hr1076-113
HSBA,hr1779-113
HSAG,hr228-113
HSHA,hr2670-113
HSWM,hr2670-113
HSJU,hr3190-113
HSIF,hr5557-113
HSWM,hr5557-113
HSFA,hr1195-113
HSSM,hr2461-113
HSAS,hr3246-113
HSAP,hr3246-113
HSAP,hr4903-113
HSIF,hr969-113
HSED,hr5533-113
HSII,hr1352-113
HSPW,hr1352-113
HSIF,hr2664-113
HSWM,hr782-113
HSWM,hr1331-113
HSIF,hr1331-113
HSIF,hr3916-113
HSAS,hr3974-113
HSWM,hr3046-113
SSGA,hr3846-113
HSWM,hr3846-113
HSHM,hr3846-113
HSVR,hr4774-113
SSBU,hr1874-113
HSRU,hr1874-113
HSBU,hr1874-113
HSED,hr5242-113
HSWM,hr5242-113
HSWM,hr2027-113
JCSE,hr4152-113
HSFA,hr4152-113
HSAP,hr4152-113
HSJU,hr2711-113
HSGO,hr2711-113
HSII,hr1025-113
HSII,hr4843-113
HSIF,hr4843-113
HSWM,hr4843-113
HSED,hr4455-113
HSSY,hr4455-113
HSWM,hr5494-113
HSJU,hr4618-113
HSGO,hr1016-113
HSJU,hr2309-113
HSIF,hr5483-113
HSAS,hr5483-113
HSII,hr4575-113
HSII,hr666-113
HSGO,hr4645-113
HSED,hr1030-113
HSWM,hr1030-113
HSIF,hr1030-113
HSVR,hr5048-113
HSAS,hr5048-113
HSWM,hr5382-113
HSWM,hr5697-113
HSIF,hr3019-113
HSIF,hr4187-113
HSWM,hr4187-113
HSAG,hr2400-113
HSAS,hr4912-113
HSBA,hr5446-113
HSAS,hr978-113
HSVR,hr3053-113
HSII,hr1964-113
HLIG,hr3900-113
HSWM,hr2502-113
HSJU,hr74-113
HSED,hr4582-113
HSWM,hr4582-113
HSWM,hr5392-113
HSED,hr3694-113
HSED,hr5577-113
HSBA,hr2266-113
HSSM,hr2882-113
HSVR,hr2882-113
SSFI,hr807-113
HSWM,hr807-113
HSBU,hr4948-113
HSAP,hr4948-113
HSIF,hr2032-113
HSGO,hr1006-113
HSIF,hr2445-113
HSAS,hr2169-113
HSVR,hr2169-113
HSIF,hr564-113
HSGO,hr2794-113
HSJU,hr4459-113
HSED,hr3122-113
SSVA,hr4276-113
HSVR,hr4276-113
HSVR,hr4050-113
HSVR,hr5042-113
HSII,hr957-113
HSWM,hr5583-113
HSWM,hr4429-113
HSJU,hr133-113
HSWM,hr226-113
HSIF,hr2977-113
HSWM,hr2977-113
HSAS,hr2157-113
HSVR,hr2157-113
HSED,hr618-113
HSWM,hr5070-113
HSBA,hr1450-113
HSAG,hr1297-113
HSJU,hr5470-113
HSHM,hr5470-113
SSFI,hr890-113
HSED,hr890-113
HSWM,hr890-113
HSFA,hr4578-113
HSBA,hr4672-113
HSWM,hr1070-113
HSIF,hr1070-113
HSGO,hr1431-113
HSED,hr4436-113
HSBA,hr4436-113
HSWM,hr4436-113
SSHR,hr3350-113
HSIF,hr3350-113
HSWM,hr3350-113
HSIF,hr3005-113
HSIF,hr4631-113
HSPW,hr2396-113
HSWM,hr2396-113
HSIF,hr4251-113
HSAS,hr4257-113
HSED,hr3446-113
HSJU,hr778-113
HSHM,hr4034-113
HSIF,hr4034-113
HSPW,hr4034-113
HLIG,hr4034-113
HSFA,hr4034-113
HSAP,hr3214-113
HSIF,hr2003-113
HSED,hr1857-113
HSIF,hr1857-113
HSJU,hr2264-113
HSAP,hr4274-113
HSGO,hr167-113
HSHA,hr167-113
HSAS,hr1867-113
HSIF,hr4260-113
HSPW,hr456-113
HSAS,hr1904-113
HSED,hr1658-113
HSAP,hr1658-113
HSAG,hr3001-113
HSSY,hr614-113
HSIF,hr2356-113
HSPW,hr3475-113
HSJU,hr2593-113
HSGO,hr2593-113
HSJU,hr3480-113
HSHA,hr3480-113
HSWM,hr1569-113
HSPW,hr5766-113
HSRU,hr2518-113
HSBU,hr2518-113
HSWM,hr371-113
HSIF,hr4472-113
HSWM,hr774-113
HSED,hr1801-113
HSWM,hr1801-113
HSIF,hr1801-113
HSIF,hr1549-113
SSCM,hr5035-113
HSSY,hr5035-113
HSVR,hr3653-113
HSWM,hr3653-113
SSBK,hr1341-113
HSAG,hr1341-113
HSBA,hr1341-113
HSED,hr1466-113
HSWM,hr207-113
HSVR,hr5500-113
HSIF,hr4035-113
HSWM,hr4035-113
HSBA,hr2998-113
HSAG,hr2642-113
SSEG,hr2231-113
HSII,hr2231-113
HSII,hr706-113
HSED,hr632-113
HSAS,hr4504-113
HSJU,hr3526-113
HSFA,hr3526-113
HSAG,hr2692-113
HSIF,hr4400-113
HSAG,hr5642-113
HSII,hr3022-113
HSVR,hr5157-113
HSJU,hr4318-113
HSII,hr4318-113
HSWM,hr4322-113
HSAS,hr810-113
HSAP,hr810-113
SSHR,hr1120-113
HSED,hr1120-113
HSJU,hr144-113
HSFA,hr2245-113
HSED,hr1385-113
HSIF,hr1385-113
HSJU,hr3857-113
HSRU,hr3857-113
HSVR,hr5708-113
HSPW,hr524-113
HSGO,hr759-113
HSED,hr798-113
SSEG,hr876-113
HSIF,hr1037-113
HSRU,hr2506-113
HSGO,hr2506-113
HSJU,hr4405-113
HSWM,hr4333-113
HSIF,hr2058-113
HSWM,hr3474-113
HSPW,hr4049-113
HSII,hr4049-113
HSED,hr4445-113
HSVR,hr481-113
HSHA,hr281-113
HSAS,hr3506-113
HSVR,hr3506-113
HSIF,hr5453-113
HSWM,hr5453-113
HSFA,hr1926-113
HSSM,hr1321-113
HSGO,hr1321-113
HSIF,hr1019-113
HSWM,hr4237-113
HSJU,hr5711-113
HSJU,hr4946-113
HSWM,hr1814-113
HSAS,hr1835-113
HSVR,hr1835-113
HSED,hr5623-113
HSAS,hr1464-113
HSED,hr4376-113
HSWM,hr4376-113
HSWM,hr3385-113
HSJU,hr1523-113
HSIF,hr1523-113
HSVR,hr154-113
HSGO,hr3993-113
HSHA,hr3993-113
HSJU,hr3756-113
HLIG,hr3756-113
HSIF,hr4683-113
HSIF,hr888-113
HSIF,hr2019-113
HSWM,hr2019-113
HSHA,hr2019-113
HSED,hr1977-113
HSAG,hr2776-113
HSWM,hr3376-113
HSBA,hr2352-113
HSIF,hr268-113
HSWM,hr268-113
HSHA,hr268-113
HSAG,hr3495-113
SSEG,hr2495-113
HSSY,hr2495-113
HSJU,hr2602-113
HSFA,hr2602-113
HSII,hr251-113
HSAG,hr1273-113
HSJU,hr366-113
HSAG,hr366-113
HSVR,hr1714-113
HSBA,hr1714-113
HSWM,hr3733-113
HSWM,hr199-113
HSAS,hr3960-113
HSAG,hr3960-113
HSPW,hr3960-113
HSII,hr576-113
HSII,hr139-113
HSAS,hr2138-113
HSVR,hr2138-113
HSII,hr3301-113
HSPW,hr3301-113
HSIF,hr3301-113
HSIF,hr5196-113
HSRU,hr5196-113
HSHA,hr5196-113
HSBA,hr5196-113
HSFA,hr5196-113
HSWM,hr5196-113
HSGO,hr5196-113
HSPW,hr5391-113
HSWM,hr670-113
HSIF,hr670-113
HSFA,hr652-113
HSIF,hr2837-113
HSWM,hr2837-113
HSJU,hr317-113
HSIF,hr1735-113
HSGO,hr1735-113
HSJU,hr2239-113
HSVR,hr5398-113
HSJU,hr630-113
HSGO,hr630-113
HSJU,hr917-113
SSEV,hr4032-113
HSJU,hr4032-113
HSII,hr4032-113
HSBU,hr2348-113
HSBA,hr2348-113
HSAP,hr4745-113
HSVR,hr5475-113
HSVR,hr5731-113
HSGO,hr4934-113
HSWM,hr5622-113
HSAS,hr4778-113
HSSY,hr1446-113
HSIF,hr702-113
HSIF,hr4327-113
HSVR,hr2327-113
HSED,hr795-113
HSJU,hr425-113
HSHM,hr394-113
HSSY,hr394-113
HSIF,hr394-113
HSWM,hr394-113
HSJU,hr5114-113
HSHM,hr5114-113
HSWM,hr5114-113
HSAS,hr5114-113
HSFA,hr5114-113
HSWM,hr4118-113
HSED,hr2155-113
HSJU,hr2652-113
HSBA,hr2652-113
HSSY,hr1421-113
HSED,hr2654-113
HSJU,hr2654-113
HSVR,hr4760-113
HSJU,hr3921-113
HSED,hr3921-113
HSWM,hr5082-113
HSVR,hr3207-113
HSSY,hr3157-113
HSIF,hr3820-113
HSBA,hr2364-113
HSPW,hr1296-113
HSWM,hr2477-113
HSIF,hr2477-113
HSJU,hr2183-113
HLIG,hr2183-113
HSAS,hr2183-113
HSIF,hr2626-113
HSAS,hr5278-113
HSGO,hr5278-113
HSED,hr566-113
HSII,hr3922-113
HSPW,hr2741-113
HSIF,hr217-113
HSED,hr5005-113
HSAG,hr1794-113
HSWM,hr1795-113
HSJU,hr203-113
HSSY,hr2556-113
SSBK,hr4167-113
HSBA,hr4167-113
HSED,hr5399-113
HSWM,hr5399-113
HSED,hr3485-113
HSWM,hr1309-113
HSIF,hr1309-113
HSIF,hr4799-113
HSGO,hr4306-113
HSII,hr5039-113
HSIF,hr4070-113
HSAP,hr1432-113
HSJU,hr578-113
SSGA,hr1232-113
SSAS,hr1232-113
HSGO,hr1232-113
HSIF,hr4098-113
HSIF,hr2351-113
HSPW,hr2351-113
HSJU,hr1728-113
HSWM,hr2605-113
HSJU,hr2098-113
HSRU,hr352-113
HSWM,hr352-113
HSSY,hr2431-113
SSGA,hr4007-113
HSIF,hr4007-113
HSHM,hr4007-113
SSBK,hr1742-113
HSBA,hr1742-113
HSED,hr2350-113
HSED,hr1755-113
HSJU,hr1755-113
HSGO,hr1755-113
HSHA,hr1755-113
HSED,hr537-113
HSVR,hr4356-113
HSII,hr1384-113
HSGO,hr1384-113
SSJU,hr1797-113
HSGO,hr1797-113
HSJU,hr1797-113
HSVR,hr4759-113
HSGO,hr194-113
HSHA,hr194-113
HSGO,hr2926-113
HSJU,hr5137-113
HSHM,hr5137-113
HSII,hr5137-113
HSAG,hr5137-113
HSFA,hr5137-113
HSBA,hr4986-113
HSED,hr2125-113
HSII,hr2125-113
HSWM,hr2125-113
HSIF,hr2125-113
HSHA,hr2125-113
HSJU,hr2125-113
HSWM,hr1560-113
HSJU,hr572-113
HSWM,hr2137-113
HSIF,hr2030-113
HSBA,hr2760-113
HSAS,hr958-113
HSVR,hr958-113
HSBU,hr958-113
HSED,hr4108-113
HSIF,hr4108-113
HSWM,hr794-113
HSIF,hr794-113
HSVR,hr4793-113
HSWM,hr119-113
HSJU,hr2772-113
HSED,hr5477-113
HSWM,hr5477-113
HSBU,hr239-113
HSGO,hr4312-113
HSSM,hr168-113
HSJU,hr780-113
HSII,hr780-113
HSII,hr5885-113
HSJU,hr3923-113
HSJU,hr3601-113
HSED,hr4842-113
HSBA,hr4842-113
HSVR,hr5172-113
HSII,hr1630-113
HSIF,hr3392-113
HSWM,hr3392-113
HSWM,hr1301-113
HSAP,hr1301-113
HSAG,hr2136-113
HSBU,hr243-113
HSRU,hr243-113
HSHA,hr243-113
HSGO,hr243-113
HSWM,hr243-113
SSFI,hr2565-113
HSWM,hr2565-113
HSAS,hr1971-113
HSIF,hr1370-113
HSED,hr4828-113
HSJU,hr1473-113
HSIF,hr1473-113
HSWM,hr2116-113
HSAP,hr3352-113
HSIF,hr5812-113
HSSY,hr5812-113
HSGO,hr5812-113
HSED,hr5812-113
HSII,hr318-113
HSHA,hr3276-113
HSIF,hr647-113
HSWM,hr647-113
HSII,hr3313-113
HSIF,hr3423-113
HSWM,hr3423-113
HSIF,hr3512-113
HSWM,hr3512-113
HSVR,hr4335-113
HSWM,hr3391-113
HSPW,hr2120-113
HSJU,hr4777-113
HSIF,hr4777-113
HSWM,hr4777-113
HSHA,hr5095-113
HSGO,hr534-113
HSIF,hr4808-113
HSIF,hr1563-113
HSIF,hr3420-113
HSED,hr3420-113
HSWM,hr3420-113
HSJU,hr206-113
HSBU,hr206-113
HSWM,hr4555-113
HSWM,hr1108-113
HSJU,hr1108-113
HSPW,hr1108-113
HSIF,hr4856-113
HSII,hr1187-113
HSWM,hr47-113
HSBA,hr1626-113
HSJU,hr5334-113
HSGO,hr5334-113
HSHA,hr5334-113
HSBU,hr811-113
HSHM,hr3141-113
HSVR,hr3408-113
HSII,hr3080-113
HSWM,hr3080-113
HSBU,hr3080-113
HSPW,hr3080-113
HSBA,hr4252-113
HSIF,hr3847-113
HSGO,hr3847-113
HSWM,hr4865-113
HSJU,hr1214-113
HSIF,hr1214-113
HSED,hr1716-113
HSWM,hr1716-113
HSWM,hr3947-113
HSED,hr4591-113
HSWM,hr4591-113
HSVR,hr5286-113
HSJU,hr3037-113
HSAS,hr2496-113
HSFA,hr2496-113
HSVR,hr5375-113
HSGO,hr5375-113
HSAS,hr5375-113
HSSY,hr823-113
HSBU,hr823-113
HSAG,hr1272-113
HSIF,hr3681-113
HSWM,hr3681-113
HSJU,hr2761-113
HLIG,hr2761-113
HSBA,hr4271-113
HSAG,hr2044-113
HSWM,hr2044-113
HSIF,hr2044-113
HSFA,hr2044-113
HSED,hr3081-113
SSEG,hr3326-113
HSII,hr3326-113
HSHA,hr280-113
HSBA,hr5601-113
HSJU,hr710-113
HSJU,hr5240-113
HSHM,hr5240-113
HLIG,hr5240-113
HSGO,hr5240-113
HSBA,hr5061-113
HSWM,hr1588-113
HSIF,hr1588-113
HSVR,hr2913-113
HSBU,hr2913-113
HSJU,hr2281-113
HSBA,hr2281-113
HSFA,hr2281-113
HSPW,hr1185-113
HSII,hr445-113
HSIF,hr3279-113
HSJU,hr626-113
HSED,hr2549-113
HSAG,hr4051-113
HSII,hr4051-113
HSBU,hr987-113
HSWM,hr987-113
HSIF,hr963-113
HSAP,hr1039-113
HSII,hr5756-113
HSJU,hr4635-113
HSIF,hr4635-113
HSAG,hr1351-113
HSII,hr1351-113
HSED,hr1351-113
HSII,hr474-113
HSWM,hr474-113
HSED,hr557-113
HSIF,hr4398-113
HSIF,hr2328-113
HSAP,hr3273-113
HSRU,hr3273-113
HSJU,hr435-113
HSAS,hr435-113
HSII,hr2552-113
HSED,hr3690-113
HSJU,hr1950-113
HSWM,hr1950-113
HSIF,hr5380-113
HSWM,hr5380-113
HSVR,hr604-113
SSHR,hr2083-113
HSED,hr2083-113
HSHA,hr496-113
SSGA,hr4197-113
HSJU,hr4197-113
HSGO,hr4197-113
HSED,hr2152-113
HSAS,hr4766-113
HSVR,hr4766-113
HSWM,hr4600-113
HSBA,hr4463-113
HSWM,hr4463-113
HSII,hr1215-113
HSWM,hr1556-113
SSGA,hr1791-113
HSHM,hr1791-113
HSAS,hr2841-113
HSII,hr5069-113
HSFA,hr4349-113
HSII,hr4349-113
HSIF,hr4349-113
HSRU,hr4349-113
HSJU,hr4727-113
HSPW,hr4727-113
HSAS,hr3106-113
HSVR,hr3106-113
HSRU,hr3370-113
HSBA,hr3370-113
HSHM,hr735-113
HSPW,hr735-113
SSEG,hr5040-113
HSII,hr5040-113
SSEG,hr573-113
HSII,hr573-113
HSAS,hr4144-113
HSJU,hr5503-113
HSIF,hr5503-113
HSBU,hr5503-113
HSBA,hr3693-113
SSEG,hr4092-113
HSIF,hr4092-113
HSED,hr1939-113
HSWM,hr1939-113
SSGA,hr3308-113
HSGO,hr3308-113
HSVR,hr2086-113
HSWM,hr3419-113
HSWM,hr2700-113
HSIF,hr2700-113
HSED,hr2700-113
HSWM,hr3970-113
HSIF,hr3953-113
HSBU,hr2944-113
HSAP,hr2944-113
HSJU,hr3720-113
HSIF,hr3720-113
HSIF,hr4367-113
HSWM,hr3977-113
HSJU,hr1269-113
HLIG,hr1269-113
HSAS,hr1269-113
HSVR,hr411-113
HSVR,hr303-113
HSAS,hr303-113
HSWM,hr5326-113
HSED,hr1100-113
HSIF,hr1100-113
SSCM,hr1344-113
HSHM,hr1344-113
HSBA,hr4255-113
HSJU,hr672-113
HSIF,hr672-113
HSAS,hr2590-113
HSVR,hr2590-113
HSJU,hr96-113
HSJU,hr717-113
HSED,hr650-113
HSVR,hr4359-113
HSII,hr876-113
HSJU,hr4209-113
HSIF,hr4209-113
HSBU,hr4209-113
HSWM,hr4209-113
HSFA,hr3571-113
HSWM,hr4479-113
HSWM,hr1601-113
HSJU,hr2766-113
HSGO,hr436-113
HSSY,hr860-113
HSWM,hr860-113
HSIF,hr3527-113
SSAP,hr4486-113
HSAP,hr4486-113
HSJU,hr4291-113
HLIG,hr4291-113
HSAP,hr1013-113
HSSM,hr2232-113
HSAG,hr1639-113
HSIF,hr1639-113
HSWM,hr3422-113
HSBA,hr2561-113
HSHA,hr3104-113
HSGO,hr3104-113
HSPW,hr2026-113
HSWM,hr581-113
HSJU,hr1528-113
HSIF,hr1528-113
HSIF,hr3742-113
HSJU,hr955-113
HSII,hr1190-113
HSED,hr4823-113
HSVR,hr1305-113
SSHR,hr225-113
HSIF,hr225-113
HSJU,hr4225-113
HSWM,hr1579-113
HSAS,hr658-113
HSPW,hr4507-113
HSPW,hr4844-113
HSED,hr5219-113
HSWM,hr214-113
HSIF,hr214-113
HSAG,hr214-113
HSGO,hr214-113
HSJU,hr214-113
HSBA,hr214-113
HSFA,hr214-113
HSED,hr438-113
HSAS,hr2354-113
HSHM,hr3438-113
HSWM,hr2573-113
HSPW,hr5312-113
HSED,hr115-113
HSII,hr2657-113
SSJU,hr1123-113
HSJU,hr1123-113
HSII,hr2508-113
HSAS,hr2847-113
HSVR,hr2847-113
HSII,hr262-113
HSGO,hr262-113
SSVA,hr2942-113
HSVR,hr2942-113
HSJU,hr983-113
HLIG,hr983-113
HSVR,hr1725-113
SSHR,hr5134-113
HSED,hr5134-113
HSVR,hr3508-113
HSED,hr2852-113
HSGO,hr2723-113
HSFA,hr2723-113
HSIF,hr5300-113
HSIF,hr920-113
HSIF,hr3795-113
HSPW,hr2887-113
HSHA,hr517-113
HSGO,hr517-113
HSWM,hr374-113
HSBU,hr254-113
HSII,hr254-113
HSFA,hr4581-113
HSIF,hr5613-113
HSJU,hr2764-113
HSPW,hr3862-113
HSVR,hr5333-113
HSED,hr2040-113
HSWM,hr2040-113
HSAS,hr683-113
HSVR,hr683-113
HSVR,hr844-113
HSWM,hr2028-113
HSII,hr1683-113
HSAP,hr2811-113
HSIF,hr5429-113
HSBA,hr4626-113
HSIF,hr2130-113
HSIF,hr5322-113
HSRU,hr5322-113
HSGO,hr5322-113
HSWM,hr2987-113
HSPW,hr5078-113
HSED,hr1330-113
HSWM,hr1330-113
HSBA,hr1330-113
HSFA,hr2099-113
HSBA,hr1077-113
HSWM,hr2181-113
HSIF,hr2181-113
HSJU,hr4124-113
HSII,hr1103-113
HSBU,hr152-113
HSAP,hr152-113
HSAG,hr1890-113
HSBA,hr285-113
HSWM,hr494-113
HSBA,hr3867-113
HSJU,hr4301-113
HSFA,hr5128-113
HSED,hr2159-113
HSAS,hr1131-113
HSBA,hr4146-113
HSAG,hr4966-113
HSED,hr3154-113
HSPW,hr3597-113
HSBU,hr900-113
HSJU,hr3457-113
SSEG,hr761-113
HSJU,hr761-113
HSII,hr761-113
HSWM,hr4114-113
HSPW,hr1153-113
HSIF,hr294-113
HSJU,hr4961-113
HSHM,hr4961-113
HSSY,hr5189-113
HSBA,hr2435-113
HSAG,hr1825-113
HSII,hr1825-113
HSED,hr3738-113
HSJU,hr2665-113
HSED,hr649-113
HSWM,hr649-113
HSBA,hr797-113
HSWM,hr1-113
HSWM,hr37-113
HSIF,hr37-113
HSGO,hr37-113
HSHA,hr37-113
HSRU,hr37-113
SSGA,hr3410-113
HSHM,hr3410-113
HSJU,hr538-113
HSED,hr3047-113
HSED,hr1845-113
HSFA,hr1909-113
HSJU,hr1823-113
HSVR,hr2079-113
HSWM,hr2713-113
HSBA,hr2571-113
HSED,hr1089-113
HSBA,hr24-113
HSGO,hr24-113
HSVR,hr1438-113
HSSM,hr1283-113
HSWM,hr4129-113
HSFA,hr5862-113
HSJU,hr5538-113
HSFA,hr1337-113
HSAG,hr3684-113
HSSY,hr3684-113
HSIF,hr3684-113
HSPW,hr3684-113
HSED,hr5324-113
HSIF,hr5324-113
HSIF,hr271-113
HSBA,hr3518-113
HSWM,hr4748-113
HSIF,hr1608-113
HSBA,hr1712-113
HSIF,hr4385-113
HSAP,hr4937-113
HSGO,hr4937-113
HSHA,hr755-113
HSBA,hr755-113
HSWM,hr2429-113
HSAP,hr5230-113
HSJU,hr873-113
HSAG,hr873-113
HSWM,hr873-113
HSBA,hr873-113
HSFA,hr873-113
HSVR,hr4150-113
HSWM,hr4150-113
HSED,hr1498-113
HSED,hr3905-113
HSJU,hr3905-113
HSWM,hr2885-113
HSAS,hr4666-113
HSIF,hr3541-113
HSAP,hr58-113
HSGO,hr5593-113
HSIF,hr1107-113
HSGO,hr1764-113
HSGO,hr3573-113
HSBA,hr3183-113
HSVR,hr4580-113
HSED,hr5597-113
HSAG,hr1510-113
HSFA,hr575-113
SSVA,hr570-113
HSVR,hr570-113
HSIF,hr5654-113
HSWM,hr3133-113
HSGO,hr3133-113
HSJU,hr1430-113
HSII,hr1430-113
HSAG,hr3188-113
HSII,hr3188-113
HSII,hr2278-113
HSAG,hr2278-113
HSHM,hr2278-113
HSJU,hr2278-113
HSII,hr5003-113
HSWM,hr3865-113
HSAG,hr1247-113
HSAS,hr4630-113
HSII,hr187-113
HSWM,hr4931-113
HSPW,hr3494-113
HSBA,hr1719-113
HSII,hr2081-113
HSIF,hr2081-113
HSWM,hr2081-113
HSBA,hr5581-113
HSBA,hr2547-113
HSGO,hr2694-113
HSBA,hr360-113
HSHM,hr3300-113
HSPW,hr3300-113
HSIF,hr2417-113
HSBU,hr2417-113
HSIF,hr2218-113
HSIF,hr1838-113
HSBA,hr554-113
HSIF,hr3359-113
HSWM,hr3359-113
HSED,hr2625-113
HSGO,hr4792-113
HSJU,hr3724-113
HSII,hr1217-113
HSPW,hr1217-113
HSHA,hr1217-113
HSIF,hr2433-113
HSED,hr4232-113
HSIF,hr2914-113
HSWM,hr2914-113
HSWM,hr1212-113
HSED,hr5100-113
HSJU,hr2999-113
HSPW,hr3978-113
HSWM,hr5504-113
HSII,hr703-113
SSCM,hr2844-113
HSIF,hr2844-113
HSVR,hr569-113
HSFA,hr1515-113
HSAP,hr4181-113
HSIF,hr4378-113
HSII,hr1667-113
HSVR,hr4198-113
HSBA,hr736-113
HSIF,hr2948-113
HSPW,hr2948-113
HSBU,hr1478-113
HSJU,hr266-113
HSAP,hr3237-113
HSVR,hr1796-113
HSAS,hr1796-113
HSWM,hr205-113
HSVR,hr4149-113
HSIF,hr4149-113
HSWM,hr4149-113
HSWM,hr3698-113
HSIF,hr5723-113
HSJU,hr2014-113
HSHM,hr3032-113
HSGO,hr3032-113
HSII,hr4685-113
HSBA,hr941-113
HSJU,hr506-113
HSBA,hr3380-113
SSBK,hr2672-113
HSBA,hr2672-113
HSAG,hr213-113
HSIF,hr213-113
HSED,hr2426-113
HSIF,hr3076-113
HSWM,hr3076-113
HSHA,hr3076-113
HSGO,hr3076-113
HSSY,hr4161-113
HSPW,hr2906-113
HSSM,hr2906-113
HSII,hr4858-113
HSWM,hr1821-113
HSIF,hr1821-113
HSJU,hr3042-113
HSGO,hr3042-113
HSWM,hr2577-113
HSWM,hr4757-113
HSAS,hr3788-113
HSIF,hr3204-113
HSAG,hr2470-113
HSED,hr2470-113
HSVR,hr2470-113
HSIF,hr2470-113
HSBA,hr2470-113
HSWM,hr2470-113
HSIF,hr1024-113
HSWM,hr1024-113
HSII,hr2513-113
HSIF,hr2513-113
HSPW,hr2513-113
HSAG,hr2513-113
HSPW,hr4854-113
HSJU,hr421-113
HSAS,hr1938-113
HSJU,hr2369-113
HSJU,hr1901-113
HSIF,hr3306-113
HSWM,hr3306-113
HSBA,hr1734-113
HSWM,hr2619-113
HSIF,hr2619-113
HSIF,hr4998-113
HSWM,hr4998-113
HSED,hr1595-113
HSJU,hr1227-113
SSFI,hr2769-113
HSWM,hr2769-113
HSED,hr3532-113
HSVR,hr1792-113
HSAS,hr5290-113
HSIF,hr116-113
HSIF,hr4406-113
HSII,hr4319-113
HSWM,hr3975-113
HSIF,hr3975-113
HSBA,hr2366-113
HSJU,hr2805-113
HSII,hr601-113
HSWM,hr601-113
HSAG,hr2343-113
HSJU,hr3103-113
HLIG,hr3103-113
HSPW,hr3552-113
HSJU,hr633-113
HSIF,hr594-113
HSED,hr891-113
HSBA,hr891-113
HSJU,hr1596-113
HSVR,hr3330-113
HSED,hr2316-113
HSPW,hr5621-113
HSIF,hr5072-113
HSIF,hr2853-113
HSSY,hr2981-113
HSSM,hr2981-113
HSWM,hr3298-113
HSAS,hr3996-113
HSWM,hr694-113
HSED,hr3491-113
HSWM,hr3491-113
HSIF,hr5507-113
HSWM,hr5507-113
SSJU,hr338-113
HSJU,hr338-113
HSIF,hr5093-113
HSSM,hr3191-113
HSAS,hr1729-113
HSBA,hr1213-113
HSWM,hr1213-113
HSED,hr3020-113
HSIF,hr3020-113
HSWM,hr3020-113
HSIF,hr4169-113
HSIF,hr4364-113
HSJU,hr1760-113
HSIF,hr643-113
HSPW,hr643-113
HSSM,hr4094-113
HSJU,hr3452-113
HSSY,hr2850-113
HSVR,hr2423-113
HSED,hr2669-113
HSED,hr1010-113
HSJU,hr2746-113
HSIF,hr2746-113
HSWM,hr1708-113
HSGO,hr3874-113
HSAS,hr704-113
HSPW,hr2436-113
HSPW,hr4113-113
HSPW,hr1582-113
SSEV,hr1582-113
HSIF,hr1582-113
SSHR,hr2094-113
HSBA,hr4262-113
HSGO,hr4262-113
HSWM,hr1324-113
HSWM,hr4781-113
HSIF,hr3208-113
HSAP,hr4800-113
HSFA,hr3277-113
HSIF,hr5353-113
HSII,hr2856-113
HSPW,hr219-113
HSPW,hr4926-113
HSII,hr1398-113
HSED,hr1946-113
HSAP,hr1164-113
HSHM,hr4450-113
HSIF,hr4450-113
HSAP,hr2609-113
HSVR,hr2153-113
HSED,hr5589-113
HSED,hr4033-113
HSIF,hr3591-113
HSAS,hr1128-113
HSFA,hr1128-113
HSFA,hr2638-113
HSJU,hr21-113
SSGA,hr2061-113
HSGO,hr2061-113
HSGO,hr3223-113
HSWM,hr1029-113
HSVR,hr1402-113
HSPW,hr1460-113
HSVR,hr3310-113
HSAS,hr3310-113
HSGO,hr3310-113
HSBA,hr3310-113
HSBA,hr4868-113
HSJU,hr2821-113
HSPW,hr2821-113
HSBU,hr2821-113
HSGO,hr2821-113
HSHA,hr2821-113
HSBA,hr2821-113
HSED,hr2821-113
HSSM,hr2821-113
HSWM,hr2821-113
HSJU,hr625-113
HSPW,hr182-113
HSII,hr2491-113
HSJU,hr4178-113
HSAP,hr2792-113
HSPW,hr3377-113
HSII,hr1927-113
HSAP,hr2643-113
HSGO,hr2643-113
HSII,hr5389-113
HSII,hr1491-113
HSPW,hr1491-113
HSBA,hr4164-113
HSII,hr2000-113
HSJU,hr3431-113
HSPW,hr2742-113
HSJU,hr3568-113
HSSY,hr3568-113
HSED,hr3568-113
HSII,hr934-113
HSWM,hr1532-113
HSHM,hr4057-113
HSWM,hr4057-113
HSII,hr1328-113
HSVR,hr4875-113
HSII,hr1744-113
HSBA,hr1499-113
SSBK,hr1564-113
HSBA,hr1564-113
HSVR,hr3614-113
HSED,hr5845-113
HSIF,hr5845-113
HSJU,hr5845-113
HSJU,hr131-113
HSBA,hr131-113
HSGO,hr5202-113
HSBA,hr4791-113
HSWM,hr2085-113
HSIF,hr2085-113
HSAS,hr833-113
SSBK,hr5405-113
HSAG,hr5405-113
HSBA,hr5405-113
HSIF,hr2685-113
HSII,hr5052-113
SSCM,hr1961-113
HSPW,hr1961-113
HSVR,hr5047-113
HSAG,hr1638-113
HSAP,hr1638-113
HSGO,hr1638-113
HSPW,hr974-113
HSPW,hr3518-113
HSWM,hr3788-113
HSIF,hr3093-113
HSWM,hr3093-113
SSVA,hr3593-113
HSVR,hr3593-113
HSED,hr4172-113
HSWM,hr25-113
HSVR,hr4841-113
HSBU,hr4841-113
HSGO,hr4841-113
HSWM,hr259-113
HSII,hr3201-113
HSJU,hr3990-113
HSIF,hr3990-113
HSBU,hr3990-113
HSGO,hr3990-113
HSBA,hr3990-113
SSGA,hr2291-113
HSGO,hr2291-113
HSWM,hr574-113
HSIF,hr574-113
HSII,hr3806-113
HSIF,hr5145-113
HSIF,hr1189-113
HSAS,hr4435-113
HSII,hr5360-113
HSSY,hr5360-113
HSPW,hr5360-113
HSIF,hr5360-113
HSRU,hr5360-113
HSJU,hr5360-113
HSBU,hr5360-113
HSWM,hr5360-113
HSJU,hr3195-113
HLIG,hr3195-113
HSJU,hr848-113
HSPW,hr4439-113
HSSM,hr4439-113
SSAF,hr1038-113
HSAG,hr1038-113
HSII,hr1782-113
HSIF,hr3062-113
HSED,hr4579-113
HSFA,hr2307-113
HSWM,hr815-113
HSIF,hr1413-113
HSFA,hr104-113
HSBA,hr4881-113
HSFA,hr2738-113
HSWM,hr1424-113
HSED,hr4159-113
HSSY,hr4159-113
HSIF,hr4066-113
HSWM,hr1065-113
HSIF,hr3147-113
HSBA,hr234-113
HSPW,hr2954-113
SSEG,hr2954-113
HSII,hr2954-113
HSIF,hr1659-113
SSEG,hr2640-113
HSII,hr2640-113
HSII,hr3099-113
HSED,hr2562-113
HSVR,hr1842-113
HSED,hr567-113
HSJU,hr567-113
HSII,hr567-113
HSWM,hr567-113
HSIF,hr567-113
HSAP,hr567-113
HSRU,hr567-113
HSHA,hr567-113
HSHM,hr4303-113
HSJU,hr4303-113
HSWM,hr4303-113
HSWM,hr3952-113
HSIF,hr1849-113
HSWM,hr3989-113
HSII,hr1512-113
HSAS,hr1265-113
HSVR,hr2797-113
HSWM,hr2797-113
HSSY,hr4905-113
HSFA,hr4905-113
HSED,hr2317-113
HSJU,hr5859-113
HSGO,hr5859-113
HSBA,hr5859-113
HSFA,hr5859-113
HSED,hr1437-113
HSJU,hr431-113
HSII,hr829-113
HSBA,hr4662-113
HSIF,hr3123-113
HSWM,hr3123-113
HSAG,hr4157-113
HSSY,hr4157-113
HSPW,hr4157-113
HSIF,hr4157-113
HSED,hr2658-113
HSED,hr3903-113
HSPW,hr4153-113
HSJU,hr3914-113
HSPW,hr4945-113
HSAP,hr4945-113
HSWM,hr4945-113
HSVR,hr2522-113
HSJU,hr4962-113
HSHM,hr4962-113
HSII,hr4962-113
HSAG,hr4962-113
HSIF,hr550-113
HSBA,hr3519-113
HSGO,hr824-113
HSIF,hr4814-113
HSWM,hr4814-113
HSII,hr1686-113
HSWM,hr1686-113
HSSY,hr2687-113
SSEG,hr316-113
HSIF,hr316-113
HSIF,hr4427-113
SSJU,hr5421-113
HSJU,hr5421-113
HSVR,hr3514-113
HSED,hr561-113
HSWM,hr3084-113
HSIF,hr3196-113
HSED,hr725-113
HSIF,hr725-113
HSJU,hr2077-113
HSPW,hr4889-113
HSVR,hr1132-113
HSAS,hr1132-113
HSWM,hr5285-113
HSBA,hr1670-113
HSAS,hr1075-113
SSFR,hr4490-113
HSFA,hr4490-113
HSWM,hr956-113
SSCM,hr967-113
HSSY,hr967-113
HSWM,hr3293-113
HLIG,hr2684-113
HSJU,hr2684-113
HSII,hr3716-113
HSAS,hr3111-113
HSGO,hr3111-113
HSAG,hr1442-113
HSII,hr1442-113
HSIF,hr728-113
HSED,hr4541-113
HSED,hr2895-113
HSJU,hr2895-113
HSHM,hr2895-113
HSWM,hr3968-113
HSAS,hr5478-113
HSJU,hr477-113
HSSY,hr4186-113
HSSM,hr4186-113
HSSY,hr5363-113
HSII,hr5363-113
HSPW,hr5363-113
HSIF,hr5363-113
HSVR,hr454-113
HSJU,hr1369-113
HSJU,hr2024-113
HSAG,hr4601-113
HSWM,hr4601-113
HSGO,hr4601-113
HSED,hr3860-113
HSIF,hr3860-113
HSIF,hr274-113
HSIF,hr5587-113
HSHM,hr3635-113
SSGA,hr3635-113
HSGO,hr3635-113
HSVR,hr897-113
HSJU,hr493-113
HSIF,hr493-113
HSWM,hr2443-113
HSJU,hr743-113
HSED,hr11-113
HSJU,hr11-113
HSII,hr11-113
HSIF,hr11-113
HSBA,hr11-113
HSJU,hr2886-113
HSGO,hr2886-113
HSAG,hr3012-113
HSBA,hr3012-113
HSIF,hr2825-113
HSVR,hr1759-113
HSJU,hr218-113
HSHM,hr2962-113
HSVR,hr3007-113
HSII,hr1633-113
HSAG,hr1633-113
HSVR,hr2088-113
HSAS,hr1631-113
HSAG,hr2380-113
HSWM,hr5024-113
SSVA,hr4261-113
HSVR,hr4261-113
HSED,hr4227-113
HSJU,hr4227-113
HSGO,hr4227-113
HSHA,hr4227-113
HSWM,hr2042-113
HSWM,hr1148-113
HSIF,hr1148-113
HSHA,hr4041-113
HSBA,hr4041-113
HSJU,hr3390-113
HSAG,hr3390-113
HSII,hr3390-113
HSPW,hr3390-113
HSIF,hr4850-113
HSBA,hr4236-113
HSED,hr4236-113
HSVR,hr2941-113
HSAS,hr4101-113
SSAP,hr4870-113
HSAP,hr4870-113
HSED,hr4328-113
HSIF,hr5753-113
HSJU,hr3116-113
HSIF,hr3116-113
HSWM,hr3116-113
HSIF,hr912-113
HSIF,hr3303-113
HSAS,hr2249-113
HSSY,hr4000-113
HSAG,hr4000-113
HSIF,hr4000-113
HSBA,hr4000-113
HSED,hr4000-113
SSEG,hr3008-113
HSII,hr3008-113
HSII,hr255-113
HSWM,hr3739-113
HSBA,hr4324-113
HSGO,hr4324-113
HSJU,hr3382-113
HSIF,hr3382-113
HSHM,hr3158-113
HSAS,hr4723-113
HSIF,hr4849-113
HSHA,hr1338-113
HSFA,hr2771-113
HSIF,hr2771-113
HSVR,hr1521-113
HSGO,hr5482-113
HSIF,hr3588-113
HSFA,hr5415-113
HSBA,hr3701-113
HSAS,hr110-113
HSVR,hr110-113
SSEG,hr298-113
HSII,hr298-113
HSIF,hr4957-113
HSED,hr1975-113
HSJU,hr1975-113
HSGO,hr1975-113
HSHA,hr1975-113
HSJU,hr830-113
HSAS,hr830-113
HSAG,hr830-113
HSHM,hr830-113
HSWM,hr830-113
HSII,hr830-113
HSGO,hr830-113
HSED,hr830-113
HSII,hr1363-113
HSBA,hr4604-113
HSWM,hr4780-113
HSII,hr1839-113
HSFA,hr3233-113
HSJU,hr3233-113
HSIF,hr2869-113
HSWM,hr2869-113
HSPW,hr2730-113
HSED,hr2149-113
HSWM,hr2149-113
HSGO,hr2149-113
HSED,hr1000-113
HSWM,hr1000-113
HSII,hr1561-113
HSED,hr2173-113
HSAS,hr2059-113
HSAS,hr4730-113
SSGA,hr4189-113
HSGO,hr4189-113
HSWM,hr4855-113
HSBA,hr3011-113
SSAF,hr1256-113
HSAG,hr1256-113
HSBA,hr1256-113
HSIF,hr2457-113
HSWM,hr4718-113
HSJU,hr3706-113
HSED,hr3706-113
HSII,hr2595-113
HSGO,hr2595-113
HSWM,hr5828-113
HSED,hr5828-113
HSED,hr3401-113
HSBA,hr1261-113
HSIF,hr1235-113
HSII,hr588-113
HSIF,hr1666-113
HSII,hr2068-113
HSWM,hr4900-113
HSPW,hr3676-113
SSJU,hr1447-113
HSJU,hr1447-113
HSFA,hr3766-113
HSRU,hr3766-113
HSWM,hr2253-113
HSJU,hr1354-113
HSJU,hr5709-113
HSWM,hr5709-113
HSGO,hr5709-113
HSBA,hr5709-113
HSFA,hr5709-113
HSAS,hr3493-113
HSIF,hr3761-113
HSFA,hr419-113
HSWM,hr419-113
HSVR,hr3056-113
HSAG,hr3886-113
HSII,hr3886-113
HSBU,hr3886-113
HSJU,hr236-113
HSWM,hr5646-113
HSIF,hr5113-113
HSWM,hr5113-113
HSED,hr1648-113
HSPW,hr4576-113
HSSY,hr2803-113
HSJU,hr707-113
HSIF,hr707-113
HSED,hr707-113
HSWM,hr2667-113
HSBA,hr1669-113
HSWM,hr1885-113
HSBA,hr4478-113
HSJU,hr3713-113
HSHM,hr72-113
HSJU,hr72-113
HSIF,hr3471-113
SSGA,hr4195-113
HSGO,hr4195-113
HSVR,hr2358-113
HSBA,hr1551-113
HSIF,hr5033-113
HSED,hr822-113
HSWM,hr5381-113
HSIF,hr3851-113
HSJU,hr3000-113
HSED,hr5303-113
HSII,hr4458-113
HSBA,hr5222-113
HSIF,hr3358-113
HSWM,hr3358-113
HSED,hr5875-113
HSWM,hr5875-113
HSIF,hr1486-113
HSWM,hr1486-113
HSJU,hr1470-113
SSGA,hr3765-113
HSGO,hr3765-113
HSII,hr3704-113
HSAS,hr1843-113
HSIF,hr2094-113
HSVR,hr921-113
HSAG,hr1313-113
HSJU,hr2187-113
HSVR,hr4892-113
HSIF,hr4892-113
HSGO,hr4892-113
HSWM,hr4892-113
HSAS,hr4892-113
HSBA,hr1002-113
HSJU,hr777-113
HSJU,hr651-113
HSWM,hr651-113
HSFA,hr651-113
HSWM,hr4621-113
HSIF,hr4339-113
HSPW,hr4339-113
HSGO,hr3563-113
HSFA,hr125-113
HSIF,hr820-113
HSJU,hr3169-113
HSSM,hr3169-113
HSHA,hr3071-113
HSII,hr2918-113
HSWM,hr2918-113
HSVR,hr4422-113
HLIG,hr5482-113
HSWM,hr2053-113
HSII,hr5573-113
HSWM,hr1465-113
HSAS,hr741-113
HSAS,hr1593-113
HSJU,hr3349-113
HSPW,hr3650-113
HSIF,hr1469-113
HSIF,hr4667-113
HSBA,hr4071-113
HSJU,hr3335-113
HSAS,hr3794-113
HSAP,hr3794-113
HSII,hr5543-113
HSED,hr2536-113
HSIF,hr3132-113
HSII,hr1439-113
HSED,hr2697-113
HSIF,hr5364-113
HSWM,hr5364-113
HSJU,hr889-113
HSWM,hr889-113
HSIF,hr889-113
HSFA,hr889-113
HSED,hr3545-113
HSFA,hr4223-113
HSED,hr2346-113
HSIF,hr1205-113
HSII,hr4988-113
SSCM,hr1900-113
HSIF,hr1900-113
HSIF,hr3878-113
HSAS,hr2002-113
HSII,hr1425-113
HSPW,hr1425-113
HSIF,hr2828-113
HSWM,hr2828-113
HSAG,hr2384-113
HSAS,hr4217-113
HSPW,hr1175-113
HSPW,hr5201-113
HSED,hr4675-113
HSJU,hr62-113
HSII,hr2455-113
HSIF,hr1293-113
HSWM,hr1293-113
HSPW,hr4440-113
HSWM,hr5287-113
HSVR,hr4712-113
HSFA,hr200-113
HSAS,hr200-113
HSJU,hr4414-113
HSHA,hr4414-113
HSII,hr4414-113
HSED,hr4414-113
HSIF,hr4414-113
HSWM,hr4414-113
HSII,hr2489-113
HSIF,hr4543-113
HSWM,hr4543-113
HSED,hr5051-113
HSIF,hr5051-113
HSWM,hr5051-113
SSGA,hr3488-113
HSWM,hr3488-113
HSHM,hr3488-113
HSED,hr2584-113
HSWM,hr886-113
HSWM,hr4163-113
HSBA,hr3331-113
HSAS,hr3798-113
HSIF,hr3798-113
HSJU,hr966-113
HSED,hr132-113
HSII,hr132-113
HSWM,hr132-113
HSIF,hr132-113
HSAP,hr132-113
HSRU,hr132-113
HSHA,hr132-113
HSJU,hr132-113
HSIF,hr2845-113
HSWM,hr2845-113
HSAG,hr46-113
HSIF,hr46-113
HSSM,hr46-113
HSWM,hr46-113
HSGO,hr46-113
HSBU,hr46-113
HSJU,hr46-113
HSBA,hr46-113
HSWM,hr5870-113
HSII,hr585-113
HSED,hr2702-113
HSJU,hr2765-113
SSJU,hr4771-113
HSJU,hr4771-113
HSIF,hr4771-113
HSED,hr4714-113
HSBA,hr4714-113
HSIF,hr3717-113
HSJU,hr3717-113
HSSY,hr3717-113
HSWM,hr3717-113
HSED,hr3717-113
HSGO,hr1356-113
HSWM,hr4326-113
HSII,hr644-113
HSPW,hr644-113
HSII,hr5150-113
HSPW,hr5150-113
HSIF,hr5150-113
HSJU,hr4380-113
HSWM,hr4567-113
HSJU,hr148-113
HSWM,hr148-113
HSHA,hr148-113
HSBA,hr968-113
HSII,hr555-113
HSWM,hr3948-113
HSII,hr931-113
HSED,hr563-113
HSBA,hr5403-113
HSPW,hr5591-113
HSGO,hr5588-113
HSAS,hr3630-113
HSIF,hr3630-113
HSWM,hr2938-113
HSJU,hr4238-113
HSSY,hr70-113
HSII,hr70-113
HSPW,hr70-113
HSFA,hr479-113
HSIF,hr5835-113
HSBA,hr220-113
HSWM,hr1517-113
HSED,hr5122-113
HSIF,hr2969-113
HSWM,hr2969-113
HSFA,hr3155-113
SSEG,hr4283-113
HSII,hr4283-113
HSED,hr2069-113
HSBA,hr1135-113
HSBA,hr839-113
HSBA,hr2512-113
HSWM,hr1527-113
HSWM,hr2778-113
HSED,hr1007-113
HSSY,hr2616-113
SSAP,hr4923-113
HSAP,hr4923-113
SSBU,hr1871-113
HSBU,hr1871-113
HSWM,hr903-113
HSAS,hr32-113
HSWM,hr1621-113
HSAG,hr1511-113
HSII,hr1511-113
HSIF,hr654-113
HSIF,hr4390-113
SSBK,hr4569-113
HSBA,hr4569-113
HSED,hr230-113
HSPW,hr230-113
HSBA,hr230-113
HSJU,hr4586-113
HSFA,hr4586-113
HSED,hr4586-113
HSPW,hr5521-113
HSBA,hr5521-113
HSWM,hr3439-113
HSJU,hr2479-113
HSBA,hr2479-113
HSII,hr2004-113
HSRU,hr4444-113
HSBU,hr4444-113
HSWM,hr769-113
HSED,hr973-113
HSIF,hr973-113
HSWM,hr973-113
HSJU,hr2122-113
HSAG,hr853-113
HSWM,hr853-113
HSPW,hr1083-113
HSII,hr2900-113
HSIF,hr2900-113
HSRU,hr2900-113
HSAP,hr2900-113
HSHA,hr2900-113
HSJU,hr2900-113
HSED,hr2900-113
HSWM,hr2900-113
HSVR,hr3958-113
HSII,hr3962-113
HSIF,hr3774-113
HSAP,hr3774-113
HSJU,hr2630-113
HSFA,hr2888-113
HSIF,hr1591-113
SSEV,hr4315-113
HSII,hr4315-113
HSJU,hr478-113
HSED,hr478-113
HSWM,hr2054-113
HSJU,hr2164-113
HSWM,hr3821-113
HSBU,hr3181-113
HSED,hr1258-113
HSHM,hr1417-113
HSSM,hr1138-113
HSWM,hr4275-113
HSED,hr4275-113
HSJU,hr2300-113
HSED,hr2300-113
HSII,hr2300-113
HSIF,hr2300-113
HSGO,hr2300-113
HSBU,hr2300-113
HSAP,hr2300-113
HSRU,hr2300-113
HSHA,hr2300-113
HSWM,hr2300-113
HSED,hr347-113
HSII,hr5020-113
HSAS,hr4517-113
HSVR,hr4517-113
HSAP,hr751-113
HSIF,hr4754-113
HSWM,hr4754-113
HSJU,hr5143-113
HSFA,hr5143-113
HSPW,hr3708-113
HSED,hr2368-113
HSHM,hr5351-113
HSVR,hr5351-113
HSBA,hr4809-113
SSFR,hr2548-113
HSBA,hr2548-113
HSFA,hr2548-113
HSHM,hr1093-113
HSBA,hr4811-113
SSGA,hr43-113
HSGO,hr43-113
HSIF,hr4847-113
HSBA,hr4847-113
HSFA,hr4847-113
HSJU,hr258-113
HSHA,hr1726-113
HSBA,hr1726-113
HSED,hr2252-113
HSII,hr5164-113
HSVR,hr4037-113
HSBA,hr4915-113
HSIF,hr3731-113
HSAP,hr2345-113
HSGO,hr2345-113
HSWM,hr2345-113
HSWM,hr487-113
HSIF,hr487-113
SSBK,hr749-113
HSBA,hr749-113
SSBK,hr5130-113
HSBA,hr5130-113
HSED,hr1254-113
HSWM,hr2233-113
HSAG,hr3294-113
HSII,hr3294-113
HSIF,hr2703-113
HSIF,hr5107-113
HSIF,hr3877-113
HSWM,hr3877-113
HSII,hr1156-113
SSFR,hr2848-113
HSFA,hr2848-113
HSWM,hr4785-113
HSIF,hr4969-113
HSPW,hr2066-113
HSHM,hr1584-113
HSFA,hr2935-113
HSBA,hr5374-113
HSAS,hr2117-113
HSED,hr2117-113
HSPW,hr2117-113
HSGO,hr2117-113
HSWM,hr2117-113
HSAG,hr1752-113
HSGO,hr1880-113
HSJU,hr2960-113
HSIF,hr2960-113
HSWM,hr2960-113
HSWM,hr1416-113
HSIF,hr1416-113
HSBU,hr1416-113
HSJU,hr3086-113
HSWM,hr2194-113
HSJU,hr2194-113
HSIF,hr2194-113
HSJU,hr2282-113
HSIF,hr2282-113
HSBA,hr2282-113
HSJU,hr988-113
HSSY,hr4732-113
HSIF,hr4494-113
HSED,hr4304-113
HSAG,hr4304-113
HSSY,hr4304-113
HSJU,hr4304-113
HSII,hr4304-113
HSIF,hr4304-113
HSPW,hr4304-113
HSWM,hr4304-113
HSBA,hr4304-113
HSRU,hr4304-113
HSGO,hr4304-113
HSSM,hr4304-113
HSBU,hr4304-113
HSJU,hr427-113
HSAG,hr583-113
HSHM,hr583-113
HSWM,hr583-113
HSPW,hr583-113
HSVR,hr4235-113
HSAS,hr124-113
HSWM,hr529-113
HSWM,hr184-113
HSED,hr113-113
HSJU,hr4239-113
HSPW,hr4239-113
HSIF,hr4239-113
HSAG,hr4239-113
HSBU,hr4239-113
HSII,hr4239-113
HSII,hr1159-113
HSJU,hr964-113
HSIF,hr964-113
HSED,hr5159-113
HSJU,hr5159-113
HSGO,hr5159-113
HSHA,hr5159-113
HSIF,hr4338-113
HSPW,hr4338-113
HSIF,hr3838-113
HSWM,hr3838-113
HSII,hr4873-113
HSVR,hr183-113
HSED,hr4269-113
HSWM,hr4916-113
HSII,hr1382-113
HSIF,hr2775-113
HSWM,hr2775-113
SSGA,hr313-113
HSGO,hr313-113
HSVR,hr3876-113
HSIF,hr5805-113
HSJU,hr5388-113
HSBA,hr5388-113
HSWM,hr1918-113
HSAG,hr5350-113
HSIF,hr5350-113
HSPW,hr4076-113
HSED,hr392-113
HSED,hr2818-113
HSJU,hr2818-113
HSIF,hr2818-113
HSPW,hr2818-113
HSAS,hr2818-113
HSFA,hr2818-113
HSBA,hr2818-113
HLIG,hr2818-113
HSED,hr3896-113
HSAG,hr1932-113
HSJU,hr5606-113
HSBA,hr1754-113
HSSM,hr5045-113
HSAS,hr4134-113
HSFA,hr4134-113
HSBU,hr4134-113
HSBA,hr4804-113
SSCM,hr3628-113
HSPW,hr3628-113
HSII,hr2488-113
HSWM,hr2241-113
HSJU,hr1843-113
HSIF,hr1843-113
HSJU,hr953-113
HSGO,hr953-113
HSII,hr4668-113
HSPW,hr4668-113
HSWM,hr1546-113
HSWM,hr1173-113
HSIF,hr1173-113
SSEG,hr3189-113
HSAG,hr3189-113
HSII,hr3189-113
HSIF,hr1263-113
HSFA,hr1130-113
HSVR,hr5342-113
HSII,hr1314-113
HSJU,hr1314-113
SSBK,hr992-113
HSAG,hr992-113
HSBA,hr992-113
HSIF,hr540-113
HSII,hr1819-113
HSED,hr1414-113
HSAG,hr1414-113
HSVR,hr5054-113
HSPW,hr2628-113
HSJU,hr3018-113
HSED,hr3018-113
HSII,hr3018-113
HSIF,hr3018-113
HSWM,hr3018-113
HSII,hr2265-113
HSIF,hr4340-113
HSSY,hr2132-113
HSII,hr2132-113
HSPW,hr2132-113
HSBA,hr4669-113
HSBA,hr1155-113
HSWM,hr3725-113
HSIF,hr1572-113
HSAG,hr3661-113
HSII,hr3661-113
HSWM,hr5199-113
HSWM,hr4180-113
HSED,hr2515-113
HSJU,hr4299-113
HSIF,hr4299-113
HSIF,hr4888-113
SSEG,hr3802-113
HSII,hr3802-113
HSJU,hr1444-113
HSVR,hr4068-113
HSPW,hr4024-113
HSGO,hr1246-113
HSWM,hr4663-113
HSWM,hr364-113
HSBA,hr2538-113
HSWM,hr5444-113
HSJU,hr845-113
HSIF,hr2867-113
HSWM,hr2867-113
HSVR,hr3515-113
HSIF,hr3812-113
HSIF,hr36-113
HSBA,hr5004-113
SSFR,hr5029-113
HSSY,hr5029-113
SSFR,hr4028-113
HSFA,hr4028-113
HSIF,hr2938-113
HSII,hr4979-113
HSIF,hr5339-113
HSED,hr1529-113
HSWM,hr30-113
HSSM,hr30-113
HSWM,hr48-113
HSVR,hr4102-113
HSVR,hr3831-113
HSIF,hr4426-113
HSWM,hr4426-113
HSED,hr2020-113
HSJU,hr2541-113
SSBK,hr3448-113
HSBA,hr3448-113
HSED,hr1763-113
HSII,hr560-113
HSWM,hr5182-113
HSIF,hr4673-113
HSWM,hr4673-113
HSIF,hr221-113
HSSY,hr221-113
HSIF,hr3245-113
HSWM,hr3245-113
HSJU,hr449-113
HSVR,hr449-113
HSWM,hr449-113
HSIF,hr4341-113
SSEG,hr1846-113
HSII,hr1846-113
HSWM,hr4634-113
HSJU,hr5402-113
HSVR,hr4038-113
HSWM,hr4761-113
HSJU,hr684-113
SSCM,hr1095-113
HSHM,hr1095-113
HSIF,hr1472-113
SSBK,hr2673-113
HSBA,hr2673-113
HSED,hr4680-113
HSED,hr1500-113
HSAS,hr3895-113
HSAG,hr3895-113
HSII,hr3895-113
HSIF,hr3895-113
HSPW,hr3895-113
HSGO,hr3895-113
HSWM,hr3895-113
HSJU,hr5607-113
HSFA,hr5607-113
HSED,hr3718-113
HSWM,hr2940-113
HSIF,hr3504-113
HSPW,hr4689-113
SSEV,hr935-113
HSAG,hr935-113
HSPW,hr935-113
HSWM,hr2509-113
HSWM,hr905-113
HSII,hr4699-113
HSED,hr791-113
HSAS,hr1109-113
SSBK,hr4200-113
HSBA,hr4200-113
HSWM,hr1310-113
HSIF,hr1310-113
HSWM,hr2688-113
HSIF,hr2688-113
HSAS,hr2082-113
SSBK,hr3374-113
HSBA,hr3374-113
HSJU,hr3374-113
HSSY,hr1468-113
HSJU,hr1468-113
HSAS,hr1468-113
HSIF,hr1468-113
HLIG,hr1468-113
HSGO,hr1468-113
HSWM,hr5276-113
HSJU,hr4014-113
HSED,hr1937-113
HSBA,hr645-113
HSII,hr1349-113
HSJU,hr3626-113
HSJU,hr1435-113
HSGO,hr398-113
HSHA,hr398-113
HSSY,hr4834-113
HSII,hr4834-113
HSIF,hr4834-113
HSPW,hr4834-113
HSRU,hr4834-113
HSBU,hr4834-113
HSGO,hr4834-113
HSWM,hr4834-113
HSWM,hr475-113
HSED,hr3368-113
HSED,hr691-113
HSJU,hr2586-113
HLIG,hr2586-113
HSVR,hr3399-113
SSGA,hr2879-113
HSJU,hr2879-113
HSGO,hr2879-113
HSBA,hr5452-113
HSJU,hr447-113
HSAP,hr593-113
HSHA,hr593-113
HSBU,hr593-113
HSGO,hr593-113
HSED,hr2347-113
HSWM,hr3144-113
HSAS,hr2510-113
HSII,hr788-113
HSII,hr503-113
HSBA,hr5180-113
HSII,hr1399-113
HSBA,hr2100-113
HSIF,hr3723-113
HSVR,hr3723-113
HSED,hr86-113
HSHM,hr86-113
HSSY,hr86-113
HSWM,hr516-113
HSVR,hr3858-113
HSIF,hr5644-113
HSWM,hr5644-113
HSWM,hr1570-113
HSWM,hr2504-113
HSIF,hr2504-113
HSIF,hr1461-113
HSED,hr1940-113
HSVR,hr5007-113
HSIF,hr1953-113
HSGO,hr1287-113
HSED,hr812-113
HSAG,hr1607-113
HSJU,hr4784-113
HSIF,hr4784-113
HSAG,hr3814-113
HSWM,hr2109-113
HSED,hr2878-113
HSIF,hr1807-113
HSII,hr2956-113
HSWM,hr2956-113
HSED,hr5306-113
HSBU,hr5306-113
HSWM,hr5306-113
HSRU,hr3218-113
HSBA,hr3218-113
HSAG,hr1589-113
HSED,hr1585-113
HSWM,hr1585-113
HSIF,hr176-113
HSJU,hr27-113
HSWM,hr27-113
HSIF,hr27-113
HSSM,hr27-113
HSED,hr5001-113
HSII,hr2037-113
HSIF,hr2037-113
HSHM,hr3753-113
HSPW,hr3753-113
HSAP,hr3753-113
HSWM,hr3753-113
SSAS,hr3304-113
HSAS,hr3304-113
HSJU,hr2267-113
HSJU,hr5105-113
SSVA,hr1405-113
HSVR,hr1405-113
HSJU,hr3932-113
HSIF,hr3932-113
HSWM,hr3932-113
HSPW,hr2553-113
HSIF,hr2553-113
HSWM,hr2553-113
HSBA,hr2553-113
HSWM,hr3979-113
HSWM,hr5098-113
HSJU,hr4821-113
HSED,hr1772-113
HSWM,hr1772-113
HSJU,hr1772-113
HSWM,hr2720-113
HSII,hr2259-113
HSIF,hr4978-113
HSED,hr2662-113
HSJU,hr2414-113
HSIF,hr2414-113
HSJU,hr1914-113
HSED,hr3462-113
HSIF,hr3462-113
HSWM,hr3462-113
HSGO,hr1480-113
HSJU,hr1121-113
HSWM,hr4438-113
HSII,hr4017-113
HSWM,hr3025-113
HSED,hr2170-113
HSPW,hr5345-113
SSGA,hr579-113
HSPW,hr579-113
SSEG,hr1411-113
HSII,hr1411-113
HSED,hr1798-113
HSPW,hr4859-113
HSJU,hr3199-113
HSAS,hr3199-113
HSVR,hr1816-113
HSII,hr771-113
HSWM,hr789-113
HSWM,hr2534-113
HSVR,hr1316-113
HSED,hr3610-113
HSJU,hr3610-113
HSPW,hr4336-113
HSAP,hr3241-113
HSJU,hr5368-113
HSFA,hr5368-113
HSIF,hr20-113
HSWM,hr20-113
HSHA,hr20-113
HSJU,hr1143-113
SSEV,hr4012-113
HSSY,hr4012-113
HSED,hr12-113
HSJU,hr12-113
HSVR,hr12-113
HSSY,hr12-113
HSGO,hr12-113
HSHA,hr12-113
HSPW,hr1665-113
HSJU,hr1365-113
HSWM,hr1365-113
HSBU,hr1365-113
HSGO,hr2579-113
HSWM,hr3535-113
HSBA,hr3543-113
HSAS,hr748-113
HSII,hr2511-113
HSVR,hr4110-113
HSWM,hr4110-113
HSIF,hr322-113
HSII,hr2641-113
HSJU,hr2641-113
HSPW,hr3589-113
HSBA,hr3612-113
HSVR,hr3087-113
HSBA,hr2295-113
HSIF,hr3710-113
HSWM,hr3710-113
HSJU,hr4975-113
HSIF,hr4975-113
HSVR,hr1988-113
HSIF,hr2493-113
HSIF,hr3528-113
HSED,hr4782-113
HSWM,hr5262-113
HSAS,hr2055-113
HSVR,hr2055-113
HSIF,hr5809-113
HSWM,hr5809-113
HSWM,hr3894-113
HSWM,hr5578-113
HSVR,hr2953-113
HSIF,hr2953-113
HSWM,hr2953-113
HSVR,hr4861-113
HSPW,hr3095-113
HSJU,hr227-113
HSWM,hr3522-113
HSIF,hr3522-113
HSBU,hr1765-113
HSPW,hr1765-113
HSAP,hr1765-113
HSJU,hr3344-113
HSFA,hr3344-113
HSED,hr3344-113
HSED,hr2943-113
HSAS,hr738-113
HSBA,hr3529-113
SSGA,hr3107-113
HSHM,hr3107-113
HSJU,hr2877-113
HSWM,hr4563-113
HSED,hr3135-113
HSJU,hr3135-113
HSHA,hr3135-113
HSGO,hr3135-113
SSBK,hr627-113
HSBA,hr627-113
HSAG,hr5469-113
HSIF,hr5469-113
SSEG,hr4119-113
HSII,hr4119-113
HSVR,hr5369-113
HSAS,hr3797-113
HSWM,hr1179-113
HSIF,hr1179-113
HSJU,hr3883-113
HSBA,hr3883-113
HSFA,hr3883-113
HSAS,hr3883-113
HSGO,hr3883-113
HLIG,hr3883-113
HSIF,hr2012-113
HSED,hr1903-113
HSED,hr3371-113
HSED,hr1933-113
HSAG,hr1933-113
HSIF,hr261-113
HSWM,hr5227-113
HSIF,hr4393-113
HSWM,hr4393-113
HSVR,hr5059-113
HSAS,hr5059-113
HSWM,hr4657-113
HSPW,hr4738-113
HSIF,hr2465-113
SSAF,hr5714-113
HSAG,hr5714-113
HSHA,hr3466-113
HSWM,hr2202-113
HSWM,hr2373-113
HSED,hr229-113
HSVR,hr602-113
HSWM,hr616-113
SSVA,hr2011-113
HSVR,hr2011-113
HSBA,hr3913-113
HSPW,hr3825-113
HSWM,hr3825-113
HSJU,hr5158-113
HSAG,hr5158-113
HSWM,hr5158-113
HSBA,hr224-113
SSBK,hr2600-113
HSBA,hr2600-113
HSIF,hr2118-113
HSAG,hr1983-113
HSPW,hr1983-113
HSAS,hr1983-113
HSFA,hr1983-113
HSAG,hr2840-113
HSII,hr5215-113
SSFR,hr301-113
HSFA,hr301-113
HSJU,hr775-113
HSED,hr1001-113
HSAS,hr430-113
HSED,hr1368-113
HSJU,hr3228-113
HLIG,hr3228-113
HSBA,hr1694-113
HSWM,hr2051-113
HSJU,hr646-113
HSPW,hr3464-113
HSIF,hr4813-113
HSBA,hr3312-113
HSAG,hr785-113
HSIF,hr4475-113
HSWM,hr5198-113
HSAP,hr59-113
HSHA,hr3067-113
HSED,hr521-113
SSHR,hr1098-113
HSIF,hr1098-113
HSIF,hr855-113
HSIF,hr460-113
HSIF,hr4354-113
HSJU,hr5233-113
HSIF,hr3985-113
HSGO,hr3316-113
HSAS,hr3120-113
HSJU,hr3120-113
HSJU,hr359-113
HSAG,hr3641-113
HSSY,hr3641-113
HSIF,hr3641-113
SSCM,hr1848-113
HSPW,hr1848-113
HSAS,hr1676-113
HSII,hr1676-113
HSVR,hr4674-113
HSED,hr1645-113
HSJU,hr1645-113
HSIF,hr1645-113
HSJU,hr3741-113
HSAS,hr3741-113
HSGO,hr397-113
HSHA,hr397-113
HSAS,hr3792-113
HSIF,hr3577-113
HSJU,hr3317-113
SSHR,hr5081-113
HSED,hr5081-113
HSWM,hr721-113
HSIF,hr4864-113
HSED,hr5515-113
HSJU,hr5515-113
HSIF,hr5515-113
HSWM,hr5515-113
HSWM,hr2826-113
HSGO,hr1133-113
HSAS,hr3603-113
HLIG,hr3603-113
HSFA,hr3603-113
HSIF,hr210-113
HSVR,hr5480-113
HSAP,hr5480-113
HSWM,hr5299-113
HSIF,hr6-113
HSBA,hr1221-113
HSBA,hr245-113
HSWM,hr3997-113
HSIF,hr2127-113
HSBA,hr2146-113
HSBU,hr3830-113
HSRU,hr3830-113
HSWM,hr3830-113
HSED,hr1244-113
HSVR,hr543-113
HSWM,hr3101-113
HSED,hr5417-113
HSVR,hr4862-113
HSWM,hr4469-113
HSED,hr2064-113
HSIF,hr1220-113
HSVR,hr1824-113
HSVR,hr4314-113
HSED,hr5343-113
HSED,hr2035-113
HSWM,hr2035-113
HSSY,hr937-113
HSFA,hr937-113
HSWM,hr937-113
HSIF,hr4496-113
HSJU,hr4085-113
HSWM,hr120-113
HSJU,hr40-113
HSPW,hr5077-113
HSBA,hr1145-113
HSBA,hr2535-113
HSWM,hr901-113
HSWM,hr1806-113
HSED,hr4590-113
HSJU,hr2936-113
HSED,hr4009-113
HSAS,hr4516-113
HSBA,hr4173-113
HSVR,hr3477-113
HSAS,hr641-113
HSGO,hr5174-113
HSII,hr3606-113
SSCM,hr1786-113
HSPW,hr1786-113
HSSY,hr1786-113
HSED,hr3850-113
HSRU,hr4566-113
HSGO,hr4566-113
SSBK,hr1566-113
HSBA,hr1566-113
HSVR,hr2749-113
HSAS,hr3397-113
HSVR,hr3397-113
HSED,hr4081-113
HSJU,hr4081-113
HSJU,hr1312-113
HLIG,hr1312-113
HSJU,hr1635-113
HSIF,hr1635-113
HSFA,hr1635-113
HSBA,hr1635-113
HSWM,hr1635-113
SSVA,hr671-113
HSVR,hr671-113
HSVR,hr4942-113
HSGO,hr1942-113
HSIF,hr3138-113
HSJU,hr329-113
HSII,hr5886-113
HSWM,hr4083-113
HSJU,hr784-113
HSIF,hr784-113
HSWM,hr2972-113
HSII,hr758-113
SSFR,hr3398-113
HSFA,hr3398-113
HSWM,hr270-113
HSHA,hr270-113
HSED,hr2706-113
HSHM,hr2631-113
HSJU,hr2631-113
HSIF,hr3089-113
HSPW,hr2612-113
HSII,hr2319-113
SSHR,hr4983-113
HSED,hr4983-113
SSCM,hr756-113
HSSY,hr756-113
HSII,hr1866-113
HSED,hr4468-113
HSWM,hr4763-113
HSWM,hr2899-113
HSJU,hr661-113
HSED,hr1343-113
HSWM,hr1628-113
HSGO,hr2092-113
HSHA,hr2092-113
HSPW,hr5857-113
HSWM,hr5857-113
HSJU,hr499-113
HSAG,hr499-113
HSII,hr499-113
HSIF,hr499-113
HSWM,hr499-113
HSWM,hr3129-113
HSJU,hr5865-113
HSAS,hr5865-113
HSII,hr4991-113
HSVR,hr2704-113
HSJU,hr996-113
HSII,hr996-113
HSBU,hr996-113
HSWM,hr996-113
HSED,hr1991-113
HSGO,hr256-113
HSSY,hr3451-113
HSVR,hr3451-113
HSPW,hr3451-113
HSJU,hr3451-113
HSWM,hr5173-113
HSWM,hr1250-113
HSIF,hr1250-113
HSJU,hr2080-113
HSBA,hr5479-113
HSPW,hr3333-113
SSBK,hr1105-113
HSBA,hr1105-113
HSBA,hr1800-113
HSWM,hr3430-113
HSJU,hr3560-113
HSHM,hr3560-113
HSJU,hr1292-113
HSED,hr1292-113
HSWM,hr1292-113
HSII,hr4317-113
HSED,hr3612-113
HSVR,hr3120-113
HSII,hr3120-113
HSIF,hr3120-113
HSWM,hr3120-113
HSWM,hr147-113
HSAS,hr42-113
HSWM,hr4044-113
HSVR,hr4191-113
HSED,hr2955-113
SSEG,hr885-113
HSII,hr885-113
HSII,hr3421-113
HSSM,hr2049-113
HSJU,hr1784-113
HSIF,hr2843-113
HSWM,hr2843-113
HSPW,hr5101-113
HSWM,hr5101-113
HSJU,hr3611-113
HSSM,hr4613-113
HSVR,hr3180-113
SSFI,hr4137-113
HSWM,hr4137-113
HSJU,hr1188-113
SSHR,hr1406-113
HSED,hr1406-113
HSJU,hr3386-113
SSAP,hr2217-113
HSAP,hr2217-113
HSIF,hr4039-113
HSPW,hr4039-113
HSBU,hr4039-113
HSAG,hr4039-113
HSII,hr4039-113
HSPW,hr66-113
HSFA,hr5816-113
HSAS,hr4536-113
HSIF,hr4536-113
HSPW,hr2958-113
HSAS,hr1463-113
HSWM,hr4104-113
HSIF,hr5301-113
HSII,hr5176-113
HSAG,hr847-113
HSBA,hr3402-113
HSIF,hr2801-113
HSWM,hr2801-113
HSIF,hr1985-113
HSJU,hr4906-113
HSBA,hr1554-113
HSWM,hr1554-113
HSBU,hr201-113
HSRU,hr201-113
HSWM,hr483-113
HSWM,hr4743-113
SSEG,hr507-113
HSII,hr507-113
HSAS,hr2739-113
HSIF,hr2739-113
HSHA,hr2403-113
HSED,hr1531-113
HSWM,hr1531-113
HSIF,hr1531-113
HSJU,hr4806-113
HSED,hr2334-113
HSII,hr1294-113
HSAG,hr1294-113
HSAP,hr2786-113
HSJU,hr1962-113
HSJU,hr4287-113
SSJU,hr4138-113
HSJU,hr4138-113
HSVR,hr3787-113
HSAS,hr3787-113
HSGO,hr3787-113
HSHA,hr3787-113
HSBA,hr4313-113
HSJU,hr1194-113
HSBA,hr1194-113
HSJU,hr629-113
HSIF,hr629-113
HSBA,hr629-113
HSIF,hr5279-113
HSWM,hr5279-113
HSGO,hr423-113
HSHA,hr423-113
HSIF,hr2934-113
HSHM,hr692-113
HSED,hr340-113
HSVR,hr1936-113
HSVR,hr3647-113
HSII,hr5074-113
HSAG,hr5074-113
HSBA,hr2214-113
HSWM,hr998-113
HSBA,hr4565-113
HSPW,hr3363-113
HSWM,hr2971-113
HSPW,hr2707-113
HSIF,hr875-113
HSSY,hr875-113
HSAS,hr3576-113
HSVR,hr3576-113
HSHA,hr3576-113
HSIF,hr628-113
HSED,hr1340-113
HSGO,hr2450-113
HSSY,hr1027-113
HSJU,hr2865-113
HSBA,hr825-113
HSVR,hr4140-113
HSWM,hr1197-113
HSBA,hr4277-113
HSED,hr2342-113
HSJU,hr410-113
HSWM,hr4935-113
HSIF,hr3826-113
HSED,hr1226-113
HSFA,hr528-113
HSWM,hr940-113
HSIF,hr940-113
HSED,hr4515-113
HSED,hr4391-113
HSVR,hr153-113
SSJU,hr1944-113
HSJU,hr1944-113
HSWM,hr1325-113
HSIF,hr1325-113
HSED,hr4956-113
HSJU,hr4956-113
HSSY,hr4956-113
HSII,hr4956-113
HSPW,hr4956-113
HSRU,hr4956-113
HSBU,hr4956-113
HSGO,hr4956-113
HSIF,hr4956-113
HSWM,hr4956-113
HSBU,hr5806-113
HSWM,hr5806-113
HSRU,hr3511-113
HSBA,hr3511-113
HSII,hr2646-113
HSAS,hr1360-113
HSAG,hr2038-113
HSII,hr513-113
HSWM,hr923-113
HSAS,hr1678-113
HSPW,hr1678-113
HSII,hr3492-113
HSFA,hr2501-113
HLIG,hr5091-113
HSAS,hr5091-113
HSGO,hr4056-113
HSED,hr4775-113
HSWM,hr4775-113
HSGO,hr1362-113
SSEG,hr5057-113
HSIF,hr5057-113
HSIF,hr5498-113
HSAS,hr3152-113
HSIF,hr3152-113
HSVR,hr3152-113
HSWM,hr3152-113
HSHA,hr3152-113
HSGO,hr3152-113
HSED,hr1876-113
HSWM,hr4503-113
HSSM,hr489-113
HSWM,hr1271-113
HSAP,hr3230-113
HSWM,hr5346-113
HSAG,hr2292-113
SSBU,hr668-113
HSBU,hr668-113
HSBA,hr5018-113
HSGO,hr5018-113
HSJU,hr463-113
SSVA,hr2189-113
HSVR,hr2189-113
HSHA,hr106-113
HSGO,hr1537-113
HSJU,hr3407-113
HSWM,hr3407-113
HSII,hr5065-113
HSJU,hr2490-113
HSVR,hr2661-113
SSHR,hr3136-113
HSED,hr3136-113
HSAS,hr3337-113
HSWM,hr523-113
HSSY,hr1358-113
HSSY,hr5548-113
HSIF,hr5548-113
HSWM,hr191-113
HSBA,hr4521-113
HSJU,hr732-113
HSII,hr3-113
HSPW,hr3-113
HSIF,hr3-113
HSBU,hr816-113
HSIF,hr5411-113
HSED,hr3841-113
HSJU,hr2656-113
SSGA,hr3786-113
HSPW,hr3786-113
HSIF,hr4013-113
HSPW,hr4739-113
HSRU,hr292-113
HSGO,hr292-113
HSWM,hr3043-113
HSGO,hr5179-113
HSIF,hr3750-113
HSED,hr3351-113
SSFI,hr2768-113
HSWM,hr2768-113
SSEG,hr527-113
HSII,hr527-113
HSIF,hr1920-113
HSWM,hr1920-113
HSED,hr2172-113
HSWM,hr1747-113
HSIF,hr2985-113
HSWM,hr1675-113
HSJU,hr746-113
HSJU,hr4286-113
HSII,hr4286-113
HSIF,hr4286-113
HSPW,hr4286-113
HSFA,hr4286-113
HSAG,hr4286-113
HSPW,hr1026-113
HSJU,hr1923-113
HSAS,hr1481-113
HSAG,hr699-113
HSBU,hr699-113
HSWM,hr699-113
HSWM,hr4678-113
HSGO,hr4678-113
HSED,hr1243-113
HSHA,hr4693-113
HSBA,hr4693-113
HSHM,hr1245-113
HLIG,hr3381-113
HSIF,hr3119-113
SSEG,hr5120-113
HSSY,hr5120-113
HSWM,hr5264-113
HSBA,hr4643-113
HSWM,hr2731-113
HSJU,hr5267-113
HSAG,hr5267-113
HSVR,hr4374-113
HSIF,hr4746-113
HLIG,hr2494-113
HSAS,hr2494-113
HSBA,hr3317-113
HSBA,hr2156-113
HSBA,hr3292-113
HSGO,hr3292-113
HSFA,hr3292-113
HSHM,hr4005-113
SSCM,hr4005-113
HSPW,hr4005-113
HSPW,hr2468-113
HSII,hr526-113
HSIF,hr526-113
HSPW,hr526-113
HSWM,hr5655-113
HSII,hr1497-113
HSAS,hr3405-113
HSVR,hr3405-113
HSWM,hr501-113
HSAS,hr975-113
HSIF,hr2285-113
HSJU,hr2021-113
HSAG,hr2799-113
HSII,hr2799-113
HSJU,hr640-113
HSIF,hr3077-113
HSWM,hr3077-113
HSJU,hr77-113
HSPW,hr3641-113
HSWM,hr5777-113
HSBA,hr5777-113
HSGO,hr1557-113
HSJU,hr1557-113
HSED,hr4909-113
HSWM,hr4909-113
SSEG,hr253-113
HSII,hr253-113
HSBA,hr2779-113
HSGO,hr2779-113
HSBA,hr4570-113
HSVR,hr4399-113
HSWM,hr615-113
HSED,hr2056-113
HSAS,hr2056-113
HSVR,hr2056-113
HSSM,hr2056-113
HSWM,hr2056-113
HSII,hr1080-113
HSAS,hr1080-113
HSII,hr39-113
SSGA,hr899-113
HSJU,hr899-113
HSRU,hr899-113
HSBU,hr899-113
HSGO,hr899-113
HSPW,hr5826-113
HSBU,hr2725-113
HSJU,hr2916-113
HSIF,hr2916-113
HSRU,hr2916-113
HSWM,hr4310-113
HSJU,hr4288-113
HSAG,hr1731-113
HSHA,hr95-113
HSWM,hr95-113
HSJU,hr502-113
HSWM,hr502-113
HSED,hr502-113
HSJU,hr3033-113
HSII,hr3033-113
HSIF,hr3033-113
HSGO,hr3033-113
SSBK,hr2866-113
HSBA,hr2866-113
HSIF,hr4395-113
HSJU,hr3070-113
HLIG,hr3070-113
HSIF,hr3969-113
SSBK,hr5461-113
HSAG,hr5461-113
HSBA,hr5461-113
HSVR,hr4561-113
HSVR,hr4974-113
SSCM,hr4412-113
HSSY,hr4412-113
HSWM,hr2752-113
SSAP,hr2397-113
HSAP,hr2397-113
HSPW,hr695-113
HSRU,hr695-113
HSGO,hr695-113
HSWM,hr122-113
HSJU,hr5197-113
HSPW,hr2322-113
HSWM,hr4920-113
HSIF,hr4920-113
HSWM,hr1146-113
HSIF,hr1146-113
HSGO,hr859-113
HSAP,hr859-113
HSVR,hr2974-113
HSED,hr4826-113
HSPW,hr3413-113
HSJU,hr4620-113
HSHM,hr4620-113
HSII,hr334-113
HSIF,hr334-113
HSPW,hr334-113
HSED,hr1833-113
HSJU,hr137-113
HSJU,hr1605-113
HSVR,hr1605-113
HSIF,hr1605-113
HSJU,hr722-113
HSAG,hr1454-113
SSAP,hr2216-113
HSAP,hr2216-113
HSII,hr3964-113
HSED,hr3496-113
SSGA,hr882-113
HSGO,hr882-113
HSWM,hr5739-113
HSVR,hr4370-113
HSBU,hr1668-113
HSAP,hr1668-113
HSBA,hr1668-113
HLIG,hr4661-113
HSAS,hr2129-113
HSED,hr2129-113
HSAG,hr1929-113
HSWM,hr3490-113
HSVR,hr1492-113
HSAS,hr1492-113
HSBA,hr3036-113
HSJU,hr22-113
HSBA,hr2379-113
HSIF,hr2415-113
HSWM,hr2415-113
HSWM,hr805-113
HSIF,hr805-113
HSED,hr1200-113
HSWM,hr1200-113
HSAS,hr1200-113
HSIF,hr1200-113
HSGO,hr1200-113
HSWM,hr1257-113
HSIF,hr1257-113
HSED,hr2308-113
HSIF,hr2308-113
HLIG,hr3779-113
HSAS,hr1640-113
HSIF,hr3719-113
HSBU,hr381-113
HSRU,hr381-113
HSPW,hr3938-113
SSCM,hr2719-113
HSHM,hr2719-113
HSJU,hr242-113
HSIF,hr242-113
HSFA,hr242-113
HSED,hr242-113
HSJU,hr138-113
HSGO,hr345-113
HSWM,hr3479-113
HSVR,hr4281-113
HSED,hr216-113
HSWM,hr216-113
HSII,hr4300-113
SSHR,hr4366-113
HSED,hr4366-113
HSII,hr4867-113
HSII,hr3885-113
HSIF,hr3885-113
HSPW,hr3885-113
HSWM,hr3885-113
HSBA,hr2437-113
HSED,hr2041-113
HSED,hr2748-113
HSGO,hr2748-113
HSWM,hr781-113
HSWM,hr2671-113
HSRU,hr1869-113
HSGO,hr1869-113
HSBU,hr1869-113
HSJU,hr5409-113
HSBA,hr1335-113
HSIF,hr2925-113
HSWM,hr2925-113
HSJU,hr452-113
HSBU,hr5771-113
HSED,hr5771-113
HSWM,hr5771-113
SSGA,hr3696-113
HSGO,hr3696-113
HSSY,hr3696-113
HSHM,hr3696-113
HSJU,hr309-113
HSGO,hr309-113
HSII,hr279-113
HSVR,hr5484-113
HSAS,hr5484-113
HSJU,hr354-113
HSAG,hr943-113
HSED,hr5529-113
HSGO,hr5529-113
SSGA,hr367-113
HSBU,hr367-113
HSRU,hr367-113
HSJU,hr367-113
HSIF,hr3745-113
HSWM,hr3745-113
HSIF,hr4065-113
HSVR,hr241-113
HSJU,hr4254-113
HSBA,hr4254-113
HSWM,hr4254-113
HSFA,hr4254-113
HSGO,hr2478-113
HSAS,hr690-113
HSII,hr330-113
HSII,hr2497-113
HSWM,hr3773-113
HSJU,hr1847-113
HSIF,hr2010-113
HSHA,hr2010-113
HSIF,hr5460-113
HSWM,hr5460-113
HSWM,hr4753-113
SSEV,hr4795-113
HSIF,hr4795-113
HSWM,hr4212-113
HSJU,hr4907-113
HSFA,hr4907-113
HSPW,hr420-113
SSCM,hr5056-113
HSSY,hr5056-113
HSWM,hr5487-113
HSJU,hr4952-113
HSAS,hr2180-113
HSBA,hr5495-113
HSSM,hr5584-113
HSWM,hr2305-113
HSIF,hr2305-113
SSBU,hr444-113
HSBU,hr444-113
HSII,hr709-113
HSPW,hr709-113
HSED,hr4373-113
SSCM,hr1204-113
HSHM,hr1204-113
HSPW,hr1266-113
HSBU,hr1266-113
HSPW,hr2581-113
HSWM,hr3537-113
HSII,hr1776-113
HSBA,hr3928-113
HSIF,hr2329-113
HSWM,hr2329-113
SSEV,hr4268-113
HSPW,hr4268-113
HSED,hr3746-113
HSJU,hr2372-113
HSIF,hr2372-113
HSED,hr3580-113
HSJU,hr3580-113
HSSY,hr3580-113
HSIF,hr3580-113
HSSY,hr2290-113
HSAG,hr2290-113
HSBU,hr2290-113
HSGO,hr2290-113
HSWM,hr1982-113
HSIF,hr1982-113
HSII,hr1225-113
HSGO,hr2698-113
HSII,hr2743-113
HSAG,hr2743-113
HSWM,hr609-113
HSED,hr320-113
HSBA,hr4285-113
SSHR,hr5031-113
HSSY,hr5031-113
HSWM,hr5751-113
HSED,hr5751-113
HSFA,hr2901-113
HSED,hr1941-113
HSGO,hr3345-113
HSIF,hr589-113
HSSY,hr2617-113
HSII,hr2617-113
HSHA,hr1748-113
HSIF,hr5223-113
HSWM,hr155-113
HSVR,hr3098-113
HSBA,hr1706-113
HSJU,hr332-113
HSGO,hr3220-113
HSWM,hr1149-113
HSPW,hr1149-113
HSED,hr3538-113
HSSM,hr3115-113
HSIF,hr5183-113
HSWM,hr5183-113
HSJU,hr5160-113
HSIF,hr4944-113
HSVR,hr4779-113
HSFA,hr4877-113
HSII,hr2175-113
HSWM,hr5767-113
HSWM,hr1661-113
HSIF,hr1661-113
HSBU,hr41-113
HSBA,hr41-113
HSED,hr4008-113
HSWM,hr877-113
HSPW,hr1097-113
HSIF,hr4625-113
HSWM,hr4625-113
SSVA,hr4810-113
HSVR,hr4810-113
HSBA,hr3029-113
HSIF,hr5722-113
HSWM,hr341-113
HSWM,hr3242-113
HSVR,hr1980-113
HSED,hr4973-113
HSVR,hr2150-113
HSWM,hr1737-113
HSVR,hr4096-113
HSVR,hr5097-113
HSJU,hr5036-113
HSII,hr2192-113
HSIF,hr5814-113
HSFA,hr5814-113
HSVR,hr5798-113
HSVR,hr595-113
HSBU,hr804-113
HSHA,hr2409-113
HSED,hr2257-113
HSHA,hr310-113
HSWM,hr5823-113
HSIF,hr5823-113
HSWM,hr1428-113
HSIF,hr1428-113
HSSM,hr2751-113
HSAG,hr3166-113
HSIF,hr3166-113
HSPW,hr3166-113
HSGO,hr3166-113
HSHA,hr3166-113
HSAS,hr3166-113
HSWM,hr3166-113
HSAS,hr5524-113
HSGO,hr2459-113
HSBA,hr1653-113
HSVR,hr5088-113
SSBK,hr1062-113
HSBA,hr1062-113
HSJU,hr3035-113
HSBA,hr3035-113
HLIG,hr3035-113
HSFA,hr5338-113
HSGO,hr5338-113
HSWM,hr5338-113
HSWM,hr2212-113
HSPW,hr1101-113
HSBA,hr1101-113
HSJU,hr5441-113
HSJU,hr3908-113
HSJU,hr336-113
HSWM,hr3636-113
HSWM,hr4453-113
HSJU,hr490-113
HSIF,hr2023-113
SSCM,hr3675-113
HSIF,hr3675-113
HSWM,hr3497-113
HSRU,hr1202-113
HSBU,hr1202-113
HSED,hr1373-113
SSCM,hr1580-113
HSIF,hr1580-113
HSED,hr2560-113
HSVR,hr5323-113
HSAS,hr3355-113
HSED,hr3355-113
HSJU,hr3355-113
HSSY,hr3355-113
HSIF,hr3355-113
HSII,hr3355-113
HSFA,hr3355-113
HSAP,hr3355-113
HSRU,hr3355-113
HSHA,hr3355-113
HSWM,hr3355-113
HSJU,hr2277-113
HSWM,hr2277-113
HSPW,hr2800-113
HSPW,hr185-113
HSAS,hr1079-113
HSVR,hr5740-113
HSJU,hr1091-113
HSJU,hr5212-113
HSBA,hr5055-113
HSBU,hr4980-113
HSWM,hr4980-113
HSIF,hr4947-113
HSBA,hr656-113
HSWM,hr656-113
HSED,hr3999-113
HSHA,hr3999-113
HSGO,hr3999-113
SSBU,hr1872-113
HSGO,hr1872-113
HSBU,hr1872-113
HSPW,hr922-113
HSBA,hr922-113
HSWM,hr1426-113
HSPW,hr1745-113
HSED,hr5704-113
HSED,hr1346-113
HSAG,hr1606-113
HSVR,hr2210-113
HSIF,hr4219-113
HSAS,hr4818-113
HSFA,hr2822-113
HSHA,hr391-113
HSGO,hr391-113
HSGO,hr3278-113
HSBA,hr4768-113
HSIF,hr539-113
HSWM,hr2979-113
HSHA,hr5627-113
HSJU,hr3219-113
HSII,hr1799-113
HSWM,hr3072-113
HSAG,hr3072-113
HSAS,hr3801-113
HSWM,hr77-113
HSBA,hr77-113
HSVR,hr288-113
HSAP,hr2610-113
HSJU,hr117-113
HSBA,hr5667-113
HSBU,hr2238-113
HSJU,hr4203-113
HSBA,hr927-113
HSWM,hr1488-113
HSED,hr711-113
HSPW,hr711-113
HSJU,hr5401-113
HSJU,hr337-113
HSBA,hr2633-113
HSGO,hr4215-113
HSIF,hr4633-113
HSIF,hr1518-113
HSIF,hr3542-113
HSFA,hr2494-113
HSIF,hr718-113
HSIF,hr2927-113
HSWM,hr2927-113
SSHR,hr1949-113
HSED,hr1949-113
HSAS,hr3930-113
HSJU,hr5195-113
HSFA,hr5195-113
HSWM,hr924-113
HSFA,hr5649-113
HSED,hr4595-113
HSPW,hr4595-113
HSII,hr2636-113
HSGO,hr1547-113
HSHA,hr1547-113
HSWM,hr4177-113
HSII,hr2809-113
HSIF,hr2809-113
HSAP,hr2809-113
HSHA,hr2809-113
HSRU,hr2809-113
HSJU,hr2809-113
HSED,hr2809-113
HSWM,hr2809-113
SSEV,hr1206-113
HSII,hr1206-113
HSWM,hr2453-113
HSIF,hr2453-113
HSJU,hr4026-113
HSPW,hr4829-113
HSPW,hr4243-113
HSWM,hr4647-113
HSED,hr482-113
HSIF,hr2135-113
HSHA,hr5641-113
HSBA,hr605-113
HSJU,hr744-113
HSJU,hr2992-113
HSAS,hr2244-113
HSPW,hr3646-113
HSED,hr762-113
HSWM,hr762-113
HSIF,hr762-113
HSIF,hr5376-113
HSJU,hr787-113
HSII,hr787-113
HSPW,hr787-113
HSIF,hr787-113
HSBU,hr787-113
HSRU,hr787-113
HSJU,hr459-113
HSJU,hr2399-113
HLIG,hr2399-113
HSWM,hr3531-113
HSIF,hr4148-113
HSHM,hr1947-113
HSPW,hr1947-113
HSAG,hr1947-113
HSJU,hr1947-113
HSFA,hr1947-113
HSGO,hr2679-113
HSVR,hr4725-113
HSIF,hr128-113
HSPW,hr3040-113
HSAS,hr4372-113
HLIG,hr4372-113
HSJU,hr437-113
HSIF,hr948-113
HSWM,hr948-113
HSIF,hr2148-113
HSIF,hr486-113
HSBU,hr476-113
HSED,hr4248-113
HSAG,hr4996-113
HSBA,hr3700-113
HSBA,hr1209-113
HSVR,hr1623-113
HSED,hr3090-113
HSJU,hr34-113
HSII,hr1377-113
HSWM,hr3897-113
HSVR,hr3383-113
HSHA,hr325-113
HSWM,hr325-113
HSII,hr2208-113
HSIF,hr1685-113
HSWM,hr3050-113
HSAG,hr693-113
HSBA,hr5786-113
HSII,hr1540-113
HSWM,hr1140-113
HSFA,hr400-113
HSIF,hr400-113
HSWM,hr5178-113
HSWM,hr149-113
HSWM,hr991-113
HSIF,hr991-113
HSVR,hr5032-113
HSIF,hr4687-113
HSPW,hr4687-113
HSPW,hr3486-113
HSBU,hr3486-113
HSWM,hr3486-113
HSAS,hr1957-113
HSVR,hr1957-113
HSIF,hr2891-113
HSII,hr4716-113
HSBA,hr4684-113
SSJU,hr2655-113
HSJU,hr2655-113
HSIF,hr2995-113
HSIF,hr485-113
HSHM,hr1534-113
HSJU,hr714-113
HSSY,hr714-113
HSIF,hr714-113
HSAP,hr714-113
HSWM,hr714-113
HSED,hr5168-113
HSHA,hr111-113
HSBA,hr111-113
HSJU,hr4936-113
HSAG,hr2404-113
HSWM,hr2286-113
HSIF,hr2286-113
HSAS,hr4816-113
HSVR,hr4816-113
HSIF,hr5373-113
HSWM,hr5373-113
HSWM,hr1907-113
HSIF,hr1907-113
HSJU,hr3722-113
HSIF,hr3722-113
HSHA,hr249-113
HSGO,hr249-113
HSII,hr1434-113
HSIF,hr2827-113
HSWM,hr2827-113
HSII,hr980-113
HSWM,hr980-113
HSWM,hr3673-113
HSWM,hr4454-113
HSWM,hr4964-113
HSIF,hr5027-113
HSED,hr3357-113
HSBA,hr2140-113
HSED,hr2134-113
HSWM,hr2134-113
HSBA,hr4950-113
HSII,hr4265-113
HSJU,hr401-113
HSGO,hr2860-113
HSIF,hr2676-113
HSWM,hr3586-113
HSVR,hr821-113
HSJU,hr4594-113
HSJU,hr2235-113
HSED,hr2013-113
HSAG,hr4551-113
SSCM,hr2413-113
HSSY,hr2413-113
HSBA,hr1553-113
HSED,hr5395-113
HSIF,hr5395-113
HSWM,hr1449-113
HSPW,hr5314-113
HSGO,hr5314-113
HSWM,hr2835-113
HSPW,hr3924-113
HSWM,hr3924-113
HSBA,hr3924-113
HSWM,hr2500-113
HSIF,hr2500-113
HSPW,hr136-113
HSBA,hr508-113
HSED,hr3663-113
HSVR,hr2341-113
HSED,hr5489-113
HSAP,hr3225-113
HSBA,hr4885-113
HSWM,hr4885-113
HSIF,hr3140-113
HSAP,hr2660-113
HSVR,hr4408-113
HSJU,hr3699-113
HSIF,hr1326-113
HSPW,hr612-113
HSWM,hr612-113
HSVR,hr5112-113
HSJU,hr2005-113
HSIF,hr2005-113
HSAG,hr4142-113
HSWM,hr4142-113
HSJU,hr997-113
HSED,hr997-113
HSVR,hr4095-113
HSBA,hr1064-113
HSIF,hr5010-113
HSBA,hr3680-113
HSVR,hr2001-113
HSED,hr768-113
HSED,hr1969-113
HSPW,hr2293-113
HSII,hr745-113
HSSY,hr745-113
HSWM,hr3395-113
HSJU,hr3143-113
HSED,hr3179-113
HSSY,hr5571-113
HSED,hr5571-113
HSAG,hr5571-113
HSPW,hr5571-113
HSIF,hr5571-113
HSJU,hr5571-113
HSBA,hr5571-113
HSBA,hr4539-113
HSAG,hr4886-113
HSII,hr4886-113
HSIF,hr4075-113
HSJU,hr1892-113
HSWM,hr1892-113
SSGA,hr451-113
HSGO,hr451-113
HSIF,hr1790-113
HSBA,hr5442-113
HSJU,hr3709-113
HSIF,hr3709-113
HSJU,hr5053-113
HSFA,hr5053-113
SSJU,hr1211-113
HSGO,hr1211-113
HSHM,hr5440-113
HSIF,hr4407-113
HSWM,hr2229-113
HSAS,hr3954-113
HSED,hr3954-113
HSIF,hr3954-113
HSII,hr4890-113
HSIF,hr4325-113
HSED,hr1854-113
HSBA,hr2767-113
HSWM,hr2767-113
HSBA,hr4787-113
HSED,hr378-113
HSJU,hr300-113
SSJU,hr3309-113
HSJU,hr3309-113
HSAS,hr3790-113
HSIF,hr1958-113
SSHR,hr4709-113
HSIF,hr4709-113
HSJU,hr4709-113
HSWM,hr1125-113
HSBA,hr2402-113
SSFR,hr2449-113
HSFA,hr2449-113
SLIN,hr3361-113
SSJU,hr3361-113
HSBA,hr3361-113
HLIG,hr3361-113
HSJU,hr3361-113
HSGO,hr5793-113
SSBK,hr2203-113
HSBA,hr2203-113
HSAS,hr914-113
HSVR,hr733-113
HSWM,hr2682-113
HSII,hr2682-113
HSIF,hr2682-113
HSHA,hr2682-113
HSJU,hr2682-113
HSED,hr2682-113
HSAS,hr4500-113
HSWM,hr1374-113
HSED,hr4196-113
HSIF,hr4196-113
HSWM,hr4196-113
HSAS,hr2230-113
HSED,hr4773-113
HSAS,hr4773-113
HSGO,hr4773-113
HSED,hr5354-113
HSJU,hr5354-113
SSHR,hr235-113
HSIF,hr235-113
HSJU,hr101-113
HSED,hr3971-113
HSBA,hr4060-113
HSED,hr1924-113
HSWM,hr3712-113
HSJU,hr1441-113
HSWM,hr3581-113
HSJU,hr2523-113
HSBA,hr4352-113
HSII,hr1004-113
HSED,hr3461-113
HSII,hr3687-113
HSWM,hr1086-113
HSAG,hr1396-113
HSIF,hr5110-113
HSWM,hr5110-113
HSVR,hr1238-113
HSFA,hr1238-113
HSAS,hr1238-113
HSWM,hr3549-113
HSBU,hr2967-113
HSSM,hr776-113
HSJU,hr776-113
HSPW,hr202-113
HSWM,hr2591-113
HSIF,hr2957-113
HSWM,hr2957-113
HSWM,hr5645-113
HSJU,hr4698-113
HSAG,hr4525-113
HSSY,hr5526-113
HSIF,hr4805-113
HSWM,hr4805-113
HSJU,hr2851-113
HSII,hr3280-113
HSII,hr1259-113
HSBA,hr4615-113
HSIF,hr5214-113
HSJU,hr93-113
HSII,hr2727-113
SSCM,hr4156-113
HSPW,hr4156-113
HSJU,hr3069-113
HSWM,hr2288-113
HSHM,hr68-113
HSIF,hr68-113
HSAG,hr1610-113
HSIF,hr3769-113
HSWM,hr3769-113
SSGA,hr5169-113
HSGO,hr5169-113
HSED,hr3939-113
HSPW,hr3939-113
HSWM,hr3939-113
HSJU,hr2872-113
HSHM,hr2872-113
HSWM,hr2872-113
HSFA,hr2872-113
HSED,hr5186-113
HSBA,hr5186-113
HSGO,hr708-113
HSWM,hr5213-113
HSBA,hr4557-113
HSIF,hr3683-113
HSSY,hr3683-113
HSFA,hr3683-113
HSED,hr4970-113
HSPW,hr4970-113
HSWM,hr4970-113
HSJU,hr23-113
HSIF,hr3598-113
HSII,hr3415-113
HSVR,hr3287-113
HSJU,hr1860-113
HSJU,hr619-113
HSGO,hr5619-113
HSWM,hr1322-113
HSBA,hr3901-113
HSJU,hr5272-113
SSFI,hr5418-113
HSWM,hr5418-113
HSJU,hr4245-113
HSWM,hr4245-113
HSSO,hr4245-113
HSHA,hr4245-113
HSRU,hr4245-113
HSGO,hr4245-113
HSWM,hr348-113
HSWM,hr2520-113
HSJU,hr2959-113
HSIF,hr3066-113
HSHA,hr3066-113
HSIF,hr5505-113
HSVR,hr5686-113
HSJU,hr1279-113
HSJU,hr5768-113
SSFR,hr3470-113
HSFA,hr3470-113
HSWM,hr3213-113
HSAP,hr3213-113
SSCM,hr2754-113
HSIF,hr2754-113
HSWM,hr5002-113
HSIF,hr4441-113
HSPW,hr4441-113
HSIF,hr1150-113
HSWM,hr3476-113
HSPW,hr335-113
HSRU,hr335-113
SSVA,hr2527-113
HSVR,hr2527-113
HSII,hr4465-113
HSJU,hr5194-113
HSBA,hr5194-113
HSFA,hr5194-113
HSAS,hr1855-113
HSVR,hr1855-113
HSED,hr2195-113
HSAG,hr2145-113
HSWM,hr2524-113
HSIF,hr2524-113
HSIF,hr5556-113
HSWM,hr5556-113
HSJU,hr994-113
HSBA,hr1862-113
HSGO,hr4193-113
HSFA,hr571-113
HSIF,hr3429-113
HSIF,hr3624-113
HSSM,hr1106-113
HSIF,hr565-113
HSBA,hr1115-113
HSII,hr4003-113
HSSY,hr4692-113
HSII,hr687-113
HSPW,hr2084-113
HSWM,hr2084-113
HSIF,hr5750-113
HSIF,hr5748-113
HSWM,hr1487-113
HSIF,hr1487-113
HSJU,hr2440-113
HLIG,hr2440-113
HSJU,hr4015-113
HSIF,hr4015-113
HSGO,hr3801-113
HSJU,hr5650-113
HSSY,hr5335-113
HSIF,hr5335-113
HSED,hr1303-113
HSHA,hr50-113
HSJU,hr689-113
HSIF,hr689-113
HSWM,hr1020-113
HSSY,hr2982-113
HSED,hr2982-113
HSED,hr607-113
HSII,hr607-113
HSWM,hr607-113
HSIF,hr607-113
HSHA,hr607-113
HSAP,hr607-113
HSRU,hr607-113
HSJU,hr607-113
HSBU,hr607-113
HSWM,hr5872-113
HSIF,hr5551-113
HSHM,hr1163-113
SSGA,hr1163-113
HSGO,hr1163-113
HSVR,hr1739-113
HSWM,hr2313-113
HSIF,hr2951-113
HSWM,hr2951-113
HSJU,hr5316-113
HSHM,hr5316-113
HSFA,hr5316-113
HSAS,hr5316-113
HSWM,hr5316-113
SSVA,hr1412-113
HSVR,hr1412-113
HSAS,hr2634-113
HSII,hr2634-113
SSGA,hr592-113
HSPW,hr592-113
HSIF,hr1976-113
HSPW,hr3634-113
HSII,hr402-113
HSAG,hr2796-113
HSII,hr2796-113
HSIF,hr3354-113
HSAS,hr3804-113
SSFI,hr5420-113
HSWM,hr5420-113
HSBA,hr1693-113
HSIF,hr1664-113
HSPW,hr1664-113
HSED,hr5263-113
HSIF,hr5263-113
HSBA,hr5263-113
HSHA,hr5263-113
HSGO,hr5263-113
HSBA,hr1973-113
HSVR,hr4147-113
HSJU,hr5719-113
HSVR,hr1134-113
HSJU,hr972-113
SSEV,hr311-113
HSPW,hr311-113
HSED,hr4756-113
HSSY,hr5663-113
HSJU,hr3146-113
HSRU,hr3146-113
HSHA,hr3146-113
HSBA,hr3146-113
HSFA,hr3146-113
HSAS,hr3146-113
HSWM,hr3146-113
HSWM,hr2604-113
HSWM,hr2483-113
HSII,hr2705-113
HSVR,hr4720-113
HSWM,hr407-113
SSGA,hr1458-113
HSGO,hr1458-113
HSII,hr2015-113
HSSY,hr1616-113
HSPW,hr1616-113
HSIF,hr1616-113
HSGO,hr1616-113
HSBU,hr1616-113
HSIF,hr1074-113
HSIF,hr2980-113
HSJU,hr4951-113
HSAS,hr55-113
HSPW,hr55-113
HSJU,hr55-113
HSWM,hr55-113
HSII,hr2627-113
HSAS,hr2207-113
HSED,hr448-113
HSBA,hr3770-113
HSGO,hr3770-113
HSAG,hr1003-113
HSWM,hr1787-113
HSJU,hr5522-113
HSAP,hr2787-113
SSEG,hr267-113
HSIF,hr267-113
HSAG,hr4267-113
HSWM,hr1248-113
HSII,hr358-113
HSED,hr5590-113
HSIF,hr3835-113
HSIF,hr2256-113
HSAG,hr1345-113
HSII,hr1345-113
HSSY,hr2791-113
HSIF,hr2791-113
HSED,hr377-113
HSFA,hr198-113
HSIF,hr3170-113
HSAP,hr3170-113
HSHA,hr3170-113
HSGO,hr3170-113
HSBU,hr933-113
HSAP,hr933-113
HSWM,hr4244-113
HSWM,hr5559-113
HSVR,hr3443-113
HSAS,hr3443-113
HSWM,hr3443-113
HSAS,hr1389-113
HSIF,hr2186-113
HSED,hr3926-113
HSWM,hr3318-113
HSWM,hr3995-113
HSJU,hr2386-113
HSWM,hr2988-113
HSWM,hr1773-113
HSED,hr1773-113
HSJU,hr1773-113
HSAS,hr1236-113
HSRU,hr4608-113
HSFA,hr4608-113
HSVR,hr5784-113
HSII,hr1818-113
HSII,hr361-113
HSRU,hr3412-113
HSED,hr3412-113
HSAG,hr208-113
HSIF,hr2315-113
HSWM,hr2315-113
HSED,hr4767-113
HSWM,hr5508-113
HSJU,hr3197-113
HSAG,hr3197-113
HSPW,hr3197-113
HSIF,hr3197-113
HSII,hr3197-113
HSII,hr1137-113
HSWM,hr2376-113
HSIF,hr2376-113
HSFA,hr491-113
HSBA,hr491-113
HSWM,hr491-113
HSWM,hr38-113
HSED,hr4425-113
HSIF,hr2128-113
HSWM,hr2128-113
HSED,hr2296-113
HSBA,hr3418-113
HSJU,hr2484-113
HSAG,hr3073-113
HSPW,hr5467-113
HSJU,hr5408-113
HSFA,hr5408-113
HSAP,hr56-113
HSIF,hr1984-113
HSII,hr1495-113
HSAG,hr5156-113
HSII,hr5156-113
HSBU,hr5156-113
HSED,hr2161-113
HSIF,hr2161-113
HSBU,hr2161-113
HSBA,hr4387-113
HSIF,hr3963-113
HSGO,hr3963-113
HSII,hr2280-113
HSAS,hr5126-113
HSGO,hr5126-113
SSHR,hr10-113
HSED,hr10-113
HSED,hr1355-113
HSWM,hr1355-113
HSAG,hr1355-113
HSJU,hr3881-113
HLIG,hr3881-113
HSWM,hr295-113
HSJU,hr1883-113
HSWM,hr1883-113
HSPW,hr4638-113
HSBU,hr773-113
HSHM,hr2213-113
HSPW,hr2213-113
HSAS,hr3793-113
HSWM,hr3793-113
HSGO,hr3559-113
HSVR,hr5432-113
HSII,hr981-113
SSHR,hr3548-113
HSIF,hr3548-113
HSPW,hr1489-113
HSED,hr1433-113
HSIF,hr544-113
HSVR,hr1223-113
HSJU,hr4467-113
HSBA,hr3305-113
HSWM,hr2807-113
HSJU,hr4246-113
SSHR,hr3811-113
HSIF,hr3811-113
HSIF,hr4762-113
HSWM,hr4762-113
HSWM,hr2133-113
HSWM,hr2302-113
HSIF,hr2302-113
HSWM,hr1239-113
HSIF,hr1239-113
HSJU,hr3590-113
HSAG,hr3590-113
HSIF,hr3590-113
HSPW,hr3590-113
HSII,hr3590-113
SSGA,hr4228-113
HSHM,hr4228-113
HSJU,hr4323-113
HSWM,hr763-113
HSIF,hr3367-113
HSWM,hr3367-113
SSGA,hr2804-113
HSGO,hr2804-113
HSJU,hr2804-113
HSJU,hr1327-113
HSBA,hr1327-113
HSFA,hr1327-113
HSED,hr2378-113
HSED,hr2474-113
HSSM,hr2474-113
HSBA,hr2474-113
HSAG,hr1789-113
HSFA,hr3177-113
HSII,hr3286-113
HSPW,hr2273-113
HSBU,hr2686-113
HSJU,hr4154-113
HSVR,hr631-113
HSAS,hr631-113
HSIF,hr1127-113
HSJU,hr861-113
HSWM,hr5438-113
HSIF,hr3937-113
HSPW,hr3937-113
HSVR,hr3671-113
HSII,hr5456-113
HSSY,hr5456-113
HSWM,hr480-113
HSBA,hr3193-113
HSIF,hr2298-113
HSJU,hr3933-113
HSED,hr2196-113
HSJU,hr1081-113
HSAS,hr1081-113
HSWM,hr413-113
HSIF,hr413-113
HSJU,hr4381-113
HSGO,hr4011-113
HSWM,hr1738-113
HSII,hr3229-113
HSIF,hr3229-113
HSBU,hr3229-113
HSWM,hr4457-113
HSII,hr995-113
HSWM,hr2139-113
HSED,hr4040-113
HSED,hr5259-113
HSIF,hr4250-113
SSCM,hr667-113
HSSY,hr667-113
HSIF,hr1921-113
SSEV,hr2353-113
HSPW,hr2353-113
HSJU,hr5305-113
HSIF,hr4213-113
HSBU,hr1371-113
HSIF,hr4308-113
HSIF,hr4282-113
HSVR,hr1774-113
HSED,hr3437-113
HSWM,hr3437-113
HSIF,hr621-113
HSFA,hr3307-113
HSII,hr1308-113
HSJU,hr4073-113
HSGO,hr4073-113
HSWM,hr1015-113
SSAP,hr5016-113
HSAP,hr5016-113
SSGA,hr4194-113
HSGO,hr4194-113
HSWM,hr2247-113
HSFA,hr2247-113
HSVR,hr3396-113
HSGO,hr3396-113
HSWM,hr1555-113
HSWM,hr928-113
HSIF,hr928-113
HSWM,hr1696-113
HSJU,hr1965-113
HSII,hr1965-113
HSJU,hr911-113
HSII,hr4120-113
HSGO,hr4670-113
HSWM,hr947-113
SSEG,hr1459-113
HSII,hr1459-113
HSWM,hr2009-113
HSII,hr2824-113
HSWM,hr962-113
HSIF,hr962-113
HSBU,hr729-113
HSII,hr2416-113
HSED,hr2574-113
HSWM,hr2574-113
HSJU,hr5520-113
HSED,hr919-113
HSED,hr1802-113
HSWM,hr3791-113
HSIF,hr3556-113
HSHA,hr1641-113
HSII,hr4125-113
HSPW,hr2362-113
HSGO,hr5254-113
HSAS,hr1688-113
HSGO,hr1688-113
HSSY,hr1891-113
HSED,hr5012-113
HSWM,hr2533-113
HSBA,hr3482-113
HSVR,hr331-113
HSAG,hr1632-113
HSBU,hr1911-113
HSED,hr1911-113
HSIF,hr346-113
HSAS,hr3172-113
HSJU,hr1575-113
HSIF,hr1575-113
HSED,hr4932-113
HSWM,hr4932-113
HSJU,hr2543-113
HSJU,hr5011-113
HSHA,hr5011-113
HSII,hr3017-113
HSWM,hr3017-113
HSPW,hr328-113
HSGO,hr328-113
HSED,hr726-113
HSHM,hr938-113
SSFR,hr938-113
HSFA,hr938-113
HSJU,hr938-113
HSSY,hr938-113
HSBA,hr4329-113
HSVR,hr806-113
HSII,hr1587-113
HSAG,hr1587-113
HSJU,hr5782-113
HSGO,hr5782-113
HSBA,hr5782-113
HSFA,hr5782-113
HSBA,hr677-113
HSAG,hr677-113
HSGO,hr107-113
HSIF,hr4139-113
HSWM,hr2110-113
HSJU,hr1278-113
HSAS,hr5009-113
SSEV,hr724-113
HSIF,hr724-113
HSIF,hr4069-113
HSJU,hr4069-113
HSJU,hr532-113
HSGO,hr533-113
HSED,hr4622-113
HSJU,hr142-113
HSPW,hr4001-113
HSJU,hr2370-113
HSED,hr1893-113
HSWM,hr1552-113
SSEG,hr2126-113
HSIF,hr2126-113
HSWM,hr1717-113
HSIF,hr1717-113
HSAP,hr1717-113
HSPW,hr2970-113
HSWM,hr395-113
HSJU,hr3863-113
HSII,hr5713-113
HSED,hr2101-113
HSWM,hr2101-113
HSIF,hr2101-113
HSGO,hr2101-113
HSVR,hr1443-113
HSJU,hr4361-113
HSWM,hr4015-113
HSFA,hr5008-113
HSBA,hr3389-113
HSSY,hr49-113
HSII,hr49-113
HSIF,hr49-113
HSPW,hr5755-113
HSGO,hr5755-113
HSIF,hr3982-113
HSWM,hr3393-113
HSII,hr2190-113
HSED,hr4136-113
HSGO,hr5023-113
HSAS,hr1359-113
HSBU,hr3666-113
HSBA,hr3666-113
HSWM,hr3666-113
HSIF,hr5435-113
HSWM,hr5435-113
HSED,hr2961-113
HSBA,hr2961-113
HSWM,hr4559-113
HSWM,hr473-113
HSIF,hr473-113
SSBK,hr5062-113
HSBA,hr5062-113
HSPW,hr3940-113
HSAP,hr5013-113
HSWM,hr4145-113
HSJU,hr4772-113
HSWM,hr2810-113
HSJU,hr2810-113
HSIF,hr2810-113
HSAS,hr2444-113
HSGO,hr2444-113
HSED,hr2131-113
HSJU,hr2131-113
HSBA,hr2419-113
HSVR,hr2072-113
HSED,hr5352-113
HSPW,hr5352-113
HSJU,hr5352-113
HSGO,hr5352-113
HSBU,hr5352-113
HSRU,hr5352-113
HSAG,hr5352-113
HSBA,hr5352-113
HSHA,hr5352-113
HSWM,hr5352-113
HSIF,hr1404-113
HSGO,hr1622-113
HSSM,hr1622-113
SSEG,hr1158-113
HSII,hr1158-113
HSJU,hr3064-113
HSSY,hr3064-113
HSWM,hr4721-113
HSJU,hr3688-113
HSJU,hr4624-113
HSBA,hr4624-113
HSVR,hr1809-113
HSBA,hr4511-113
HSIF,hr389-113
HSFA,hr3206-113
HSGO,hr1392-113
HSII,hr1808-113
HSVR,hr3600-113
HSPW,hr2046-113
HSII,hr4293-113
HSAG,hr4293-113
HSJU,hr35-113
HSII,hr520-113
HSIF,hr2757-113
HSPW,hr1829-113
HSVR,hr4999-113
HSWM,hr386-113
HSBA,hr386-113
HSII,hr4126-113
HSWM,hr1201-113
HSIF,hr1201-113
HSBA,hr960-113
HSED,hr5422-113
HSBA,hr4734-113
HSWM,hr1390-113
HSIF,hr3404-113
HSBA,hr129-113
HSVR,hr4141-113
HSII,hr3994-113
HSAG,hr3994-113
HSIF,hr2833-113
HSAG,hr2260-113
HSWM,hr351-113
HSIF,hr351-113
HSRU,hr351-113
SSCM,hr4572-113
HSIF,hr4572-113
HSBA,hr2932-113
HSBA,hr4466-113
HSAG,hr4466-113
HSIF,hr3638-113
HSPW,hr3638-113
HSWM,hr3638-113
HSAS,hr179-113
HSVR,hr179-113
SSCM,hr5462-113
HSHM,hr5462-113
HSFA,hr4155-113
HSIF,hr4155-113
HSII,hr799-113
SSGA,hr4289-113
HSHM,hr4289-113
HSIF,hr1268-113
HSPW,hr1268-113
HSBA,hr1268-113
HSWM,hr1268-113
HSED,hr2311-113
SSVA,hr3521-113
HSVR,hr3521-113
HSIF,hr1496-113
HSWM,hr2709-113
HSBA,hr2816-113
HSVR,hr2859-113
HSWM,hr1877-113
HSPW,hr1877-113
HSHA,hr5268-113
HSBA,hr1193-113
HSWM,hr851-113
HSBU,hr1727-113
HSAG,hr1727-113
HSII,hr4182-113
HSIF,hr1407-113
HSIF,hr4735-113
HSED,hr5611-113
HSED,hr1503-113
HSBA,hr4697-113
HSBA,hr4871-113
HSVR,hr4234-113
HSJU,hr1177-113
HSED,hr3142-113
HSJU,hr5252-113
SSEG,hr678-113
HSII,hr678-113
HSIF,hr4345-113
HSII,hr3980-113
HSIF,hr4695-113
HSWM,hr4695-113
HSJU,hr1543-113
HSED,hr1609-113
HSJU,hr3163-113
HSHM,hr3163-113
HSII,hr3163-113
HSHA,hr3163-113
HSGO,hr3163-113
HSED,hr3163-113
HSWM,hr3163-113
HSFA,hr3163-113
HSAS,hr3163-113
HSED,hr3972-113
HSBA,hr3010-113
HSWM,hr2240-113
HSWM,hr1032-113
HSPW,hr2226-113
HSIF,hr2226-113
HSWM,hr2745-113
HSIF,hr2986-113
HSJU,hr4949-113
HSED,hr4949-113
HSIF,hr1913-113
HSED,hr1652-113
HSED,hr2178-113
HSAG,hr4788-113
HSBA,hr4788-113
HSVR,hr2185-113
HSJU,hr3711-113
HSBA,hr3711-113
HSWM,hr1524-113
HSGO,hr1524-113
HSGO,hr2785-113
HSAS,hr1770-113
HSIF,hr5665-113
HSII,hr916-113
HSRU,hr2675-113
HSGO,hr2675-113
HSII,hr5311-113
HSIF,hr1252-113
HSED,hr976-113
HSII,hr4417-113
HSIF,hr4307-113
HSJU,hr1881-113
HSII,hr1881-113
HSIF,hr1881-113
HSPW,hr1881-113
HSPW,hr2647-113
HSWM,hr837-113
SSHR,hr3362-113
HSIF,hr3362-113
HSWM,hr3362-113
SSJU,hr5108-113
HSJU,hr5108-113
HSAS,hr2907-113
HSVR,hr5404-113
HSBU,hr5404-113
HSAS,hr5404-113
HSJU,hr1565-113
HSVR,hr1565-113
HSVR,hr3569-113
HSJU,hr2466-113
HSAS,hr3805-113
HSPW,hr5575-113
HSII,hr1348-113
HSVR,hr813-113
HSAG,hr2224-113
HSWM,hr2618-113
HSIF,hr2618-113
HSWM,hr2275-113
HSVR,hr5618-113
HSBU,hr5618-113
HSFA,hr599-113
HSWM,hr2532-113
HSPW,hr985-113
HSGO,hr4394-113
SLIA,hr4329-113
HSSY,hr3449-113
HSPW,hr3449-113
HSGO,hr522-113
HSBU,hr522-113
HSHA,hr522-113
HSGO,hr1380-113
HSHA,hr1380-113
HSWM,hr5497-113
HSWM,hr4679-113
HSPW,hr3282-113
HSWM,hr1274-113
HSIF,hr1274-113
HSWM,hr809-113
HSIF,hr809-113
HSWM,hr5775-113
HSWM,hr5291-113
HSJU,hr4502-113
HSIF,hr4502-113
HSIF,hr2-113
HSJU,hr2-113
HSSY,hr2-113
HSPW,hr2-113
HSII,hr2-113
HLIG,hr5190-113
HSAS,hr5190-113
HSFA,hr5190-113
HSJU,hr3880-113
HLIG,hr3880-113
HSJU,hr1474-113
HSII,hr4742-113
HSRU,hr233-113
HSWM,hr233-113
HSED,hr2910-113
HSIF,hr2910-113
HSWM,hr2910-113
HSIF,hr3198-113
HSHA,hr3198-113
HSII,hr1998-113
HSJU,hr5594-113
HSHM,hr5594-113
HSIF,hr3425-113
HSWM,hr3425-113
HSVR,hr4031-113
HSGO,hr4031-113
HSSY,hr3034-113
HSPW,hr3034-113
HSIF,hr4298-113
HSWM,hr1618-113
HSED,hr3505-113
HSJU,hr2849-113
HLIG,hr2849-113
HSBU,hr4302-113
HSWM,hr4302-113
HSIF,hr4302-113
HSJU,hr5502-113
HSIF,hr5502-113
HSFA,hr2717-113
HSJU,hr2033-113
HSFA,hr2033-113
HSII,hr676-113
HSWM,hr676-113
HSIF,hr676-113
HSIF,hr1099-113
HSFA,hr3852-113
SSFR,hr4278-113
HSJU,hr4278-113
HSFA,hr4278-113
SSBK,hr3584-113
HSBA,hr3584-113
HSAS,hr4883-113
HSBA,hr5067-113
HSWM,hr4058-113
SSHR,hr803-113
HSPW,hr803-113
HSIF,hr803-113
HSVR,hr803-113
HSAG,hr803-113
HSJU,hr803-113
HSED,hr803-113
SLIN,hr4681-113
HLIG,hr4681-113
HSWM,hr3757-113
HSII,hr4350-113
HSII,hr716-113
HSFA,hr1863-113
HSWM,hr5792-113
HSED,hr5792-113
HSWM,hr4755-113
HSED,hr455-113
HSAS,hr1705-113
HSWM,hr3124-113
HSGO,hr5377-113
HSHM,hr547-113
HSAS,hr547-113
HSAG,hr547-113
HSII,hr547-113
HSJU,hr141-113
HSWM,hr4878-113
HSBA,hr4558-113
HSSY,hr1364-113
HSIF,hr1364-113
HSWM,hr1364-113
HSWM,hr3856-113
HSAS,hr3674-113
HSIF,hr3674-113
HSIF,hr2505-113
HSPW,hr2505-113
HSIF,hr3796-113
HSWM,hr3796-113
HSVR,hr3384-113
SSEG,hr697-113
HSII,hr697-113
HSED,hr4171-113
HSED,hr2389-113
HSIF,hr2389-113
HSII,hr2389-113
HSHA,hr2389-113
HSJU,hr2389-113
HSWM,hr2389-113
HSHM,hr1455-113
HSED,hr3339-113
SSGA,hr1171-113
HSGO,hr1171-113
HSWM,hr3128-113
SSRA,sjres19-113
SSJU,sjres19-113
SSJU,sjres18-113
SSJU,sjres15-113
SSFR,sjres21-113
HSHA,sjres29-113
SSRA,sjres29-113
SSJU,sjres17-113
SSJU,sjres11-113
SSJU,sjres3-113
SSJU,sjres20-113
SSJU,sjres7-113
SSFR,sjres43-113
SSEV,sjres30-113
HSFA,sjres36-113
SSFR,sjres36-113
SSFI,s1507-113
SSEG,s338-113
SSEG,s225-113
SSVA,s2316-113
SSBK,s1813-113
SSFI,s2618-113
SSFI,s1400-113
SSFR,s1249-113
SSJU,s22-113
SSAS,s346-113
SSVA,s2424-113
SSEG,s398-113
SSAS,s1741-113
SSFI,s1228-113
SSFI,s1488-113
SSFI,s2634-113
SSJU,s2483-113
SSCM,s1459-113
SSHR,s908-113
SSHR,s1822-113
SSGA,s2099-113
SSHR,s1475-113
SSHR,s1712-113
SSHR,s226-113
SSGA,s1819-113
SSFR,s1005-113
SSJU,s1690-113
SSHR,s460-113
SSGA,s1809-113
SSEV,s864-113
SLIN,s1681-113
SSHR,s2531-113
SSCM,s7-113
SSBK,s2242-113
SSJU,s2218-113
SSHR,s2859-113
SSFI,s2272-113
SSHR,s254-113
SSJU,s260-113
SSVA,s1411-113
SSHR,s504-113
SSEG,s831-113
SSFI,s410-113
SSCM,s1700-113
SSBK,s2285-113
SSFI,s2612-113
SSFI,s1280-113
SSGA,s843-113
SSFI,s2257-113
SSFI,s1795-113
SSJU,s34-113
SSFI,s2176-113
HSII,s230-113
HSBU,s230-113
SSEG,s230-113
SSFI,s1531-113
SSCM,s1789-113
SSHR,s1735-113
SSFI,s3007-113
SSEG,s488-113
SSEV,s2533-113
SSEV,s565-113
SSHR,s1552-113
SSVA,s1736-113
SSCM,s2583-113
SSEG,s2823-113
SSFI,s173-113
HSII,s157-113
SSEG,s157-113
SSJU,s149-113
SSFI,s610-113
SSBK,s766-113
SCNC,s1323-113
SSJU,s1323-113
SSFI,s337-113
SSHR,s2629-113
SSHR,s1952-113
SSVA,s2423-113
SSGA,s15-113
SSBK,s1122-113
SSBK,s1208-113
SSEV,s251-113
SSFR,s2831-113
HSGO,hr2067-113
HSWM,hr2499-113
HSJU,hr2566-113
HSPW,hr5638-113
HSJU,hr88-113
HSIF,hr4437-113
HSWM,hr4437-113
HSIF,hr287-113
HSRU,hr1040-113
HSWM,hr1040-113
HSED,hr1783-113
HSAG,hr1783-113
HSII,hr126-113
HSED,hr3536-113
HSED,hr3121-113
HSJU,hr3121-113
HSII,hr3121-113
HSIF,hr3121-113
HSRU,hr3121-113
HSAP,hr3121-113
HSHA,hr3121-113
HSWM,hr3121-113
HSHA,hr94-113
HSII,hr409-113
HSGO,hr1234-113
HSIF,hr4160-113
HSWM,hr4160-113
HSIF,hr1427-113
HSBA,hr5148-113
HSII,hr1165-113
HSRU,hr1165-113
HSBU,hr1165-113
SSJU,hr2919-113
HSJU,hr2919-113
HSED,hr5269-113
HSJU,hr5269-113
HSAS,hr4682-113
HSWM,hr4682-113
HSED,hr4480-113
HSWM,hr4617-113
HSED,hr1617-113
HSAG,hr1617-113
HSJU,hr1617-113
HSII,hr1617-113
HSIF,hr1617-113
HSSY,hr1617-113
HSBU,hr4090-113
HSWM,hr4090-113
HSBA,hr246-113
HSPW,hr3678-113
HSIF,hr842-113
HSWM,hr1990-113
HSFA,hr3961-113
HSED,hr2394-113
HSWM,hr2394-113
HSPW,hr1539-113
HSII,hr5511-113
HSJU,hr2236-113
HSJU,hr1812-113
SSGA,hr5170-113
HSGO,hr5170-113
HSAS,hr4485-113
HSPW,hr4485-113
HSWM,hr1629-113
HSPW,hr836-113
HSED,hr505-113
HSPW,hr505-113
HSBA,hr505-113
HSAS,hr505-113
HSGO,hr505-113
HSBU,hr505-113
HSWM,hr505-113
HSHA,hr376-113
SSGA,hr2952-113
HSHM,hr2952-113
HSFA,hr4362-113
HSJU,hr4992-113
HSIF,hr2734-113
HSWM,hr2482-113
HSWM,hr3023-113
HSED,hr3016-113
HSPW,hr3016-113
HSBA,hr3016-113
HSWM,hr3016-113
SSEG,hr4801-113
HSIF,hr4801-113
HSHM,hr2946-113
HSED,hr2587-113
HSGO,hr2587-113
HSWM,hr3114-113
HSBA,hr3211-113
HSIF,hr896-113
SSAP,hr4487-113
HSAP,hr4487-113
HSII,hr2276-113
HSIF,hr3662-113
HSWM,hr3662-113
HSII,hr1600-113
HSVR,hr1400-113
SSJU,sjres37-113
SSFR,sjres44-113
SSFI,sjres8-113
SSAP,sjres24-113
SSFR,sjres46-113
SSJU,sjres2-113
SSAP,sjres23-113
SSFR,sjres39-113
SSAP,s171-113
SSCM,s1692-113
SSFI,s1899-113
SSBU,s263-113
SSFI,s1235-113
SSHR,s1152-113
SLIA,s1818-113
SSHR,s1473-113
SSHR,s3004-113
SSFI,s963-113
SSFI,s2975-113
SSCM,s1964-113
SSHR,s1623-113
SSGA,s886-113
SSEV,s224-113
SSFI,s742-113
SSBK,s1349-113
SSFI,s1527-113
SSJU,s1037-113
SSVA,s1262-113
SSEG,s618-113
SSEG,s2762-113
SSFI,s2434-113
SSVA,s863-113
SLIA,s2847-113
SLIN,s2439-113
SSHR,s44-113
SSBK,s450-113
SSAF,s2116-113
SSJU,s2150-113
SSEV,s2226-113
SSFI,s2064-113
SSAF,s458-113
SSAF,s2764-113
SSBK,s1827-113
SSCM,s1708-113
SLIA,s1998-113
SSJU,s1385-113
SSCM,s1340-113
SSFI,s194-113
SSSB,s289-113
SSJU,s2871-113
SSFI,s2994-113
SSBK,s1001-113
SSJU,s2567-113
SSHR,s168-113
SSJU,s2093-113
SSBK,s1369-113
SSFI,s1524-113
SSEG,s343-113
HSII,s354-113
SSEG,s354-113
SSVA,s1662-113
SSJU,s671-113
SSBU,s280-113
SSFI,s1978-113
SSHR,s2192-113
SSJU,s2399-113
SSHR,s2954-113
SSHR,s1659-113
SSEG,s2929-113
SSGA,s3001-113
SSEG,s1430-113
SSAF,s2548-113
SSHR,s2935-113
SSFI,s2892-113
SSFI,s1940-113
SSEV,s574-113
SSJU,s202-113
SSVA,s2951-113
SSJU,s883-113
SSBU,s377-113
SSFR,s2591-113
SSCM,s2047-113
SSVA,s430-113
SSHR,s539-113
SSFI,s983-113
SSAS,s976-113
SSFI,s1137-113
SSSB,s2481-113
SSJU,s607-113
SSFI,s570-113
SSEV,s2620-113
SSBK,s1461-113
SSHR,s2281-113
SSBK,s1688-113
SSVA,s778-113
SSEG,s684-113
SSEG,s2074-113
SSEV,s1153-113
SSHR,s1333-113
SSHR,s2007-113
SSJU,s2254-113
SSAP,s444-113
SSAF,s860-113
SSFI,s526-113
SSJU,s2646-113
SSHR,s1204-113
SSJU,s2364-113
SSHR,s1251-113
SSCM,s1776-113
SSHR,s2959-113
SSEG,s170-113
SSFI,s1699-113
SSEV,s67-113
SSHR,s358-113
SSEG,s339-113
SSHR,s1052-113
SSHR,s2173-113
SSFI,s1160-113
SSGA,s686-113
SSFI,s1860-113
SSHR,s2400-113
SSEG,s27-113
SSHR,s934-113
SSEG,s2136-113
SSSB,s1190-113
HSVR,s287-113
SSVA,s287-113
SLIA,s2160-113
SSCM,s376-113
SSVA,s851-113
SSJU,s2177-113
SSGA,s1297-113
SSEV,s496-113
SSVA,s2654-113
SSVA,s2467-113
SSCM,s2563-113
SSHR,s2331-113
SSJU,s169-113
SSVA,s939-113
SSFI,s1012-113
SSHR,s2844-113
SSEV,s1381-113
SSVA,s1593-113
SSFI,s1826-113
HSAS,s1471-113
HSVR,s1471-113
SSVA,s1471-113
SSHR,s2993-113
SSBK,s1174-113
SSHR,s602-113
SSEG,s1240-113
SSFI,s1180-113
SSJU,s1738-113
SSFR,s2421-113
SSHR,s2998-113
SSJU,s2319-113
SSFI,s2881-113
SSHR,s1723-113
SSFI,s1099-113
SSJU,s593-113
SSHR,s999-113
SSFI,s709-113
SSEV,s1508-113
SSGA,s1678-113
SSEV,s2752-113
SSGA,s109-113
SSHR,s1754-113
SSFI,s2920-113
SSEG,s2791-113
SSHR,s2849-113
SSBU,s110-113
SSHR,s2867-113
SSBK,s2328-113
SSBK,s1376-113
SSEV,s2587-113
SSEG,s1309-113
SSJU,s2919-113
SSFI,s917-113
SSFR,s207-113
SSJU,s1675-113
SSVA,s2009-113
SSCM,s1353-113
SSJU,s616-113
SSFI,s1136-113
SSHR,s2430-113
SSVA,s1637-113
SSEG,s1139-113
SSJU,s2048-113
SSFI,s1331-113
SSHR,s217-113
SSAS,s1644-113
SSBK,s2083-113
SSJU,s374-113
SSHR,s772-113
SSVA,s2243-113
SSFI,s399-113
SSHR,s1327-113
SSFI,s2089-113
SSFI,s1270-113
SSJU,s162-113
SSFI,s560-113
SSHR,s188-113
SSHR,s2841-113
SSCM,s1275-113
SSEV,s1324-113
SSHR,s1026-113
SSVA,s877-113
SSHR,s833-113
SSGA,s1746-113
HSHM,s1403-113
SSCM,s1403-113
SSJU,s369-113
SSFI,s1128-113
SSEG,s1054-113
SSEG,s1800-113
SSAF,s2976-113
SSBK,s100-113
SSBK,s798-113
SSFI,s367-113
SSEG,s312-113
SSEG,s757-113
SSEG,s1206-113
SSHR,s1061-113
SSFI,s2152-113
SSJU,s1016-113
SSEG,s383-113
SSGA,s2611-113
SSEG,s241-113
SSEV,s2457-113
SSCM,s2284-113
SSGA,s2263-113
SSEG,s2593-113
SSBK,s471-113
SSGA,s2541-113
SSEV,s2748-113
SSFI,s236-113
SSAS,s2368-113
SSSB,s2637-113
SSFI,s1555-113
SSEG,s1273-113
SSFI,s1772-113
SSBK,s2498-113
SSJU,s1290-113
SSHR,s519-113
HSBA,s2270-113
SSBK,s2270-113
SSAS,s2358-113
SSEG,s2973-113
SSBU,s2905-113
SSFI,s1991-113
SSBK,s1185-113
SSFI,s1260-113
SSVA,s2738-113
SSBU,s1321-113
SSEG,s2947-113
SSHR,s1590-113
SSEG,s2916-113
SSCM,s646-113
SSHR,s356-113
SSHR,s2917-113
SSCM,s847-113
SSCM,s839-113
SSVA,s2401-113
SSJU,s699-113
SSRA,s9-113
HSII,s130-113
SSEG,s130-113
SSFI,s790-113
SSFI,s2789-113
SSFI,s2230-113
SSFI,s115-113
SSHR,s1972-113
SSVA,s1148-113
SSFI,s1224-113
SSHR,s2719-113
SSCM,s1680-113
SSJU,s478-113
SSJU,s1769-113
SSEV,s1988-113
HSGO,s1276-113
SSGA,s1276-113
SSFI,s1533-113
SSCM,s208-113
SSFI,s1220-113
SSEV,s2542-113
SSFI,s77-113
SLIA,s2188-113
SSFI,s1330-113
SSJU,s1778-113
SSFI,s1876-113
SSGA,s1378-113
SSEV,s163-113
SSEG,s2274-113
SSHR,s1617-113
SSGA,s1464-113
SSEG,s1071-113
SSJU,s2782-113
SSHR,s1247-113
SSHR,s1223-113
SSAS,s1550-113
SSCM,s1981-113
SSFI,s991-113
SSJU,s525-113
SSJU,s210-113
SSFI,s1357-113
SSJU,s2301-113
SSEG,s841-113
SSFI,s948-113
SSVA,s800-113
SSCM,s2559-113
SSJU,s148-113
SSEV,s484-113
HSWM,hr5021-113
HSIF,hr5021-113
HSPW,hr5021-113
HSII,hr5021-113
HSED,hr5021-113
HSSY,hr5021-113
HSJU,hr3550-113
HSSY,hr3550-113
HSPW,hr3550-113
HSAP,hr3550-113
HSBA,hr3550-113
HSIF,hr3631-113
HSWM,hr2921-113
HSII,hr5412-113
HSAS,hr3808-113
HSBU,hr3808-113
SSHR,hr5-113
HSBA,hr5-113
HSED,hr5-113
HSJU,hr4165-113
HSII,hr3564-113
HSIF,hr2649-113
HSAG,hr5659-113
HSIF,hr5659-113
HSAS,hr1642-113
HSAG,hr1657-113
HSVR,hr4151-113
HSII,hr696-113
HSPW,hr843-113
HSGO,hr1541-113
HSJU,hr4106-113
HSIF,hr4106-113
HSII,hr4710-113
HSIF,hr5534-113
HSWM,hr4130-113
HSJU,hr2526-113
HSBA,hr2892-113
HSIF,hr2487-113
HSII,hr1291-113
SSBK,hr801-113
HSBA,hr801-113
HSWM,hr4188-113
HSIF,hr5633-113
HSSM,hr2441-113
HSPW,hr399-113
HSED,hr551-113
HSVR,hr1805-113
HSJU,hr3882-113
HLIG,hr3882-113
HSED,hr2744-113
HSJU,hr2744-113
HSWM,hr2744-113
HSII,hr163-113
SSFR,hr1992-113
HSFA,hr1992-113
HSIF,hr763-113
SSFI,s577-113
SSBK,s101-113
SSJU,s461-113
SSVA,s2393-113
SLIA,s477-113
SSHR,s2529-113
SSVA,s845-113
SSHR,s2788-113
SSFI,s636-113
SSJU,s146-113
SSEG,s552-113
SSBK,s1748-113
SSCM,s2478-113
SSFI,s1154-113
SSHR,s909-113
SSFR,s2472-113
SSCM,s1022-113
SSEV,s1264-113
SSBK,s192-113
SSFI,s612-113
SSFI,s1286-113
SSJU,s619-113
SSEV,s332-113
SSVA,s2950-113
SSEG,s2907-113
SSHR,s2036-113
SSEG,s2264-113
SSFR,s1901-113
SSFI,s1469-113
SSFI,s479-113
SSJU,s2454-113
SSEV,s407-113
SSFI,s2702-113
SSHR,s1227-113
HSIF,s1954-113
HSWM,s1954-113
SSFI,s1954-113
SSRA,s2751-113
SSHR,s2196-113
SSFI,s791-113
SSFI,s2015-113
SSFI,s2227-113
SSHR,s2876-113
SSFI,s1449-113
SSAS,s2730-113
SSBK,s1158-113
SSGA,s2216-113
SSEV,s107-113
SSEV,s2729-113
SSHR,s2269-113
SSAF,s1294-113
SSEG,s1294-113
SSEV,s1232-113
SSRA,s1947-113
SSFI,s278-113
SSEV,s533-113
SSFI,s1184-113
SSCM,s1014-113
SSVA,s894-113
SSHR,s1248-113
SSHR,s1060-113
SSGA,s68-113
SSHR,s2622-113
HSHM,s1367-113
SSCM,s1367-113
SSEG,s771-113
SSHR,s466-113
SSFI,s2166-113
SSAS,s389-113
SSCM,s2085-113
SSCM,s2151-113
SSCM,s912-113
SSHR,s406-113
SSFI,s2965-113
SSCM,s288-113
SSBU,s379-113
SSHR,s265-113
SSFR,s2142-113
SSGA,s787-113
SSFI,s1758-113
SSBK,s172-113
SSJU,s2118-113
SSJU,s1393-113
SSHR,s2229-113
SSEG,s255-113
SSHR,s2977-113
SSEV,s1470-113
SSJU,s5-113
SSHR,s2459-113
SSHR,s689-113
SSJU,s80-113
SSJU,s744-113
HSHM,s744-113
HSJU,s744-113
SSSB,s744-113
SSGA,s744-113
SSHR,s1756-113
SSEG,s782-113
SSEG,s2638-113
SSVA,s2095-113
SSFI,s2348-113
HSPW,s601-113
SSEV,s601-113
SSFR,s980-113
SSCM,s1023-113
SSAF,s801-113
HSII,s363-113
SSEG,s363-113
SSFI,s1844-113
SSHR,s2814-113
SSAS,s470-113
SSAF,s2604-113
SSEV,s571-113
SSHR,s1562-113
SSCM,s1008-113
SSHR,s2862-113
SSAS,s1078-113
SSBK,s1806-113
SSEG,s1771-113
SSHR,s1388-113
SSGA,s2266-113
SSHR,s137-113
SSCM,s2879-113
SSHR,s142-113
SSAF,s1484-113
SSHR,s264-113
SSEG,s816-113
SSEG,s2256-113
SSHR,s2796-113
SSJU,s1478-113
SSFI,s660-113
SSBK,s291-113
SSGA,s2153-113
SSHR,s1082-113
SSBK,s710-113
SSHR,s248-113
SSJU,s1816-113
SSJU,s1790-113
SSFI,s1364-113
SSFI,s1980-113
SSBK,s1803-113
SSHR,s1803-113
SSCM,s713-113
SSHR,s1626-113
SSFI,s669-113
SSFI,s2215-113
SSJU,s1720-113
SSJU,s1207-113
SSFI,s806-113
SSFR,s1386-113
SSEG,s717-113
SSEG,s327-113
SSFI,s767-113
HSIF,s1557-113
SSHR,s1557-113
SSFR,s2946-113
SSAS,s1668-113
SSVA,s2740-113
SSFI,s1647-113
SSHR,s1909-113
SSCM,s2049-113
SSFI,s1957-113
SSFI,s1992-113
SSGA,s675-113
SSFI,s1633-113
SSFI,s1894-113
SSFI,s2728-113
SSFI,s2388-113
SSFI,s2806-113
SSFI,s31-113
SSJU,s1354-113
SSFI,s2707-113
HSII,s311-113
SSEG,s311-113
SSFI,s779-113
SSAF,s762-113
SSFR,s1545-113
SSEG,s1794-113
SSAP,s1283-113
SSEG,s1024-113
SSJU,s405-113
SSGA,s905-113
SSCM,s1893-113
SSHR,s2035-113
SSHR,s315-113
SSHR,s2133-113
SSHR,s1481-113
SSEG,s1962-113
SSCM,s2380-113
SSFI,s2525-113
SSGA,s2547-113
HSII,s231-113
HSGO,s231-113
SSGA,s231-113
SSFI,s1395-113
SSEV,s1914-113
SSJU,s2561-113
SSFI,s1198-113
SSBK,s949-113
SSEG,s1100-113
SSEV,s1528-113
SSJU,s1621-113
SSFI,s183-113
SSCM,s973-113
SSFI,s2708-113
SSEG,s2744-113
SSJU,s42-113
SSEG,s1230-113
SSVA,s735-113
SSEV,s861-113
SSEG,s384-113
SSEV,s2833-113
SSCM,s2365-113
SSFR,s856-113
SSHR,s2373-113
SSAF,s754-113
SSFI,s1053-113
SSFI,s90-113
SSEG,s1966-113
SCNC,s2092-113
SSJU,s2092-113
SSFI,s606-113
SSHR,s882-113
SSJU,s1168-113
SSBK,s1075-113
SSEG,s1414-113
SSEG,s1205-113
SSBU,s465-113
SSJU,s2045-113
SSCM,s2028-113
SSGA,s573-113
SSAS,s658-113
SSVA,s1216-113
SSFI,s2037-113
SLIA,s1474-113
SSBU,s1351-113
SSJU,s2426-113
SSCM,s1161-113
SSFI,s2552-113
HSHM,s2354-113
SSGA,s2354-113
SSBK,s727-113
SSEV,s1175-113
SSBK,s2697-113
SSFI,s1267-113
SSJU,s2471-113
SSGA,s2001-113
SSVA,s1985-113
SSHR,s2452-113
SSJU,s72-113
SSBU,s2087-113
SSBK,s985-113
SSAS,s1034-113
SSAP,s1371-113
SSAS,s1081-113
SSCM,s246-113
SSHR,s180-113
SSFI,s494-113
HSAS,s2076-113
SSCM,s2076-113
SSAS,s2350-113
SSFR,s960-113
SSFI,s1782-113
SSEG,s1971-113
SSEG,s1784-113
SSEV,s2785-113
SSAF,s605-113
SSEV,s365-113
SSEG,s2932-113
SSCM,s2155-113
SSFI,s2271-113
SSFI,s2682-113
SSGA,s1304-113
SSFI,s1871-113
SSFI,s2387-113
SSHR,s2220-113
SSFI,s835-113
SSEG,s60-113
SSFI,s1821-113
SSFI,s1878-113
SSJU,s147-113
SSFI,s836-113
SLIA,s2670-113
SSAS,s1092-113
SSEG,s483-113
SSJU,s48-113
SSEG,s2623-113
SSAF,s677-113
SSVA,s1361-113
HSII,s247-113
HSPW,s247-113
SSEG,s247-113
SSEG,s630-113
SSGA,s760-113
SSFI,s1412-113
SSVA,s705-113
SSFI,s662-113
HSII,s1254-113
HSSY,s1254-113
SSCM,s1254-113
SSVA,s930-113
SSFI,s420-113
SSFI,s2955-113
SSVA,s2834-113
SSJU,s2-113
SSBK,s2384-113
SSEG,s769-113
SSHR,s2115-113
SSCM,s794-113
SSHR,s2538-113
SSRA,s2754-113
SSHR,s2645-113
SSFI,s500-113
SSAF,s751-113
SSHR,s531-113
SSFI,s688-113
SSJU,s179-113
SSEG,s1554-113
SSHR,s648-113
SSEG,s1595-113
SSHR,s1129-113
SSAS,s2294-113
SSHR,s829-113
SSEG,s1233-113
SSEG,s371-113
SSBK,s1048-113
SSFI,s2190-113
SSAP,s692-113
SSFI,s569-113
SSFI,s759-113
SSEG,s1630-113
SSHR,s2524-113
SSCM,s1858-113
SSHR,s326-113
SSEG,s1888-113
SSFI,s423-113
SSFR,s718-113
SSBK,s1002-113
SSHR,s1062-113
SSVA,s422-113
SSEG,s156-113
SSHR,s1719-113
SSFR,s988-113
SSAP,s1244-113
SSAS,s2843-113
SSFI,s1517-113
SSCM,s63-113
SSVA,s633-113
HSJU,s743-113
SSGA,s1274-113
SSSB,s1440-113
SSEG,s17-113
SSFI,s2168-113
SSHR,s2172-113
SSHR,s333-113
SSFI,s2191-113
SSHR,s546-113
SSJU,s189-113
SSFI,s2162-113
SSVA,s2810-113
SSVA,s868-113
SSFI,s321-113
SSEG,s510-113
SSFI,s1225-113
SSJU,s2159-113
SSHR,s650-113
SSGA,s2247-113
SSVA,s629-113
SSGA,s21-113
SSFI,s1693-113
SSFI,s2899-113
SSFI,s1511-113
SLIN,s1201-113
SSBK,s2698-113
SSEV,s2325-113
SSFI,s2288-113
SSEG,s1140-113
SSHR,s2141-113
SSHR,s139-113
SSAF,s1502-113
SSGA,s1486-113
SSJU,s266-113
SSVA,s515-113
SSHR,s403-113
SSJU,s2520-113
SSHR,s1416-113
SSJU,s1897-113
SSFI,s2011-113
SSRA,s123-113
SSJU,s2974-113
SSEV,s344-113
SSHR,s2511-113
SSFI,s1706-113
SSHR,s955-113
SSCM,s981-113
SSHR,s1848-113
SSSB,s259-113
SSFR,s12-113
SSVA,s257-113
SSFI,s1439-113
SSEG,s155-113
SSFI,s1342-113
SSBK,s673-113
SSVA,s935-113
SSHR,s1087-113
SSEV,s970-113
SSFI,s2855-113
SSHR,s2174-113
SSEV,s1905-113
SSFI,s654-113
SSVA,s922-113
SSVA,s690-113
SSEG,s96-113
SSCM,s2705-113
SSVA,s1684-113
SSHR,s1306-113
SSFI,s2715-113
SSJU,s299-113
SSFI,s2660-113
SSRA,s253-113
SSGA,s1091-113
SSFR,s2502-113
SSFI,s1672-113
SSFI,s506-113
SSVA,s2404-113
SSAS,s1856-113
SSHR,s348-113
SSAS,s1500-113
SSJU,s32-113
SSJU,s54-113
SSEG,s306-113
SSCM,s1793-113
SSVA,s200-113
SSBK,s205-113
SSFI,s2908-113
SSCM,s4-113
SSHR,s846-113
SSFI,s2662-113
SSJU,s1038-113
SSCM,s1753-113
SSEV,s3002-113
SSBK,s361-113
SSJU,s518-113
SSEG,s2470-113
SSVA,s495-113
SSHR,s1110-113
SSGA,s464-113
SSGA,s807-113
SSHR,s1815-113
SSEG,s1938-113
SSEG,s181-113
SSHR,s2029-113
SSAF,s463-113
SSFI,s1645-113
SSCM,s818-113
SSAS,s1032-113
SSEG,s1739-113
SSGA,s1360-113
SSEV,s197-113
SSHR,s2795-113
SSBK,s1352-113
SLIA,s1352-113
SSJU,s2012-113
SSHR,s627-113
SSVA,s1588-113
SSFI,s562-113
SSGA,s2640-113
SSHR,s1277-113
SSAS,s2273-113
SSHR,s2755-113
SSFI,s725-113
SSJU,s714-113
SSFI,s46-113
SSBU,s43-113
SSBK,s1534-113
SSBK,s872-113
SSHR,s2804-113
SSFI,s1123-113
SSHR,s2304-113
SSFI,s2261-113
SSJU,s2647-113
SSHR,s631-113
SSRA,s1728-113
SSHR,s2572-113
SSHR,s108-113
SSJU,s1733-113
SSFI,s561-113
SSFR,s95-113
SSGA,s1638-113
SSJU,s1984-113
SSFR,s1548-113
SSFR,s1885-113
SSAP,s1245-113
SSAP,s1429-113
SSHR,s1291-113
SSHR,s2801-113
SSHR,s765-113
SSGA,s1396-113
SSFI,s775-113
SSJU,s2692-113
SSHR,s2692-113
SSEG,s2894-113
SSFI,s937-113
SSEG,s473-113
SSFI,s946-113
SSJU,s1288-113
SSEV,s2080-113
SSBK,s2200-113
SSHR,s1704-113
SSEG,s974-113
SSFR,s978-113
SSHR,s2175-113
SSBK,s2456-113
SSJU,s594-113
SLIA,s2041-113
SSCM,s2799-113
SSJU,s2550-113
SSJU,s773-113
SSFR,s270-113
SSHR,s1453-113
SSAS,s2758-113
SSAF,s10-113
SSFI,s329-113
SSEG,s1627-113
SSCM,s1767-113
SSVA,s412-113
SSHR,s2642-113
SSFI,s425-113
SSRA,s808-113
SSAF,s2984-113
SSAS,s1076-113
SSEV,s1080-113
SSFR,s2307-113
HSGO,s233-113
SSGA,s233-113
SSCM,s2444-113
SSFI,s2059-113
SSFI,s2353-113
SSHR,s957-113
SSBK,s286-113
SSEG,s1209-113
SSHR,s1729-113
SSFI,s310-113
SSEG,s279-113
SSEG,s2006-113
SSEG,s1189-113
HSPW,s2759-113
SSCM,s2759-113
SSJU,s2644-113
SSBK,s1610-113
SSHR,s2539-113
SSEG,s2170-113
SSHR,s1356-113
SSHR,s1033-113
SSFI,s1194-113
SSFI,s2689-113
SSEG,s1563-113
SSVA,s1558-113
SSJU,s301-113
SSBK,s2732-113
SSEG,s2002-113
SSCM,s2824-113
SLIA,s1570-113
SSFR,s813-113
SSAS,s1880-113
SSAF,s923-113
SSHR,s805-113
SSBU,s547-113
SSJU,s2321-113
SSEG,s353-113
SSFI,s508-113
SSEG,s1301-113
SSEG,s2901-113
SSHR,s809-113
SSGA,s1960-113
SSCM,s1760-113
SSHR,s1773-113
SSBK,s2292-113
SSFI,s2292-113
SSCM,s1144-113
SSJU,s2589-113
SSAS,s234-113
SSHR,s135-113
SSFI,s1920-113
SSGA,s1898-113
SSEG,s1479-113
SSFI,s1257-113
SSCM,s2103-113
SSEG,s1253-113
SSCM,s1887-113
SSJU,s2615-113
SSEG,s761-113
SSJU,s2073-113
SSFI,s1181-113
SSJU,s1362-113
SSEV,s2161-113
SSHR,s1596-113
SSCM,s1358-113
SSAF,s427-113
SSEV,s50-113
SSJU,s2241-113
SSFI,s1250-113
SSFI,s1031-113
SSAS,s145-113
SSEV,s414-113
SSFI,s1788-113
SSAF,s2601-113
SSHR,s1539-113
SSJU,s1420-113
SSHR,s758-113
SSFI,s151-113
SSBK,s215-113
SSVA,s2607-113
SSFI,s672-113
SSCM,s1468-113
SSCM,s429-113
SSBK,s187-113
SSFI,s39-113
SSCM,s2219-113
SSAF,s2201-113
SSGA,s1312-113
SSJU,s2933-113
SSHR,s2164-113
SSHR,s424-113
SSCM,s1317-113
SSHR,s1117-113
SSBK,s652-113
SSEV,s2156-113
SSAP,s2648-113
SSBK,s2101-113
SSFI,s1133-113
SSEV,s1505-113
SSBU,s1780-113
SSHR,s502-113
SSBK,s1867-113
SSGA,s2664-113
SSBK,s454-113
SSHR,s1124-113
SSHR,s907-113
SSHR,s865-113
SSHR,s665-113
SSEG,s2202-113
SSSB,s537-113
SSHR,s622-113
SSCM,s1625-113
SSJU,s1861-113
SSEG,s341-113
SSAS,s548-113
SSCM,s2068-113
SSEG,s651-113
SSAS,s2357-113
SSBK,s1375-113
SSFI,s1164-113
SSVA,s2013-113
SSJU,s703-113
HSIF,s1237-113
HSGO,s1237-113
HSPW,s1237-113
HSBA,s1237-113
HSED,s1237-113
HSII,s1237-113
SSEG,s1237-113
SSEG,s1419-113
SSVA,s2014-113
SSJU,s174-113
SSHR,s2790-113
SSCM,s697-113
SSEG,s285-113
SSEG,s2034-113
SLIA,s920-113
SSJU,s2476-113
SSCM,s2476-113
SSJU,s2463-113
SSBK,s186-113
SSVA,s2362-113
SSHR,s2340-113
SSHR,s2385-113
SSJU,s467-113
SSEG,s486-113
SSHR,s516-113
SSFR,s2124-113
SSEV,s1195-113
SSAF,s345-113
SSJU,s1908-113
SSJU,s638-113
SLIA,s513-113
SSHR,s2251-113
SSFI,s18-113
SSVA,s1583-113
SSHR,s2403-113
SSBK,s1114-113
SSJU,s903-113
SSEG,s2379-113
HSPW,s2086-113
HSIF,s2086-113
SSCM,s2086-113
SSFI,s2377-113
SSFI,s1405-113
SSCM,s520-113
SSFI,s1444-113
SSCM,s2981-113
SSHR,s1226-113
SSJU,s302-113
SSGA,s178-113
SSFR,s2407-113
SSHR,s1118-113
SSRA,s2415-113
SLIA,s1046-113
SSJU,s293-113
SSHR,s370-113
SSSB,s2396-113
SSAF,s956-113
SSAF,s446-113
SSEG,s2019-113
SSJU,s987-113
SSFR,s604-113
HSBA,s2137-113
SSJU,s2910-113
SSHR,s2543-113
SSEG,s2392-113
SSFI,s2039-113
SSAF,s395-113
SSHR,s116-113
SSFI,s2723-113
SSJU,s1465-113
SSJU,s698-113
SSFI,s2808-113
SSFI,s87-113
SSVA,s1643-113
SSHR,s1096-113
SSHR,s1259-113
SSVA,s825-113
SSFI,s1141-113
SSVA,s2258-113
SSFI,s1163-113
SSJU,s1452-113
SSHR,s634-113
SSEV,s880-113
HSII,s352-113
SSEG,s352-113
SSCM,s2848-113
SSFI,s2359-113
SSFI,s2382-113
SSEV,s218-113
SSFI,s2237-113
SSBK,s249-113
SSFR,s2508-113
SSGA,s536-113
SSEG,s913-113
SSGA,s1397-113
SSEG,s2111-113
SSFI,s1791-113
SSFR,s2650-113
SSJU,s1995-113
SSJU,s195-113
SSHR,s195-113
SSAS,s967-113
SSAF,s849-113
SSFI,s2882-113
SSEV,s1660-113
SSFI,s20-113
SSEV,s1289-113
SSEG,s2112-113
SSAF,s175-113
SSAS,s2289-113
SSEG,s1263-113
SSHR,s2863-113
SSCM,s2784-113
SLIA,s2299-113
SSFI,s2000-113
SSCM,s1710-113
SSFI,s728-113
SSHR,s2486-113
SSEV,s1382-113
SSFI,s408-113
SSAF,s1802-113
SSHR,s144-113
SSHR,s2800-113
SSFI,s193-113
HSHM,s1691-113
HSGO,s1691-113
SSGA,s1691-113
SSFR,s653-113
SSJU,s1070-113
SSFI,s2021-113
SSHR,s154-113
SSEV,s971-113
SSHR,s1759-113
SSJU,s1648-113
SSBK,s1106-113
SSCM,s2956-113
SSFI,s1064-113
SSFI,s1103-113
SSHR,s1697-113
SSCM,s485-113
SSEG,s364-113
SSBU,s1017-113
SSFI,s2305-113
SSEV,s566-113
SSAS,s1041-113
SSHR,s1902-113
SSEG,s1213-113
SSHR,s1391-113
SSHR,s2574-113
SLIA,s1948-113
SSEG,s812-113
SSVA,s1155-113
SSVA,s1751-113
SSGA,s350-113
SSFI,s308-113
SSHR,s1521-113
SSAF,s632-113
SSEG,s340-113
SSEG,s2494-113
SSJU,s2535-113
SSEG,s1600-113
SSJU,s2872-113
SSHR,s1010-113
SSBK,s2699-113
SSFI,s2856-113
SSGA,s2435-113
SSCM,s2991-113
SSFI,s1318-113
SSGA,s1347-113
SSHR,s2860-113
SSCM,s1379-113
SSFI,s2733-113
SSEV,s2635-113
SSGA,s924-113
SSHR,s644-113
SSHR,s2722-113
SSBK,s2252-113
SSBK,s563-113
SSJU,s1089-113
SSEV,s2891-113
HSAS,s1917-113
HSJU,s1917-113
HSPW,s1917-113
SSGA,s523-113
SSCM,s267-113
SSGA,s1843-113
SSJU,s2171-113
SSFI,s1441-113
SSJU,s1614-113
SSVA,s875-113
SSEV,s2063-113
SSFI,s501-113
SSJU,s933-113
SSGA,s97-113
SSHR,s719-113
SSHR,s2513-113
SSAS,s810-113
SSEV,s1854-113
SSGA,s1567-113
SSFI,s1624-113
SSEG,s693-113
HSVR,s893-113
SSVA,s893-113
SSCM,s774-113
SSVA,s1540-113
SSJU,s878-113
SSFI,s1747-113
SSEV,s2575-113
SSFI,s351-113
SSJU,s150-113
SSCM,s2140-113
SSAS,s992-113
SSHR,s2864-113
SSCM,s1639-113
SSJU,s38-113
SSGA,s320-113
SSFI,s914-113
SSFI,s722-113
SSFI,s826-113
SSFI,s448-113
SSFR,s1683-113
SSCM,s1709-113
SSBK,s2303-113
SSVA,s2545-113
SSJU,s1059-113
SSGA,s1320-113
SSFI,s2735-113
SSFI,s411-113
SSAS,s1872-113
SSFI,s945-113
SSEG,s783-113
SSEG,s258-113
SSFI,s2838-113
SSJU,s1111-113
SSBK,s2114-113
SSAS,s2276-113
SSJU,s1424-113
SSVA,s1165-113
SSAS,s2070-113
SSBK,s1912-113
SSJU,s292-113
SSFI,s1518-113
SSJU,s261-113
SSCM,s1553-113
SSJU,s1215-113
SSAF,s746-113
SSFI,s2260-113
SSEG,s2010-113
SSJU,s1551-113
SSJU,s2536-113
SSFI,s493-113
SSFI,s906-113
SSAS,s2904-113
SSVA,s2468-113
SSFR,s1530-113
SSHR,s624-113
SSFI,s468-113
SSRA,s2207-113
SSFI,s355-113
SSFI,s842-113
SSFI,s2169-113
SSRA,s2865-113
SSHR,s2167-113
SSVA,s2606-113
SSFR,s462-113
SLIA,s2945-113
SSHR,s2617-113
SSHR,s1546-113
SSFI,s2614-113
SSFI,s1839-113
SSAF,s679-113
SSHR,s998-113
SSEV,s2514-113
SSJU,s2309-113
SSEV,s2621-113
SSHR,s2504-113
HSJU,s1171-113
HSIF,s1171-113
SSJU,s1171-113
SSHR,s1178-113
SSEG,s1151-113
SSBU,s1422-113
SSFI,s2069-113
SSJU,s114-113
SSHR,s2718-113
SLIA,s2503-113
SSEG,s2165-113
SSJU,s2267-113
SSFI,s2948-113
SSEG,s2602-113
SSBU,s554-113
SSBK,s2432-113
SSBK,s469-113
SSEG,s2427-113
SSCM,s2131-113
SSBK,s1217-113
SSEV,s1807-113
SSBK,s968-113
SSFI,s1506-113
SSHR,s2374-113
SSBK,s1761-113
SSHR,s2107-113
SSEV,s2322-113
SSAS,s1510-113
SSHR,s2996-113
SSGA,s1172-113
SSEG,s182-113
SSEV,s738-113
SSFI,s239-113
SSGA,s1192-113
SSAF,s821-113
SSHR,s2349-113
SSFI,s1485-113
SSJU,s1182-113
SSHR,s2278-113
HSJU,s815-113
HSGO,s815-113
HSHA,s815-113
HSED,s815-113
SSHR,s815-113
SSHR,s1425-113
SSGA,s2109-113
SSEV,s1463-113
SSEG,s368-113
SLIA,s919-113
SSCM,s1941-113
SSFI,s1870-113
SSAF,s837-113
SSBK,s1923-113
SSVA,s2930-113
SSAF,s1635-113
SSHR,s1873-113
SSVA,s1987-113
SSEG,s1389-113
SSCM,s2924-113
SSFI,s1090-113
SSCM,s1079-113
SSHR,s2546-113
SSEV,s2630-113
SSFI,s1007-113
SSFI,s1498-113
SSFI,s2775-113
SSAF,s784-113
SSFR,s1313-113
SSHR,s2842-113
SSEG,s2987-113
SSFI,s2944-113
SSFI,s2980-113
SSHR,s1666-113
SSFI,s1685-113
SSFI,s250-113
SSVA,s2296-113
SLIA,s2479-113
SSBK,s2224-113
SSVA,s1573-113
SLIA,s2960-113
SSHR,s2802-113
SSCM,s2078-113
SSBK,s1910-113
SSEG,s1300-113
SSHR,s739-113
SSEG,s2608-113
SSFI,s220-113
SSHR,s1043-113
SSAP,s2437-113
SSEG,s2592-113
SSCM,s1406-113
SSHR,s2194-113
SSEV,s979-113
SSVA,s1586-113
SSGA,s1045-113
SSJU,s597-113
SSHR,s1673-113
SSCM,s1716-113
SSEG,s797-113
SSAF,s678-113
SSHR,s1968-113
SSJU,s1130-113
SSFI,s1455-113
SSCM,s2375-113
SSEV,s1781-113
SSVA,s938-113
SSEG,s545-113
HSAS,s1847-113
SSEG,s2158-113
SSEG,s1308-113
SSBK,s2868-113
SSAF,s811-113
SSBK,s474-113
SSAF,s745-113
SSEG,s1652-113
SSEG,s2440-113
HSII,s1447-113
SLIA,s1447-113
SSHR,s1019-113
SSBU,s2420-113
SSAS,s871-113
SSAP,s2438-113
SSGA,s1338-113
SSJU,s296-113
SSCM,s134-113
SSEV,s396-113
SSEG,s598-113
SSCM,s1565-113
SSEG,s1732-113
SSFR,s1125-113
SSVA,s262-113
SSHR,s2898-113
SSJU,s1599-113
SSHR,s750-113
SSHR,s2837-113
SSEG,s965-113
SSFI,s2211-113
SSEV,s1343-113
SSHR,s1837-113
SSHR,s1370-113
SSVA,s2639-113
SSFI,s2501-113
SSAF,s666-113
SSVA,s492-113
SSHR,s1503-113
SSFR,s2853-113
SSGA,s786-113
SSFI,s1944-113
SSBK,s1597-113
SSVA,s1556-113
SSJU,s822-113
HSHM,s1197-113
SSAS,s1197-113
SSAP,s1197-113
SSJU,s1701-113
SSBK,s731-113
SSJU,s480-113
SSVA,s2179-113
SSJU,s950-113
SLIA,s2132-113
SSEG,s2431-113
SSGA,s1029-113
SLIA,s1622-113
SSFI,s93-113
SSEV,s2469-113
SSCM,s387-113
SSGA,s549-113
SSCM,s1359-113
SSBU,s1472-113
SSEG,s925-113
SSHR,s1293-113
SSFI,s1134-113
SSAS,s1764-113
SSHR,s707-113
SLIA,s640-113
SSEV,s1779-113
SSBK,s1840-113
SSFI,s2680-113
SSEG,s1829-113
SSJU,s433-113
SSFI,s1787-113
SSHR,s2154-113
SSBK,s737-113
SSAS,s2231-113
SSBK,s2641-113
SSEG,s1640-113
SSJU,s2564-113
SSHR,s88-113
SSEG,s2031-113
SSAF,s2210-113
SSEG,s199-113
SSCM,s763-113
HSFA,s2577-113
SSFR,s2577-113
SSCM,s1344-113
SSFI,s117-113
SSGA,s2652-113
SSBK,s824-113
SSCM,s2756-113
SSFI,s2082-113
SSJU,s443-113
HSII,s609-113
SSEG,s609-113
SSFI,s336-113
SSHR,s844-113
SSCM,s747-113
SSVA,s529-113
SSFI,s2462-113
SSFI,s1069-113
SSHR,s2897-113
SSFI,s1620-113
SSFI,s24-113
SSFI,s490-113
SSFI,s2488-113
SSGA,s2665-113
SSJU,s1236-113
SSVA,s131-113
SSCM,s2760-113
SSEV,s2721-113
SSVA,s1580-113
SSHR,s1239-113
SSFI,s740-113
SSBK,s1176-113
SSFI,s1442-113
SSFR,s2922-113
HSVR,s1434-113
SSVA,s1434-113
SSAS,s964-113
SSAF,s2768-113
SSBK,s2672-113
SSFI,s656-113
SSEV,s319-113
SSAP,s1564-113
SSBK,s1613-113
SSHR,s482-113
SSJU,s2386-113
SSCM,s2890-113
SSVA,s1993-113
SLIN,s1631-113
SSHR,s1724-113
SSHR,s1067-113
SSHR,s1066-113
SSEV,s1000-113
SSFI,s432-113
SSEV,s890-113
SSBK,s848-113
SSAS,s2312-113
SSFI,s755-113
SSVA,s1582-113
SSHR,s1423-113
SSEV,s2771-113
SSEG,s1805-113
SSCM,s2030-113
SSHR,s2367-113
SSFR,s617-113
SSEV,s1020-113
SSEV,s1634-113
SSEG,s1167-113
SSHR,s918-113
SSHR,s84-113
SSAP,s2389-113
SSEG,s1341-113
SLIA,s402-113
SSHR,s1904-113
SSHR,s242-113
SSSB,s1607-113
SSJU,s2999-113
SSJU,s2781-113
HSGO,s1214-113
SSGA,s1214-113
SSJU,s1467-113
SSHR,s1653-113
SSFI,s817-113
SSAF,s2330-113
SSEG,s26-113
SSHR,s840-113
SSVA,s932-113
SSCM,s2022-113
SSJU,s35-113
SSCM,s2094-113
SSEG,s211-113
SSJU,s1460-113
SSGA,s994-113
SSFI,s1591-113
SSVA,s1585-113
SSFI,s2896-113
SSVA,s1863-113
SSBK,s1601-113
SSEG,s1415-113
SSHR,s940-113
SSFI,s2739-113
SSFI,s2570-113
SSVA,s1547-113
SLIA,s1477-113
SSFI,s313-113
SSEG,s222-113
SSAF,s663-113
SSAS,s614-113
SSJU,s780-113
SSEV,s1536-113
SSEG,s2298-113
SSJU,s1535-113
SSFI,s2710-113
SSEV,s2677-113
SSVA,s572-113
SSHR,s2549-113
SSEV,s1519-113
SSVA,s1578-113
SSHR,s997-113
SSBK,s2889-113
SSEG,s1339-113
SSGA,s316-113
SSHR,s959-113
SSFI,s328-113
SSVA,s1579-113
SSCM,s1483-113
SSEV,s2656-113
SSHR,s314-113
SSFI,s1932-113
SSFI,s2742-113
SSFI,s795-113
SSGA,s2417-113
SSGA,s191-113
SSEG,s2554-113
SSCM,s921-113
SSEV,s2496-113
SSHR,s2690-113
SSBK,s635-113
SSJU,s639-113
SSHR,s1145-113
SSJU,s1612-113
SSEG,s14-113
SSVA,s1717-113
SSEV,s2911-113
SSGA,s1279-113
SSHR,s578-113
SSBK,s160-113
SSJU,s1196-113
SSHR,s931-113
SSEV,s741-113
SSBK,s1526-113
SSVA,s695-113
HSII,s112-113
SSEG,s112-113
SSFI,s1616-113
SSFI,s2342-113
SLIA,s416-113
SSEV,s2042-113
SSCM,s1989-113
SSVA,s819-113
SSEV,s2275-113
SSCM,s874-113
SSFI,s1489-113
SSFI,s382-113
SSFI,s958-113
SSVA,s1755-113
SSGA,s1390-113
SSCM,s2065-113
SSHR,s2449-113
SSHR,s190-113
SSHR,s2902-113
SSEV,s2090-113
SSEV,s2526-113
SSFI,s324-113
SSEG,s347-113
SSAS,s240-113
SSEV,s2225-113
SSVA,s1682-113
SSEV,s2613-113
SSFI,s2958-113
SSEG,s219-113
HSII,s23-113
SSEG,s23-113
SSJU,s1783-113
SSFI,s2966-113
SSFI,s1298-113
SSVA,s852-113
SSCM,s2819-113
SSCM,s1811-113
SSFI,s2884-113
SSBK,s1707-113
SSJU,s2839-113
SSEG,s404-113
SSFI,s1935-113
SSFI,s1509-113
SSVA,s1296-113
SSHR,s392-113
SSFI,s2706-113
SSCM,s2556-113
SSGA,s2521-113
HSHM,s2521-113
SSFR,s2555-113
SSVA,s455-113
SSFI,s623-113
SSFI,s2962-113
SSBK,s1011-113
SSHR,s2753-113
SSFI,s2586-113
SSFI,s2429-113
SSHR,s895-113
SSCM,s1462-113
SSFI,s1326-113
SSJU,s300-113
SSEG,s244-113
SSGA,s1231-113
SSBU,s1413-113
SSAP,s1372-113
SSEV,s802-113
SSCM,s1768-113
SSEV,s1865-113
SSFI,s896-113
SSBK,s2189-113
SSFI,s2189-113
SSEV,s2084-113
SSFI,s2786-113
SSVA,s2507-113
SSEG,s362-113
SSBK,s534-113
SSBK,s1828-113
SSJU,s1686-113
SSEV,s1443-113
SSGA,s2372-113
SSEV,s830-113
SSFI,s140-113
SSHR,s1109-113
SSEV,s2414-113
SSJU,s223-113
SSAS,s2286-113
SSEG,s159-113
SSJU,s121-113
SSCM,s1072-113
SSGA,s98-113
SSFI,s1365-113
SSFI,s2203-113
SSJU,s1242-113
SSAF,s2527-113
SSVA,s2700-113
SSGA,s2397-113
HSHM,s2671-113
SSCM,s2671-113
SSEG,s1491-113
SSVA,s2337-113
SSHR,s372-113
SSAF,s2815-113
SSEV,s1853-113
SSFI,s2279-113
SSFI,s1497-113
SSEG,s1501-113
SSJU,s1377-113
SSEV,s977-113
SSFI,s1450-113
SSFI,s2679-113
SSCM,s899-113
SSFI,s1311-113
SSFI,s2888-113
SSHR,s541-113
SSFI,s2792-113
SSAS,s2341-113
SSEV,s1695-113
SLIA,s1448-113
SSJU,s2418-113
SSFI,s2532-113
SSVA,s49-113
SSCM,s1435-113
SSFI,s2734-113
SSVA,s1281-113
SSCM,s221-113
SSJU,s2146-113
SSFI,s2597-113
SSJU,s792-113
SSVA,s2419-113
SSHR,s1619-113
SSEG,s25-113
SSHR,s2236-113
SSCM,s687-113
SSBK,s1282-113
SSCM,s2032-113
SSHR,s1532-113
SSFI,s57-113
SSFI,s1457-113
SSFI,s608-113
SSEG,s45-113
SSEV,s1006-113
SSFI,s1143-113
SSFI,s2964-113
SSJU,s303-113
SSHR,s1879-113
SSHR,s2406-113
SSJU,s1943-113
SSFI,s2138-113
SSHR,s961-113
SSAF,s274-113
SSFI,s2895-113
SSEG,s167-113
SLIN,s2588-113
SSVA,s1892-113
SSBK,s1098-113
SSJU,s357-113
SSBK,s1538-113
SSJU,s1057-113
SSBK,s451-113
SSFI,s1810-113
SSGA,s30-113
SSAS,s1864-113
SSJU,s1770-113
SSFI,s1882-113
SSAP,s1243-113
SSJU,s990-113
SSHR,s2335-113
SSEG,s1520-113
SSFI,s2940-113
SSJU,s1149-113
SSSB,s511-113
SSEG,s1084-113
SSCM,s2643-113
HSIF,s276-113
SSEG,s276-113
SSFI,s1287-113
SSFI,s867-113
SSFI,s323-113
SSGA,s99-113
SSJU,s1722-113
SSCM,s2482-113
SSFI,s1896-113
HSIF,s1561-113
SSHR,s1561-113
SSJU,s575-113
SSHR,s1796-113
SSGA,s1480-113
SSEG,s995-113
SSEG,s2776-113
SSFI,s1671-113
SSGA,s417-113
SSJU,s3015-113
SSVA,s373-113
SSGA,s785-113
SSEG,s360-113
SSFI,s1203-113
SSAS,s2978-113
SSJU,s2941-113
SSFR,s1271-113
SSVA,s674-113
SSEV,s1077-113
SSFI,s911-113
SSJU,s866-113
SSBK,s2653-113
SSHR,s2584-113
SSFI,s1183-113
SSFI,s2345-113
SSEG,s1200-113
SSEG,s733-113
SLIA,s1219-113
SSJU,s138-113
SSEG,s2571-113
SSBK,s1179-113
SSHR,s2033-113
SSVA,s1740-113
SSBK,s437-113
SSHR,s437-113
SSFI,s2731-113
SSJU,s78-113
SSFI,s1900-113
SSBK,s1159-113
SSEG,s2020-113
SSCM,s2378-113
SSEG,s1138-113
SSHR,s528-113
SSCM,s481-113
SSHR,s642-113
SSEG,s1997-113
SSJU,s359-113
SSHR,s456-113
SSHR,s641-113
SSVA,s2413-113
SSAS,s628-113
SSHR,s857-113
SSFI,s41-113
SSFI,s952-113
SSAS,s734-113
SSCM,s1976-113
SSFI,s1970-113
SSFI,s1187-113
SSSB,s2693-113
SSEV,s1731-113
SSEV,s1677-113
SSHR,s2506-113
SSEG,s916-113
SSFI,s2736-113
SSJU,s621-113
SSJU,s1670-113
SSEG,s1044-113
SSCM,s2811-113
SSFI,s2540-113
SSBK,s1927-113
SSHR,s804-113
SSCM,s418-113
SSBK,s2244-113
SSVA,s927-113
SSBK,s1725-113
SSAS,s1669-113
SSBK,s1105-113
SSBK,s2726-113
SSGA,s664-113
SSFI,s2240-113
SSCM,s2757-113
SSVA,s1581-113
SSBK,s1229-113
SLIA,s2465-113
SSHR,s682-113
SSFI,s8-113
SSEG,s2096-113
SSHR,s1028-113
SSHR,s2134-113
SSFI,s307-113
SSEG,s1432-113
SSEG,s507-113
SSFI,s1523-113
SSHR,s2060-113
SSEV,s1961-113
SSHR,s942-113
SSHR,s1445-113
SSBK,s113-113
SSAF,s141-113
SSFI,s2360-113
SSBK,s1387-113
SSJU,s1721-113
SSCM,s2473-113
SSVA,s1295-113
SSJU,s1808-113
HSIF,s1417-113
SSHR,s1417-113
SSEG,s715-113
SSEV,s52-113
SSCM,s1193-113
SSGA,s1715-113
SSHR,s1101-113
SSJU,s1013-113
SSFI,s881-113
SSFI,s2818-113
SSFR,s2395-113
SSFI,s1402-113
SSGA,s2105-113
SLIA,s2040-113
SSFI,s567-113
HSII,s476-113
SSEG,s476-113
SSCM,s2290-113
SSVA,s1584-113
SSHR,s756-113
SSHR,s1674-113
SSGA,s1618-113
SSFI,s2046-113
SSHR,s1266-113
SSEG,s1199-113
SSEG,s2971-113
SSEV,s491-113
SSRA,s1458-113
SSGA,s1817-113
SSJU,s69-113
SSHR,s1107-113
SSHR,s2866-113
SSJU,s2332-113
SSBK,s2329-113
SSBK,s1577-113
SSJU,s214-113
SSHR,s2405-113
SSJU,s600-113
SSFI,s232-113
SSSB,s2551-113
SSHR,s2557-113
SSFI,s603-113
HSIF,s252-113
SSHR,s252-113
SSVA,s6-113
SSEG,s305-113
SSVA,s1399-113
SSJU,s1945-113
SSAS,s1994-113
SSFI,s1654-113
SSFR,s1919-113
SSVA,s1999-113
SSHR,s13-113
SSFI,s676-113
SSCM,s2025-113
SSRA,s2053-113
SSJU,s413-113
SSHR,s1095-113
SSFI,s1015-113
SSVA,s1211-113
SSHR,s1063-113
SSEV,s53-113
SSBK,s457-113
SSEV,s1212-113
SSFI,s1522-113
SSFI,s2717-113
SSFI,s2205-113
SSFI,s2553-113
SSFI,s2347-113
SSCM,s1537-113
SSFR,s419-113
SSJU,s2235-113
SSAP,s1284-113
SSHR,s1777-113
SLIA,s434-113
HSJU,s330-113
HSIF,s330-113
SSHR,s330-113
SSHR,s752-113
SSFI,s1833-113
SSHR,s1823-113
SSFI,s268-113
SSHR,s273-113
SSEG,s509-113
SSBK,s2937-113
SSHR,s897-113
SSEV,s1363-113
SSHR,s1083-113
SSFI,s40-113
SSJU,s975-113
SSBK,s1102-113
SSFR,s2277-113
SLIA,s385-113
SSCM,s2787-113
SSFI,s2234-113
SSCM,s2858-113
SSVA,s514-113
SSFI,s213-113
SSHR,s487-113
SSFI,s2816-113
SSVA,s294-113
SSJU,s517-113
SSHR,s1884-113
SSCM,s721-113
SSHR,s1687-113
SSFI,s1030-113
SSAS,s1749-113
SSEG,s61-113
SSGA,s1120-113
SSAS,s1956-113
SSJU,s2676-113
SSGA,s2117-113
SSEG,s1750-113
SSVA,s2822-113
SSJU,s876-113
SSBK,s2381-113
SSEV,s19-113
SSEV,s696-113
SSJU,s941-113
SSVA,s928-113
SSHR,s1126-113
SSAS,s2687-113
SSEG,s1967-113
SSCM,s2777-113
SSHR,s133-113
SSVA,s889-113
SSAP,s2499-113
SSHR,s237-113
SSVA,s2425-113
SSEG,s1401-113
SSFI,s1798-113
SSFI,s884-113
SSFI,s2694-113
SSHR,s453-113
SSEG,s176-113
SSEG,s228-113
SSHR,s2343-113
HSPW,s540-113
SSCM,s540-113
SSCM,s1925-113
SSEG,s2098-113
HSHM,s683-113
SSGA,s683-113
SSCM,s904-113
SSJU,s2127-113
SSJU,s1959-113
SSVA,s1058-113
SSEV,s2228-113
SSHR,s972-113
SSEG,s681-113
SSEV,s1202-113
SSFI,s596-113
SSAP,s2534-113
SSBK,s1907-113
SSEV,s1451-113
SSFI,s2282-113
SSGA,s2314-113
SSEV,s2522-113
SSFI,s452-113
SSEV,s2995-113
SSVA,s748-113
SSHR,s2518-113
SSHR,s2695-113
SSHR,s626-113
SSEG,s472-113
SSBK,s892-113
SSEV,s335-113
SSAF,s661-113
SSJU,s712-113
SSAS,s700-113
SSGA,s105-113
SSJU,s2825-113
SSJU,s2445-113
SSGA,s814-113
SSVA,s62-113
SSFI,s1493-113
SCNC,s1657-113
SSHR,s1657-113
SSJU,s2769-113
SSGA,s2315-113
SSGA,s1730-113
SSCM,s2120-113
SSVA,s1604-113
SSFR,s2667-113
SSBU,s1436-113
SSGA,s132-113
SSEG,s2018-113
SLIA,s1074-113
SLIA,s1574-113
SSEV,s2326-113
SSFI,s91-113
SSFI,s749-113
SSEG,s2873-113
SSVA,s944-113
SSVA,s2091-113
SSFI,s1869-113
SSGA,s1744-113
SSEV,s89-113
SSFI,s1883-113
HSHM,s2250-113
SSCM,s2250-113
SSFI,s391-113
SSFR,s1857-113
SSVA,s832-113
SSEV,s2394-113
SSFI,s1255-113
SSFI,s1346-113
SSEV,s1135-113
SSEV,s2324-113
SSEG,s2123-113
SSHR,s282-113
SLIA,s2480-113
SSCM,s1804-113
HSHM,s1804-113
SSFI,s1332-113
SSEG,s1866-113
SSFI,s2361-113
SSEG,s104-113
SSFI,s431-113
SSCM,s269-113
SSFI,s3005-113
SSAP,s1329-113
SSBU,s2658-113
SSEG,s2938-113
SSFI,s838-113
SSGA,s724-113
SSAF,s859-113
SSBK,s2212-113
SSHR,s153-113
SSEG,s37-113
SSEG,s1949-113
SSBK,s1916-113
SSSB,s535-113
SSHR,s1086-113
SSJU,s647-113
SSFI,s2106-113
SSHR,s2625-113
SSHR,s854-113
SSBK,s2714-113
SSFI,s2187-113
SSGA,s1047-113
SSCM,s2737-113
SSHR,s2253-113
SSHR,s870-113
SSFI,s553-113
SSJU,s2600-113
HSGO,s2061-113
SSGA,s2061-113
SSVA,s325-113
SSFI,s2455-113
SSEG,s1572-113
SLIA,s2442-113
SSFI,s1085-113
SSFR,s119-113
SSEG,s1234-113
SSEG,s2016-113
SSEV,s2004-113
SSVA,s1589-113
SSHR,s216-113
SSFI,s2003-113
SSFI,s887-113
SSEG,s2104-113
SSEG,s1191-113
SSBK,s685-113
SSHR,s555-113
SSRA,s85-113
SSJU,s1307-113
SSRA,s2516-113
SSJU,s33-113
SSCM,s245-113
SSFI,s2515-113
SSGA,s2519-113
SSBK,s2893-113
SSAF,s670-113
SSBK,s1903-113
SSJU,s1492-113
SSBK,s2696-113
SSVA,s2311-113
SSVA,s2182-113
SSBK,s996-113
SSAS,s777-113
SSAS,s2075-113
SSHR,s1874-113
HSFA,hconres165-114
HSFA,hconres151-114
HSIF,hconres79-114
SSFI,hconres79-114
HSHA,hconres79-114
SSFI,hconres112-114
HSWM,hconres112-114
HSIF,hconres11-114
HSFA,hconres152-114
HSJU,hconres148-114
HSVR,hconres161-114
HSJU,hconres17-114
HSJU,hconres150-114
HSGO,hconres24-114
HSHA,hconres83-114
HSFA,hconres106-114
HSAG,hconres144-114
HSJU,hconres2-114
HSPW,hconres25-114
HSWM,hconres69-114
HSFA,hconres100-114
HSJU,hconres28-114
HSHM,hconres28-114
HSJU,hconres103-114
HSBU,hconres27-114
HSAG,hconres20-114
HSWM,hconres20-114
HSHA,hconres111-114
HSWM,hconres33-114
HSHA,hconres140-114
HSIF,hr6018-114
HSVR,hr2639-114
SSJU,hr3842-114
HSJU,hr3842-114
HSHM,hr3842-114
HSIF,hr2666-114
SSBK,hr3340-114
HSBA,hr3340-114
HSGO,hr2112-114
HSJU,hr4552-114
HSBA,hr5991-114
HSJU,hr4930-114
HSPW,hr946-114
SSEG,s2580-113
SSFI,s1515-113
SSFI,s2489-113
SSCM,s2505-113
SSCM,s2581-113
SSFI,s768-113
SSFR,s2291-113
SSCM,s1495-113
SSGA,s1812-113
SSJU,s2663-113
SSCM,s1355-113
SSFI,s122-113
SSCM,s2949-113
SSJU,s1337-113
SSEG,s1261-113
SSEG,s342-113
SSHR,s2204-113
SSAS,s1703-113
SSHR,s1494-113
SSJU,s1410-113
SSHR,s1027-113
SSEG,s284-113
SSHR,s2712-113
SLIN,s2741-113
SSAS,s2410-113
SSEG,s1718-113
SSEG,s1252-113
SSFI,s1116-113
SSBK,s1150-113
SSHR,s2126-113
SSHR,s850-113
SSAF,s334-113
SSFR,s1933-113
SSAF,s820-113
SSVA,s2448-113
SSFI,s277-113
SSHR,s1979-113
SSCM,s1050-113
SSAF,s281-113
SSGA,s2436-113
SSEG,s1482-113
SSHR,s2259-113
SSFI,s2366-113
SSHR,s1726-113
SSFI,s1188-113
SSJU,s2869-113
SSFI,s2287-113
SSGA,s1529-113
SSSB,s196-113
SSRA,s375-113
SSBK,s238-113
SSEG,s2576-113
SSEG,s776-113
SSFI,s803-113
SSHR,s380-113
SSBK,s667-113
SSCM,s2398-113
SSGA,s1921-113
SSVA,s1042-113
SSFI,s2783-113
SSHR,s655-113
SSEV,s125-113
SSGA,s530-113
SSHR,s1969-113
SSJU,s2317-113
SSGA,s2683-113
SSEV,s2051-113
SSHR,s2178-113
SSFI,s1544-113
SSFI,s557-113
SSFR,s2909-113
SSFI,s2233-113
SSCM,s2125-113
SSAS,s152-113
SSFI,s2023-113
SSGA,s1398-113
SSEG,s1946-113
SSCM,s1891-113
SSBU,s1875-113
SSBU,s2446-113
SSBU,s2371-113
HSII,s1603-113
SLIA,s1603-113
SSHR,s764-113
SLIA,s165-113
SSAS,s2300-113
SSHR,s143-113
SSCM,s2193-113
SSBK,s1040-113
SSFI,s489-113
SSEG,s869-113
SSGA,s2113-113
SSFI,s1702-113
SSEV,s1009-113
SSVA,s1559-113
SSEV,s317-113
SSFI,s401-113
SSHR,s1119-113
SSBK,s1018-113
SSVA,s543-113
SSEG,s1218-113
SSFI,s1490-113
SSHR,s322-113
SSEG,s2129-113
SSBK,s2088-113
SSAS,s521-113
SSHR,s1156-113
SSSB,s550-113
SSAS,s1246-113
SSAF,s243-113
SSFI,s701-113
SSHR,s2214-113
SSFI,s1762-113
SSHR,s1516-113
SSHR,s1269-113
SSCM,s1766-113
SSHR,s1166-113
SSJU,s394-113
SSCM,s544-113
SSHR,s1055-113
HSBA,s947-113
SSBK,s947-113
SSCM,s2206-113
SSEG,s1973-113
SSEG,s366-113
SCNC,s1322-113
SSJU,s1322-113
SSHR,s1542-113
HSED,s1799-113
HSJU,s1799-113
SSJU,s1799-113
SSHR,s1094-113
SSAF,s954-113
SSHR,s1407-113
SSFI,s1642-113
SSCM,s2798-113
HSIF,hres899-114
HSFA,hres477-114
HSFA,hres729-114
HSRU,hres467-114
HSJU,hres558-114
HSED,hres570-114
HSIF,hres487-114
HSIF,hres183-114
HSED,hres183-114
HSJU,hres262-114
HSHA,hres341-114
HSGO,hres737-114
HSJU,hres737-114
HSWM,hres737-114
HSRU,hres287-114
HSRU,hres769-114
HSVR,hres314-114
HSBA,hres314-114
HSJU,hres708-114
HSFA,hres220-114
HSRU,hres770-114
HSJU,hres329-114
HSIF,hres106-114
HSVR,hres106-114
HSWM,hres106-114
HSIF,hres416-114
HSRU,hres639-114
HSRU,hres288-114
HSFA,hres852-114
HSFA,hres829-114
HSFA,hres270-114
HSRU,hres189-114
HSHA,hres132-114
HSIF,hres887-114
HSIF,hres927-114
HSAS,hres643-114
HSRU,hres732-114
HSRU,hres735-114
HSBA,hres464-114
HSWM,hres464-114
HSIF,hres847-114
HSIF,hres835-114
HSIF,hres127-114
HSRU,hres319-114
HSRU,hres897-114
HSAS,hres443-114
HSVR,hres443-114
HSGO,hres297-114
HSRU,hres672-114
HSIF,hres113-114
HSIF,hres424-114
HSED,hres854-114
HSIF,hres854-114
HSFA,hres686-114
HSJU,hres399-114
HSIF,hres399-114
HSWM,hres399-114
HSGO,hres399-114
HSRU,hres305-114
HSWM,hres848-114
HSRU,hres542-114
HSFA,hres194-114
HSJU,hres831-114
HSJU,hres569-114
HSRU,hres163-114
HSIF,hres263-114
HSED,hres263-114
HSFA,hres263-114
HSRU,hres461-114
HSGO,hres811-114
HSAS,hres144-114
HSRU,hres937-114
HSFA,hres285-114
HSJU,hres285-114
HSIF,hres351-114
HSRU,hres173-114
HSIF,hres552-114
HSRU,hres813-114
HSED,hres663-114
HSJU,hres549-114
HSIF,hres237-114
HSFA,hres237-114
HSAG,hres170-114
HSED,hres622-114
HSFA,hres290-114
HSED,hres349-114
HSRU,hres321-114
HSED,hres894-114
HSGO,hres12-114
HSIF,hres234-114
HSFA,hres354-114
HSRU,hres566-114
HSJU,hres295-114
HSFA,hres130-114
HSIF,hres282-114
HSRU,hres412-114
HSRU,hres819-114
HSRU,hres260-114
HSRU,hres255-114
HSRU,hres949-114
HSIF,hres195-114
HSAG,hres774-114
HSJU,hres520-114
HSJU,hres561-114
HSGO,hres773-114
HSAS,hres776-114
HSED,hres360-114
HSFA,hres396-114
HSGO,hres518-114
HSRU,hres101-114
HSED,hres253-114
HSIF,hres932-114
HSJU,hres359-114
HSRU,hres619-114
HSJU,hres772-114
HSIF,hres256-114
HSIF,hres296-114
HSFA,hres502-114
HSAS,hjres30-114
HSFA,hjres30-114
HSIF,hjres68-114
SSGA,hjres43-114
HSGO,hjres43-114
HSJU,hjres9-114
HSIF,hjres71-114
HSAP,hjres78-114
HSFA,hjres27-114
HSJU,hjres25-114
HSIF,hjres74-114
HSIF,hjres72-114
HSJU,hjres55-114
HSBU,hjres61-114
HSWM,hjres61-114
HSIF,hjres42-114
HSJU,hjres32-114
HSIF,hjres67-114
HSJU,hjres97-114
HSJU,hjres22-114
HSAP,hjres75-114
HSGO,hjres44-114
HSED,hjres95-114
HSFA,hjres56-114
HSJU,hjres50-114
HSIF,hjres70-114
HSWM,hjres88-114
HSED,hjres88-114
SSFR,sres302-114
SSRA,sres67-114
SSFR,sres140-114
SSFR,sres330-114
SSJU,sres511-114
SSFR,sres508-114
SSFR,sres290-114
SSJU,sres217-114
SSAF,sres397-114
SSHR,sres193-114
SSFR,sres436-114
SSJU,sres373-114
SSHR,sres74-114
SSJU,sres327-114
SSFR,sres346-114
SSCM,sres385-114
SSEG,sres632-114
SSFR,sres105-114
SSCM,sres66-114
SSFR,sres97-114
SSFR,sres183-114
SSHR,sres365-114
SSJU,sres214-114
SSFR,sres310-114
SSAF,sres349-114
SSEG,sres117-114
SSGA,sres104-114
SSHR,sres292-114
SSCM,sres555-114
SSHR,sres510-114
SSCM,sres337-114
SSJU,sres312-114
SSHR,sres590-114
SSHR,sres267-114
SSJU,sres459-114
SSJU,sres406-114
HSFA,hconres105-114
SSFI,hconres89-114
HSWM,hconres89-114
HSFA,hconres55-114
SSFR,hconres75-114
HSFA,hconres75-114
HSIF,hconres36-114
HSGO,hconres35-114
HSAG,hconres101-114
HSBU,hconres125-114
HSIF,hconres29-114
HSWM,hconres175-114
HSED,hconres145-114
HSRU,hconres132-114
HSED,hconres10-114
HSJU,hconres108-114
HSAG,hconres30-114
HSJU,hconres122-114
HSII,hconres122-114
HSFA,hconres122-114
HSGO,hr4461-114
HSII,hr339-114
HSSY,hr339-114
HSIF,hr339-114
HSED,hr3164-114
HSWM,hr1817-114
HSHA,hr1037-114
HSIF,hr2506-114
HSWM,hr2506-114
HSIF,hr2058-114
HSED,hr3474-114
HSBA,hr3474-114
HSBA,hr4049-114
HSIF,hr4445-114
HSJU,hr281-114
HSBA,hr5453-114
HSII,hr3946-114
HSED,hr1926-114
HSIF,hr1321-114
HSJU,hr1019-114
HSJU,hr4237-114
HSII,hr6022-114
HSPW,hr3315-114
HSBA,hr3450-114
HSWM,hr380-114
HSIF,hr380-114
HSWM,hr5289-114
SSBK,hr5711-114
HSBA,hr5711-114
HSWM,hr4946-114
HSII,hr1814-114
HSPW,hr1835-114
HSGO,hr1835-114
SSFI,s11-113
SSEV,s2308-113
SSHR,s1911-113
SSBK,s915-113
SSHR,s915-113
SSFR,s2828-113
SSEG,s1073-113
SSFI,s1694-113
HSJU,s2195-113
SSJU,s2195-113
SSHR,s708-113
SSFI,s2727-113
SSFI,s1476-113
SSEV,s318-113
SSFI,s2691-113
SSEV,s2530-113
SSFI,s2461-113
SSVA,s1982-113
SSGA,s2704-113
SSHR,s1108-113
SSRA,s568-113
SSVA,s522-113
SSHR,s1302-113
SSFI,s1801-113
SSBK,s2102-113
SSFI,s2880-113
SSFI,s966-113
SSJU,s1-113
SSVA,s2145-113
SSHR,s1256-113
SSHR,s1088-113
SSVA,s2428-113
SSFI,s1658-113
SSFI,s1431-113
SSHR,s2942-113
SSHR,s2885-113
SSVA,s1039-113
SSGA,s1173-113
SSFI,s2026-113
SSFI,s862-113
SSVA,s1602-113
SSAS,s2333-113
HSJU,hres413-114
HSJU,hres208-114
HSRU,hres152-114
HSII,hres22-114
HSIF,hres22-114
HSJU,hres22-114
HSWM,hres22-114
HSRU,hres48-114
HSGO,hres837-114
HSHA,hres933-114
HSGO,hres789-114
HSED,hres82-114
HSRU,hres212-114
HSFA,hres49-114
HSAS,hres49-114
HSFA,hres567-114
HSWM,hres411-114
HSGO,hres411-114
HSJU,hres411-114
HSBA,hres411-114
HSFA,hres411-114
HSIF,hres268-114
HSFA,hres293-114
HSIF,hres241-114
HSJU,hres494-114
HSFA,hres584-114
HSFA,hres440-114
HSWM,hres393-114
HSFA,hres780-114
HSJU,hres780-114
HSBA,hres780-114
HSFA,hres145-114
HSRU,hres134-114
HSIF,hres510-114
HSRU,hres27-114
HSGO,hres647-114
HSJU,hres541-114
HSRU,hres19-114
HSVR,hres473-114
HSJU,hres473-114
HSED,hres704-114
HSSM,hres886-114
HSSY,hres67-114
HSAS,hres320-114
HSVR,hres320-114
HSIF,hres470-114
HSIF,hres112-114
HSED,hres112-114
HSHA,hres355-114
HSAS,hres616-114
HSED,hres108-114
HSGO,hres54-114
HSRU,hres24-114
HSHA,hres34-114
HSRU,hres450-114
HSSO,hres428-114
HSIF,hres939-114
HSFA,hres402-114
HSGO,hres28-114
HSED,hres857-114
HSED,hres26-114
HSFA,hres551-114
HSVR,hres384-114
HSFA,hres384-114
HSIF,hres540-114
HSWM,hres540-114
HSFA,hres513-114
HSED,hres756-114
HSAG,hres591-114
HSSY,hres917-114
HSFA,hres337-114
HSWM,hres673-114
HSFA,hres750-114
HSGO,hres501-114
HSSY,hres548-114
HSRU,hres809-114
HSED,hres318-114
HSED,hres294-114
HSAS,hres211-114
HSVR,hres211-114
HSAS,hres451-114
HSED,hres386-114
HSIF,hres117-114
HSIF,hres679-114
HSIF,hres784-114
HSAG,hres834-114
HSIF,hres239-114
HSII,hres59-114
HSIF,hres877-114
HSED,hres877-114
HSRU,hres448-114
HSWM,hres73-114
HSFA,hres154-114
HSGO,hres699-114
HSGO,hres174-114
HSRU,hres338-114
HSJU,hres289-114
HSIF,hres289-114
HSRU,hres725-114
HSIF,hres259-114
HSIF,hres724-114
HSGO,hres903-114
HSFA,hres682-114
HSIF,hres717-114
HSFA,hjres90-114
HSFA,hjres63-114
HSAP,hjres35-114
HSPW,hjres59-114
HSED,hjres29-114
HSFA,hjres62-114
HSJU,hjres51-114
HSJU,hjres52-114
HSED,hjres87-114
HSJU,hjres64-114
HSWM,hjres64-114
HSGO,hjres64-114
HSBA,hjres64-114
HSFA,hjres64-114
SSFI,sconres1-114
SSFR,sconres25-114
HSHA,sconres3-114
SSRA,sconres3-114
SSJU,sconres6-114
SSFR,sconres54-114
SSFR,sconres26-114
SSRA,sconres17-114
SSVA,sconres51-114
SSFI,sconres4-114
SLIA,sconres49-114
SSAF,sconres10-114
SSRA,sconres7-114
SSFR,sconres33-114
SSBU,sconres11-114
SSGA,sconres8-114
SSFI,sconres40-114
SSJU,sconres27-114
SSFR,sres40-114
SSHR,sres108-114
SSGA,sres530-114
SSHR,sres184-114
SSJU,sres521-114
SSJU,sres404-114
SSJU,sres77-114
SSRA,sres32-114
SSVA,sres32-114
SSFI,sres25-114
SSFI,sres472-114
SSHR,sres556-114
SSHR,sres561-114
SSRA,sres48-114
SSAF,sres48-114
SSFR,sres299-114
SSJU,sres266-114
SSFR,sres383-114
SSCM,sres240-114
SSHR,sres83-114
SSFR,sres35-114
SSFR,sres87-114
SSFR,sres432-114
SSHR,sres156-114
SSJU,sres200-114
SSFR,sres482-114
HSJU,hr4646-114
HSED,hr2923-114
HSPW,hr2923-114
SSFI,hr5273-114
HSIF,hr5273-114
HSWM,hr5273-114
HSIF,hr2651-114
HSII,hr1161-114
HSED,hr6122-114
HSIF,hr2576-114
SSCM,hr2589-114
HSIF,hr2589-114
HSJU,hr2330-114
HSPW,hr819-114
HSED,hr2773-114
HSJU,hr2463-114
HSIF,hr2463-114
HSJU,hr5449-114
HSSY,hr2263-114
HSVR,hr1129-114
HSJU,hr1568-114
HSFA,hr1568-114
HSAS,hr2855-114
HSVR,hr2855-114
SSBK,hr1525-114
HSBA,hr1525-114
HSWM,hr3409-114
HSJU,hr3892-114
HSHA,hr739-114
HSIF,hr4653-114
HSFA,hr6455-114
HSIF,hr6455-114
HSHM,hr2199-114
HSHA,hr195-114
SSCM,hr1119-114
HSSY,hr1119-114
HSFA,hr428-114
HSIF,hr428-114
HSJU,hr6002-114
HSVR,hr642-114
SSEG,hr1644-114
HSII,hr1644-114
HSIF,hr4179-114
HSWM,hr898-114
HSHM,hr2075-114
HSPW,hr2075-114
HSII,hr4510-114
HSBA,hr4347-114
HSIF,hr3041-114
HSWM,hr3244-114
HSIF,hr3244-114
HSBA,hr5852-114
HSGO,hr5790-114
HSED,hr1751-114
HSII,hr3257-114
HSAG,hr3257-114
HSJU,hr3498-114
HSJU,hr635-114
HSWM,hr635-114
HSBA,hr635-114
HSAG,hr635-114
HSFA,hr635-114
SSSB,hr4284-114
HSSM,hr4284-114
HSWM,hr2580-114
HSAP,hr5634-114
HSBA,hr1008-114
HSWM,hr6329-114
HSJU,hr1307-114
HSWM,hr1307-114
HSIF,hr1307-114
HSFA,hr1307-114
HSWM,hr5171-114
HSWM,hr1218-114
HSVR,hr76-114
HSWM,hr76-114
HSWM,hr4296-114
HSED,hr4109-114
HSII,hr2016-114
HSHM,hr81-114
HSJU,hr1180-114
HSIF,hr3243-114
HSWM,hr3243-114
HSJU,hr416-114
HSGO,hr2432-114
HSII,hr6528-114
HSAG,hr6528-114
SSJU,hr5046-114
HSJU,hr5046-114
HSIF,hr5255-114
HSJU,hr731-114
HSWM,hr3083-114
HSWM,hr3608-114
SSGA,hr3503-114
HSHM,hr3503-114
HSIF,hr2540-114
HSIF,hr1275-114
HSIF,hr4105-114
HSBA,hr297-114
HSWM,hr297-114
HSAG,hr3657-114
HSJU,hr1199-114
HSIF,hr1199-114
HSII,hr1931-114
HSAG,hr1931-114
SSBK,hr2297-114
HSBA,hr2297-114
HSFA,hr2297-114
HSBA,hr5660-114
HSAG,hr894-114
HSII,hr894-114
HSWM,hr2701-114
HSAG,hr6448-114
HSII,hr6448-114
HSPW,hr6448-114
HSAS,hr6448-114
HSJU,hr5203-114
HSHM,hr5203-114
HSFA,hr5203-114
HSWM,hr2517-114
HSGO,hr1831-114
HSWM,hr2945-114
HSJU,hr1627-114
SSBK,hr1210-114
HSBA,hr1210-114
SSHR,hr2820-114
HSIF,hr2820-114
SSVA,hr3936-114
HSVR,hr3936-114
HSJU,hr4122-114
HSJU,hr1112-114
HSFA,hr1112-114
HSED,hr6530-114
HSIF,hr999-114
HSJU,hr3530-114
HSIF,hr3530-114
HSWM,hr3553-114
SSFR,hr5094-114
HSFA,hr5094-114
HSWM,hr5094-114
HSJU,hr5094-114
HSBA,hr5094-114
HSGO,hr4392-114
HSII,hr5758-114
HSVR,hr4994-114
HSJU,hr2603-114
HSIF,hr2603-114
HSJU,hr1858-114
HSED,hr3751-114
HSVR,hr577-114
HSED,hr5580-114
HSAS,hr1122-114
HSJU,hr1122-114
HSPW,hr1122-114
HSWM,hr1122-114
HSJU,hr384-114
HSWM,hr1906-114
HSIF,hr2452-114
HSBA,hr6390-114
HSFA,hr3483-114
HSJU,hr1672-114
HSAG,hr1672-114
HSWM,hr1672-114
HSAS,hr4519-114
HSWM,hr4831-114
HSWM,hr1516-114
HSIF,hr1516-114
HSJU,hr3051-114
HSJU,hr5705-114
HSPW,hr1282-114
HSJU,hr3771-114
HSWM,hr3771-114
HSGO,hr3771-114
HSRU,hr3771-114
SSCM,hr1987-114
HSPW,hr1987-114
HSWM,hr6422-114
HSIF,hr2421-114
HSAS,hr244-114
HSAG,hr4019-114
HSII,hr4019-114
HSPW,hr3965-114
HSPW,hr3353-114
HSED,hr2677-114
HSJU,hr760-114
HSBA,hr5729-114
HSFA,hr5729-114
HSED,hr3817-114
HSIF,hr4713-114
HSHM,hr1916-114
HSWM,hr1916-114
HSBA,hr222-114
HSHM,hr83-114
HSPW,hr83-114
HSIF,hr379-114
HSWM,hr767-114
HSGO,hr4901-114
HSFA,hr530-114
HSWM,hr2299-114
HSIF,hr2299-114
HSED,hr1519-114
HSIF,hr6229-114
SSFI,hr3832-114
HSJU,hr3832-114
HSWM,hr3832-114
HSJU,hr1695-114
HSJU,hr1538-114
HSVR,hr1538-114
HSIF,hr1538-114
HSBA,hr1538-114
HSPW,hr5673-114
HSWM,hr1147-114
HSJU,hr1147-114
HSED,hr1147-114
HSED,hr1898-114
HSSY,hr1898-114
HSAS,hr5695-114
HSJU,hr5695-114
HSVR,hr5695-114
HSED,hr858-114
HSIF,hr1548-114
SSVA,hr5620-114
HSVR,hr5620-114
HSGO,hr5620-114
HSED,hr5106-114
HSII,hr5106-114
HSWM,hr5106-114
HSWM,hr990-114
SSEV,hr1684-114
HSPW,hr1684-114
HSIF,hr1372-114
HSWM,hr1372-114
HSPW,hr2689-114
HSBA,hr4707-114
HSII,hr5430-114
HSJU,hr5430-114
HSJU,hr841-114
HSED,hr841-114
HSWM,hr841-114
HSFA,hr5974-114
HSJU,hr4316-114
HSED,hr5204-114
HSWM,hr5204-114
HSIF,hr3640-114
HSGO,hr3640-114
HSWM,hr5296-114
HSII,hr1208-114
HSED,hr1959-114
HSJU,hr1959-114
HSVR,hr356-114
HSVR,hr1357-114
HSVR,hr1603-114
HSSY,hr5821-114
HSII,hr5821-114
HSPW,hr1290-114
HSED,hr846-114
HSFA,hr264-114
HSGO,hr264-114
HSVR,hr189-114
HSHM,hr4488-114
HSGO,hr4488-114
HSFA,hr5653-114
HSJU,hr3730-114
HSIF,hr1771-114
HSVR,hr190-114
HSII,hr4817-114
HSED,hr5427-114
HSVR,hr3991-114
HSPW,hr5355-114
HSSY,hr5131-114
HSHA,hr5131-114
SSJU,hr4985-114
HSJU,hr4985-114
HSFA,hr4985-114
SSEV,hr944-114
HSBA,hr2896-114
HSJU,hr2944-114
HSIF,hr2944-114
HSAS,hr3720-114
HSIF,hr3720-114
HSWM,hr3720-114
HSGO,hr3720-114
HSII,hr3977-114
HSWM,hr3977-114
SSHR,hr5530-114
HSED,hr5530-114
HSJU,hr1269-114
HSIF,hr5370-114
HSFA,hr5370-114
HSAS,hr303-114
HSVR,hr303-114
HSPW,hr1043-114
HSWM,hr1100-114
HSJU,hr4379-114
HSVR,hr1170-114
HSGO,hr1054-114
HSHA,hr1054-114
SSHR,hr1344-114
HSIF,hr1344-114
HSWM,hr672-114
HSED,hr2590-114
HSIF,hr6515-114
HSWM,hr6515-114
HSHM,hr2683-114
HSPW,hr2683-114
HSAS,hr2683-114
HSED,hr717-114
HSIF,hr196-114
SSBK,hr650-114
HSBA,hr650-114
HSBA,hr6427-114
SSGA,hr4359-114
HSGO,hr4359-114
HSIF,hr4262-114
SSEG,hr1324-114
HSII,hr1324-114
HSBA,hr5907-114
HSBA,hr4781-114
HSGO,hr3208-114
HSHA,hr3277-114
HSII,hr5353-114
HSSY,hr4803-114
HSJU,hr2856-114
HSGO,hr2856-114
HSJU,hr219-114
HSJU,hr3523-114
HSIF,hr5921-114
HSED,hr3222-114
HSPW,hr2071-114
HSSY,hr1398-114
HSAS,hr1398-114
HSBU,hr1398-114
HSWM,hr1946-114
HSBA,hr4450-114
HSIF,hr5927-114
HSPW,hr5531-114
HSPW,hr2609-114
HSJU,hr3394-114
HSIF,hr5589-114
HSJU,hr29-114
HSJU,hr4671-114
HSWM,hr3591-114
HSVR,hr1128-114
HSIF,hr2638-114
HSSY,hr21-114
HSIF,hr21-114
SSFI,hr2061-114
HSWM,hr2061-114
HSWM,hr2890-114
SSEV,hr1029-114
HSSY,hr1029-114
HSPW,hr1460-114
HSII,hr3310-114
HSVR,hr5149-114
SSGA,hr1562-114
HSGO,hr1562-114
HSAP,hr5393-114
HSJU,hr5657-114
HSED,hr5657-114
HSWM,hr863-114
HSPW,hr2904-114
HSWM,hr4722-114
HSIF,hr2637-114
HSAG,hr3893-114
HSIF,hr1482-114
HSPW,hr1850-114
HSWM,hr5555-114
HSIF,hr5555-114
HSIF,hr2632-114
HSAS,hr5458-114
HSWM,hr5458-114
HSBU,hr637-114
HSWM,hr637-114
HSED,hr5517-114
HSED,hr5512-114
HSII,hr4131-114
HSPW,hr4131-114
SSFI,hr284-114
HSWM,hr284-114
HSIF,hr284-114
HSJU,hr4365-114
HSIF,hr4365-114
HSBA,hr4116-114
SSGA,hr4509-114
HSHM,hr4509-114
HSWM,hr1720-114
HSJU,hr4703-114
SSGA,hr1073-114
HSHM,hr1073-114
HSBA,hr4258-114
HSFA,hr4258-114
HSII,hr5349-114
HSIF,hr5349-114
HSGO,hr5349-114
HSIF,hr2355-114
HSWM,hr5681-114
HSIF,hr5681-114
HSIF,hr5109-114
HSWM,hr961-114
HSII,hr2312-114
HSWM,hr1536-114
HSED,hr1746-114
HSJU,hr1255-114
HSIF,hr1255-114
HSWM,hr5539-114
HSJU,hr1733-114
HSII,hr2993-114
HSII,hr4497-114
HSGO,hr3360-114
HSSY,hr2261-114
HSWM,hr5506-114
HSIF,hr5506-114
HSIF,hr2119-114
HSED,hr3427-114
HSWM,hr3427-114
HSED,hr1507-114
HSJU,hr1507-114
HSJU,hr3125-114
HSBU,hr240-114
HSAP,hr240-114
HSED,hr4872-114
HSWM,hr4872-114
SSEG,hr2406-114
HSJU,hr2406-114
HSPW,hr2406-114
HSIF,hr2406-114
HSAG,hr2406-114
HSII,hr2406-114
HSAS,hr2104-114
HSVR,hr2104-114
HSIF,hr2104-114
HSBU,hr2104-114
HSSM,hr1410-114
HSWM,hr4292-114
HSIF,hr4292-114
SSJU,hr4676-114
HSJU,hr4676-114
HSED,hr5838-114
HSWM,hr1602-114
HSIF,hr1602-114
HSIF,hr2690-114
HSWM,hr441-114
HSVR,hr1067-114
HSGO,hr1067-114
HSED,hr562-114
HSIF,hr5913-114
SSGA,hr3875-114
HSHM,hr3875-114
HSWM,hr2568-114
HSIF,hr2568-114
HSIF,hr5572-114
HSED,hr53-114
HSSY,hr53-114
HSHM,hr53-114
HSIF,hr1576-114
HSAG,hr6155-114
HSII,hr6155-114
HSIF,hr5916-114
HSII,hr1945-114
HSWM,hr1945-114
SSHR,hr648-114
HSIF,hr648-114
SSGA,hr3572-114
HSHM,hr3572-114
HSED,hr4524-114
HSWM,hr4524-114
HSED,hr511-114
HSIF,hr3637-114
HSIF,hr3943-114
HSAS,hr3388-114
HSIF,hr662-114
HSSY,hr4464-114
HSJU,hr2283-114
HSIF,hr3100-114
HSJU,hr4584-114
HSJU,hr3375-114
HSIF,hr4162-114
HSWM,hr4162-114
HSED,hr3925-114
HSED,hr3369-114
HSWM,hr3369-114
SSFR,hr357-114
HSFA,hr357-114
HSWM,hr606-114
HSED,hr3372-114
HSRU,hr3372-114
HSBA,hr4852-114
HSHM,hr31-114
HSJU,hr31-114
HSWM,hr170-114
HSIF,hr170-114
HSAP,hr5293-114
SSAP,hr5293-114
HSJU,hr5643-114
HSHM,hr5643-114
HSPW,hr5643-114
HSIF,hr3533-114
HSAG,hr3533-114
HSJU,hr5544-114
HSWM,hr1403-114
HSII,hr1157-114
HSPW,hr2007-114
SSEV,hr2559-114
HSPW,hr2559-114
HSWM,hr1894-114
HSAS,hr2876-114
HSIF,hr2876-114
SSHR,hr5528-114
HSED,hr5528-114
HSJU,hr4086-114
HSFA,hr4086-114
HSII,hr488-114
HSBA,hr446-114
HSJU,hr3091-114
HLIG,hr6480-114
HSPW,hr4397-114
HSIF,hr4989-114
HSJU,hr4899-114
SSBK,hr766-114
HSBA,hr766-114
HSWM,hr362-114
HSAG,hr2303-114
HSBA,hr3085-114
HSVR,hr1604-114
HSWM,hr33-114
HSWM,hr1934-114
HSIF,hr1934-114
SSGA,hr1300-114
HSIF,hr1300-114
HSHM,hr1300-114
HSPW,hr638-114
HSSY,hr831-114
SSJU,hr471-114
HSJU,hr471-114
HSIF,hr471-114
HSIF,hr2271-114
HSIF,hr4701-114
HSHA,hr4701-114
HSWM,hr6032-114
HSIF,hr3323-114
HSHM,hr52-114
HSJU,hr52-114
HSGO,hr52-114
HSBU,hr636-114
HSWM,hr636-114
HSBA,hr1514-114
HSED,hr2902-114
HSIF,hr2031-114
HSJU,hr2031-114
HSBA,hr982-114
SSEG,hr87-114
HSII,hr87-114
HSBA,hr5603-114
HSJU,hr4924-114
HSJU,hr3319-114
HSGO,hr3319-114
HSII,hr135-114
HSPW,hr3379-114
HSII,hr4882-114
HSVR,hr1141-114
HSJU,hr3455-114
HSWM,hr4016-114
HSPW,hr4430-114
HSJU,hr4430-114
HSPW,hr705-114
SSBK,hr2722-114
HSBU,hr2722-114
HSBA,hr2722-114
HSWM,hr3238-114
HSAG,hr3238-114
HSBA,hr3238-114
HSFA,hr3238-114
HSIF,hr3819-114
HSPW,hr3819-114
HSSY,hr3819-114
HSII,hr3819-114
HSWM,hr3819-114
HSJU,hr6211-114
HSAS,hr1124-114
HSJU,hr1124-114
HSIF,hr525-114
HSJU,hr525-114
HSBA,hr5523-114
HSWM,hr5523-114
HSJU,hr5576-114
HSED,hr3459-114
HSBA,hr6124-114
HSHA,hr3854-114
HSWM,hr3732-114
HSWM,hr3672-114
HSJU,hr3747-114
HSII,hr4749-114
HSII,hr792-114
HSAG,hr792-114
HSWM,hr4309-114
HSJU,hr4719-114
HSJU,hr283-114
HSIF,hr3055-114
HSFA,hr3055-114
HSGO,hr4656-114
HSSY,hr5679-114
HSED,hr5679-114
SSFR,hr5332-114
HSFA,hr5332-114
HSAS,hr5332-114
HSII,hr1997-114
HSWM,hr5076-114
HSVR,hr6273-114
HSWM,hr663-114
HSII,hr1730-114
HSIF,hr4588-114
HSHM,hr5728-114
HSFA,hr5728-114
HSWM,hr6261-114
HSIF,hr6261-114
HSIF,hr1375-114
HSIF,hr3444-114
HSJU,hr624-114
HSFA,hr624-114
HSVR,hr2653-114
HSII,hr2653-114
HSWM,hr2653-114
HSIF,hr2653-114
HSBU,hr2653-114
HSAP,hr2653-114
HSRU,hr2653-114
HSHA,hr2653-114
HSJU,hr2653-114
HSED,hr2653-114
HSWM,hr2759-114
HSIF,hr2759-114
HSII,hr4371-114
HSIF,hr4371-114
HSPW,hr4371-114
HSRU,hr4371-114
HSBU,hr4371-114
HSAG,hr4371-114
HSED,hr4371-114
HSHM,hr4371-114
HSJU,hr4371-114
HSGO,hr4371-114
HSFA,hr4371-114
HSWM,hr4371-114
HSBA,hr4371-114
HSED,hr5022-114
SSAF,hr1599-114
HSAG,hr1599-114
HSIF,hr1599-114
HSBA,hr4166-114
SSFR,hr4939-114
HSFA,hr4939-114
HSIF,hr6404-114
HSWM,hr6404-114
HSWM,hr1336-114
HSBA,hr1336-114
HSAG,hr2324-114
HSII,hr2324-114
HSWM,hr2519-114
HSIF,hr2519-114
HSIF,hr2446-114
HSBA,hr4018-114
HSIF,hr5656-114
HSJU,hr6285-114
HSWM,hr6285-114
HSIF,hr3134-114
HSVR,hr2531-114
HSSY,hr2410-114
HSII,hr2410-114
HSIF,hr2410-114
HSPW,hr2410-114
HSRU,hr2410-114
HSBU,hr2410-114
HSGO,hr2410-114
HSWM,hr2410-114
SSBK,hr1090-114
HSED,hr1090-114
HSBA,hr1090-114
HSJU,hr814-114
HSII,hr2279-114
HSVR,hr2555-114
HSVR,hr6107-114
HSSY,hr3664-114
HSWM,hr2377-114
HSIF,hr580-114
HSED,hr3625-114
HSWM,hr244-114
HSIF,hr244-114
HSGO,hr244-114
HSPW,hr385-114
HSAG,hr470-114
HSBA,hr3297-114
HSWM,hr3516-114
HSAG,hr5298-114
HSIF,hr5298-114
HSPW,hr910-114
SSFI,hr3442-114
HSWM,hr3442-114
HSIF,hr4388-114
HSJU,hr2318-114
HSBA,hr372-114
HSWM,hr4428-114
HSIF,hr4428-114
HSII,hr2430-114
HSWM,hr765-114
HSPW,hr4295-114
HSJU,hr1401-114
HSWM,hr5445-114
HSJU,hr4880-114
HSAS,hr4880-114
HSED,hr3566-114
HSJU,hr3566-114
HSSY,hr1775-114
HSPW,hr1775-114
HSIF,hr2529-114
HSAG,hr2529-114
HSHA,hr535-114
HSBA,hr535-114
HSSY,hr4765-114
HSJU,hr669-114
HSIF,hr3920-114
HSWM,hr5994-114
HSFA,hr5568-114
HSPW,hr2451-114
SSVA,hr5162-114
HSVR,hr5162-114
HSWM,hr4593-114
HSVR,hr6046-114
HSWM,hr4853-114
HSWM,hr1051-114
HSHM,hr1051-114
SSCM,hr720-114
HSHM,hr720-114
HSJU,hr698-114
HSJU,hr5549-114
HSIF,hr5549-114
HSIF,hr1320-114
HSFA,hr3445-114
HSIF,hr4553-114
HSWM,hr4553-114
HSII,hr2920-114
SSBK,hr2997-114
HSBA,hr2997-114
SSAP,hr2578-114
HSAP,hr2578-114
HSWM,hr620-114
HSII,hr856-114
HSWM,hr1578-114
HSRU,hr1578-114
HSJU,hr6044-114
HSII,hr327-114
HSWM,hr260-114
HSWM,hr3621-114
HSBA,hr3557-114
HSBA,hr1625-114
HSWM,hr290-114
HSGO,hr2908-114
HSIF,hr2864-114
HSJU,hr2613-114
HSIF,hr2613-114
SSJU,hr4240-114
HSJU,hr4240-114
HSJU,hr6341-114
HSIF,hr45-114
HSED,hr4933-114
HSIF,hr4190-114
HSAG,hr4226-114
SSBK,hr299-114
HSBA,hr299-114
SSJU,hr653-114
HSGO,hr653-114
SSBK,hr1408-114
HSBA,hr1408-114
HSAG,hr3973-114
HSGO,hr1222-114
HSII,hr5781-114
SSEG,hr979-114
HSII,hr979-114
HSIF,hr1558-114
HSIF,hr4959-114
HSIF,hr1624-114
HSFA,hr4664-114
HSWM,hr6260-114
SSEG,hr1289-114
HSII,hr1289-114
HSPW,hr5762-114
HSIF,hr5762-114
HSGO,hr5762-114
HSWM,hr5762-114
SSCM,hr4549-114
HSHM,hr4549-114
HSAS,hr3966-114
HSWM,hr4848-114
HSIF,hr4848-114
HSII,hr5486-114
HSWM,hr5188-114
HSIF,hr5188-114
HSIF,hr5136-114
HSII,hr3045-114
HSWM,hr1021-114
HSIF,hr1021-114
HSPW,hr1267-114
HSED,hr1619-114
HSED,hr4184-114
HSIF,hr4184-114
HSWM,hr4184-114
HSGO,hr4184-114
HSHA,hr4184-114
HSAG,hr4184-114
HSVR,hr2193-114
SSGA,hr558-114
HSGO,hr558-114
HSWM,hr883-114
HSHM,hr883-114
HSPW,hr883-114
HSAP,hr883-114
HSGO,hr2243-114
HSBA,hr2243-114
HSHM,hr158-114
HSJU,hr158-114
HSAP,hr5485-114
SSAP,hr5485-114
HSBU,hr660-114
HSAG,hr5423-114
HSED,hr5447-114
HSIF,hr5447-114
HSWM,hr5447-114
HSIF,hr679-114
HSPW,hr679-114
HSWM,hr679-114
HSWM,hr5745-114
HSED,hr1391-114
HSWM,hr1391-114
HSJU,hr3853-114
HSGO,hr3509-114
HSJU,hr1995-114
HSII,hr3137-114
HSSY,hr1967-114
HSJU,hr2994-114
HSIF,hr2994-114
HSAG,hr892-114
HSED,hr1981-114
HSGO,hr688-114
HSHA,hr688-114
HSAG,hr171-114
HSIF,hr171-114
HSSM,hr171-114
HSWM,hr171-114
HSGO,hr171-114
HSBU,hr171-114
HSJU,hr171-114
HSBA,hr171-114
HSVR,hr3320-114
SSBK,hr432-114
HSBA,hr432-114
HSVR,hr1875-114
HSED,hr4744-114
HSII,hr4744-114
HSBA,hr4744-114
HSED,hr2090-114
HSJU,hr1832-114
HSVR,hr2123-114
HSAG,hr4353-114
HSPW,hr3465-114
HSAS,hr4446-114
HSFA,hr4446-114
HSWM,hr1526-114
HSIF,hr1526-114
HSED,hr495-114
HSIF,hr495-114
HSED,hr6521-114
HSWM,hr6521-114
HSIF,hr2629-114
HSED,hr549-114
HSWM,hr879-114
HSIF,hr5547-114
SSHR,hr4982-114
HSIF,hr4982-114
HSPW,hr1711-114
SSEG,hr1815-114
HSII,hr1815-114
HSJU,hr4636-114
HSWM,hr977-114
HSED,hr548-114
HSIF,hr1353-114
HSAS,hr177-114
HSIF,hr177-114
HSJU,hr4320-114
HSIF,hr3587-114
HSED,hr1423-114
HSIF,hr1423-114
HSWM,hr1423-114
HSJU,hr3981-114
HSIF,hr3981-114
HSAP,hr3981-114
HSBA,hr3981-114
HSWM,hr3981-114
HSIF,hr4207-114
HSWM,hr4207-114
HSPW,hr2996-114
HSGO,hr1851-114
HSWM,hr5261-114
SSGA,hr4482-114
HSHM,hr4482-114
HSPW,hr2211-114
HSWM,hr145-114
SSHR,hr1192-114
HSIF,hr1192-114
HSED,hr3777-114
HSHM,hr3777-114
HSAG,hr3777-114
HSIF,hr3777-114
HSBA,hr3777-114
HSGO,hr3777-114
HSJU,hr3777-114
HSBU,hr3777-114
HSWM,hr3777-114
HSIF,hr3426-114
SSFI,hr1104-114
HSWM,hr1104-114
HSPW,hr2227-114
HSWM,hr1928-114
HSJU,hr368-114
HSBU,hr2498-114
HSRU,hr2498-114
HSAS,hr2237-114
HSVR,hr2237-114
HSED,hr5983-114
HSBU,hr5983-114
HSRU,hr5983-114
HSPW,hr5983-114
HSGO,hr5983-114
HSJU,hr5983-114
HSWM,hr5983-114
HSAG,hr5983-114
HSBA,hr5983-114
HSWM,hr3105-114
HSWM,hr2405-114
HSII,hr1452-114
HSSY,hr4752-114
SSHR,hr5049-114
HSSY,hr5049-114
HSII,hr3736-114
HSPW,hr2154-114
HSIF,hr2154-114
HSED,hr3112-114
HSII,hr1052-114
HSJU,hr5499-114
HSRU,hr5499-114
HSBU,hr5499-114
HSGO,hr5499-114
SSFR,hr1493-114
HSFA,hr1493-114
HSWM,hr1493-114
HSJU,hr1493-114
HSAS,hr1493-114
HSAS,hr742-114
HSBA,hr4913-114
HSFA,hr634-114
HSJU,hr4839-114
HLIG,hr4839-114
HSED,hr4214-114
HSJU,hr4214-114
HSII,hr4214-114
HSIF,hr4214-114
HSWM,hr4214-114
HSWM,hr1383-114
HSIF,hr1383-114
HSBA,hr989-114
HSWM,hr1191-114
HSAS,hr4741-114
HSWM,hr952-114
HSIF,hr952-114
HSJU,hr5586-114
HSWM,hr2025-114
HSED,hr2668-114
HSIF,hr406-114
HSHM,hr3038-114
HSPW,hr3038-114
HSED,hr3038-114
HSIF,hr3038-114
HSSY,hr3038-114
HSII,hr3038-114
HSWM,hr3038-114
HSII,hr1028-114
HSAG,hr26-114
HSBA,hr26-114
HSED,hr5574-114
HSJU,hr3815-114
HSPW,hr2485-114
HSED,hr5367-114
HSAS,hr5367-114
HSGO,hr5367-114
HSIF,hr5367-114
HSWM,hr5367-114
HSIF,hr3447-114
HSJU,hr4270-114
HLIG,hr4270-114
HSWM,hr1172-114
HSWM,hr3167-114
HSGO,hr3088-114
HSWM,hr3088-114
HSIF,hr1741-114
SSAF,hr1317-114
HSBA,hr1317-114
HSAG,hr1317-114
HSBA,hr4997-114
SSBU,hr1315-114
HSBU,hr1315-114
HSJU,hr3489-114
HSIF,hr3489-114
HSBA,hr123-114
HSHM,hr5794-114
HSIF,hr6061-114
HSSY,hr2093-114
HSBU,hr2093-114
HSIF,hr1736-114
HSWM,hr2650-114
HSIF,hr2650-114
HSED,hr2650-114
HSII,hr6059-114
SSEG,hr5640-114
HSSY,hr5640-114
HSJU,hr4290-114
HSED,hr1285-114
HSPW,hr3473-114
HSIF,hr3441-114
HSED,hr1513-114
HSJU,hr2793-114
HSIF,hr5117-114
HSIF,hr5205-114
HSJU,hr5123-114
HSED,hr3221-114
HSJU,hr5476-114
HSIF,hr1409-114
HSWM,hr1397-114
SSGA,hr4960-114
HSGO,hr4960-114
HSWM,hr5184-114
HSVR,hr1302-114
HSII,hr1484-114
SSVA,hr1994-114
HSVR,hr1994-114
HSGO,hr1994-114
HSPW,hr269-114
HSJU,hr2546-114
HSIF,hr1785-114
HSWM,hr2310-114
HSIF,hr5283-114
HSBA,hr5283-114
HSJU,hr5283-114
HSAP,hr250-114
HSWM,hr1342-114
HSIF,hr1342-114
HSPW,hr1861-114
HSWM,hr1522-114
HSWM,hr3291-114
HSIF,hr3291-114
HSII,hr2663-114
HSAG,hr2663-114
SSEG,hr4411-114
HSIF,hr4411-114
SSVA,hr3262-114
HSVR,hr3262-114
HSII,hr1485-114
HSAG,hr1485-114
HSJU,hr5863-114
HSWM,hr1387-114
HSJU,hr2710-114
HSWM,hr2710-114
HSAS,hr2248-114
HSVR,hr2248-114
HSED,hr2868-114
HSED,hr4943-114
HSWM,hr4943-114
HSIF,hr5050-114
HSPW,hr5050-114
HSSY,hr4432-114
HSPW,hr4432-114
HSWM,hr519-114
HSIF,hr582-114
HSIF,hr913-114
HSIF,hr504-114
HSAG,hr1954-114
HSJU,hr4611-114
HSII,hr2733-114
HSFA,hr2678-114
HSED,hr5518-114
HSHA,hr5518-114
HSGO,hr5518-114
HSGO,hr4612-114
HSWM,hr1046-114
HSWM,hr5688-114
HSJU,hr4135-114
HSJU,hr3130-114
HSED,hr5232-114
HSPW,hr944-114
HSJU,hr1968-114
HSIF,hr827-114
HSII,hr3546-114
HSIF,hr2073-114
HSWM,hr2073-114
HSIF,hr3656-114
HSII,hr5616-114
HSED,hr188-114
HSWM,hr6111-114
HSIF,hr1999-114
SSGA,hr1634-114
HSHM,hr1634-114
HSIF,hr3677-114
HSWM,hr1286-114
HSAG,hr2909-114
HSII,hr2909-114
HSPW,hr2909-114
SSCM,hr5978-114
HSPW,hr5978-114
HSWM,hr3024-114
HSJU,hr1896-114
HSWM,hr1650-114
HSIF,hr1650-114
HSVR,hr2539-114
HSBU,hr4127-114
HLIG,hr4127-114
HSVR,hr2008-114
HSED,hr1483-114
HSPW,hr1483-114
HSWM,hr2990-114
HSJU,hr3967-114
HSJU,hr1810-114
HSIF,hr4446-114
HSHM,hr3578-114
HSIF,hr1986-114
HSGO,hr1828-114
HSWM,hr1828-114
HSIF,hr5903-114
SSBK,hr1047-114
HSBA,hr1047-114
HSJU,hr1144-114
HSWM,hr1144-114
HSBA,hr686-114
HSED,hr5152-114
HSWM,hr5193-114
SSJU,hr712-114
HSJU,hr712-114
HSED,hr2371-114
HSED,hr3551-114
HSAG,hr5451-114
HSGO,hr5451-114
HSWM,hr4112-114
HSVR,hr1017-114
HSWM,hr3625-114
SSEV,hr1732-114
HSPW,hr1732-114
HSWM,hr2102-114
HSIF,hr2102-114
HSWM,hr232-114
SSVA,hr5229-114
HSVR,hr5229-114
HSBA,hr1660-114
HSGO,hr1069-114
HSJU,hr1114-114
HSWM,hr1114-114
HSPW,hr2606-114
HSJU,hr6468-114
HSAP,hr6468-114
HSGO,hr6468-114
HSIF,hr5330-114
HSIF,hr5414-114
HSED,hr2911-114
HSWM,hr2911-114
HSIF,hr2911-114
HSWM,hr4491-114
HSII,hr4688-114
SSEG,hr4202-114
HSII,hr4202-114
HSIF,hr3525-114
HSGO,hr1671-114
HSJU,hr166-114
HSJU,hr1251-114
HSAS,hr2558-114
HSVR,hr2558-114
HSPW,hr2018-114
HSGO,hr4348-114
HSIF,hr4874-114
HSIF,hr3727-114
HSWM,hr1544-114
HSJU,hr6177-114
HSGO,hr6177-114
HSAG,hr2620-114
HSSM,hr1023-114
HSJU,hr5992-114
SSGA,hr4902-114
HSGO,hr4902-114
HSWM,hr1063-114
HSAS,hr5015-114
HSWM,hr5015-114
HSAS,hr942-114
HSGO,hr942-114
SSFR,hr237-114
HSFA,hr237-114
HSAS,hr5683-114
HSJU,hr5124-114
HSWM,hr4706-114
HSWM,hr1494-114
HSBA,hr5211-114
SSGA,hr1646-114
HSPW,hr1646-114
HSHM,hr1646-114
HSVR,hr6317-114
HSJU,hr4355-114
HSED,hr2174-114
HSWM,hr818-114
HSIF,hr818-114
HSWM,hr5830-114
HSHA,hr2931-114
HSAS,hr4658-114
HSWM,hr4658-114
SSCM,hr3102-114
HSHM,hr3102-114
HSWM,hr1419-114
HSBU,hr1419-114
HSIF,hr2448-114
SSJU,hr350-114
HSFA,hr350-114
HSJU,hr350-114
HSWM,hr5410-114
HSBA,hr5769-114
HSGO,hr1702-114
HSPW,hr3840-114
HSIF,hr4062-114
HSWM,hr4062-114
HSHA,hr412-114
HSWM,hr412-114
HSVR,hr2475-114
HSJU,hr3202-114
HSED,hr275-114
HSJU,hr2374-114
HSED,hr6030-114
HSED,hr3992-114
SSGA,hr1887-114
HSHM,hr1887-114
HSSY,hr467-114
HSWM,hr4442-114
HSIF,hr4442-114
SSVA,hr675-114
HSVR,hr675-114
HSBU,hr2903-114
HSWM,hr2903-114
HSJU,hr3338-114
HSWM,hr3338-114
HSFA,hr3338-114
HSWM,hr5947-114
HSGO,hr4006-114
HSHA,hr4006-114
HSWM,hr6335-114
HSSY,hr4783-114
HSSM,hr4783-114
HLIG,hr4344-114
HSFA,hr4344-114
SSBK,hr2209-114
HSBA,hr2209-114
SSFR,hr5537-114
HSFA,hr5537-114
HSJU,hr1704-114
HSIF,hr1704-114
HSED,hr3403-114
HSWM,hr173-114
HSVR,hr5932-114
HSWM,hr5764-114
HSPW,hr1203-114
SSBK,hr1334-114
HSBA,hr1334-114
HSED,hr5275-114
HSSY,hr5628-114
HSAG,hr5628-114
HSIF,hr568-114
HSAG,hr1793-114
HSII,hr1793-114
HSJU,hr2976-114
HSSY,hr2983-114
HSAS,hr2983-114
HSJU,hr2983-114
HSII,hr2983-114
HSIF,hr2983-114
HSPW,hr2983-114
HSWM,hr2983-114
HSBU,hr2983-114
HSGO,hr1613-114
SSEG,hr2984-114
HSIF,hr2984-114
HSED,hr2762-114
HSSY,hr4489-114
HSWM,hr1018-114
HSIF,hr1018-114
HSJU,hr1699-114
HSJU,hr75-114
SSEG,hr2898-114
HSII,hr2898-114
HSAG,hr2898-114
HSWM,hr1749-114
HSWM,hr6370-114
HSWM,hr1249-114
HSJU,hr4532-114
HSIF,hr4571-114
HSWM,hr793-114
HSIF,hr793-114
HSJU,hr613-114
HSWM,hr1718-114
HSIF,hr700-114
HSWM,hr4822-114
HSAG,hr3692-114
HSII,hr3692-114
HSPW,hr3692-114
HSWM,hr2434-114
HSBA,hr4216-114
HSBA,hr6434-114
HSJU,hr4612-114
HSJU,hr2588-114
HSII,hr866-114
HSVR,hr4941-114
HSWM,hr2966-114
HSWM,hr3935-114
HSHA,hr3929-114
HSBA,hr3929-114
HSJU,hr4321-114
HSVR,hr3484-114
HSWM,hr3950-114
HSJU,hr2454-114
HLIG,hr2454-114
HSWM,hr1014-114
HSJU,hr4530-114
HSJU,hr5321-114
HSVR,hr1899-114
HSBA,hr69-114
HSWM,hr3150-114
HSVR,hr3200-114
HSAP,hr3200-114
HSIF,hr1960-114
HSGO,hr2408-114
HSIF,hr4616-114
HSBA,hr4616-114
HSED,hr4616-114
HSHA,hr4616-114
HSGO,hr4616-114
HSWM,hr622-114
SSFI,hr7-114
HSWM,hr7-114
HSJU,hr7-114
HSIF,hr7-114
HSWM,hr3539-114
SSJU,hr3009-114
HSJU,hr3009-114
HSIF,hr2151-114
HSED,hr4396-114
HSWM,hr4396-114
HSJU,hr4396-114
HSIF,hr4396-114
HSFA,hr439-114
HSAS,hr808-114
HSIF,hr542-114
HSJU,hr5743-114
HSIF,hr355-114
HSAS,hr4851-114
HSIF,hr5344-114
HSSY,hr2039-114
HSJU,hr63-114
HSED,hr5294-114
HSGO,hr3387-114
SSJU,hr468-114
HSED,hr468-114
HSED,hr3582-114
HSII,hr4686-114
HSIF,hr655-114
HSIF,hr5464-114
HSED,hr2411-114
HSIF,hr1181-114
HSED,hr4652-114
HSWM,hr4652-114
HSIF,hr161-114
HSVR,hr2361-114
HSIF,hr1963-114
HSGO,hr1963-114
HSED,hr1767-114
HSIF,hr1506-114
HSVR,hr3113-114
HSAP,hr3113-114
HSJU,hr51-114
HSIF,hr5542-114
HSPW,hr2262-114
SSCM,hr2262-114
HSSY,hr2262-114
HSVR,hr2516-114
HSVR,hr3595-114
HSGO,hr3595-114
SSAP,hr3049-114
HSAP,hr3049-114
HSED,hr1490-114
HSJU,hr99-114
HSBA,hr1550-114
HSWM,hr869-114
HSBA,hr2542-114
HSAP,hr1072-114
HSRU,hr1072-114
HSGO,hr1072-114
HSGO,hr6303-114
HSWM,hr6088-114
HSIF,hr6088-114
HSWM,hr5631-114
SSFR,hr5631-114
HSJU,hr5631-114
HLIG,hr5631-114
HSGO,hr5631-114
HSBA,hr5631-114
HSFA,hr5631-114
HSIF,hr3428-114
SSBK,hr685-114
HSBA,hr685-114
HSJU,hr238-114
HSBA,hr1766-114
HSBA,hr2473-114
HSJU,hr3468-114
HSBA,hr3468-114
HSSM,hr3468-114
HSAG,hr5836-114
HSII,hr5836-114
HSWM,hr5652-114
HSWM,hr6295-114
HSJU,hr5260-114
HSED,hr5260-114
HSAS,hr1288-114
HSVR,hr1288-114
HSVR,hr800-114
HSVR,hr272-114
HSWM,hr1479-114
HSII,hr2167-114
HSED,hr2167-114
HSAG,hr2167-114
HSWM,hr5366-114
HSIF,hr665-114
HSWM,hr5841-114
HSIF,hr5841-114
HSPW,hr1993-114
HSIF,hr1993-114
HSWM,hr878-114
HSHM,hr878-114
HSIF,hr3843-114
HSPW,hr3843-114
HSII,hr3843-114
HSWM,hr160-114
HSBU,hr3246-114
SSFI,hr4903-114
HSWM,hr4903-114
HSVR,hr969-114
HSWM,hr5533-114
HSHM,hr5533-114
HSJU,hr5533-114
HSIF,hr5533-114
HSAS,hr5533-114
HSED,hr1352-114
HSJU,hr1352-114
HSGO,hr1352-114
HSWM,hr1352-114
HSJU,hr2664-114
HSBU,hr782-114
HSVR,hr1331-114
HSJU,hr64-114
HSVR,hr3974-114
HSWM,hr3046-114
HSWM,hr3846-114
HSWM,hr4774-114
HSIF,hr4774-114
HSGO,hr5242-114
HSFA,hr2027-114
HSAS,hr5304-114
SSFI,hr1152-114
HSWM,hr1152-114
HSSM,hr1583-114
HSJU,hr1347-114
HSBA,hr893-114
HSAS,hr4796-114
HSWM,hr1184-114
HSIF,hr1184-114
SSGA,hr5459-114
HSHM,hr5459-114
HSJU,hr1943-114
HSAS,hr3108-114
HSVR,hr2718-114
HSED,hr850-114
HSGO,hr2254-114
HSED,hr3689-114
HSGO,hr3689-114
HSIF,hr6010-114
HSVR,hr3789-114
HSFA,hr5308-114
HSHM,hr5308-114
HSII,hr3162-114
HSAP,hr5325-114
SSAP,hr5325-114
HSWM,hr1295-114
HSIF,hr3643-114
HSBU,hr5243-114
HSAP,hr5243-114
HSWM,hr6167-114
HSJU,hr5454-114
HSII,hr2817-114
HSBA,hr1233-114
HSSY,hr4174-114
HSAP,hr4174-114
HSED,hr4174-114
HSWM,hr3126-114
HSBA,hr3456-114
HSII,hr6190-114
SSCM,hr5104-114
HSIF,hr5104-114
HSWM,hr764-114
HSWM,hr2412-114
HSHA,hr4520-114
HSBA,hr4520-114
HSVR,hr5407-114
HSBA,hr4908-114
HSWM,hr2788-114
HSWM,hr1852-114
SSGA,hr1777-114
HSGO,hr1777-114
HSSY,hr1978-114
HSVR,hr1978-114
HSPW,hr1978-114
HSJU,hr1978-114
HSIF,hr5073-114
HSIF,hr5327-114
HSSY,hr3682-114
HSED,hr3682-114
HSAS,hr3682-114
HSII,hr3682-114
HSIF,hr3682-114
HSFA,hr3682-114
HSAP,hr3682-114
HSRU,hr3682-114
HSHA,hr3682-114
HSJU,hr3682-114
HSWM,hr3682-114
HSJU,hr2753-114
HSWM,hr2753-114
SSGA,hr3654-114
HSFA,hr3654-114
HSJU,hr3654-114
HLIG,hr3654-114
HSIF,hr965-114
HSGO,hr4418-114
HSSY,hr5089-114
SSFI,hr2582-114
HSIF,hr2582-114
HSWM,hr2582-114
HSSY,hr2177-114
HSPW,hr2177-114
HSIF,hr2177-114
HSBA,hr2177-114
HSGO,hr2177-114
HSBU,hr2177-114
HSWM,hr1611-114
HSWM,hr6246-114
HSWM,hr2838-114
HSPW,hr390-114
HSIF,hr209-114
HSWM,hr209-114
HSAG,hr1284-114
HSBA,hr2567-114
HSED,hr4790-114
HSAG,hr4790-114
HSAS,hr4790-114
HSII,hr4790-114
HSPW,hr4790-114
HSIF,hr4790-114
HSED,hr881-114
HSJU,hr5938-114
HSII,hr2270-114
HSWM,hr5232-114
HSFA,hr2989-114
HSJU,hr2989-114
HSII,hr3644-114
HSED,hr5265-114
HSWM,hr2842-114
HSJU,hr307-114
HSIF,hr4526-114
HSBA,hr4128-114
HSWM,hr4128-114
HSED,hr4042-114
SSVA,hr4063-114
HSAS,hr4063-114
HSVR,hr4063-114
HSPW,hr3334-114
HSAG,hr6099-114
HSII,hr6099-114
HSWM,hr5818-114
HSJU,hr1329-114
HSED,hr4067-114
HSWM,hr4067-114
HSSY,hr443-114
HSBA,hr3192-114
HSIF,hr453-114
SSGA,hr3510-114
HSHM,hr3510-114
HSIF,hr5788-114
HSAS,hr498-114
HSVR,hr498-114
HSBU,hr4447-114
HSAP,hr4447-114
HSED,hr5787-114
HSJU,hr5787-114
HSBU,hr1049-114
HSAG,hr4896-114
HSIF,hr4807-114
HSFA,hr2621-114
HSJU,hr2621-114
HSJU,hr6453-114
HSBA,hr6453-114
HSJU,hr2076-114
HSBA,hr2076-114
HSGO,hr4897-114
HSJU,hr5080-114
HSIF,hr1418-114
HSWM,hr1418-114
HSPW,hr1844-114
HSBA,hr3890-114
HSSY,hr1277-114
HSBA,hr1262-114
HSIF,hr1761-114
HSED,hr2836-114
HSWM,hr2124-114
HSIF,hr2124-114
HSJU,hr1592-114
HSED,hr4022-114
SSGA,hr3735-114
HSGO,hr3735-114
HSJU,hr4048-114
HSFA,hr4048-114
HSRU,hr4048-114
HLIG,hr4048-114
HSED,hr3988-114
HSVR,hr3988-114
HSAS,hr3988-114
HSPW,hr1009-114
HSBA,hr4538-114
HSPW,hr2530-114
HSWM,hr2624-114
HSIF,hr2624-114
HSIF,hr5348-114
HSWM,hr415-114
HSFA,hr3325-114
HSAG,hr3705-114
HSBA,hr3705-114
HSWM,hr2050-114
HSED,hr1827-114
HSSY,hr6227-114
HSIF,hr6227-114
HSHM,hr6227-114
HSWM,hr3861-114
HSWM,hr786-114
HSIF,hr786-114
HSAS,hr3139-114
HSBA,hr2937-114
HSFA,hr2937-114
HSJU,hr2917-114
HSIF,hr2917-114
HSED,hr370-114
HSII,hr370-114
HSWM,hr370-114
HSIF,hr370-114
HSBU,hr370-114
HSAP,hr370-114
HSHA,hr370-114
HSRU,hr370-114
HSJU,hr370-114
HSWM,hr248-114
HSED,hr1035-114
HSWM,hr2774-114
HSVR,hr3755-114
HSIF,hr3755-114
HSWM,hr3755-114
HSWM,hr1178-114
HSIF,hr1178-114
HSVR,hr5083-114
HSED,hr2728-114
HSJU,hr2728-114
HSBA,hr3118-114
HSJU,hr4241-114
HSII,hr936-114
HSAG,hr936-114
HSHA,hr5439-114
HSGO,hr1701-114
HSWM,hr2179-114
HSWM,hr1713-114
HSWM,hr1919-114
HSIF,hr1919-114
HSJU,hr2808-114
HSWM,hr5879-114
HSPW,hr5744-114
HSWM,hr1453-114
HSIF,hr1453-114
HSJU,hr849-114
SSEG,hr959-114
HSII,hr959-114
HSJU,hr140-114
HSJU,hr105-114
HSED,hr596-114
HSWM,hr596-114
HSIF,hr596-114
HSII,hr596-114
HSBU,hr596-114
HSAP,hr596-114
HSHA,hr596-114
HSRU,hr596-114
HSJU,hr596-114
HSJU,hr71-114
HSIF,hr2592-114
HSBU,hr1078-114
HSIF,hr4460-114
HSII,hr3289-114
HSGO,hr1198-114
HSII,hr4456-114
SSCM,hr719-114
HSHM,hr719-114
HSAG,hr4833-114
HSBA,hr597-114
HSWM,hr887-114
HSIF,hr887-114
HSII,hr5277-114
HSGO,hr5647-114
HSWM,hr5647-114
HSWM,hr3285-114
HSIF,hr3285-114
HSJU,hr3411-114
HSBA,hr1878-114
HSPW,hr2933-114
HSJU,hr2462-114
HSII,hr2274-114
HSWM,hr1559-114
HSIF,hr1559-114
HSBU,hr531-114
HSII,hr2467-114
SSCM,hr1162-114
HSSY,hr1162-114
HSED,hr5357-114
HSIF,hr2335-114
HSWM,hr169-114
HSII,hr1183-114
HSVR,hr1183-114
HSED,hr5738-114
HSVR,hr2975-114
HSPW,hr1804-114
HSWM,hr880-114
HSIF,hr5900-114
HSWM,hr3616-114
HSAS,hr3616-114
HSII,hr4473-114
HSIF,hr1462-114
HSII,hr1060-114
HSII,hr5780-114
HSWM,hr1533-114
HSJU,hr5760-114
HSHA,hr5760-114
HSBA,hr5434-114
SSFR,hr515-114
HSJU,hr515-114
HSFA,hr515-114
SSCM,hr2750-114
HSHM,hr2750-114
HSVR,hr2464-114
HSVR,hr5416-114
HSHM,hr6420-114
SSHR,hr3178-114
HSED,hr3178-114
HSWM,hr461-114
SSGA,hr5982-114
HSRU,hr5982-114
HSJU,hr5982-114
HSVR,hr1948-114
HSED,hr2715-114
HSGO,hr4382-114
HSBA,hr4107-114
HSII,hr1168-114
HSJU,hr5490-114
HSBA,hr5490-114
HSGO,hr1230-114
HSIF,hr4797-114
HSBA,hr1031-114
HSFA,hr664-114
HSIF,hr5525-114
HSED,hr2065-114
HSIF,hr434-114
HSED,hr5682-114
HSIF,hr835-114
HSBA,hr5724-114
SSVA,hr2915-114
HSVR,hr2915-114
HSJU,hr4023-114
HSIF,hr3652-114
HSJU,hr1174-114
HSAS,hr333-114
HSVR,hr333-114
HSED,hr344-114
HSJU,hr472-114
HSWM,hr1882-114
HSJU,hr4628-114
HSII,hr3212-114
HSII,hr872-114
HSED,hr5365-114
HSIF,hr5365-114
HSIF,hr263-114
HSII,hr4233-114
HSGO,hr3231-114
HSSM,hr5968-114
HSJU,hr1076-114
HSED,hr1779-114
HSJU,hr1779-114
HSJU,hr228-114
SSSB,hr2670-114
HSSM,hr2670-114
HSSY,hr4776-114
HSII,hr4776-114
HSPW,hr3190-114
HSGO,hr3190-114
SSBK,hr1195-114
HSBA,hr1195-114
HSJU,hr2871-114
HSWM,hr2461-114
HSIF,hr2461-114
HSVR,hr3246-114
SSFI,hr670-114
HSIF,hr670-114
HSPW,hr652-114
HSII,hr5457-114
HSHA,hr2837-114
HSRU,hr317-114
HSGO,hr317-114
HSAS,hr1735-114
HSBA,hr2239-114
HSHM,hr5398-114
HSWM,hr5398-114
HSJU,hr5398-114
HSED,hr5398-114
HSFA,hr5398-114
HSWM,hr630-114
HSJU,hr917-114
HSGO,hr1264-114
HSBA,hr1264-114
HSIF,hr4745-114
HSED,hr5475-114
HSAS,hr5475-114
HSVR,hr5475-114
HSII,hr5475-114
HSWM,hr5475-114
HSJU,hr5475-114
HSBU,hr5475-114
HSAG,hr5475-114
HSIF,hr5475-114
HSWM,hr5731-114
HSWM,hr4934-114
HSIF,hr4152-114
HSAG,hr1025-114
HSED,hr4843-114
SSHR,hr4843-114
HSPW,hr4455-114
HSWM,hr5494-114
HSBA,hr5494-114
HSGO,hr5494-114
HSJU,hr5494-114
HSHA,hr5494-114
HSVR,hr1016-114
HSBA,hr2309-114
HSBA,hr4211-114
HSIF,hr5483-114
HSBA,hr4575-114
HSWM,hr6396-114
HSED,hr6396-114
HSIF,hr666-114
HSFA,hr666-114
SSEV,hr1030-114
HSSY,hr1030-114
HSII,hr3565-114
SSJU,hr5048-114
HSJU,hr5048-114
HSVR,hr3019-114
HSED,hr5496-114
HSHA,hr5496-114
HSGO,hr5496-114
HSIF,hr4187-114
HSED,hr2400-114
HSII,hr2400-114
HSWM,hr2400-114
HSIF,hr2400-114
HSAP,hr2400-114
HSRU,hr2400-114
HSJU,hr2400-114
HSHA,hr2400-114
HSGO,hr2400-114
HSHA,hr5493-114
HSWM,hr4912-114
HSED,hr5813-114
HSSY,hr1597-114
HSGO,hr1597-114
HSSM,hr1597-114
HSAS,hr1597-114
HSWM,hr978-114
HSPW,hr1964-114
HSWM,hr2502-114
HSIF,hr2502-114
HSJU,hr6328-114
HSJU,hr74-114
SSEG,hr4582-114
HSII,hr4582-114
HSWM,hr2883-114
HSVR,hr5392-114
SSFR,hr3694-114
HSFA,hr3694-114
SSEG,hr5577-114
HSII,hr5577-114
HSSM,hr2266-114
HSED,hr2882-114
HSJU,hr862-114
HSWM,hr4948-114
HSGO,hr2032-114
HSBA,hr6266-114
HSIF,hr1006-114
HSII,hr564-114
HSED,hr2794-114
HSWM,hr2794-114
HSWM,hr4459-114
HSVR,hr3122-114
HSED,hr4276-114
HSIF,hr4276-114
HSWM,hr4276-114
HSWM,hr3642-114
HSBA,hr957-114
HSGO,hr957-114
HSSY,hr5583-114
HSGO,hr5583-114
HSIF,hr4429-114
HSPW,hr4429-114
HSJU,hr2977-114
HSIF,hr2977-114
HSBU,hr2977-114
HSBA,hr2977-114
HSWM,hr2157-114
HSAS,hr618-114
HSED,hr618-114
HSGO,hr618-114
HSIF,hr5070-114
HSJU,hr5513-114
HSJU,hr1450-114
HSED,hr1450-114
HSHA,hr1450-114
HSGO,hr1450-114
SSRA,hr723-114
HSHA,hr723-114
HSIF,hr4642-114
HSWM,hr4642-114
HSPW,hr1297-114
HSBA,hr1297-114
HSJU,hr5470-114
HSIF,hr4578-114
HSPW,hr4578-114
HSJU,hr6080-114
HSBA,hr3857-114
SSFR,hr5708-114
HSBA,hr5708-114
HSFA,hr5708-114
HSII,hr388-114
HSAG,hr388-114
HSJU,hr759-114
HSPW,hr798-114
SSFI,hr876-114
HSIF,hr876-114
HSWM,hr876-114
HSIF,hr4209-114
HSWM,hr3571-114
HSAS,hr6377-114
HSPW,hr4479-114
HSIF,hr4479-114
HSBU,hr4479-114
HSBA,hr4479-114
HSED,hr4479-114
SSCM,hr2770-114
HSHM,hr2770-114
HSVR,hr2766-114
HSED,hr436-114
HSGO,hr6450-114
HSED,hr3594-114
HSIF,hr5116-114
SSFR,hr4403-114
HSHM,hr4403-114
HSFA,hr4403-114
HSWM,hr954-114
HSVR,hr5604-114
HSBA,hr4866-114
HSED,hr497-114
HSWM,hr867-114
HSWM,hr2481-114
HSGO,hr6466-114
HSGO,hr1501-114
HSED,hr193-114
SSAF,hr2289-114
HSAG,hr2289-114
HSII,hr291-114
HSSY,hr291-114
HSIF,hr291-114
HSPW,hr291-114
HSJU,hr986-114
HSAS,hr868-114
HSWM,hr868-114
HSSY,hr1508-114
HSED,hr2382-114
HSVR,hr993-114
HSBU,hr1048-114
HSIF,hr2557-114
HSWM,hr2115-114
HSJU,hr3818-114
HSWM,hr1464-114
HSED,hr4376-114
HSIF,hr3385-114
HSPW,hr3385-114
HSBA,hr1523-114
HSIF,hr3756-114
HSPW,hr3756-114
HSAS,hr4683-114
HSBA,hr4683-114
HSIF,hr5906-114
HSIF,hr3014-114
HSJU,hr3014-114
HSBA,hr888-114
HSJU,hr2019-114
HSII,hr1977-114
HSPW,hr2776-114
HSBA,hr6423-114
HSVR,hr1681-114
HSII,hr2352-114
HSJU,hr268-114
HSWM,hr268-114
HSIF,hr2819-114
SSFI,hr3495-114
HSIF,hr3495-114
HSJU,hr4731-114
HSIF,hr2597-114
HSWM,hr2597-114
SSBK,hr251-114
HSBA,hr251-114
HSIF,hr6463-114
HSIF,hr1273-114
HSAS,hr366-114
HSSY,hr366-114
HSVR,hr366-114
HSJU,hr366-114
HSGO,hr366-114
HSAG,hr1714-114
HSPW,hr199-114
HSVR,hr3960-114
HSBA,hr3960-114
HSED,hr576-114
HSBA,hr576-114
HSWM,hr2138-114
HSIF,hr3301-114
HSIF,hr2418-114
HSED,hr5196-114
HSWM,hr5196-114
HSIF,hr1376-114
SSEG,hr2615-114
HSIF,hr1611-114
HSBA,hr1422-114
HSAS,hr321-114
HSHA,hr2143-114
HSED,hr3096-114
HSII,hr1830-114
HSAG,hr1830-114
HSED,hr5155-114
HSVR,hr4080-114
HSAG,hr737-114
HSIF,hr737-114
HSWM,hr5952-114
HSED,hr5952-114
HSIF,hr2736-114
HSJU,hr6091-114
HSJU,hr4602-114
HSBA,hr4602-114
SSGA,hr4904-114
HSGO,hr4904-114
HSRU,hr586-114
HSGO,hr586-114
HSIF,hr3224-114
SSJU,hr5063-114
HSJU,hr5063-114
HSWM,hr5400-114
SSBK,hr2091-114
HSBA,hr2091-114
HSIF,hr1707-114
SSGA,hr3578-114
HSWM,hr5725-114
HSWM,hr4672-114
HSWM,hr5942-114
HSIF,hr5942-114
SSSB,hr4332-114
HSSM,hr4332-114
HSWM,hr2783-114
HSED,hr1070-114
HSED,hr1431-114
HSPW,hr1431-114
HSPW,hr4436-114
SSGA,hr3350-114
HSHM,hr3350-114
HSIF,hr2396-114
HSII,hr3668-114
HSIF,hr1053-114
SSGA,hr5625-114
HSGO,hr5625-114
HSGO,hr2003-114
HSWM,hr2003-114
HSAS,hr2264-114
HSJU,hr4274-114
HSII,hr167-114
HSAG,hr167-114
HSBU,hr167-114
HSED,hr4260-114
HSAS,hr4260-114
HSVR,hr4260-114
HSVR,hr456-114
HSAS,hr3596-114
HSVR,hr3596-114
HSBU,hr3596-114
HSVR,hr1904-114
HSGO,hr1658-114
HSIF,hr3001-114
HSGO,hr3001-114
HSVR,hr614-114
HSWM,hr614-114
HSAG,hr614-114
HSIF,hr614-114
HSRU,hr614-114
HSHA,hr614-114
HSBA,hr614-114
HSJU,hr614-114
HSFA,hr614-114
HSAS,hr614-114
HSAP,hr614-114
HSGO,hr614-114
HSBA,hr2356-114
HSIF,hr2593-114
HSBA,hr5058-114
HSVR,hr2294-114
SSEG,hr3480-114
HSII,hr3480-114
HSVR,hr1569-114
HSVR,hr2813-114
HSBA,hr2813-114
HSED,hr2518-114
HSIF,hr371-114
SSFI,hr4472-114
HSWM,hr4472-114
HSFA,hr590-114
SSCM,hr774-114
HSJU,hr774-114
HSPW,hr774-114
HSII,hr774-114
HSWM,hr3822-114
HSIF,hr6214-114
SSBK,hr702-114
HSIF,hr702-114
HSFA,hr702-114
HSVR,hr2327-114
HSWM,hr795-114
HSIF,hr795-114
HSHA,hr425-114
HSII,hr394-114
HSJU,hr2862-114
HSII,hr308-114
HSED,hr2155-114
HSWM,hr2652-114
HSIF,hr2652-114
HSED,hr1421-114
HSED,hr2654-114
HSJU,hr2654-114
HSGO,hr2654-114
HSHA,hr2654-114
HSWM,hr1781-114
HSJU,hr4760-114
HSBA,hr3921-114
HSWM,hr5082-114
HSIF,hr4715-114
HSED,hr3157-114
HSII,hr3820-114
HSED,hr2364-114
HSII,hr1296-114
HSAG,hr2477-114
HSBA,hr2477-114
HSGO,hr2183-114
SSEG,hr5278-114
HSSM,hr5278-114
HSED,hr5278-114
HSJU,hr5278-114
HSII,hr5278-114
HSED,hr566-114
HSWM,hr3922-114
HSED,hr3922-114
HSGO,hr2741-114
HSIF,hr217-114
HSPW,hr772-114
HSBA,hr1703-114
HSWM,hr1795-114
HSWM,hr305-114
SSVA,hr203-114
HSVR,hr203-114
HSPW,hr2556-114
SSCM,hr4167-114
HSIF,hr4167-114
HSBA,hr1224-114
HSWM,hr3485-114
HSBA,hr1309-114
HSJU,hr1253-114
HSPW,hr4070-114
HSED,hr1432-114
HSPW,hr1432-114
HSPW,hr578-114
HSAS,hr1232-114
HSED,hr4098-114
HSED,hr2351-114
HSIF,hr2351-114
HSIF,hr5902-114
HSED,hr1728-114
HSVR,hr2605-114
HSJU,hr3185-114
HSHA,hr3185-114
HSGO,hr3185-114
HSBA,hr3185-114
HSED,hr3185-114
HSII,hr2098-114
HSGO,hr5139-114
HSAS,hr5139-114
HSAG,hr352-114
HSIF,hr352-114
HSPW,hr352-114
HSAP,hr352-114
HSWM,hr2431-114
HSJU,hr4007-114
HSJU,hr1742-114
HSED,hr2350-114
HSJU,hr2350-114
HSBU,hr2350-114
SSJU,hr1755-114
HSJU,hr1755-114
HSED,hr537-114
HSWM,hr537-114
HSIF,hr537-114
HSJU,hr4356-114
SSVA,hr1384-114
HSVR,hr1384-114
HSFA,hr1797-114
HSIF,hr1797-114
HSBA,hr1797-114
SSHR,hr639-114
HSJU,hr639-114
HSIF,hr639-114
HSGO,hr5425-114
HSIF,hr2125-114
SSGA,hr1560-114
HLIG,hr1560-114
HSVR,hr572-114
HSJU,hr2137-114
HSIF,hr2030-114
HSIF,hr1710-114
HSPW,hr1710-114
HSWM,hr6500-114
HSBA,hr6500-114
HSVR,hr5099-114
HSED,hr4415-114
HSED,hr794-114
HSGO,hr119-114
HSBU,hr119-114
HSAP,hr2772-114
HSWM,hr5477-114
HSII,hr239-114
HSJU,hr168-114
HSSY,hr6066-114
HSGO,hr6066-114
HSAG,hr1445-114
HSII,hr1445-114
HSWM,hr1801-114
HSWM,hr1549-114
HSJU,hr5035-114
HSJU,hr3653-114
SSEV,hr4470-114
HSIF,hr4470-114
HSED,hr1466-114
HSJU,hr1466-114
HSIF,hr1466-114
HSPW,hr1466-114
HSAS,hr1466-114
HSFA,hr1466-114
HSBA,hr1466-114
HLIG,hr1466-114
HSPW,hr5292-114
HSSM,hr207-114
HSII,hr5500-114
HSSY,hr1930-114
HSII,hr1930-114
HSAG,hr1930-114
HSIF,hr1930-114
HSPW,hr1930-114
HSFA,hr1930-114
HSBA,hr1930-114
HSAP,hr1930-114
HSWM,hr1930-114
HSWM,hr1788-114
HSBA,hr2998-114
HSBA,hr2642-114
HSII,hr6115-114
HSJU,hr6421-114
HSJU,hr706-114
HSPW,hr1612-114
SSGA,hr2200-114
HSHM,hr2200-114
HSWM,hr3526-114
HSFA,hr3526-114
HSII,hr3526-114
HSWM,hr2692-114
HSIF,hr4400-114
HSIF,hr5668-114
HSED,hr1956-114
HSJU,hr3054-114
HSBA,hr3054-114
SSCM,hr810-114
HSSY,hr810-114
HSJU,hr1120-114
HSPW,hr1120-114
HSWM,hr144-114
HSJU,hr1385-114
HSBA,hr5429-114
HSBA,hr5541-114
HSWM,hr4626-114
HSJU,hr4928-114
SSBK,hr5322-114
HSBA,hr5322-114
HSBA,hr2987-114
HSIF,hr5078-114
HSPW,hr5078-114
HSJU,hr3227-114
HSAS,hr3227-114
HSBA,hr2099-114
HSII,hr1077-114
HSJU,hr2181-114
HSAG,hr3187-114
HSII,hr152-114
HSAG,hr5733-114
HSII,hr1888-114
HSII,hr5999-114
HSIF,hr826-114
HSJU,hr2823-114
HSBU,hr1890-114
HSRU,hr1890-114
HSWM,hr1890-114
HSJU,hr197-114
SSJU,hr285-114
HSJU,hr285-114
HSJU,hr494-114
HSIF,hr3284-114
HSII,hr3867-114
HSJU,hr4301-114
HSVR,hr5128-114
HSED,hr1131-114
HSJU,hr1131-114
HSWM,hr1131-114
HSAS,hr3365-114
HSVR,hr3365-114
HSGO,hr5785-114
HSGO,hr5341-114
SLIA,hr387-114
HSII,hr387-114
HSIF,hr3154-114
HSBA,hr1662-114
HSWM,hr1662-114
HSII,hr900-114
HSGO,hr598-114
SSFR,hr3457-114
HSFA,hr3457-114
HSII,hr761-114
SSVA,hr3216-114
HSVR,hr3216-114
HSWM,hr4114-114
HSJU,hr1153-114
HSFA,hr1153-114
HSWM,hr4696-114
SSVA,hr294-114
HSVR,hr294-114
HSBA,hr3738-114
HSBA,hr5569-114
HSII,hr2665-114
HSED,hr649-114
SSBK,hr37-114
HSAG,hr37-114
HSBA,hr37-114
HSED,hr6236-114
HSII,hr3410-114
HSAG,hr3410-114
HSIF,hr4827-114
HSJU,hr2834-114
SLIA,hr538-114
HSII,hr538-114
HSVR,hr1845-114
HSVR,hr1909-114
HSJU,hr6346-114
HSJU,hr2079-114
HSED,hr2079-114
SSHR,hr2713-114
HSIF,hr2713-114
HSWM,hr314-114
HSED,hr1089-114
HSAP,hr1089-114
HSGO,hr24-114
HSII,hr1438-114
HSII,hr1647-114
HSJU,hr1283-114
HSED,hr5862-114
HSAP,hr5538-114
HSED,hr3684-114
HSED,hr5899-114
HSWM,hr5324-114
HSVR,hr271-114
HSIF,hr4589-114
HSWM,hr4589-114
HSJU,hr4589-114
HSBA,hr1351-114
SSVA,hr474-114
HSVR,hr474-114
HSED,hr557-114
HSWM,hr557-114
HSJU,hr5510-114
HSIF,hr5510-114
HSWM,hr4705-114
HSIF,hr2328-114
HSII,hr435-114
HSII,hr659-114
HSWM,hr1608-114
HSIF,hr1608-114
HSIF,hr1712-114
HSIF,hr4937-114
HSPW,hr4937-114
HSJU,hr1457-114
HSWM,hr2429-114
HSIF,hr5230-114
HSIF,hr873-114
HSVR,hr4150-114
HSAP,hr58-114
HSBA,hr5593-114
HSII,hr1107-114
HSJU,hr3573-114
HSVR,hr3183-114
HSHM,hr54-114
HSIF,hr54-114
HSVR,hr575-114
HSGO,hr575-114
HSJU,hr5654-114
HSPW,hr5654-114
HSBA,hr5654-114
HSWM,hr1430-114
HSJU,hr5689-114
HSIF,hr5689-114
HSGO,hr3188-114
HSJU,hr2278-114
HSBU,hr5003-114
HSED,hr5003-114
HSIF,hr3865-114
HSAS,hr1247-114
HSVR,hr1247-114
HSPW,hr4630-114
HSIF,hr4630-114
HSHA,hr187-114
HSIF,hr4931-114
HSIF,hr3494-114
HSWM,hr3494-114
HSII,hr1719-114
HSBA,hr6025-114
HSBA,hr6287-114
HSIF,hr2081-114
HSVR,hr3373-114
HSHA,hr2694-114
SLIA,hr360-114
HSBA,hr360-114
SSFR,hr5732-114
HSFA,hr5732-114
HSBA,hr5732-114
HSJU,hr5732-114
HSIF,hr3300-114
HSRU,hr3300-114
HSHA,hr3300-114
HSBA,hr3300-114
HSFA,hr3300-114
HSWM,hr3300-114
HSGO,hr3300-114
HSED,hr2417-114
SSEG,hr1838-114
HSII,hr1838-114
HSED,hr554-114
HSWM,hr554-114
HSED,hr3359-114
HSII,hr3153-114
HSSM,hr1386-114
HSWM,hr4927-114
HSRU,hr4927-114
SSFI,hr3724-114
HSWM,hr3724-114
HSII,hr925-114
HSJU,hr1217-114
HSVR,hr1217-114
HSIF,hr2433-114
HSIF,hr4232-114
HSVR,hr2914-114
HSIF,hr1212-114
HSIF,hr5100-114
HSVR,hr2999-114
HSJU,hr5504-114
HSIF,hr703-114
HSED,hr2844-114
HSJU,hr2844-114
HSWM,hr2844-114
HSIF,hr1515-114
HSWM,hr4181-114
HSJU,hr6131-114
HSII,hr1667-114
HSAS,hr6253-114
HSVR,hr6253-114
HSJU,hr870-114
HSWM,hr2948-114
HSIF,hr2948-114
SSBK,hr1478-114
HSBA,hr1478-114
HSIF,hr266-114
HSIF,hr3237-114
HSSM,hr4027-114
HSBA,hr2363-114
HSAS,hr3698-114
HSJU,hr3698-114
HSWM,hr5723-114
HSIF,hr5723-114
HSWM,hr6023-114
HSIF,hr6023-114
HSII,hr2014-114
HSIF,hr2014-114
SSBK,hr3032-114
HSBA,hr3032-114
HSED,hr2215-114
HSVR,hr941-114
HSGO,hr417-114
HSVR,hr5936-114
HSWM,hr506-114
HSED,hr506-114
SSCM,hr2669-114
HSIF,hr2669-114
HSJU,hr3669-114
HSBA,hr5491-114
HSAS,hr1010-114
HSWM,hr2746-114
HSAS,hr315-114
HSVR,hr315-114
HSIF,hr704-114
HSAG,hr2393-114
HSAG,hr1582-114
HSAG,hr2094-114
HSWM,hr2094-114
HSJU,hr2094-114
HSBA,hr2094-114
SSHR,hr921-114
HSJU,hr921-114
HSIF,hr921-114
SSVA,hr1313-114
HSVR,hr1313-114
SSBK,hr2187-114
HSBA,hr2187-114
HSAG,hr6020-114
HSVR,hr4892-114
HSII,hr4230-114
HSBU,hr5707-114
HSGO,hr5707-114
HSWM,hr1002-114
HSIF,hr777-114
HSAP,hr777-114
HSBU,hr777-114
HSWM,hr5347-114
HSBA,hr6126-114
HSSY,hr6531-114
HSJU,hr2314-114
HSHM,hr2314-114
HSIF,hr4621-114
HSSM,hr2221-114
HSIF,hr3563-114
HSWM,hr820-114
HSED,hr3071-114
HSJU,hr3071-114
HSGO,hr3071-114
HSHA,hr3071-114
HSBA,hr2918-114
HSGO,hr4422-114
SSEG,hr4427-114
HSIF,hr4427-114
SSBK,hr5421-114
HSBA,hr5421-114
HSED,hr3514-114
HSIF,hr3084-114
HSJU,hr3196-114
HSWM,hr725-114
HSPW,hr2077-114
HSIF,hr4889-114
HSWM,hr6369-114
HSPW,hr4490-114
HSAS,hr956-114
HSJU,hr956-114
HSWM,hr967-114
HSFA,hr967-114
SSHR,hr3293-114
HSSY,hr3293-114
HSII,hr2684-114
SSFI,hr3716-114
HSIF,hr3716-114
HSGO,hr3111-114
SSHR,hr3691-114
HSIF,hr3691-114
SSFI,hr5210-114
HSWM,hr5210-114
HSIF,hr5210-114
HSJU,hr6222-114
HSGO,hr6222-114
SSGA,hr1656-114
HSJU,hr1656-114
HSWM,hr2895-114
HSIF,hr2895-114
HSJU,hr3968-114
HSIF,hr3968-114
HSWM,hr6049-114
HSED,hr4471-114
HSAG,hr6342-114
HSAS,hr454-114
HSED,hr1369-114
HSVR,hr1369-114
HSFA,hr5877-114
HSHM,hr5877-114
HSIF,hr2024-114
HSED,hr3860-114
HSWM,hr274-114
HSIF,hr274-114
HSAG,hr274-114
HSGO,hr274-114
HSBA,hr274-114
HSJU,hr274-114
HSFA,hr274-114
HSED,hr5587-114
HSGO,hr3635-114
HSIF,hr6474-114
HSBA,hr5596-114
HSAG,hr897-114
HSPW,hr897-114
HSII,hr493-114
SSGA,hr5226-114
HSGO,hr5226-114
HSSY,hr2886-114
HSPW,hr2886-114
HSJU,hr3012-114
HSPW,hr200-114
HSIF,hr4414-114
HSPW,hr2489-114
HSGO,hr5051-114
HSPW,hr6258-114
HSIF,hr2724-114
HSWM,hr6399-114
HSPW,hr3488-114
HSBA,hr5419-114
HSJU,hr2584-114
HSII,hr1820-114
HSSY,hr6452-114
HSII,hr6452-114
HSBA,hr3798-114
HSED,hr966-114
HSED,hr132-114
HSWM,hr132-114
HSII,hr132-114
HSIF,hr132-114
HSAP,hr132-114
HSRU,hr132-114
HSHA,hr132-114
HSJU,hr132-114
SSFR,hr2845-114
HSFA,hr2845-114
HSJU,hr46-114
HSJU,hr585-114
HSII,hr585-114
HSIF,hr2702-114
HSJU,hr5853-114
HSJU,hr4771-114
HSIF,hr4771-114
HSIF,hr2391-114
HSWM,hr4714-114
HSIF,hr4714-114
HSIF,hr3717-114
HSVR,hr1356-114
SSSB,hr4326-114
HSSM,hr4326-114
HSWM,hr644-114
HSJU,hr4380-114
HSIF,hr4567-114
HSAS,hr148-114
HSJU,hr4914-114
HSIF,hr555-114
HSED,hr3948-114
HSBA,hr3948-114
HSIF,hr931-114
HSVR,hr563-114
HSAS,hr5710-114
HSIF,hr5403-114
HSVR,hr5588-114
HSPW,hr3630-114
HSIF,hr6142-114
HSVR,hr915-114
HSED,hr3588-114
HSWM,hr3588-114
HSJU,hr6052-114
HSED,hr1378-114
HSIF,hr298-114
HSBA,hr1975-114
HSPW,hr830-114
HSGO,hr1477-114
HSJU,hr5141-114
HSIF,hr5967-114
SSBK,hr1839-114
HSBA,hr1839-114
HSJU,hr4597-114
SSEG,hr4416-114
HSIF,hr4416-114
HSIF,hr6128-114
HSIF,hr2869-114
HSIF,hr2730-114
HSED,hr2149-114
HSED,hr1000-114
HSWM,hr1000-114
SSCM,hr1561-114
HSSY,hr1561-114
HSJU,hr2173-114
HSBU,hr4730-114
HSAP,hr4730-114
HSRU,hr4730-114
HSGO,hr4730-114
HSBA,hr4855-114
HSJU,hr3011-114
HSIF,hr3659-114
HSWM,hr3659-114
HSWM,hr1256-114
HSIF,hr5092-114
SSGA,hr2395-114
HSGO,hr2395-114
HSBA,hr4718-114
HSFA,hr3706-114
HSPW,hr2595-114
HSBA,hr1261-114
HSVR,hr2344-114
HSIF,hr588-114
HSWM,hr588-114
HSPW,hr4917-114
HSAS,hr1666-114
HSGO,hr1666-114
HSJU,hr4900-114
HSII,hr4900-114
HSED,hr4900-114
HSIF,hr6013-114
HSED,hr1447-114
HSFA,hr3766-114
HSIF,hr2253-114
HSBA,hr1354-114
HSGO,hr5709-114
HSAS,hr3761-114
HSWM,hr3761-114
HSIF,hr6212-114
HSII,hr2630-114
HSWM,hr4891-114
HSIF,hr2888-114
HSBA,hr2888-114
HSFA,hr5579-114
HSWM,hr4315-114
HSIF,hr4315-114
HSJU,hr4315-114
HSJU,hr5825-114
HSIF,hr478-114
HSVR,hr2054-114
HSWM,hr2164-114
HSIF,hr3821-114
HSJU,hr1258-114
HSAG,hr1258-114
HSWM,hr1417-114
HSII,hr1138-114
HSIF,hr4275-114
HSWM,hr4275-114
HSED,hr2300-114
HSII,hr2300-114
HSWM,hr2300-114
HSJU,hr2300-114
HSIF,hr2300-114
HSGO,hr2300-114
HSAP,hr2300-114
HSRU,hr2300-114
HSHA,hr2300-114
HSBA,hr347-114
HSIF,hr4517-114
HSJU,hr4754-114
HSBA,hr5143-114
HSFA,hr2368-114
HSJU,hr2368-114
HSIF,hr3250-114
HSAS,hr5351-114
HSJU,hr4809-114
HSED,hr2721-114
HSAG,hr2721-114
HSWM,hr2721-114
HSPW,hr2721-114
HSJU,hr2721-114
HSGO,hr2721-114
HSBU,hr2721-114
HSRU,hr2721-114
HSBA,hr2721-114
HSHA,hr2721-114
HSPW,hr1093-114
HSSY,hr4811-114
HSII,hr4811-114
HSHM,hr43-114
HSJU,hr43-114
HSJU,hr4847-114
HSWM,hr4847-114
HSED,hr4847-114
HSFA,hr6208-114
HSJU,hr3918-114
HSWM,hr3918-114
HSGO,hr258-114
HSWM,hr1726-114
HSIF,hr1726-114
HSWM,hr5164-114
HSIF,hr5164-114
HSIF,hr4037-114
HSIF,hr3731-114
HSII,hr2345-114
SLIA,hr487-114
HSII,hr487-114
SSCM,hr749-114
HSPW,hr749-114
HSJU,hr5130-114
HSWM,hr680-114
HSJU,hr1254-114
HSJU,hr2233-114
HLIG,hr2233-114
HSIF,hr3294-114
HSBA,hr2287-114
HSWM,hr4868-114
HSIF,hr3713-114
HSJU,hr3713-114
SSVA,hr3471-114
HSVR,hr3471-114
HSJU,hr6239-114
HSED,hr6239-114
HSAG,hr2358-114
HSII,hr2358-114
HSWM,hr1551-114
HSED,hr2070-114
HSWM,hr2070-114
HSWM,hr822-114
HSIF,hr822-114
HSED,hr770-114
HSIF,hr3851-114
HSII,hr5303-114
HSPW,hr5303-114
HSIF,hr5111-114
HSJU,hr2246-114
HSBA,hr1486-114
HSJU,hr1470-114
HSWM,hr1470-114
HSIF,hr1470-114
HSJU,hr3765-114
HSSY,hr3266-114
HSIF,hr3266-114
HSVR,hr1843-114
HSED,hr953-114
HSJU,hr953-114
HSIF,hr953-114
HSIF,hr2614-114
HSWM,hr2614-114
HSGO,hr4668-114
HSED,hr860-114
HSJU,hr3151-114
HSWM,hr1013-114
HSII,hr1013-114
HSJU,hr1013-114
HSAG,hr1013-114
HSIF,hr1013-114
HSED,hr1639-114
HSVR,hr3422-114
HSII,hr3764-114
HSFA,hr3104-114
HSWM,hr3104-114
HSAS,hr2026-114
HSHM,hr5340-114
HSIF,hr3780-114
HSWM,hr3780-114
HSII,hr581-114
HSJU,hr1528-114
HSIF,hr3742-114
HSAS,hr955-114
HSFA,hr955-114
SSFI,hr1190-114
HSRU,hr1190-114
HSIF,hr1190-114
HSWM,hr1190-114
HSWM,hr5191-114
HSJU,hr4823-114
HSIF,hr225-114
HSFA,hr1579-114
HSVR,hr658-114
HSPW,hr4844-114
HSIF,hr5219-114
HSWM,hr214-114
HSBA,hr2354-114
HSWM,hr5799-114
SSGA,hr3438-114
HSJU,hr3438-114
SSCM,hr5312-114
HSSY,hr5312-114
HSHM,hr115-114
HSWM,hr2657-114
HSBA,hr4993-114
HSJU,hr5934-114
HSIF,hr5934-114
HSED,hr2508-114
HSFA,hr2847-114
HSJU,hr2942-114
HSIF,hr3021-114
HSPW,hr983-114
SSHR,hr1725-114
HSIF,hr1725-114
HSWM,hr3508-114
SSGA,hr1471-114
HSPW,hr1471-114
HSED,hr3500-114
HSWM,hr1260-114
HSHA,hr4842-114
HSED,hr5284-114
HSWM,hr5284-114
HSIF,hr5284-114
HSWM,hr5172-114
HSIF,hr1630-114
HSSY,hr3392-114
HSJU,hr2758-114
HSIF,hr1301-114
HSWM,hr2136-114
HSIF,hr243-114
HSED,hr4386-114
HSWM,hr4386-114
HSPW,hr1370-114
HSGO,hr4585-114
HSIF,hr4828-114
HSPW,hr1473-114
HSJU,hr5812-114
HSWM,hr4499-114
SSHR,hr647-114
HSIF,hr647-114
HSWM,hr343-114
HSJU,hr6072-114
HSSY,hr6072-114
HSHA,hr6072-114
HLIG,hr2569-114
HSAS,hr2569-114
HSHM,hr3313-114
HSGO,hr3313-114
HSVR,hr3423-114
HSED,hr3512-114
HSIF,hr5095-114
HSED,hr4808-114
HSJU,hr6087-114
HSHM,hr6087-114
HSWM,hr6492-114
HSHA,hr1563-114
HSGO,hr1563-114
HSSY,hr5779-114
HSHA,hr5779-114
HSWM,hr4555-114
HSIF,hr790-114
HSWM,hr1108-114
HSVR,hr1187-114
HSIF,hr2228-114
HSJU,hr47-114
HSWM,hr3251-114
HSIF,hr3251-114
HSED,hr3141-114
HSJU,hr6198-114
HSED,hr3408-114
HSIF,hr3658-114
HSWM,hr3080-114
HSVR,hr4252-114
HSSY,hr4865-114
HSHM,hr4865-114
HSIF,hr4865-114
HSWM,hr4865-114
SSAF,hr1214-114
HSAG,hr1214-114
HSII,hr1214-114
HSPW,hr3149-114
HSHM,hr5253-114
HSJU,hr5253-114
SSEG,hr874-114
HSSY,hr874-114
HSWM,hr1716-114
HSWM,hr3934-114
HSED,hr3947-114
HSBA,hr3947-114
HSVR,hr4591-114
HSAS,hr5286-114
HSVR,hr5286-114
HSWM,hr3037-114
HSVR,hr2496-114
HSED,hr823-114
SSHR,hr4641-114
HSIF,hr4641-114
HSIF,hr5236-114
HSJU,hr1272-114
HSIF,hr3681-114
HSJU,hr2761-114
HSGO,hr2044-114
HSWM,hr3081-114
HSIF,hr3081-114
HSJU,hr3326-114
SSVA,hr280-114
HSGO,hr280-114
HSVR,hr280-114
SSCM,hr710-114
SSGA,hr710-114
HSHM,hr710-114
HSWM,hr5240-114
HSWM,hr1185-114
HSJU,hr445-114
SSGA,hr3583-114
HSIF,hr3583-114
HSPW,hr3583-114
HSHM,hr3583-114
SSJU,hr3279-114
HSJU,hr3279-114
HSED,hr987-114
HSII,hr963-114
HSPW,hr963-114
HSJU,hr112-114
HSFA,hr1039-114
HSJU,hr920-114
HSIF,hr920-114
HSED,hr2887-114
HSAS,hr6416-114
HSBU,hr6416-114
HSVR,hr6416-114
HSVR,hr517-114
HSWM,hr254-114
HSWM,hr4581-114
SSFI,hr5613-114
HSWM,hr5613-114
HSIF,hr5613-114
HSED,hr2764-114
HSED,hr3862-114
HSWM,hr683-114
HSPW,hr844-114
SSAP,hr2028-114
HSAP,hr2028-114
HSBA,hr1683-114
HSSY,hr2111-114
HSAG,hr2111-114
HSIF,hr2111-114
HSPW,hr2111-114
HSGO,hr6037-114
HSFA,hr6037-114
HSJU,hr3314-114
HSII,hr2811-114
HSHM,hr2552-114
HSED,hr3690-114
HSHM,hr5843-114
HSJU,hr604-114
SSFI,hr2507-114
HSIF,hr2507-114
HSWM,hr2507-114
HSWM,hr2083-114
HSIF,hr2083-114
SSEG,hr496-114
HSII,hr496-114
HSVR,hr2114-114
HSIF,hr2114-114
HSFA,hr2114-114
HSJU,hr4197-114
HSED,hr2152-114
HSIF,hr4409-114
HSED,hr1215-114
HSJU,hr1556-114
HSJU,hr1791-114
HSIF,hr2841-114
HSBA,hr5069-114
SSVA,hr3106-114
HSVR,hr3106-114
HSJU,hr3370-114
HSRU,hr3370-114
HSED,hr3370-114
HSWM,hr735-114
HSIF,hr735-114
HSAG,hr735-114
HSGO,hr735-114
HSJU,hr735-114
HSBA,hr735-114
HSFA,hr735-114
HSIF,hr2756-114
HSWM,hr2756-114
HSED,hr2756-114
HSJU,hr6234-114
HSSY,hr5466-114
HSAS,hr5466-114
HSPW,hr573-114
HSVR,hr4144-114
HSPW,hr4144-114
HSWM,hr4144-114
HSIF,hr3268-114
HSED,hr5503-114
HSPW,hr1939-114
HSWM,hr4220-114
HSWM,hr3308-114
HSIF,hr3308-114
HSJU,hr6130-114
HSVR,hr3419-114
HSWM,hr3160-114
HSVR,hr3970-114
HSWM,hr2821-114
HSPW,hr625-114
HSRU,hr625-114
HSWM,hr625-114
HSVR,hr182-114
HSED,hr3472-114
HSWM,hr3377-114
SSJU,hr1927-114
HSJU,hr1927-114
SSBK,hr2643-114
HSJU,hr2643-114
HSBA,hr2643-114
HSBA,hr1491-114
HSPW,hr5831-114
HSGO,hr4164-114
HSSY,hr2000-114
HSJU,hr510-114
HSII,hr6475-114
HSWM,hr3431-114
HSAS,hr2742-114
HSII,hr2097-114
HSJU,hr5881-114
HSII,hr884-114
HSVR,hr1532-114
HSGO,hr2255-114
HSBA,hr5474-114
HSFA,hr5474-114
HSGO,hr2320-114
HSVR,hr6230-114
HSWM,hr6230-114
HSPW,hr6230-114
HSIF,hr1499-114
HSJU,hr6327-114
HSSM,hr6327-114
HSPW,hr1692-114
HSPW,hr3614-114
HSSY,hr3614-114
HSWM,hr3614-114
HSIF,hr5845-114
HSWM,hr5845-114
HSJU,hr131-114
HSAS,hr3239-114
HSBA,hr5202-114
HSII,hr2085-114
HSIF,hr5405-114
HSIF,hr5068-114
HSAP,hr2685-114
SSJU,hr5052-114
HSIF,hr5052-114
HSJU,hr5052-114
HSED,hr5165-114
HSHA,hr5165-114
HSGO,hr5165-114
HSVR,hr5047-114
HSHM,hr5905-114
HSIF,hr1638-114
HSII,hr974-114
HSJU,hr3518-114
HSJU,hr4748-114
HSWM,hr2658-114
HSED,hr3060-114
HSJU,hr426-114
HSIF,hr4153-114
HSED,hr3502-114
HSSY,hr4945-114
HSAS,hr4945-114
HSWM,hr4945-114
HSIF,hr4945-114
HSPW,hr4945-114
HSFA,hr4945-114
HSRU,hr4945-114
HLIG,hr4945-114
HSVR,hr2522-114
HSJU,hr4962-114
HSED,hr550-114
HSWM,hr5256-114
HSAG,hr5256-114
HSJU,hr5256-114
HSHM,hr5256-114
HSJU,hr824-114
HSWM,hr1686-114
HSIF,hr1686-114
HSSY,hr2687-114
HSGO,hr316-114
HSED,hr4266-114
HSWM,hr4266-114
HSIF,hr4266-114
HSJU,hr2087-114
HSED,hr3204-114
HSJU,hr2470-114
HSGO,hr1024-114
HSWM,hr2513-114
HSIF,hr2513-114
HSBA,hr4854-114
HSVR,hr421-114
HSII,hr2369-114
HSIF,hr2369-114
HSFA,hr2369-114
HSWM,hr1901-114
SSEV,hr1734-114
HSIF,hr1734-114
HSPW,hr6451-114
HSGO,hr6451-114
HSWM,hr2619-114
HSIF,hr4998-114
HSWM,hr1595-114
HSAS,hr1227-114
HSVR,hr1227-114
HSBA,hr2769-114
HSED,hr3532-114
HSED,hr4583-114
SSEG,hr4583-114
HSIF,hr4583-114
HSJU,hr4319-114
HSWM,hr3975-114
HSPW,hr6182-114
HSIF,hr4819-114
HSWM,hr4819-114
HSWM,hr2366-114
HSIF,hr2366-114
HSJU,hr2805-114
HSIF,hr2805-114
HSJU,hr4143-114
HSFA,hr4143-114
SSBK,hr601-114
HSBA,hr601-114
HSIF,hr3103-114
HSWM,hr3552-114
HSIF,hr5630-114
HSWM,hr5754-114
HSPW,hr594-114
SSGA,hr891-114
HSGO,hr891-114
HSWM,hr6109-114
HSPW,hr6109-114
HSIF,hr6109-114
HSGO,hr1837-114
HSII,hr2316-114
HSAG,hr2316-114
HSJU,hr4603-114
HSIF,hr2853-114
HSWM,hr289-114
HSIF,hr289-114
HSVR,hr2981-114
HSWM,hr3298-114
HSIF,hr3298-114
HSSY,hr3996-114
HSII,hr3996-114
HSWM,hr3996-114
HSIF,hr3996-114
HSPW,hr3996-114
HSPW,hr3585-114
HSSY,hr3585-114
HSBA,hr5808-114
HSWM,hr694-114
HSVR,hr3491-114
HSWM,hr3039-114
HSGO,hr3039-114
HSBA,hr3039-114
HSFA,hr3039-114
HSIF,hr5093-114
HSWM,hr4518-114
HSSM,hr3191-114
HSPW,hr3651-114
HSAP,hr3020-114
SSAP,hr3020-114
HSVR,hr1379-114
HSPW,hr5964-114
HSIF,hr4169-114
HSJU,hr4364-114
HSWM,hr4363-114
HSGO,hr1760-114
HSVR,hr643-114
HSIF,hr2198-114
HSPW,hr2198-114
HSWM,hr4094-114
SSEG,hr5244-114
HSII,hr5244-114
HSJU,hr2063-114
HSWM,hr2063-114
HSIF,hr2850-114
HSIF,hr2423-114
HSII,hr5718-114
HSJU,hr3813-114
HSIF,hr3012-114
HSJU,hr2825-114
HSHM,hr2825-114
HSJU,hr1759-114
HSGO,hr1759-114
HSVR,hr218-114
HSED,hr2962-114
SSGA,hr1633-114
HSHM,hr1633-114
HSED,hr2521-114
SSAF,hr2088-114
HSAG,hr2088-114
HSJU,hr6501-114
HSWM,hr6501-114
HSIF,hr6501-114
HSIF,hr1631-114
HSJU,hr2380-114
HSJU,hr5024-114
HSIF,hr5024-114
HSIF,hr4227-114
HSWM,hr4227-114
HSIF,hr2042-114
HSED,hr3944-114
HSJU,hr1148-114
HSHM,hr1148-114
HSWM,hr3390-114
HSBA,hr4850-114
HSWM,hr4236-114
HSVR,hr2941-114
HSED,hr4101-114
HSWM,hr3288-114
HSIF,hr5115-114
SSGA,hr3116-114
HSGO,hr3116-114
HSII,hr912-114
HSPW,hr912-114
HSIF,hr912-114
HSII,hr3303-114
HSIF,hr3303-114
HSPW,hr3303-114
HSBA,hr3303-114
HSIF,hr2249-114
HSED,hr840-114
HSIF,hr4000-114
HSED,hr3008-114
HSWM,hr255-114
HSPW,hr3739-114
HSWM,hr4655-114
HSPW,hr3382-114
HSAG,hr3382-114
HSII,hr3382-114
HSAS,hr2191-114
HSIF,hr2191-114
HSGO,hr2191-114
HSJU,hr3158-114
HSWM,hr4723-114
SSVA,hr1338-114
HSVR,hr1338-114
SSEG,hr2880-114
HSII,hr2880-114
HSIF,hr212-114
HSAS,hr2053-114
HSIF,hr5573-114
HSIF,hr89-114
HSAS,hr1465-114
HSFA,hr1593-114
HSWM,hr2802-114
HSGO,hr2802-114
HSII,hr3650-114
HSAG,hr3650-114
HSED,hr1655-114
HSIF,hr1469-114
HSPW,hr4667-114
HSBU,hr4667-114
HSVR,hr3335-114
HSBA,hr5282-114
HSJU,hr5757-114
HSBA,hr3794-114
HSWM,hr3255-114
HSED,hr5543-114
HSIF,hr5543-114
HSJU,hr2536-114
HSIF,hr2536-114
HSSM,hr3132-114
HSIF,hr1420-114
HSWM,hr1439-114
HSII,hr2697-114
HSWM,hr5364-114
HSJU,hr889-114
HSBA,hr3545-114
HSWM,hr3545-114
HSED,hr4223-114
HSII,hr2346-114
HSFA,hr1205-114
HSII,hr1900-114
HSJU,hr4609-114
SSCM,hr3878-114
HSPW,hr3878-114
HSHM,hr3878-114
HSWM,hr2359-114
HSJU,hr6110-114
HSAS,hr1425-114
HSED,hr4054-114
HSVR,hr4054-114
HSAS,hr4054-114
HSJU,hr2828-114
HSED,hr2384-114
HSFA,hr1175-114
HSIF,hr1175-114
HSED,hr5201-114
HSIF,hr1687-114
HSWM,hr1687-114
HSPW,hr4675-114
HSPW,hr365-114
HSIF,hr2544-114
HSIF,hr1293-114
HSED,hr3886-114
HSJU,hr236-114
HSJU,hr5646-114
HSWM,hr4377-114
HSWM,hr6228-114
HSRU,hr282-114
HSBU,hr282-114
HSII,hr904-114
HSII,hr4576-114
HSJU,hr707-114
HSJU,hr2667-114
HSJU,hr1669-114
HSAS,hr2326-114
HSJU,hr2326-114
HSHM,hr2326-114
HSJU,hr5006-114
HSGO,hr1885-114
HSGO,hr5199-114
HSWM,hr1813-114
HSGO,hr4180-114
HSWM,hr2515-114
HSED,hr2515-114
HSIF,hr2515-114
HSIF,hr4299-114
HSBU,hr4888-114
HSBA,hr4888-114
HSJU,hr3802-114
HSSM,hr1444-114
HSII,hr6038-114
HSVR,hr6038-114
HSED,hr5918-114
HSWM,hr4068-114
HSBA,hr1176-114
HSWM,hr3267-114
HSII,hr4024-114
HSBA,hr2648-114
HSGO,hr2648-114
HSED,hr1042-114
HSJU,hr4663-114
HSHA,hr4663-114
HSGO,hr4663-114
HSHA,hr4702-114
HSII,hr2538-114
HSII,hr845-114
HSAG,hr845-114
HSJU,hr2867-114
HSJU,hr3515-114
HSJU,hr36-114
HSAP,hr5394-114
HSWM,hr5004-114
SSHR,hr4981-114
HSJU,hr4981-114
HSIF,hr4981-114
HSII,hr2387-114
HSED,hr4028-114
HSII,hr70-114
HSSY,hr70-114
HSPW,hr70-114
HSIF,hr3215-114
HSIF,hr2425-114
HSAS,hr479-114
HSBA,hr5835-114
HSVR,hr220-114
HSIF,hr1517-114
HSWM,hr5122-114
HSIF,hr5122-114
HSBA,hr3226-114
SSGA,hr4360-114
HSGO,hr4360-114
SSGA,hr3869-114
HSHM,hr3869-114
HSBA,hr4210-114
HSWM,hr4283-114
HSII,hr5433-114
HSED,hr4955-114
HSBU,hr4955-114
HSII,hr1135-114
HSPW,hr1135-114
HSWM,hr2512-114
HSWM,hr1527-114
HSFA,hr5735-114
HSIF,hr1117-114
HSIF,hr1007-114
HSPW,hr2616-114
HSBA,hr2616-114
HSRU,hr4923-114
HSWM,hr4923-114
HSJU,hr396-114
HSJU,hr5615-114
HSSY,hr591-114
SSEG,hr4084-114
HSSY,hr4084-114
HSAS,hr1621-114
HSII,hr1621-114
HSED,hr4390-114
HSIF,hr4569-114
HSPW,hr230-114
HSHA,hr5488-114
SSHR,hr4586-114
HSIF,hr4586-114
HSBA,hr5521-114
HSJU,hr1186-114
HSIF,hr1186-114
HSIF,hr2479-114
HSED,hr2004-114
SSEG,hr4444-114
HSIF,hr4444-114
HSBA,hr3048-114
HSII,hr6529-114
HSED,hr769-114
HSWM,hr769-114
HSGO,hr1873-114
HSHA,hr1873-114
HSWM,hr973-114
HSJU,hr3799-114
HSWM,hr3799-114
HSPW,hr853-114
HSWM,hr1083-114
HSIF,hr1083-114
HSII,hr2900-114
HSJU,hr3962-114
HSED,hr4680-114
HSAG,hr4680-114
HSII,hr4680-114
HSAS,hr1500-114
SSBK,hr5607-114
HLIG,hr5607-114
HSAS,hr5607-114
HSWM,hr5607-114
HSFA,hr5607-114
HSBA,hr5607-114
HSIF,hr3718-114
HSWM,hr3718-114
HSWM,hr2940-114
HSJU,hr3504-114
HSVR,hr4689-114
HSPW,hr935-114
HSWM,hr935-114
HSWM,hr2509-114
HSWM,hr905-114
HSWM,hr1109-114
HSAS,hr4200-114
SSFR,hr5119-114
HSFA,hr5119-114
HSED,hr1310-114
HSJU,hr1310-114
HSWM,hr2688-114
HSED,hr2082-114
HSWM,hr2082-114
HSVR,hr3374-114
HSIF,hr1468-114
HSFA,hr1468-114
HSII,hr6075-114
HSJU,hr4824-114
HSED,hr1088-114
HSWM,hr1088-114
HSIF,hr1088-114
SSEG,hr1937-114
HSJU,hr1937-114
HSII,hr1937-114
HSED,hr645-114
HSAS,hr1349-114
HSFA,hr1349-114
HSED,hr5699-114
HSED,hr1435-114
SSHR,hr398-114
HSIF,hr398-114
HSHM,hr85-114
HSVR,hr475-114
HSIF,hr691-114
HSFA,hr2586-114
HSJU,hr1674-114
SSFI,hr5452-114
HSWM,hr5452-114
HSJU,hr865-114
HSIF,hr865-114
HSVR,hr832-114
HSWM,hr6265-114
HSIF,hr6265-114
HSVR,hr593-114
SSCM,hr3144-114
HSHM,hr3144-114
HSBU,hr2510-114
HSWM,hr2510-114
HSWM,hr788-114
HSJU,hr503-114
HSFA,hr503-114
HSIF,hr5180-114
HSED,hr1399-114
HSBA,hr414-114
HSFA,hr5135-114
HSFA,hr2100-114
HSII,hr1207-114
HSJU,hr6175-114
HSJU,hr86-114
HSBA,hr516-114
HSJU,hr3858-114
HSIF,hr1570-114
HSWM,hr2504-114
HSIF,hr3513-114
HSWM,hr3513-114
HSJU,hr3513-114
HSHA,hr363-114
HSBA,hr363-114
HSED,hr6490-114
HSGO,hr6490-114
HSSY,hr6490-114
HSPW,hr1461-114
HSWM,hr1461-114
HSJU,hr1940-114
HSIF,hr1940-114
HSWM,hr5007-114
SSFR,hr4481-114
HSFA,hr4481-114
HSWM,hr3110-114
HSBA,hr6436-114
SSVA,hr2814-114
HSVR,hr2814-114
SSFR,hr1156-114
HSSY,hr1156-114
HSJU,hr2848-114
SSHR,hr4969-114
HSIF,hr4969-114
HSWM,hr2066-114
HSIF,hr2066-114
HSJU,hr1584-114
HSVR,hr2935-114
HSWM,hr5374-114
HSWM,hr2117-114
HSWM,hr1752-114
HSED,hr939-114
HSIF,hr1416-114
HSWM,hr1416-114
HSBU,hr1416-114
HSWM,hr3086-114
HSED,hr2194-114
HSIF,hr2194-114
HSAS,hr2282-114
HSVR,hr2282-114
HSED,hr988-114
HSWM,hr988-114
HSJU,hr988-114
HSIF,hr988-114
HSIF,hr4732-114
HSWM,hr4732-114
HSAS,hr2662-114
HSIF,hr4769-114
HSJU,hr6070-114
HSII,hr2269-114
HSAG,hr2269-114
HSAG,hr5883-114
HSJU,hr6297-114
HSGO,hr6297-114
HSWM,hr6297-114
HSBA,hr6297-114
HSFA,hr6297-114
HSII,hr3462-114
HSPW,hr3462-114
SSBK,hr1480-114
HSBA,hr1480-114
HSBA,hr4099-114
HSIF,hr4111-114
HSIF,hr2858-114
HSJU,hr3025-114
HSJU,hr579-114
HSGO,hr579-114
HSIF,hr1411-114
HSFA,hr3199-114
HSVR,hr6277-114
HSWM,hr771-114
HSIF,hr771-114
HSWM,hr750-114
HSBA,hr6488-114
HSIF,hr789-114
HSHM,hr2534-114
HSJU,hr1316-114
HSVR,hr1316-114
HSPW,hr1546-114
SSBK,hr3189-114
HSGO,hr3189-114
HSBA,hr3189-114
HSJU,hr1057-114
HSVR,hr4837-114
HSJU,hr6382-114
HSBA,hr1263-114
HSWM,hr1130-114
HSIF,hr1130-114
SSCM,hr3998-114
HSPW,hr3998-114
HSIF,hr3998-114
HSED,hr5342-114
HSWM,hr5342-114
HSWM,hr1314-114
HSHM,hr992-114
HSVR,hr992-114
HSJU,hr540-114
HSIF,hr540-114
HSBA,hr540-114
HSWM,hr540-114
HSVR,hr1414-114
HSAP,hr5054-114
SSAP,hr5054-114
HSWM,hr2628-114
HSWM,hr3018-114
HSIF,hr3018-114
HSWM,hr2265-114
HSWM,hr4614-114
HSIF,hr4614-114
HSSM,hr4340-114
SSFI,hr3209-114
HSWM,hr3209-114
HSIF,hr4669-114
SSGA,hr1155-114
HSJU,hr1155-114
HSGO,hr1155-114
HSBA,hr3725-114
HSVR,hr5734-114
HSED,hr1848-114
HSPW,hr1645-114
HSJU,hr3602-114
HSIF,hr3602-114
HSPW,hr3602-114
HSFA,hr3741-114
SSBK,hr4498-114
HSBA,hr4498-114
HSIF,hr6254-114
HSIF,hr6157-114
SSBK,hr2121-114
HSBA,hr2121-114
HSBA,hr3317-114
HSED,hr3721-114
HSWM,hr2156-114
HSIF,hr2156-114
HSWM,hr3292-114
HSPW,hr4005-114
HSJU,hr526-114
HSIF,hr3405-114
HSAP,hr3405-114
HSED,hr501-114
HSJU,hr501-114
HSGO,hr6302-114
HSVR,hr2622-114
HSWM,hr975-114
SSFI,hr2285-114
HSJU,hr2285-114
HSWM,hr2285-114
HSHM,hr2285-114
HSWM,hr2799-114
HSIF,hr2799-114
HSBU,hr640-114
HSWM,hr640-114
HSIF,hr3520-114
HSVR,hr288-114
HSWM,hr117-114
HSWM,hr5667-114
HSIF,hr5667-114
HSWM,hr2238-114
HSPW,hr4203-114
HSBA,hr5413-114
HSED,hr1677-114
HSED,hr927-114
HSJU,hr1488-114
HSWM,hr711-114
HSGO,hr6186-114
HSJU,hr5401-114
HSWM,hr5401-114
HSBA,hr5401-114
HSWM,hr1758-114
SSEG,hr4979-114
HSSY,hr4979-114
HSIF,hr4979-114
HSBA,hr1529-114
HSWM,hr30-114
SSFI,hr30-114
HSBU,hr30-114
HSFA,hr6176-114
HSIF,hr3831-114
HSWM,hr3831-114
HSFA,hr2020-114
HSJU,hr2020-114
HSII,hr1651-114
HSII,hr3448-114
HSPW,hr1763-114
HSRU,hr560-114
HSFA,hr560-114
HSIF,hr5182-114
HSAG,hr4673-114
HSII,hr4673-114
HSIF,hr221-114
HSVR,hr1096-114
HSED,hr130-114
HSGO,hr3245-114
HSJU,hr449-114
HSVR,hr4341-114
HSGO,hr4341-114
HSAS,hr4341-114
HSSM,hr4341-114
HSPW,hr1846-114
HSRU,hr1846-114
HSWM,hr1846-114
HSII,hr5402-114
HSJU,hr4038-114
HSVR,hr926-114
HSJU,hr684-114
HSAS,hr1095-114
HSPW,hr1472-114
HSJU,hr296-114
HSBU,hr427-114
HSRU,hr427-114
HSJU,hr427-114
HSED,hr1061-114
HSII,hr156-114
HSFA,hr156-114
HSIF,hr156-114
HSRU,hr156-114
HSGO,hr5819-114
HSHA,hr5819-114
HSED,hr4235-114
HSBA,hr4235-114
HSAS,hr124-114
SSFI,hr529-114
HSWM,hr529-114
HSII,hr184-114
HSIF,hr5329-114
HSBA,hr113-114
HSAG,hr4967-114
HSED,hr5310-114
HSGO,hr183-114
HSJU,hr4269-114
SSVA,hr1382-114
HSVR,hr1382-114
HSJU,hr2775-114
SSGA,hr313-114
HSGO,hr313-114
HSPW,hr3876-114
HSED,hr5805-114
HSWM,hr5805-114
SSGA,hr5388-114
HSHM,hr5388-114
HSJU,hr1918-114
HSWM,hr5350-114
HSIF,hr5923-114
HSIF,hr4076-114
HSWM,hr2818-114
HSJU,hr6113-114
HSJU,hr1740-114
HSED,hr1932-114
HSBA,hr5606-114
HSWM,hr5045-114
HSIF,hr5045-114
HSAS,hr4134-114
HSVR,hr4134-114
HSBA,hr5085-114
HSAP,hr3628-114
HSWM,hr2488-114
HSIF,hr2488-114
HSII,hr5778-114
SSFR,hr2241-114
HSFA,hr2241-114
HSJU,hr5081-114
HSWM,hr721-114
HSRU,hr2826-114
HSGO,hr2826-114
HSBA,hr1133-114
HSIF,hr5802-114
HSWM,hr5802-114
HSWM,hr210-114
HSHA,hr5299-114
HSBA,hr5299-114
HSIF,hr909-114
SSHR,hr6-114
HSWM,hr6-114
HSIF,hr6-114
HSED,hr1287-114
HSII,hr812-114
SSVA,hr1607-114
HSVR,hr1607-114
HSIF,hr4784-114
HSBU,hr278-114
HSAP,hr278-114
HSJU,hr2109-114
HSII,hr2109-114
HSWM,hr2878-114
HSIF,hr2878-114
HSIF,hr1807-114
HSSY,hr5795-114
HSJU,hr5795-114
HSBA,hr6298-114
HSFA,hr6298-114
HSED,hr5535-114
HSHA,hr5535-114
HSGO,hr5535-114
HSRU,hr5306-114
HSGO,hr5306-114
HSJU,hr5306-114
SSHR,hr2017-114
HSIF,hr2017-114
HSED,hr73-114
HSII,hr1589-114
HSGO,hr1585-114
HSHA,hr1585-114
HSRU,hr27-114
HSWM,hr27-114
HSIF,hr5001-114
HSWM,hr5001-114
HSFA,hr2037-114
HSAG,hr3304-114
HSWM,hr3304-114
HSIF,hr3304-114
HSJU,hr2267-114
HSAS,hr1055-114
HSWM,hr1055-114
HSII,hr1055-114
HSJU,hr1055-114
HSVR,hr1055-114
HSIF,hr1055-114
HSPW,hr1405-114
HSED,hr3932-114
HSPW,hr3932-114
HSSY,hr2553-114
HSIF,hr5098-114
HSFA,hr4297-114
HSWM,hr4297-114
HSII,hr1772-114
HSPW,hr1772-114
HSJU,hr2259-114
SSFI,hr4978-114
HSIF,hr4978-114
HSGO,hr901-114
SSCM,hr1806-114
HSSY,hr1806-114
HSED,hr1806-114
HSGO,hr1806-114
SSGA,hr4590-114
HSVR,hr4590-114
HSJU,hr4009-114
HSIF,hr4516-114
HSJU,hr4173-114
HSBA,hr3697-114
HSJU,hr5102-114
HSII,hr3477-114
HSIF,hr3477-114
HSHA,hr3477-114
HSWM,hr641-114
HSHM,hr3606-114
HSJU,hr3606-114
HSAP,hr3606-114
HSFA,hr3606-114
HSIF,hr1786-114
HSJU,hr1786-114
HSBU,hr1786-114
HSAS,hr3850-114
HSVR,hr3850-114
HSGO,hr3850-114
HSBA,hr3850-114
HSII,hr4566-114
HSJU,hr1566-114
HSGO,hr1566-114
HSII,hr2749-114
HSWM,hr3397-114
HSIF,hr1312-114
HSJU,hr1635-114
HSIF,hr1635-114
HSHA,hr671-114
HSBA,hr671-114
HSAG,hr1942-114
HSIF,hr1942-114
HSBA,hr5715-114
HSAS,hr3138-114
HSAS,hr6147-114
HSVR,hr6147-114
HSSY,hr6147-114
HSWM,hr329-114
HSED,hr329-114
HSII,hr329-114
HSHA,hr5876-114
HSGO,hr5876-114
HSIF,hr3299-114
HSGO,hr4083-114
HSGO,hr784-114
HSII,hr1826-114
HSWM,hr2972-114
HSIF,hr2972-114
HSGO,hr2972-114
SSJU,hr758-114
HSJU,hr758-114
HSPW,hr3398-114
HSWM,hr270-114
HSIF,hr270-114
HSVR,hr2706-114
HSJU,hr2631-114
HSIF,hr2612-114
HSIF,hr756-114
HSPW,hr5177-114
HSPW,hr4468-114
HSIF,hr4468-114
HSWM,hr4468-114
HSED,hr4763-114
HSWM,hr6276-114
HSJU,hr2939-114
HSHM,hr2899-114
HSIF,hr3729-114
HSPW,hr661-114
HSBA,hr661-114
HSWM,hr1343-114
HSVR,hr1628-114
HSIF,hr2092-114
HSED,hr2092-114
HSWM,hr499-114
HSPW,hr3129-114
HSWM,hr2704-114
HSIF,hr2704-114
HSII,hr996-114
HSWM,hr2973-114
HSAG,hr1991-114
HSII,hr1991-114
HSWM,hr256-114
HSJU,hr3451-114
HSWM,hr1250-114
HSIF,hr1250-114
HSIF,hr2080-114
HSWM,hr1105-114
HSWM,hr1800-114
HSWM,hr3430-114
HSVR,hr2551-114
HSII,hr3560-114
HSAS,hr1292-114
HSED,hr3087-114
HSBA,hr3087-114
HSII,hr2295-114
HSAG,hr3710-114
HSED,hr5965-114
SLIN,hr2596-114
HSBU,hr2596-114
HLIG,hr2596-114
HSIF,hr1988-114
HSSY,hr6161-114
HSBU,hr6161-114
HSED,hr6161-114
HSAS,hr2493-114
HSVR,hr2493-114
HSJU,hr6293-114
HSGO,hr6293-114
HSHA,hr6293-114
HSED,hr6293-114
HSVR,hr4782-114
HSAS,hr2055-114
HSJU,hr5809-114
SSAS,hr3894-114
HSAS,hr3894-114
SSBK,hr5019-114
HSBA,hr5019-114
SSVA,hr91-114
HSVR,hr91-114
SSJU,hr5578-114
HSIF,hr5578-114
HSWM,hr1784-114
SSCM,hr2843-114
HSHM,hr2843-114
HSHM,hr5390-114
HSPW,hr5390-114
HSGO,hr5390-114
HSIF,hr5390-114
HSJU,hr5101-114
HSED,hr2407-114
HSIF,hr4059-114
HSWM,hr4059-114
HSBA,hr3611-114
HSJU,hr4613-114
HSWM,hr3781-114
HSAS,hr2893-114
HSED,hr3180-114
HSJU,hr3406-114
HSBA,hr1188-114
HSBU,hr3660-114
HSSY,hr3458-114
HSPW,hr3458-114
HSII,hr1406-114
HSED,hr3386-114
HSJU,hr6133-114
HSED,hr2217-114
HSJU,hr66-114
HLIG,hr66-114
HSJU,hr4536-114
HSVR,hr6272-114
HSPW,hr5225-114
HSWM,hr4104-114
HSGO,hr2615-114
HSJU,hr213-114
HSPW,hr2006-114
HSIF,hr546-114
HSWM,hr1316-114
HSBA,hr3610-114
SSVA,hr4336-114
HSAS,hr4336-114
HSVR,hr4336-114
HSED,hr3241-114
HSAS,hr3241-114
HSWM,hr3241-114
HSIF,hr3241-114
HSGO,hr3241-114
HSWM,hr20-114
HSIF,hr20-114
HSHA,hr20-114
HSVR,hr4012-114
HSPW,hr4012-114
HSWM,hr4012-114
HSED,hr12-114
HSJU,hr12-114
HSVR,hr12-114
HSGO,hr12-114
HSSY,hr12-114
HSHA,hr12-114
HSWM,hr1665-114
HSED,hr2991-114
HSWM,hr2991-114
HSJU,hr1365-114
HSIF,hr2579-114
HSWM,hr2579-114
HSED,hr3535-114
HSED,hr1005-114
HSJU,hr3543-114
HSHM,hr3543-114
HSIF,hr3543-114
HSBA,hr3543-114
HSVR,hr748-114
HSWM,hr2511-114
HSWM,hr2442-114
HSIF,hr2641-114
HSWM,hr1221-114
HSIF,hr1221-114
HSVR,hr90-114
HSVR,hr245-114
SSCM,hr2127-114
HSHM,hr2127-114
SSFI,hr2146-114
HSWM,hr2146-114
HSJU,hr3830-114
HSIF,hr3830-114
HSWM,hr3830-114
HSWM,hr509-114
HSAG,hr5592-114
HSJU,hr5592-114
HSBA,hr5592-114
HSPW,hr3270-114
HSWM,hr1244-114
SSGA,hr4639-114
HSGO,hr4639-114
HSED,hr543-114
HSWM,hr543-114
HSIF,hr543-114
HSVR,hr3101-114
HSPW,hr5417-114
HSWM,hr5417-114
HSIF,hr4469-114
HSJU,hr4469-114
HSWM,hr4469-114
SSBK,hr2064-114
HSBA,hr2064-114
HSWM,hr1220-114
HSIF,hr1220-114
SSFR,hr4314-114
HSJU,hr4314-114
HSHM,hr4314-114
HSFA,hr4314-114
HSWM,hr2035-114
HSIF,hr2035-114
HSED,hr5850-114
HLIG,hr5850-114
HSAS,hr5850-114
HSBA,hr5850-114
HSJU,hr5850-114
HSFA,hr5850-114
HSED,hr937-114
HSSY,hr5247-114
HSII,hr5247-114
HSIF,hr5247-114
HSPW,hr5247-114
HSWM,hr4085-114
HSRU,hr120-114
HSFA,hr120-114
HSJU,hr40-114
SLIN,hr5077-114
HLIG,hr5077-114
HSBA,hr4592-114
HSWM,hr1145-114
HSJU,hr5578-114
HSPW,hr5075-114
HSIF,hr4861-114
HSWM,hr3095-114
SSCM,hr5639-114
HSSY,hr5639-114
HSAP,hr2943-114
HSAG,hr2943-114
HSIF,hr4544-114
HSWM,hr4563-114
HSED,hr1504-114
HSWM,hr6086-114
HSIF,hr3135-114
HSBA,hr3135-114
HSVR,hr627-114
HSBA,hr6251-114
HSIF,hr2339-114
SSEG,hr4119-114
HSII,hr4119-114
HSIF,hr5369-114
SSEV,hr3797-114
HSIF,hr3797-114
HSWM,hr5560-114
HSFA,hr5560-114
HSIF,hr5560-114
HSED,hr1179-114
HSWM,hr1179-114
HSII,hr2012-114
HSWM,hr1903-114
SSEG,hr3371-114
HSII,hr3371-114
HSJU,hr1933-114
HSGO,hr261-114
HLIG,hr261-114
HSPW,hr2074-114
HSPW,hr1393-114
HSSY,hr4393-114
HSIF,hr4393-114
HSVR,hr5059-114
HSJU,hr4657-114
HSII,hr4738-114
HSWM,hr6270-114
HSIF,hr5714-114
HSWM,hr5714-114
HSGO,hr5714-114
HSIF,hr3466-114
HSIF,hr2897-114
HSED,hr2202-114
HSWM,hr2202-114
HSIF,hr2373-114
HSHM,hr229-114
HSHM,hr5720-114
SSSB,hr616-114
HSJU,hr616-114
HSAS,hr2011-114
SSAP,hr2250-114
HSAP,hr2250-114
HSIF,hr3913-114
HSPW,hr3825-114
HSIF,hr224-114
HSBA,hr2600-114
HSWM,hr1983-114
HSBU,hr1983-114
SSCM,hr6014-114
HSPW,hr6014-114
HSAG,hr5215-114
SSBK,hr5602-114
HSBA,hr5602-114
HSWM,hr775-114
HSIF,hr775-114
HSJU,hr5961-114
HSFA,hr5961-114
HSWM,hr1001-114
HSJU,hr430-114
HSWM,hr430-114
HSHA,hr430-114
HSBA,hr1778-114
HSWM,hr1778-114
HSSY,hr3228-114
HSIF,hr3228-114
HSBU,hr5953-114
HSBA,hr5953-114
SSEV,hr1694-114
HSPW,hr1694-114
HSSM,hr1694-114
SSAF,hr2051-114
HSAG,hr2051-114
HSII,hr646-114
HSGO,hr3464-114
HSWM,hr4813-114
HSVR,hr3312-114
HSFA,hr785-114
HSGO,hr785-114
HSWM,hr785-114
HSWM,hr6428-114
HSIF,hr6428-114
HSIF,hr4475-114
HSIF,hr6333-114
HSWM,hr6333-114
HSJU,hr4550-114
HSED,hr3067-114
HSSM,hr3248-114
HSPW,hr1679-114
HSIF,hr521-114
HSII,hr521-114
HSBA,hr1098-114
HSWM,hr855-114
HSBA,hr4505-114
SSGA,hr460-114
HSJU,hr460-114
HSHM,hr460-114
HSPW,hr1448-114
SSGA,hr5233-114
HSGO,hr5233-114
HSED,hr3985-114
HSED,hr3316-114
HSAP,hr3316-114
HSAG,hr3316-114
HSAG,hr3120-114
HSBU,hr5527-114
HSRU,hr5527-114
HSBA,hr5527-114
HSJU,hr2955-114
HSJU,hr885-114
HSED,hr3421-114
HSHA,hr2049-114
HSII,hr1902-114
HSIF,hr2450-114
HSIF,hr1027-114
HSWM,hr1027-114
HSWM,hr2865-114
HSIF,hr6041-114
HSJU,hr825-114
HSBA,hr825-114
HSFA,hr825-114
HSWM,hr825-114
HSVR,hr359-114
HSIF,hr3641-114
HSII,hr5777-114
HSWM,hr5951-114
HSIF,hr5951-114
SSGA,hr1557-114
HSGO,hr1557-114
HSAS,hr4909-114
HSSM,hr5250-114
HSWM,hr253-114
HSII,hr5909-114
SSEG,hr8-114
HSFA,hr8-114
HSGO,hr8-114
HSED,hr8-114
HSSY,hr8-114
HSIF,hr8-114
SSAF,hr4570-114
HSAG,hr4570-114
HSJU,hr4399-114
SSGA,hr615-114
HSHM,hr615-114
HSJU,hr6252-114
HSED,hr6252-114
HSGO,hr6252-114
HSAP,hr39-114
HSJU,hr899-114
HSIF,hr3235-114
HSJU,hr5826-114
HSAS,hr2725-114
HSVR,hr2725-114
HSJU,hr2916-114
HSPW,hr79-114
HSHM,hr1731-114
HSWM,hr4650-114
HSVR,hr502-114
HSBU,hr502-114
HSWM,hr2866-114
HSIF,hr2866-114
HSGO,hr2866-114
HSAS,hr4395-114
HSBA,hr1925-114
SSBK,hr5461-114
HSFA,hr5461-114
HSBA,hr5461-114
HSAP,hr4974-114
HSWM,hr2752-114
HSII,hr695-114
HSAG,hr695-114
HSED,hr122-114
HSPW,hr2322-114
HSVR,hr2974-114
HSWM,hr5973-114
HSBA,hr4620-114
SSBK,hr4620-114
HSAG,hr1160-114
HSIF,hr1160-114
HSED,hr1833-114
HSJU,hr137-114
HLIG,hr137-114
HSAS,hr137-114
HSIF,hr1709-114
HSBA,hr1605-114
HSGO,hr722-114
HSJU,hr1454-114
HSJU,hr2216-114
HSED,hr3964-114
HSJU,hr3496-114
HSIF,hr3496-114
HSED,hr882-114
HSJU,hr5739-114
HSII,hr1668-114
HSED,hr4661-114
SSJU,hr3490-114
HSHM,hr3490-114
HSJU,hr3490-114
HSII,hr5358-114
HSPW,hr223-114
HSWM,hr1492-114
HSAG,hr6381-114
HSBA,hr6381-114
HSSY,hr6381-114
HSWM,hr6381-114
HSGO,hr6381-114
HSIF,hr6381-114
HSPW,hr6381-114
HSJU,hr6381-114
HSFA,hr6381-114
HSHM,hr6381-114
SSEG,hr3036-114
HSII,hr3036-114
HSPW,hr22-114
SSFI,hr22-114
HSWM,hr22-114
HSII,hr5984-114
SSCM,hr805-114
HSIF,hr805-114
HSWM,hr4832-114
HSWM,hr6439-114
HSIF,hr191-114
HSGO,hr191-114
HSWM,hr191-114
HSFA,hr191-114
HSJU,hr5692-114
HSVR,hr732-114
HSII,hr3-114
HSIF,hr3-114
HSPW,hr3-114
HSJU,hr816-114
HSED,hr3841-114
HSJU,hr3841-114
HSWM,hr3841-114
HSBA,hr3841-114
HSED,hr2656-114
HSWM,hr2656-114
HSED,hr3786-114
HSBA,hr3786-114
HSIF,hr5746-114
HSED,hr4013-114
HSGO,hr4013-114
HSII,hr4739-114
SSGA,hr6004-114
HSAP,hr6004-114
HSGO,hr6004-114
HSED,hr2089-114
HSIF,hr292-114
HSAS,hr3351-114
HSWM,hr3351-114
HSVR,hr3351-114
HSGO,hr3351-114
HSIF,hr2768-114
HSPW,hr2768-114
HSBU,hr2768-114
HSWM,hr2768-114
SSGA,hr527-114
HSSM,hr527-114
HSJU,hr527-114
HSPW,hr5957-114
HSPW,hr2172-114
HSJU,hr3889-114
HSIF,hr3889-114
SSBK,hr1675-114
HSBA,hr1675-114
HSAG,hr746-114
SSFI,hr1026-114
HSWM,hr1026-114
HSII,hr1923-114
HSPW,hr1923-114
HSSM,hr1481-114
HSJU,hr699-114
HSFA,hr4678-114
HSIF,hr3381-114
HSWM,hr3061-114
HSIF,hr3061-114
HSIF,hr3119-114
HSAS,hr6062-114
HSJU,hr6062-114
HSBU,hr6062-114
HSSM,hr6062-114
HSBA,hr6062-114
HSED,hr6062-114
HSWM,hr6062-114
HSIF,hr6062-114
HSGO,hr6062-114
HSVR,hr6062-114
HSED,hr2731-114
HSED,hr4374-114
HSIF,hr4374-114
HSII,hr4746-114
HSWM,hr6195-114
HSED,hr4029-114
HSWM,hr4029-114
HSWM,hr817-114
HSIF,hr817-114
HSII,hr4366-114
HSWM,hr4867-114
HSWM,hr2437-114
HSIF,hr2437-114
HSAG,hr2041-114
HSAG,hr3076-114
HSVR,hr4161-114
HSPW,hr4858-114
HSFA,hr5181-114
HSJU,hr1821-114
HSED,hr1573-114
HSJU,hr3042-114
SSAP,hr2577-114
HSAP,hr2577-114
HSPW,hr3271-114
HSVR,hr4757-114
HSPW,hr3093-114
HSPW,hr3593-114
HSBA,hr4172-114
HSIF,hr6125-114
HSWM,hr25-114
HSWM,hr259-114
HSJU,hr3201-114
HSED,hr3201-114
HSSM,hr3990-114
HSVR,hr2291-114
HSAS,hr4534-114
HSFA,hr277-114
HSBA,hr574-114
HSII,hr211-114
HSWM,hr4770-114
HSWM,hr1189-114
HSED,hr1189-114
HSIF,hr1189-114
HSII,hr4435-114
HSWM,hr4435-114
HSIF,hr4435-114
HSED,hr4435-114
HSJU,hr4435-114
HSAG,hr5360-114
HSWM,hr5360-114
HSBU,hr5360-114
HSBA,hr5360-114
HSIF,hr5360-114
HSIF,hr5834-114
HSIF,hr3195-114
HSED,hr848-114
HSPW,hr4439-114
SSVA,hr1038-114
HSVR,hr1038-114
HSIF,hr3062-114
HSII,hr3062-114
HSAS,hr4579-114
HSII,hr4579-114
HSII,hr2307-114
HSIF,hr815-114
HSBA,hr6196-114
HSBA,hr1413-114
HSJU,hr1413-114
HSWM,hr6274-114
HSBA,hr5301-114
HSAS,hr5176-114
HSIF,hr1229-114
HSPW,hr1229-114
HSED,hr847-114
HSGO,hr6278-114
HSAS,hr1586-114
HSIF,hr1586-114
HSJU,hr1586-114
HSGO,hr3402-114
HSJU,hr3002-114
HSGO,hr3002-114
HSII,hr1985-114
SSGA,hr4906-114
HSGO,hr4906-114
HSIF,hr1085-114
SSEG,hr1554-114
HSII,hr1554-114
HSIF,hr3648-114
HSIF,hr3618-114
HSWM,hr3618-114
HSED,hr201-114
HSII,hr201-114
HSBA,hr201-114
HSJU,hr483-114
SSGA,hr4743-114
HSHM,hr4743-114
HSIF,hr2739-114
HSWM,hr1756-114
HSII,hr2403-114
HSWM,hr2403-114
HSVR,hr1598-114
HSHA,hr6409-114
SSGA,hr1531-114
HSGO,hr1531-114
HSJU,hr5103-114
HSJU,hr5854-114
HSII,hr5854-114
HSIF,hr4806-114
HSWM,hr2334-114
HSED,hr2197-114
HSVR,hr1294-114
SSGA,hr2786-114
HSHM,hr2786-114
HSWM,hr6042-114
HSJU,hr4287-114
HSVR,hr4138-114
HSGO,hr4138-114
HSED,hr6119-114
HSII,hr4313-114
SSAP,hr2029-114
HSAP,hr2029-114
HSII,hr682-114
HSED,hr1194-114
HSSY,hr6240-114
HSIF,hr6240-114
HSJU,hr4528-114
HSIF,hr4528-114
HSWM,hr629-114
HSVR,hr423-114
HSVR,hr2934-114
HSWM,hr692-114
HSAS,hr340-114
HSBA,hr1216-114
HSWM,hr1936-114
HSJU,hr3647-114
HSED,hr5074-114
HSVR,hr2214-114
HSJU,hr6092-114
SSGA,hr998-114
HSWM,hr998-114
HSHM,hr998-114
HSIF,hr4565-114
HSGO,hr3363-114
HSWM,hr2971-114
HSIF,hr2707-114
HSJU,hr875-114
HSWM,hr875-114
HSAG,hr875-114
HSHM,hr875-114
HSPW,hr875-114
HSHM,hr3576-114
HSJU,hr3576-114
HSWM,hr3576-114
HSWM,hr628-114
HSIF,hr628-114
HSFA,hr1340-114
HSAS,hr1594-114
HSJU,hr1257-114
HSED,hr970-114
SSGA,hr3779-114
HSGO,hr3779-114
SSGA,hr1640-114
HSHM,hr1640-114
HSWM,hr1299-114
HSBA,hr381-114
HSII,hr2719-114
HSED,hr242-114
HSED,hr138-114
HSII,hr138-114
HSWM,hr138-114
HSIF,hr138-114
HSHA,hr138-114
HSAP,hr138-114
HSRU,hr138-114
HSJU,hr138-114
HSGO,hr138-114
HSVR,hr6003-114
HSJU,hr345-114
HSAG,hr5897-114
HSIF,hr5897-114
SSVA,hr216-114
HSVR,hr216-114
HSHM,hr4300-114
HSWM,hr2777-114
HSIF,hr6043-114
HSIF,hr1197-114
SSSB,hr9-114
HSJU,hr9-114
SSJU,hr9-114
HSJU,hr6345-114
HSWM,hr4277-114
HSIF,hr4277-114
HSIF,hr2342-114
HSJU,hr410-114
HSAS,hr4935-114
HSAS,hr3068-114
HSII,hr3826-114
HSED,hr1226-114
HSII,hr528-114
HSAG,hr528-114
HSWM,hr940-114
HSIF,hr940-114
HSJU,hr4515-114
HSJU,hr103-114
HSJU,hr6158-114
HSIF,hr6158-114
HSIF,hr1944-114
HSWM,hr1944-114
HSJU,hr4956-114
HSGO,hr4956-114
HSIF,hr5685-114
SSHR,hr2646-114
HSED,hr2646-114
HSWM,hr2646-114
HSIF,hr2646-114
HSSY,hr1360-114
HSED,hr1360-114
HSJU,hr1360-114
HSIF,hr1360-114
HSGO,hr513-114
HSHA,hr513-114
HSJU,hr923-114
HSGO,hr3492-114
HSJU,hr2501-114
SSFR,hr757-114
HSGO,hr757-114
HSBA,hr757-114
HSJU,hr757-114
HSWM,hr757-114
HSFA,hr757-114
HSVR,hr5091-114
SSEV,hr4775-114
HSIF,hr4775-114
HSIF,hr1362-114
SSFR,hr514-114
HSFA,hr514-114
HSED,hr2815-114
HSVR,hr5057-114
HSAG,hr3152-114
HSIF,hr3152-114
HSED,hr408-114
HSWM,hr4503-114
SSBK,hr3868-114
HSBA,hr3868-114
HSIF,hr489-114
HSIF,hr1271-114
HSJU,hr3230-114
HSWM,hr2292-114
HSIF,hr2292-114
HSIF,hr6165-114
HSBA,hr6392-114
HSED,hr463-114
HSED,hr106-114
HSIF,hr1537-114
HSAG,hr2644-114
HSII,hr2644-114
HSWM,hr3407-114
HSBA,hr1841-114
SSCM,hr5065-114
HSHM,hr5065-114
HSAS,hr802-114
HSAS,hr2490-114
HSVR,hr2490-114
HSED,hr930-114
HSAG,hr3136-114
HSIF,hr6375-114
HSIF,hr3337-114
HSPW,hr3337-114
HSWM,hr3337-114
HSBA,hr3337-114
HSJU,hr1358-114
HSJU,hr191-114
HSHM,hr191-114
SSCM,hr5056-114
HSHM,hr5056-114
HSJU,hr4952-114
HSWM,hr5763-114
HSIF,hr5763-114
HSIF,hr3148-114
HSJU,hr5495-114
HSPW,hr753-114
HSII,hr5584-114
HSWM,hr5584-114
HSFA,hr5584-114
HSED,hr4020-114
HSVR,hr444-114
HSJU,hr5328-114
SSFI,hr709-114
HSWM,hr709-114
HSBA,hr1266-114
HSWM,hr2611-114
HSFA,hr2611-114
HSIF,hr2581-114
HSWM,hr2581-114
SSJU,hr3537-114
HSJU,hr3537-114
HSIF,hr3537-114
HSWM,hr6012-114
HSIF,hr6012-114
HSWM,hr1868-114
HSJU,hr2329-114
HSAS,hr4268-114
HSII,hr4268-114
SSBK,hr1723-114
HSBA,hr1723-114
HSBA,hr2372-114
SSCM,hr4369-114
HSPW,hr4369-114
HSVR,hr3580-114
HSJU,hr2290-114
HSBA,hr1982-114
HSWM,hr1225-114
HSWM,hr2698-114
HSII,hr2743-114
HSIF,hr609-114
HSAG,hr609-114
HSAG,hr4545-114
HSII,hr4545-114
HSJU,hr320-114
SSBK,hr2901-114
HSBA,hr2901-114
HSBA,hr1941-114
HSWM,hr589-114
SSGA,hr5356-114
HSGO,hr5356-114
HSBA,hr6391-114
HSPW,hr674-114
HSPW,hr1748-114
HSPW,hr5223-114
HSII,hr5861-114
HSED,hr5894-114
HSHA,hr3767-114
HSED,hr1706-114
HSIF,hr1706-114
HSWM,hr3220-114
HSIF,hr3220-114
HSIF,hr4665-114
HSJU,hr1149-114
HSFA,hr1149-114
HSSY,hr3538-114
HSIF,hr1886-114
HSJU,hr3115-114
HSAS,hr3115-114
HSWM,hr5183-114
SSFR,hr2494-114
HSFA,hr2494-114
HSJU,hr2494-114
HSII,hr2494-114
HSED,hr718-114
HSED,hr2927-114
HSSM,hr5969-114
HSIF,hr3092-114
HSGO,hr3092-114
HSJU,hr1087-114
HSED,hr924-114
HSII,hr4595-114
HSIF,hr2636-114
HSWM,hr1547-114
HSHA,hr4177-114
HSPW,hr2809-114
HSIF,hr2623-114
HSWM,hr1206-114
HSED,hr1856-114
HSHM,hr4026-114
HSGO,hr4026-114
HSWM,hr4829-114
HSBA,hr4647-114
HSIF,hr5626-114
HSWM,hr4045-114
SSCM,hr4596-114
HSIF,hr4596-114
HSWM,hr512-114
HSIF,hr512-114
SSEG,hr482-114
HSII,hr482-114
HSWM,hr2135-114
HSII,hr326-114
HSAS,hr1905-114
HSWM,hr6100-114
SSBK,hr4096-114
HSBA,hr4096-114
HSIF,hr5097-114
HSIF,hr5036-114
HSED,hr2192-114
HSBA,hr5465-114
HSWM,hr804-114
HSIF,hr804-114
HSAG,hr6336-114
HSIF,hr6336-114
HSVR,hr2257-114
HSGO,hr310-114
SSJU,hr1428-114
HSGO,hr1428-114
HSJU,hr1428-114
HSWM,hr424-114
HSHA,hr424-114
HSIF,hr3166-114
HSBA,hr6104-114
HSWM,hr2142-114
HSIF,hr2459-114
HSWM,hr1653-114
HSIF,hr1653-114
HSWM,hr5088-114
HSIF,hr5088-114
HSJU,hr1062-114
HSPW,hr1062-114
HSBU,hr4893-114
HSRU,hr4893-114
HSBA,hr3035-114
SSCM,hr5338-114
HSHM,hr5338-114
HSWM,hr6120-114
HSIF,hr6120-114
HSII,hr4535-114
SLIA,hr2212-114
HSII,hr2212-114
HSWM,hr4708-114
HSJU,hr1680-114
HSII,hr5281-114
HSVR,hr1101-114
HSIF,hr1101-114
HSGO,hr1753-114
SSGA,hr336-114
HSPW,hr336-114
HSJU,hr5221-114
HSED,hr5274-114
SSJU,hr3636-114
HSJU,hr3636-114
HSJU,hr490-114
HSGO,hr490-114
HSWM,hr6101-114
HSIF,hr6101-114
HSPW,hr3044-114
HSED,hr3675-114
HSWM,hr3675-114
HSJU,hr3497-114
HSWM,hr1202-114
HSIF,hr1202-114
HSIF,hr2107-114
HSAG,hr1580-114
HLIG,hr60-114
HSJU,hr5323-114
HSWM,hr3355-114
HSIF,hr3355-114
HSJU,hr2277-114
HSED,hr2800-114
SSGA,hr185-114
HSJU,hr185-114
HSED,hr1079-114
HSII,hr5468-114
SSHR,hr469-114
HSED,hr469-114
HSWM,hr2103-114
HSFA,hr4830-114
SSJU,hr159-114
HSED,hr159-114
HSJU,hr159-114
HSAG,hr1091-114
HSIF,hr5212-114
HSAP,hr5055-114
HSJU,hr4980-114
HSBA,hr4947-114
HSIF,hr4185-114
HSWM,hr4185-114
HSJU,hr656-114
HLIG,hr656-114
HSED,hr922-114
HSSY,hr1426-114
HSWM,hr1745-114
HSJU,hr1346-114
HSPW,hr1606-114
HSHA,hr2210-114
HSWM,hr4219-114
HSIF,hr4884-114
HSII,hr4818-114
HSBU,hr5044-114
HSAP,hr5044-114
HSWM,hr1151-114
HSJU,hr104-114
HSAG,hr4881-114
HSPW,hr2738-114
HSWM,hr5167-114
HSAG,hr1424-114
HSIF,hr1424-114
HSGO,hr1535-114
HSJU,hr6097-114
HSWM,hr2635-114
HSIF,hr2635-114
HSSY,hr4066-114
HSII,hr5079-114
HSJU,hr6496-114
HSHM,hr5867-114
HSPW,hr5867-114
HSJU,hr234-114
HSHM,hr234-114
HSAS,hr234-114
HLIG,hr234-114
HSBA,hr1659-114
HSWM,hr2640-114
HSED,hr3099-114
HSAS,hr1989-114
HSII,hr2401-114
HSAG,hr2401-114
HSWM,hr1842-114
HSJU,hr2699-114
HSED,hr3366-114
HSWM,hr2748-114
HSIF,hr2748-114
HSII,hr1869-114
SSHR,hr4599-114
HSIF,hr4599-114
SSCM,hr1335-114
HSII,hr1335-114
HSII,hr2925-114
HSED,hr452-114
HSWM,hr5962-114
HSED,hr5962-114
HSSY,hr5771-114
HSII,hr5771-114
HSJU,hr5771-114
HSIF,hr3696-114
HSWM,hr3696-114
HSIF,hr309-114
HSWM,hr309-114
HSIF,hr279-114
HSIF,hr1502-114
SSFR,hr5484-114
HSFA,hr5484-114
HSPW,hr354-114
HSWM,hr943-114
HSIF,hr943-114
SSHR,hr5529-114
HSED,hr5529-114
HSHA,hr367-114
HSWM,hr4065-114
HSJU,hr241-114
HSWM,hr2478-114
HSJU,hr690-114
HSII,hr330-114
HSPW,hr2497-114
HSII,hr2497-114
SSAF,hr1847-114
HSAG,hr1847-114
HSBA,hr1847-114
SSGA,hr5460-114
HSHM,hr5460-114
HSBA,hr4753-114
HSWM,hr4795-114
HSII,hr3632-114
HSIF,hr4212-114
HSWM,hr4212-114
HSWM,hr4907-114
HSWM,hr420-114
HSED,hr5641-114
HSBA,hr4514-114
HSWM,hr605-114
HSIF,hr605-114
HSFA,hr4825-114
HSIF,hr744-114
HSED,hr932-114
HSGO,hr932-114
HSHA,hr932-114
HSIF,hr2244-114
HSWM,hr6184-114
HSED,hr6184-114
HSIF,hr6184-114
HSWM,hr762-114
SSSB,hr3714-114
HSSM,hr3714-114
HSAG,hr6487-114
HSWM,hr6487-114
HSBA,hr6487-114
HSII,hr459-114
HSII,hr2399-114
HSAG,hr2399-114
HSPW,hr5680-114
HSJU,hr3531-114
HSWM,hr2889-114
HSWM,hr1947-114
HSWM,hr6085-114
HSJU,hr2679-114
HSIF,hr4725-114
HSED,hr128-114
HSVR,hr3040-114
HSAS,hr3040-114
HSJU,hr5666-114
HSRU,hr948-114
HSGO,hr948-114
HSBU,hr948-114
HSHA,hr948-114
HSJU,hr4242-114
HSBA,hr4242-114
HSPW,hr6007-114
HSVR,hr4764-114
HSPW,hr486-114
HSVR,hr476-114
HSBA,hr4248-114
SSBK,hr3700-114
HSBA,hr3700-114
SSCM,hr2168-114
HSII,hr2168-114
HSAS,hr342-114
HSVR,hr5501-114
SSHR,hr1209-114
HSIF,hr1209-114
HSJU,hr5804-114
HSIF,hr3090-114
HSGO,hr5995-114
SSCM,hr34-114
HSSY,hr34-114
HSED,hr3383-114
HSII,hr325-114
HSWM,hr2208-114
HSWM,hr3050-114
HSPW,hr5786-114
HSPW,hr1140-114
HSWM,hr5946-114
SSFR,hr400-114
HSFA,hr400-114
HSJU,hr3328-114
HSGO,hr3328-114
HSSM,hr3328-114
HSAS,hr991-114
HSWM,hr3486-114
HSGO,hr3486-114
HSED,hr1957-114
HSAS,hr1590-114
HSVR,hr1590-114
HSAP,hr3617-114
HSGO,hr3617-114
HSJU,hr6431-114
HSVR,hr4684-114
HSJU,hr2655-114
HSRU,hr2655-114
HSGO,hr2655-114
HSHA,hr2655-114
HSPW,hr2381-114
HSII,hr4944-114
HSWM,hr6139-114
HSIF,hr6139-114
HSGO,hr2175-114
HSJU,hr5801-114
HSBA,hr1661-114
HSJU,hr4008-114
HSJU,hr877-114
HSWM,hr877-114
HSHM,hr877-114
HSVR,hr3414-114
HSJU,hr5207-114
HSIF,hr4625-114
HSGO,hr3029-114
HSIF,hr1044-114
HSJU,hr3065-114
HSBA,hr3065-114
HSGO,hr3065-114
HSWM,hr3321-114
HSVR,hr341-114
HSWM,hr5614-114
HSIF,hr3242-114
HSAG,hr3845-114
HSIF,hr1980-114
HSWM,hr4973-114
HSED,hr2150-114
SSBK,hr1737-114
HSBA,hr1737-114
HSWM,hr1434-114
HSGO,hr2827-114
HSPW,hr980-114
HSWM,hr3673-114
HSWM,hr681-114
HSBA,hr5027-114
HSJU,hr838-114
HSSM,hr838-114
HSIF,hr5127-114
HSII,hr2134-114
HSBA,hr4950-114
HSIF,hr4265-114
HSIF,hr2337-114
HSII,hr3269-114
HSAS,hr401-114
HSWM,hr6019-114
HSWM,hr2676-114
SSGA,hr3586-114
HSPW,hr3586-114
HSHM,hr3586-114
HSIF,hr821-114
HSED,hr4594-114
HSED,hr2013-114
SSBK,hr1553-114
HSBA,hr1553-114
HSIF,hr5395-114
HSJU,hr1449-114
HSAS,hr2835-114
HSHM,hr2835-114
HSED,hr5635-114
SSFR,hr3924-114
HSFA,hr3924-114
HSED,hr2500-114
HSGO,hr304-114
HSED,hr5096-114
HSIF,hr508-114
HSIF,hr610-114
HSBA,hr2205-114
HSIF,hr2205-114
HSWM,hr2695-114
HSJU,hr3663-114
HSSY,hr5489-114
HSWM,hr5489-114
HSWM,hr3225-114
HSIF,hr3225-114
HSBU,hr3225-114
HSPW,hr2716-114
HSRU,hr2716-114
HSBU,hr2716-114
HSWM,hr2716-114
HSWM,hr4885-114
HSWM,hr5450-114
HSED,hr2660-114
SSGA,hr4408-114
HSHM,hr4408-114
HSWM,hr6376-114
HSED,hr612-114
HSBA,hr5112-114
HSWM,hr2005-114
HSIF,hr2005-114
HSJU,hr997-114
HSED,hr997-114
HSED,hr1064-114
HSBA,hr5010-114
SSHR,hr3680-114
HSIF,hr3680-114
HSVR,hr2001-114
HSJU,hr768-114
HSAS,hr1969-114
HSVR,hr1969-114
HSWM,hr1969-114
HSIF,hr1969-114
HSGO,hr1969-114
HSJU,hr2293-114
HSFA,hr2740-114
HSWM,hr745-114
HSIF,hr745-114
HSJU,hr3395-114
HSSY,hr3143-114
HSIF,hr3143-114
SSHR,hr3179-114
HSED,hr3179-114
SSEG,hr4539-114
HSGO,hr4539-114
HSJU,hr4886-114
HSIF,hr4886-114
HSIF,hr1859-114
HSIF,hr4075-114
HSBU,hr1892-114
HSIF,hr1892-114
HSWM,hr1892-114
HSWM,hr4938-114
HSIF,hr5855-114
HSGO,hr451-114
HSWM,hr1790-114
HSIF,hr5442-114
HSVR,hr3709-114
SSFI,hr5053-114
HSWM,hr5053-114
HSAP,hr5926-114
HSJU,hr2108-114
HLIG,hr2108-114
HSIF,hr1211-114
HSIF,hr3174-114
HSAS,hr5540-114
HSAP,hr5540-114
HSWM,hr5440-114
SSGA,hr4407-114
HSHM,hr4407-114
HSIF,hr4047-114
HSAP,hr2822-114
HSVR,hr3278-114
SSJU,hr4768-114
HSJU,hr4768-114
HSIF,hr539-114
HSBA,hr2979-114
HSWM,hr293-114
HSIF,hr293-114
HSBA,hr1799-114
SSFR,hr3460-114
HSWM,hr3460-114
HSGO,hr3460-114
HSJU,hr3460-114
HSBA,hr3460-114
HSFA,hr3460-114
HSWM,hr3400-114
SSCM,hr734-114
HSIF,hr734-114
HSJU,hr864-114
HSED,hr5307-114
HSII,hr5650-114
SSGA,hr50-114
HSJU,hr50-114
HSRU,hr50-114
HSBU,hr50-114
HSGO,hr50-114
HSED,hr1768-114
HSJU,hr689-114
HSBA,hr689-114
HLIG,hr689-114
SSCM,hr1020-114
HSSY,hr1020-114
HSBA,hr2982-114
HSWM,hr5563-114
HSPW,hr5563-114
HSIF,hr5955-114
HSIF,hr2402-114
HSWM,hr600-114
HSWM,hr2449-114
HSWM,hr918-114
HSFA,hr4522-114
HSWM,hr3261-114
HSIF,hr3261-114
HSWM,hr4632-114
HSIF,hr4632-114
SSGA,hr3361-114
HSHM,hr3361-114
HSWM,hr5361-114
HSPW,hr1467-114
HSAS,hr914-114
HSVR,hr914-114
HSAG,hr733-114
HSBA,hr4500-114
HSII,hr6291-114
HSWM,hr2789-114
HSWM,hr2230-114
HSED,hr4773-114
SSFI,hr235-114
HSJU,hr235-114
HSJU,hr101-114
HSII,hr4060-114
HSIF,hr3712-114
HSWM,hr3712-114
HSIF,hr6082-114
HSSY,hr1441-114
HSPW,hr1084-114
HSBA,hr6244-114
HSWM,hr2523-114
HSVR,hr4352-114
SSBK,hr2357-114
HSBA,hr2357-114
HSED,hr1004-114
HSWM,hr3461-114
HSGO,hr3461-114
HSJU,hr3461-114
HSBA,hr3461-114
HSFA,hr3461-114
HSAG,hr3687-114
HSBA,hr3687-114
HSFA,hr3687-114
HSPW,hr1086-114
HSIF,hr1396-114
HSAP,hr5904-114
HSIF,hr5904-114
HSVR,hr3549-114
HSAG,hr6156-114
HSII,hr6156-114
HSBA,hr3524-114
HSWM,hr776-114
HSIF,hr776-114
HSII,hr202-114
HSVR,hr2591-114
HSWM,hr2591-114
HSII,hr2957-114
SSCM,hr4698-114
HSHM,hr4698-114
SSGA,hr2795-114
HSHM,hr2795-114
HSBU,hr4525-114
HSAP,hr4525-114
HSIF,hr5239-114
HSVR,hr5526-114
HSGO,hr5526-114
HSWM,hr4805-114
HSIF,hr4805-114
HSBA,hr2851-114
SSBK,hr1259-114
HSBA,hr1259-114
HSWM,hr4615-114
HSFA,hr93-114
HSWM,hr1116-114
HSIF,hr1116-114
HSII,hr2829-114
HSWM,hr2829-114
HSIF,hr2829-114
HSBU,hr2829-114
HSAP,hr2829-114
HSRU,hr2829-114
HSHA,hr2829-114
HSJU,hr2829-114
HSED,hr2829-114
SSEG,hr2288-114
HSII,hr2288-114
HSRU,hr1610-114
HSGO,hr1610-114
HSBU,hr1610-114
HSJU,hr4199-114
HSII,hr4199-114
HSWM,hr4474-114
HSGO,hr5169-114
HSWM,hr5169-114
HSJU,hr752-114
HSWM,hr403-114
HSIF,hr403-114
HSAG,hr403-114
HSGO,hr403-114
HSBA,hr403-114
HSJU,hr403-114
HSFA,hr403-114
HSJU,hr2872-114
HSFA,hr4303-114
HSAS,hr4303-114
HSJU,hr4303-114
HSHM,hr4303-114
HSAG,hr4303-114
HSII,hr4303-114
HSPW,hr4303-114
HSWM,hr4303-114
HSIF,hr3952-114
HSWM,hr1849-114
HSIF,hr1849-114
HSVR,hr6517-114
HSAS,hr6517-114
HSJU,hr2336-114
HSED,hr2096-114
HSSM,hr2096-114
HSWM,hr2096-114
SSVA,hr3989-114
HSVR,hr3989-114
SSBK,hr1265-114
HSGO,hr1265-114
HSBA,hr1265-114
HSWM,hr828-114
HSJU,hr4905-114
HSED,hr2317-114
SSGA,hr5859-114
HSHM,hr5859-114
HSII,hr1437-114
SSBK,hr431-114
HSBA,hr431-114
HSED,hr829-114
HSIF,hr829-114
HSIF,hr4662-114
HSJU,hr429-114
HSIF,hr2675-114
SSBK,hr5424-114
HSBA,hr5424-114
HSBA,hr5311-114
HSJU,hr1252-114
HSWM,hr976-114
HSIF,hr976-114
HSBU,hr3762-114
HSJU,hr1881-114
SSAF,hr2647-114
HSII,hr2647-114
HSIF,hr1151-114
HSAP,hr2995-114
HSGO,hr485-114
HSAS,hr1534-114
HSWM,hr1270-114
HSWM,hr111-114
HSPW,hr3763-114
HSWM,hr2404-114
HSIF,hr2404-114
HSVR,hr2286-114
HSIF,hr6174-114
HSWM,hr4815-114
HSGO,hr4815-114
HSJU,hr4815-114
HSBA,hr4815-114
HSFA,hr4815-114
HSGO,hr5373-114
HSJU,hr1907-114
HSBA,hr1907-114
HSFA,hr1907-114
HSHM,hr1907-114
HSWM,hr1907-114
HSSY,hr3722-114
HSAS,hr3722-114
HSJU,hr3722-114
HSVR,hr3722-114
HSAP,hr3722-114
HSII,hr249-114
HSED,hr1434-114
HSBU,hr1434-114
HSVR,hr607-114
HSIF,hr607-114
HSWM,hr607-114
HSAG,hr1163-114
HSJU,hr1739-114
SSVA,hr2460-114
HSVR,hr2460-114
HSWM,hr4794-114
HSPW,hr4100-114
HSIF,hr4100-114
HSWM,hr6159-114
HSED,hr1811-114
HSWM,hr1811-114
HSII,hr1412-114
HSHM,hr1412-114
HSWM,hr592-114
HSIF,hr592-114
HLIG,hr2048-114
HSBA,hr2048-114
HSJU,hr2048-114
HSED,hr3634-114
HSJU,hr3634-114
HSGO,hr3634-114
HSWM,hr3634-114
HSJU,hr402-114
HSJU,hr2875-114
HSED,hr747-114
HSFA,hr5420-114
HSWM,hr1664-114
HSIF,hr1664-114
HSIF,hr5263-114
HSJU,hr4147-114
HSWM,hr5719-114
HSJU,hr5896-114
HSII,hr2258-114
HSVR,hr1134-114
HSIF,hr972-114
HSWM,hr972-114
HSPW,hr3740-114
HSIF,hr311-114
HSWM,hr4756-114
HSIF,hr4756-114
HSED,hr3074-114
HSED,hr2861-114
HSAS,hr2861-114
HSVR,hr2861-114
HSSM,hr2861-114
HSWM,hr2861-114
HSJU,hr3146-114
HSAS,hr3146-114
HSJU,hr2604-114
HSWM,hr2483-114
HSII,hr5129-114
HSAG,hr5129-114
HSAS,hr2367-114
HSVR,hr5428-114
HSJU,hr4720-114
HSFA,hr4720-114
HSII,hr407-114
HSWM,hr1458-114
HSIF,hr1458-114
HSIF,hr5118-114
HSWM,hr2015-114
HSII,hr1616-114
HSHM,hr1074-114
HSBA,hr2980-114
HSJU,hr4951-114
HLIG,hr55-114
HSED,hr2627-114
HSIF,hr448-114
HSIF,hr3770-114
HSWM,hr3770-114
HSED,hr1003-114
HSED,hr1787-114
HSII,hr5811-114
HSBA,hr5522-114
HSII,hr2787-114
HSFA,hr267-114
HSJU,hr4267-114
HSED,hr6188-114
HSPW,hr1248-114
HSGO,hr5235-114
HSJU,hr5258-114
HSWM,hr5406-114
HSII,hr5406-114
HSIF,hr5406-114
HSBA,hr358-114
HSIF,hr1139-114
SSVA,hr2256-114
HSVR,hr2256-114
HSWM,hr2229-114
HSED,hr6094-114
SSFI,hr4890-114
HSWM,hr4890-114
SSSB,hr4325-114
HSSM,hr4325-114
HSJU,hr1854-114
HSJU,hr2767-114
HSHM,hr2767-114
HSJU,hr378-114
HSHM,hr300-114
HSAG,hr300-114
HSIF,hr300-114
HSRU,hr300-114
HSAS,hr300-114
HSWM,hr3309-114
HSIF,hr3309-114
HSWM,hr1974-114
HSIF,hr1974-114
HSED,hr4919-114
HSJU,hr4919-114
HSED,hr1958-114
HSIF,hr5362-114
HSPW,hr5090-114
HSIF,hr1345-114
HSED,hr2680-114
HSJU,hr2680-114
HSII,hr2791-114
HSIF,hr906-114
HSJU,hr377-114
HSPW,hr198-114
HSPW,hr4954-114
HSED,hr933-114
HSWM,hr5559-114
HSIF,hr3443-114
HSJU,hr5026-114
HSAG,hr1389-114
HSBA,hr1389-114
HSED,hr2186-114
HSIF,hr3926-114
HSWM,hr3318-114
HSII,hr2386-114
HSWM,hr1773-114
HSSY,hr2564-114
HSPW,hr2564-114
HSIF,hr2564-114
HSED,hr5784-114
SSHR,hr1818-114
HSIF,hr1818-114
SSGA,hr361-114
HSHM,hr361-114
HSJU,hr3412-114
HSGO,hr3412-114
SSSB,hr208-114
HSSM,hr208-114
HSJU,hr2315-114
HSED,hr5508-114
HSBA,hr6162-114
HSIF,hr3197-114
HSHA,hr1137-114
HSGO,hr1137-114
HSWM,hr5851-114
HSHM,hr5851-114
HSJU,hr5851-114
HSBU,hr5851-114
HSJU,hr491-114
HLIG,hr491-114
HSVR,hr353-114
HSWM,hr2128-114
HSAS,hr146-114
HSHM,hr3418-114
HSPW,hr3418-114
HSED,hr6402-114
HSWM,hr6402-114
HSII,hr5467-114
HSII,hr5629-114
HSPW,hr5629-114
HSII,hr3094-114
SSSB,hr3094-114
HSVR,hr4640-114
HSJU,hr4229-114
HSIF,hr4229-114
HSHM,hr6497-114
HSJU,hr56-114
HSBA,hr56-114
HSFA,hr56-114
HSWM,hr3236-114
HSHM,hr3236-114
HSBU,hr3236-114
HSED,hr3236-114
HSVR,hr3236-114
HSII,hr3236-114
HSSY,hr3236-114
HSIF,hr3236-114
HSPW,hr3236-114
HSED,hr1984-114
HSWM,hr1984-114
HSBA,hr5156-114
HSVR,hr5166-114
HSED,hr465-114
HSII,hr4387-114
HSED,hr458-114
HSWM,hr6098-114
HSIF,hr6116-114
HSAS,hr3963-114
HSAG,hr2383-114
HSIF,hr5126-114
HSGO,hr10-114
HSBA,hr1355-114
SSEG,hr3881-114
HSII,hr3881-114
HSIF,hr3463-114
SSEG,hr295-114
HSII,hr295-114
HSJU,hr1883-114
HSBA,hr4638-114
HSED,hr773-114
HSSY,hr773-114
HSSM,hr773-114
HSBA,hr2213-114
HSED,hr3793-114
HSIF,hr3559-114
HSAS,hr5432-114
HSJU,hr5432-114
HSGO,hr5432-114
HSIF,hr5432-114
HSII,hr981-114
HSGO,hr3548-114
HSWM,hr1142-114
HSFA,hr1489-114
HSWM,hr1433-114
HSWM,hr544-114
HSWM,hr1223-114
HSJU,hr4467-114
HSIF,hr4467-114
HSHM,hr3305-114
HSGO,hr3305-114
HSGO,hr2807-114
HSII,hr2554-114
HSJU,hr4246-114
HSIF,hr4762-114
HSAS,hr2133-114
HSVR,hr2133-114
HSJU,hr2302-114
HSED,hr2932-114
HSIF,hr2932-114
HSWM,hr6045-114
HSGO,hr6045-114
HSII,hr1436-114
HSPW,hr4466-114
HSIF,hr3638-114
HSIF,hr5462-114
HSIF,hr4155-114
HSWM,hr4155-114
HSJU,hr4677-114
HSJU,hr3217-114
HSJU,hr3888-114
HSII,hr799-114
HSJU,hr4002-114
HSIF,hr4215-114
HSVR,hr1862-114
HSII,hr4193-114
HSWM,hr5396-114
HSIF,hr5396-114
HSWM,hr5187-114
HSVR,hr571-114
HSGO,hr571-114
HSIF,hr3429-114
SSJU,hr3624-114
HSJU,hr3624-114
HSIF,hr1106-114
HSED,hr565-114
HSJU,hr4003-114
HSAG,hr687-114
HSBA,hr4264-114
HSJU,hr4264-114
HSFA,hr4264-114
HSIF,hr5234-114
HSII,hr5748-114
HSII,hr1487-114
HSAG,hr1487-114
HSIF,hr1487-114
HSPW,hr1487-114
HSFA,hr1487-114
HSJU,hr1487-114
HSIF,hr2440-114
HSIF,hr4015-114
HSWM,hr5008-114
HSAP,hr49-114
HSED,hr5755-114
HSWM,hr3982-114
HSBA,hr3393-114
HSAS,hr2190-114
HSGO,hr2190-114
HSBA,hr5023-114
HSED,hr1359-114
HSIF,hr4201-114
HSWM,hr4201-114
HSIF,hr5858-114
HSIF,hr3666-114
HSBU,hr1050-114
HSSY,hr2961-114
HSIF,hr4559-114
HSFA,hr4559-114
HSVR,hr473-114
HSGO,hr473-114
HSIF,hr852-114
HSJU,hr4651-114
HSFA,hr4651-114
HSIF,hr4651-114
HSIF,hr3940-114
HSWM,hr3940-114
HSJU,hr4145-114
SSGA,hr4820-114
HSHM,hr4820-114
HSAP,hr2810-114
HSGO,hr2810-114
HSSM,hr2499-114
HSWM,hr3550-114
HSJU,hr3631-114
HSJU,hr5412-114
HSBA,hr3808-114
HSBA,hr5-114
HSED,hr5-114
HSWM,hr4165-114
HSJU,hr4598-114
HSED,hr4598-114
HSIF,hr3564-114
HSIF,hr5302-114
HSVR,hr5426-114
HSVR,hr2894-114
HSWM,hr2649-114
HSIF,hr2649-114
SSFI,hr5659-114
HSIF,hr5659-114
HSWM,hr5659-114
HSBA,hr1577-114
HSED,hr1118-114
HSAG,hr4151-114
HSII,hr4151-114
HSWM,hr696-114
HSIF,hr696-114
HSBA,hr5928-114
HSII,hr843-114
SSEG,hr1541-114
HSII,hr1541-114
HSSY,hr4106-114
HSAG,hr4710-114
HSHM,hr5534-114
HSIF,hr2526-114
HSIF,hr2892-114
HSVR,hr2487-114
HSPW,hr1291-114
HSIF,hr971-114
HSAS,hr6132-114
HSIF,hr6132-114
HSSY,hr962-114
HSIF,hr962-114
HSAP,hr962-114
HSWM,hr962-114
HSJU,hr962-114
HSWM,hr729-114
HSIF,hr729-114
HSII,hr5520-114
HSWM,hr919-114
HSIF,hr919-114
HSIF,hr1802-114
SSBK,hr3791-114
HSBA,hr3791-114
HSED,hr3556-114
HSII,hr3556-114
HSAG,hr3556-114
HSIF,hr5833-114
HSIF,hr1641-114
HSAS,hr1641-114
HSVR,hr4125-114
HSBA,hr2362-114
HSED,hr3432-114
HSBA,hr3432-114
HSWM,hr3432-114
HSWM,hr5254-114
HSVR,hr1688-114
HSWM,hr1891-114
HSII,hr4389-114
HSJU,hr5012-114
HSED,hr3346-114
HSII,hr1632-114
HSBA,hr4737-114
HSVR,hr1911-114
HSVR,hr1575-114
HSAG,hr2647-114
HSWM,hr837-114
HSIF,hr837-114
HSIF,hr5404-114
HSBA,hr1565-114
HSJU,hr3569-114
HSPW,hr3805-114
HSII,hr727-114
HSWM,hr5575-114
HSPW,hr813-114
HSED,hr2224-114
HSVR,hr2275-114
HSWM,hr2275-114
HSBU,hr2275-114
HSIF,hr6160-114
HSJU,hr5618-114
HSWM,hr599-114
HSIF,hr2182-114
HSII,hr3173-114
HSGO,hr2532-114
HSIF,hr985-114
HSII,hr4394-114
HSVR,hr2691-114
HSJU,hr1587-114
HSIF,hr2872-114
HSWM,hr5186-114
HSIF,hr1361-114
HSJU,hr708-114
HSIF,hr708-114
HSII,hr5217-114
HSWM,hr5297-114
HSED,hr5213-114
SSEV,hr4557-114
HSIF,hr4557-114
HSII,hr3683-114
HSWM,hr4970-114
SSCM,hr23-114
HSPW,hr23-114
HSSY,hr23-114
SSGA,hr3598-114
HSHM,hr3598-114
HSBA,hr5869-114
HSWM,hr3287-114
HSVR,hr1860-114
HSIF,hr619-114
HSIF,hr4061-114
HSWM,hr3590-114
HSJU,hr5619-114
HSJU,hr5272-114
HSIF,hr5418-114
HSFA,hr4245-114
HSWM,hr4245-114
HSII,hr4245-114
SSEV,hr348-114
HSII,hr348-114
HSJU,hr348-114
HSWM,hr2520-114
HSWM,hr2959-114
HSPW,hr3066-114
HSBA,hr5505-114
HSIF,hr5686-114
HSED,hr1279-114
HSED,hr3470-114
HSAS,hr3470-114
HSJU,hr3470-114
HSHA,hr3470-114
HSGO,hr3470-114
HSWM,hr3213-114
HSWM,hr2754-114
HSWM,hr5002-114
HSPW,hr4441-114
HSED,hr5519-114
HSGO,hr5519-114
HSHA,hr5519-114
SSFR,hr1150-114
HSFA,hr1150-114
HSGO,hr1150-114
HSBA,hr1150-114
HSWM,hr5610-114
HSWM,hr6489-114
HSPW,hr4343-114
HSRU,hr3476-114
HSBU,hr3476-114
HSII,hr335-114
HSJU,hr1381-114
HSWM,hr1381-114
HSSO,hr1381-114
HSHA,hr1381-114
HSRU,hr1381-114
HSGO,hr1381-114
SSVA,hr3234-114
HSVR,hr3234-114
HSGO,hr4465-114
HSPW,hr4465-114
HSWM,hr5194-114
HSWM,hr1855-114
HSVR,hr2145-114
HSWM,hr2524-114
HSJU,hr6283-114
HSRU,hr6283-114
HSII,hr5556-114
HSVR,hr3879-114
HSII,hr2072-114
HSAS,hr6093-114
HSWM,hr4529-114
HSHA,hr5352-114
HSWM,hr1404-114
HSII,hr5765-114
SSEG,hr1158-114
HSSY,hr1158-114
HSSY,hr3064-114
HSII,hr3064-114
HSIF,hr3064-114
HSPW,hr3064-114
HSRU,hr3064-114
HSBU,hr3064-114
HSGO,hr3064-114
HSWM,hr3064-114
HSPW,hr4721-114
HSWM,hr4721-114
HSPW,hr5313-114
HSIF,hr5313-114
HSWM,hr5313-114
HSIF,hr2045-114
HSIF,hr2712-114
HSWM,hr2712-114
HSVR,hr2047-114
HSGO,hr2047-114
HSPW,hr4624-114
HSIF,hr4624-114
HSAS,hr1809-114
HSGO,hr1809-114
HSWM,hr902-114
HSWM,hr389-114
HSPW,hr1392-114
HSGO,hr3600-114
HSVR,hr2046-114
HSRU,hr6325-114
HSED,hr6325-114
HSPW,hr4449-114
HSED,hr4293-114
HSWM,hr556-114
HSIF,hr556-114
HSSY,hr5989-114
SSEG,hr35-114
HSSY,hr35-114
HSWM,hr520-114
HSAP,hr5912-114
SSAP,hr5912-114
HSIF,hr2251-114
HSII,hr6344-114
HSJU,hr1201-114
SSEG,hr1475-114
HSII,hr1475-114
SSVA,hr960-114
HSVR,hr960-114
HSHM,hr5064-114
HSSM,hr5064-114
HSBA,hr1673-114
HSSM,hr1390-114
HSWM,hr3404-114
HSII,hr1865-114
HSSM,hr4587-114
HSPW,hr129-114
HSWM,hr4141-114
HSJU,hr1643-114
HSAS,hr5985-114
HSBU,hr5985-114
HSVR,hr5985-114
HSIF,hr3994-114
HSII,hr2833-114
HSAG,hr4751-114
HSII,hr4751-114
HSED,hr2260-114
HSHA,hr2260-114
HSGO,hr2260-114
SSEG,hr351-114
HSIF,hr351-114
HSPW,hr801-114
HSWM,hr4724-114
HSPW,hr4188-114
HSWM,hr3957-114
HSII,hr5633-114
HSVR,hr1319-114
HSAG,hr399-114
HSII,hr399-114
HSAS,hr399-114
HSHM,hr399-114
HSED,hr551-114
HSJU,hr1805-114
HSII,hr3882-114
HSSY,hr2744-114
HSII,hr2744-114
HSII,hr1992-114
HSVR,hr763-114
HSJU,hr2732-114
HSED,hr2105-114
HSII,hr2804-114
HSIF,hr6269-114
HSIF,hr1327-114
HSED,hr2378-114
HSAG,hr2474-114
HSHM,hr1789-114
HSPW,hr1789-114
HSED,hr3177-114
SSFI,hr2570-114
HSWM,hr2570-114
HSIF,hr2570-114
HSVR,hr3286-114
HSII,hr2273-114
HSJU,hr2686-114
HSJU,hr4218-114
HSWM,hr631-114
HSVR,hr1127-114
HSBU,hr861-114
HSAP,hr861-114
HSAG,hr6118-114
HSBA,hr6118-114
HSED,hr3433-114
HSPW,hr6105-114
HSWM,hr3671-114
HSWM,hr5456-114
HSBA,hr480-114
HSWM,hr480-114
HSAG,hr3193-114
HSWM,hr2298-114
HSIF,hr2298-114
HSWM,hr3933-114
HSWM,hr2196-114
HSIF,hr2196-114
HSED,hr1081-114
HSPW,hr413-114
HSWM,hr413-114
HSWM,hr4381-114
HSIF,hr4011-114
HSWM,hr4011-114
HSVR,hr4011-114
HSWM,hr6008-114
HSGO,hr6008-114
HSPW,hr1738-114
HSHM,hr1738-114
HSWM,hr3229-114
HSIF,hr3229-114
HSJU,hr4457-114
HSVR,hr995-114
HSVR,hr2139-114
HSWM,hr4040-114
HSWM,hr1530-114
HSIF,hr1530-114
HSII,hr5259-114
HSWM,hr4250-114
HSIF,hr4273-114
HSWM,hr4273-114
HSVR,hr667-114
HSWM,hr5138-114
HSIF,hr5138-114
HSJU,hr1921-114
HSFA,hr1921-114
HSPW,hr2353-114
HSIF,hr2353-114
HSSY,hr2353-114
HSII,hr2353-114
HSWM,hr2353-114
HSII,hr5305-114
HSWM,hr4213-114
HSPW,hr1371-114
SSEG,hr3844-114
HSII,hr3844-114
HSWM,hr3161-114
HSJU,hr4282-114
HSJU,hr1196-114
HSWM,hr1196-114
HSIF,hr1196-114
HSJU,hr3437-114
HSVR,hr621-114
HSPW,hr1308-114
HSWM,hr1308-114
HSJU,hr4073-114
HSGO,hr2144-114
HSVR,hr1015-114
HSIF,hr2247-114
HSWM,hr2247-114
HSIF,hr3171-114
HSIF,hr3396-114
HSII,hr1555-114
HSWM,hr928-114
HSIF,hr928-114
HSWM,hr1696-114
HSBA,hr1965-114
HSWM,hr2550-114
HSIF,hr2550-114
HSPW,hr911-114
HSBA,hr947-114
HSJU,hr1459-114
HSIF,hr3678-114
HSWM,hr3678-114
HSED,hr3961-114
HSIF,hr3961-114
HSWM,hr3961-114
SSAF,hr2394-114
HSAG,hr2394-114
HSIF,hr5140-114
HSBA,hr5511-114
HLIG,hr6393-114
HSED,hr5237-114
HSSY,hr5979-114
HSII,hr3734-114
SSFI,hr5170-114
HSWM,hr5170-114
HSBA,hr4485-114
HSIF,hr1629-114
HSIF,hr836-114
HSPW,hr505-114
HSIF,hr376-114
HSIF,hr492-114
HSWM,hr2952-114
SSBK,hr4992-114
HSBA,hr4992-114
HSIF,hr2734-114
HSED,hr6095-114
SSBK,hr2482-114
HSBA,hr2482-114
HSGO,hr3023-114
SSVA,hr3016-114
HSVR,hr3016-114
HSWM,hr4801-114
HSIF,hr4801-114
HSWM,hr2946-114
HSFA,hr2587-114
SSEV,hr3114-114
HSPW,hr3114-114
HSJU,hr4798-114
HSVR,hr2365-114
HSJU,hr2304-114
HSII,hr3211-114
HSPW,hr896-114
HSBA,hr4487-114
HSPW,hr4487-114
HSII,hr2276-114
SSBK,hr3662-114
HSBA,hr3662-114
HSFA,hr3662-114
HSIF,hr1600-114
HSIF,hr1400-114
HSVR,hr1380-114
HSII,hr3282-114
HSAG,hr3282-114
HSWM,hr3282-114
HSIF,hr3282-114
HSPW,hr1274-114
HSJU,hr3343-114
HSWM,hr2846-114
HSIF,hr2846-114
HSPW,hr5291-114
HSII,hr2-114
HSWM,hr2-114
HSBU,hr2-114
HSAG,hr2-114
HSJU,hr2-114
HSIF,hr2-114
HSVR,hr5190-114
HSPW,hr3880-114
HSAG,hr3880-114
HSII,hr3880-114
HSIF,hr3880-114
HSIF,hr3378-114
HSPW,hr5944-114
SSCM,hr2583-114
HSIF,hr2583-114
HSIF,hr6055-114
SSBK,hr233-114
HSBA,hr233-114
HSII,hr2910-114
SSBK,hr5594-114
HSBA,hr5594-114
HSJU,hr3425-114
HSAS,hr4298-114
HSVR,hr4298-114
HSAG,hr2849-114
HSBA,hr4302-114
HSED,hr5502-114
HSWM,hr5502-114
HSSY,hr2717-114
HSHM,hr5943-114
HSWM,hr2392-114
HSHA,hr2392-114
HSII,hr676-114
HSWM,hr676-114
HSIF,hr676-114
HSED,hr6117-114
HSJU,hr4278-114
HSBA,hr2141-114
SSCM,hr3584-114
HSHM,hr3584-114
HSAS,hr1769-114
HSVR,hr1769-114
HSJU,hr5067-114
HSIF,hr4058-114
HSJU,hr803-114
HSED,hr4681-114
HSSY,hr4350-114
HSJU,hr4350-114
HSIF,hr4350-114
HSHM,hr4350-114
HSFA,hr4350-114
HSAS,hr4350-114
HLIG,hr4350-114
HSGO,hr4350-114
HSIF,hr716-114
HSBA,hr4168-114
HSVR,hr1863-114
SSBK,hr3784-114
HSBA,hr3784-114
HSAP,hr5792-114
HSGO,hr5792-114
SSCM,hr4755-114
HSSY,hr4755-114
SSJU,s1333-114
SSFI,s3057-114
SSGA,s2007-114
SSEG,s2254-114
SSHR,s444-114
SSFI,s860-114
SSFR,s526-114
SSEG,s2568-114
SSVA,s2646-114
SSEV,s1204-114
SSCM,s3084-114
SSFI,s2364-114
SSHR,s781-114
SLIA,s1776-114
HSII,s2959-114
SLIA,s2959-114
SSJU,s201-114
HSWM,hr1587-114
HSPW,hr5782-114
HSIF,hr5782-114
SSVA,hr677-114
HSVR,hr677-114
SSBK,hr4139-114
HSBA,hr4139-114
HSIF,hr2110-114
HSII,hr1278-114
HSIF,hr1278-114
HSPW,hr1278-114
HSHM,hr6456-114
HSJU,hr6456-114
HSWM,hr6456-114
HSIF,hr1388-114
HSWM,hr5009-114
HSIF,hr5009-114
HSIF,hr724-114
HSWM,hr1571-114
HSIF,hr1571-114
HSJU,hr4069-114
HSHA,hr532-114
HSGO,hr532-114
SLIA,hr533-114
HSII,hr533-114
HSWM,hr4622-114
HSED,hr5702-114
HSJU,hr4001-114
HSED,hr5963-114
HSED,hr1893-114
HSIF,hr1552-114
HSWM,hr2126-114
HSIF,hr2126-114
HSIF,hr1717-114
SSHR,hr4976-114
HSIF,hr4976-114
HSII,hr395-114
HSIF,hr395-114
HSBU,hr395-114
HSPW,hr3863-114
SSFI,hr5713-114
HSIF,hr5713-114
HSIF,hr4932-114
HSWM,hr3017-114
HSII,hr328-114
HSED,hr3986-114
HSIF,hr3986-114
HSJU,hr726-114
HLIG,hr726-114
HSIF,hr938-114
SSEG,hr1268-114
HSIF,hr1268-114
HSII,hr3521-114
HSVR,hr1496-114
HSIF,hr2709-114
HSPW,hr2859-114
HSED,hr2062-114
HSJU,hr462-114
SSHR,hr1877-114
HSIF,hr1877-114
HSAS,hr1193-114
HSGO,hr1193-114
HSVR,hr6108-114
HSGO,hr2113-114
HSWM,hr1727-114
HSIF,hr1727-114
SSJU,hr2947-114
HSJU,hr2947-114
HSBA,hr1113-114
HSRU,hr1407-114
HSGO,hr1407-114
HSFA,hr5611-114
HSJU,hr5611-114
HSHM,hr5611-114
HSWM,hr6226-114
HSIF,hr6226-114
HSFA,hr1034-114
HSJU,hr4697-114
HSWM,hr4697-114
HSIF,hr4697-114
HSII,hr4871-114
HSIF,hr4234-114
HSAS,hr1177-114
SSVA,hr2360-114
HSVR,hr2360-114
HSIF,hr4694-114
HSBA,hr4694-114
HSPW,hr3142-114
HSWM,hr1169-114
HSED,hr678-114
HSWM,hr3006-114
HSVR,hr3980-114
HSWM,hr4695-114
HSIF,hr4695-114
HSWM,hr1609-114
HSED,hr4294-114
HSWM,hr4294-114
HSIF,hr3163-114
HSVR,hr3972-114
HSAS,hr3972-114
HSWM,hr3010-114
HSJU,hr5893-114
SSJU,hr2745-114
HSJU,hr2745-114
HSJU,hr2986-114
SSFR,hr1567-114
HSFA,hr1567-114
HSIF,hr6394-114
HSWM,hr1913-114
HSWM,hr1652-114
HSAG,hr2178-114
HSII,hr2178-114
HSWM,hr5721-114
HSIF,hr5721-114
HSII,hr3711-114
HSJU,hr2785-114
HSIF,hr1770-114
SSGA,hr455-114
HSHM,hr455-114
SSFI,hr1058-114
HSWM,hr1058-114
HSPW,hr1705-114
HSWM,hr6446-114
HSBA,hr6446-114
SSGA,hr5658-114
HSGO,hr5658-114
HSWM,hr547-114
HSBA,hr141-114
HSWM,hr4878-114
HSIF,hr4878-114
HSII,hr4558-114
HSAP,hr4558-114
HSJU,hr1700-114
HSWM,hr3856-114
HSJU,hr5224-114
HSFA,hr5224-114
SSFI,hr2505-114
HSIF,hr2505-114
HSWM,hr2505-114
HSVR,hr5337-114
HSBA,hr3796-114
HSWM,hr5772-114
HSIF,hr5772-114
HSIF,hr3384-114
HSPW,hr3384-114
HSSY,hr6294-114
HSGO,hr6294-114
HSII,hr697-114
HSVR,hr5600-114
HSPW,hr4171-114
SSEG,hr373-114
HSAG,hr373-114
HSII,hr373-114
HSIF,hr1455-114
HSWM,hr3356-114
HSIF,hr3356-114
HSWM,hr3339-114
HSIF,hr3339-114
HSED,hr1171-114
HSWM,hr1171-114
HSAP,hr3128-114
SSFR,sjres19-114
SSJU,sjres15-114
SSGA,sjres10-114
SSJU,sjres21-114
SSJU,sjres12-114
SSHR,sjres35-114
SSHR,sjres34-114
SSGA,sjres11-114
SSJU,sjres9-114
SSHR,sjres38-114
SSJU,sjres5-114
SSFR,sjres20-114
SSFR,sjres32-114
SSJU,sjres6-114
SSJU,sjres1-114
SSFR,sjres26-114
SSEV,sjres22-114
SSCM,sjres14-114
SSJU,sjres36-114
SSHR,sjres37-114
SSAF,sjres28-114
SSHR,sjres8-114
SSJU,sjres16-114
SSEV,sjres24-114
SSHR,sjres33-114
SSEV,sjres25-114
SSEV,sjres23-114
SSFR,sjres39-114
SSVA,s171-114
SSCM,s1692-114
SSEV,s263-114
SSJU,s381-114
SSBK,s445-114
SSEV,s595-114
SSJU,s3446-114
SSFI,s1235-114
SSVA,s1152-114
SSGA,s1818-114
SSHR,s1473-114
SSEG,s3004-114
SSAF,s475-114
SSGA,s2975-114
SLIA,s3013-114
SSGA,s3172-114
SSFI,s1964-114
SSEG,s1623-114
SSHR,s789-114
SSEG,s886-114
SSFI,s2605-114
SSFR,s224-114
SSGA,s742-114
SSCM,s2684-114
SSFI,s1349-114
SSEG,s1037-114
SSSB,s2847-114
SSBU,s235-114
SSFI,s450-114
SSSB,s2116-114
SSHR,s2150-114
SSHR,s2226-114
SSHR,s2064-114
SSGA,s458-114
SSCM,s2764-114
SSJU,s512-114
SSSB,s1827-114
SSFI,s1827-114
SSAF,s1560-114
SSHR,s1998-114
SSJU,s1385-114
SSEG,s1340-114
SSBU,s289-114
SSHR,s2994-114
SSSB,s1001-114
SSHR,s1065-114
SSHR,s2567-114
SSGA,s168-114
SSHR,s1369-114
SSFI,s2293-114
SSCM,s1524-114
SSJU,s3145-114
SSFI,s343-114
SSEG,s1662-114
SSHR,s671-114
SSGA,s280-114
SSBK,s1978-114
SSJU,s2192-114
SSFI,s2399-114
SSEG,s2954-114
SSFI,s3529-114
SSJU,s1659-114
SSHR,s3412-114
SSAP,s3001-114
SSCM,s1430-114
SSEG,s2548-114
SSAF,s2892-114
SSFI,s1940-114
SSFI,s574-114
SSBK,s3398-114
SSFI,s202-114
SSEG,s883-114
SSFI,s377-114
SSCM,s430-114
SSFI,s539-114
SSEV,s983-114
SSCM,s976-114
SSGA,s2969-114
SSSB,s1137-114
SSJU,s1137-114
SSEV,s2481-114
HSWM,s607-114
SSFI,s607-114
SSHR,s570-114
HSWM,s1461-114
HSIF,s1461-114
SSFI,s1461-114
SSEV,s2281-114
SSGA,s1688-114
HSSY,s2058-114
SSCM,s2058-114
SSVA,s684-114
SSJU,s1735-114
SSFI,s488-114
SSHR,s3209-114
SSFI,s3248-114
SSJU,s2363-114
SSEG,s2533-114
HSGO,s565-114
SSGA,s565-114
SSEG,s1552-114
SSFI,s2809-114
SSFI,s1736-114
SSEV,s2583-114
SSFI,s2823-114
SSGA,s2688-114
SSFI,s173-114
SSFI,s157-114
SSFI,s149-114
SSEG,s610-114
SSCM,s766-114
SSFI,s989-114
SSGA,s2968-114
SSJU,s337-114
SSFR,s2629-114
SSAP,s2423-114
SSEG,s15-114
SSHR,s1122-114
SSCM,s1208-114
SSVA,s2052-114
SSHR,s251-114
SSFI,s101-114
SSGA,s461-114
SSFI,s753-114
SSBK,s477-114
SSAF,s2529-114
SSFI,s3175-114
SSEV,s3278-114
SSFI,s845-114
SSVA,s297-114
SSHR,s2110-114
SSFI,s3504-114
SSHR,s636-114
SSEG,s146-114
SSSB,s552-114
SSFR,s3010-114
SSRA,s3499-114
SSFI,s879-114
SSFI,s2478-114
SSFI,s909-114
SSFI,s2472-114
SSAS,s1022-114
SSEG,s1264-114
HSED,s192-114
SSHR,s192-114
HSPW,s612-114
SSEV,s612-114
SSVA,s1286-114
SSFI,s619-114
SSFI,s332-114
SSEG,s2907-114
SSHR,s2803-114
SSFI,s3257-114
SSFI,s2264-114
SSBK,s1901-114
SSBK,s1734-114
SSJU,s1469-114
SSJU,s407-114
SSGA,s2582-114
SSFI,s2702-114
SSEG,s1227-114
SSEG,s393-114
SSSB,s2751-114
SSFI,s2196-114
SSEG,s3020-114
SSJU,s2336-114
SSEG,s791-114
SSHR,s2015-114
SSAF,s3136-114
SSCM,s2227-114
SSEV,s2876-114
SSCM,s2283-114
SSEG,s1449-114
SSJU,s1158-114
SSBK,s2216-114
SSBK,s107-114
SSEV,s2729-114
SSGA,s2269-114
SSEG,s1294-114
SSEG,s1232-114
SSGA,s278-114
SSCM,s533-114
SSAF,s1655-114
SSSB,s1996-114
SSFI,s1996-114
SLIA,s3234-114
SSEG,s1068-114
SSHR,s1014-114
SSHR,s894-114
SSHR,s1060-114
SSBK,s2038-114
SLIA,s1928-114
SSBK,s1367-114
SSHR,s771-114
SSFI,s466-114
SSEG,s953-114
SSFI,s2166-114
SSJU,s2344-114
SSHR,s2151-114
SSFI,s912-114
SSHR,s2685-114
SSGA,s406-114
SSHR,s2338-114
SSJU,s2027-114
SSHR,s288-114
SSSB,s379-114
SSFI,s379-114
SSHR,s265-114
SSHR,s2142-114
SSCM,s787-114
SSGA,s3134-114
SSVA,s172-114
SSFI,s2118-114
SSEV,s1393-114
HSED,s227-114
SSHR,s227-114
SSFI,s793-114
SSJU,s255-114
SSFI,s2977-114
SSFI,s5-114
SSEV,s1036-114
SSEG,s1696-114
SSHR,s689-114
SSAP,s744-114
SSEG,s782-114
SSEV,s782-114
SSGA,s1742-114
SSHR,s2095-114
SSHR,s2248-114
HSJU,s2348-114
SSJU,s2348-114
SSFI,s601-114
SSFI,s1023-114
SSHR,s801-114
SSAF,s1844-114
SSAS,s2814-114
SSFI,s470-114
SSGA,s2604-114
HSPW,s571-114
SSCM,s571-114
SSEG,s1319-114
SSFI,s1562-114
SSVA,s2772-114
SSJU,s2862-114
SSEG,s1078-114
SSCM,s1806-114
SSFI,s1771-114
SSFI,s3130-114
SSJU,s2266-114
SSFI,s3392-114
SSJU,s166-114
SSEG,s1054-114
SSAP,s1800-114
SSGA,s2976-114
SSBK,s798-114
SSFI,s3195-114
SSFI,s367-114
SSJU,s757-114
HSWM,hr5713-114
HSIF,hr2101-114
SSJU,hr181-114
HSJU,hr181-114
SSGA,hr4361-114
HSGO,hr4361-114
HSIF,hr2566-114
SSEG,hr5638-114
HSSY,hr5638-114
HSPW,hr88-114
HSHM,hr82-114
HSIF,hr287-114
HSRU,hr1040-114
HSWM,hr1040-114
HSIF,hr6449-114
SSVA,s170-114
SLIA,s2636-114
SSEG,s1699-114
SSBK,s67-114
SSAS,s358-114
SSEG,s1052-114
SSFI,s2173-114
SSEG,s1160-114
SSFI,s686-114
SSEG,s888-114
SSJU,s1860-114
SSJU,s27-114
SSEV,s934-114
SSFI,s1190-114
SSAF,s287-114
SSHR,s2961-114
SSVA,s1676-114
SSAF,s1745-114
SSFI,s376-114
SSFI,s851-114
SSEG,s2177-114
SSCM,s1297-114
SSEG,s2579-114
SSHR,s496-114
SSAP,s2654-114
SSHR,s2467-114
SSAS,s2563-114
SSVA,s2331-114
SSFI,s169-114
SSEG,s1930-114
SSEG,s939-114
SSFI,s1012-114
SSAP,s2844-114
SSFI,s1381-114
SSEG,s55-114
SSJU,s2209-114
SSCM,s127-114
SSAS,s1437-114
SSEV,s2993-114
SSEV,s58-114
SSCM,s1174-114
SSVA,s602-114
SSEG,s1240-114
SSHR,s2217-114
HSPW,s1180-114
SSGA,s1180-114
SSFI,s969-114
SSHR,s2713-114
SSJU,s1738-114
SSFI,s2998-114
SSCM,s2319-114
SSHR,s2881-114
SSEG,s1723-114
SSFI,s3435-114
SSFI,s3237-114
SSSB,s1099-114
SSHR,s1099-114
SSEG,s593-114
SSFI,s709-114
SSJU,s3323-114
SSEG,s2383-114
SSBK,s2752-114
SSRA,s229-114
SSBK,s1679-114
SSSB,s1679-114
SSEG,s583-114
SSJU,s1850-114
SSVA,s1754-114
SLIA,s2920-114
SSGA,s2849-114
SSEV,s110-114
SSBK,s2867-114
HSII,s2328-114
SSAS,s1376-114
SSEV,s2587-114
SSBK,s1309-114
SSVA,s2919-114
SSFI,s917-114
SSVA,s207-114
SSHR,s2067-114
SSFR,s2009-114
SSJU,s1353-114
SSFI,s616-114
SSAS,s1136-114
SSGA,s2430-114
SSFI,s1637-114
SSRA,s1139-114
SSFI,s3137-114
SSVA,s2048-114
SSCM,s1331-114
SSJU,s217-114
SSFI,s1644-114
SSCM,s3059-114
SSHR,s581-114
SSEG,s1285-114
SSHR,s649-114
SSEG,s2083-114
SSVA,s374-114
SSJU,s772-114
SSAF,s2243-114
SSFI,s161-114
SSBU,s399-114
SSHR,s3039-114
SSJU,s1327-114
SSEG,s1270-114
SSFI,s162-114
SSJU,s560-114
SSEG,s188-114
SSEG,s2841-114
SSEG,s1275-114
SSEV,s1324-114
SSEG,s1026-114
SSJU,s877-114
SSVA,s833-114
SSGA,s1746-114
SSCM,s1403-114
SSRA,s3252-114
SSHR,s1128-114
SSEV,s2659-114
SSJU,s1507-114
HSII,s1886-114
HSSY,s1886-114
SSCM,s1886-114
SSEV,s225-114
SSVA,s2316-114
SSAF,s3350-114
SSBK,s1813-114
SSFI,s2618-114
SSSB,s1400-114
SSBK,s1249-114
SSEG,s346-114
SSHR,s2424-114
SSVA,s398-114
SSCM,s1741-114
SSEG,s1228-114
SSFI,s3470-114
SSFI,s1488-114
SSEV,s3508-114
SSHR,s2634-114
SSFI,s2416-114
SSHR,s3147-114
SSJU,s2483-114
SSFI,s1459-114
SSFI,s908-114
SSHR,s1939-114
SSJU,s542-114
SSBK,s2716-114
SLIA,s1822-114
SSFI,s2099-114
SSBU,s1475-114
SSJU,s1475-114
SSAF,s1712-114
SSGA,s226-114
SSAS,s1819-114
SSFI,s1005-114
SSEG,s1690-114
SSFI,s1514-114
SSHR,s3391-114
SSEV,s460-114
SSFI,s1809-114
SSVA,s2921-114
SSBK,s2988-114
SSHR,s2221-114
SSHR,s864-114
SSBK,s2531-114
HSIF,s209-114
HSII,s209-114
SLIA,s209-114
SSFI,s2218-114
SSHR,s2859-114
SSHR,s2272-114
SSFI,s254-114
SSFI,s260-114
SSGA,s1411-114
SSEV,s504-114
SSAS,s831-114
SLIA,s410-114
SSEV,s1700-114
SSEG,s1936-114
SSCM,s3088-114
SSJU,s2295-114
SSJU,s3376-114
SSJU,s2612-114
SSHR,s2055-114
SSEG,s1280-114
SSFI,s843-114
SSEG,s2257-114
SSFI,s1795-114
SSFI,s2821-114
SSHR,s2176-114
SSFI,s2874-114
SLIA,s230-114
SSFI,s1531-114
SSFR,s1789-114
SSHR,s2947-114
SSHR,s1590-114
SSGA,s2852-114
SSAS,s646-114
SSJU,s356-114
SSAF,s2917-114
SSFI,s839-114
SSVA,s3141-114
SSJU,s2401-114
SSFI,s3091-114
SSFI,s3311-114
SSFI,s699-114
SSFI,s2474-114
SSAS,s1835-114
SSHR,s9-114
SSHR,s130-114
SSFI,s790-114
SSFI,s2789-114
SSVA,s3023-114
SSFR,s2230-114
SSSB,s115-114
SSCM,s1972-114
SSFI,s1148-114
SSEG,s1224-114
SSVA,s2719-114
SSCM,s1680-114
SSHR,s478-114
SSJU,s36-114
SSEV,s1769-114
SSAS,s1988-114
SSEG,s1276-114
SSEG,s1533-114
SSFR,s2079-114
SSGA,s208-114
SSEG,s1220-114
SSFI,s2542-114
SSFI,s77-114
SSHR,s2188-114
SSBK,s1330-114
SSFI,s2565-114
SSFI,s1778-114
SSGA,s1378-114
SSEG,s3203-114
SLIA,s986-114
SSJU,s163-114
SSBK,s1617-114
SSCM,s1464-114
SSHR,s3253-114
SSCM,s2599-114
SSHR,s2782-114
SSCM,s3402-114
SSEG,s1223-114
SSFI,s3382-114
SSBK,s3219-114
HSGO,s1550-114
SSGA,s1550-114
SSHR,s1981-114
SSGA,s991-114
SSFR,s525-114
SSFI,s210-114
SSBU,s3126-114
SSHR,s2301-114
SSVA,s841-114
SSBK,s2725-114
SSAF,s3229-114
SSFI,s948-114
SSHR,s800-114
SSFI,s3454-114
SSFI,s148-114
SSFI,s484-114
SSCM,s3501-114
SSGA,s2908-114
SSFI,s4-114
SSGA,s846-114
SSFI,s2662-114
SSHR,s3190-114
SSJU,s1113-114
SSBK,s3405-114
SSEG,s1038-114
SSFI,s1753-114
SSEG,s361-114
SSEV,s518-114
SSCM,s3026-114
SSAS,s2470-114
SSBK,s495-114
SSJU,s3241-114
SSHR,s3230-114
SSAF,s1110-114
SSEV,s1763-114
SSFI,s3436-114
SSEG,s1222-114
SSEG,s3316-114
SSFI,s807-114
SSFI,s129-114
SSJU,s3144-114
SSAS,s1815-114
SSVA,s1938-114
SSFI,s181-114
SSJU,s2029-114
SSHR,s2927-114
SSAF,s463-114
SSVA,s1797-114
SSCM,s532-114
SSAP,s1645-114
SLIA,s818-114
SSFI,s1127-114
SSCM,s1739-114
SSCM,s1360-114
SSHR,s197-114
SSEV,s2795-114
SSCM,s668-114
HSJU,s1352-114
HSBU,s1352-114
HSED,s1352-114
SSHR,s1352-114
SSEG,s2012-114
SSVA,s627-114
SSBK,s2720-114
SSHR,s1588-114
SSEG,s562-114
SSFI,s2346-114
SSHR,s2640-114
SSEG,s1277-114
SSRA,s2755-114
SSEV,s725-114
SSVA,s714-114
SSVA,s1534-114
SSEG,s872-114
SSFI,s3459-114
SSAP,s2804-114
SSJU,s1123-114
SSEG,s982-114
SSBK,s576-114
SLIA,s2304-114
HSIF,s2261-114
HSWM,s2261-114
SSFI,s2261-114
SSHR,s2647-114
SSEG,s1104-114
SSEV,s2835-114
SSEG,s631-114
SSFI,s1728-114
SSHR,s2572-114
SSHR,s108-114
SSCM,s2817-114
SSAF,s1733-114
SSCM,s561-114
SSFI,s3156-114
SSHR,s2491-114
SLIA,s1984-114
SSCM,s3202-114
SSFI,s1548-114
SSHR,s1661-114
SSHR,s796-114
SSVA,s1885-114
SSJU,s1245-114
SSFI,s1429-114
SSJU,s2801-114
SSBU,s765-114
SSFI,s3065-114
SSFI,s1396-114
SSHR,s775-114
SSCM,s3421-114
SSFR,s2692-114
SSEG,s3066-114
SSEG,s1278-114
SSEG,s937-114
SSFI,s473-114
SSJU,s3053-114
SSGA,s3263-114
SSFI,s1186-114
SSCM,s2080-114
SSHR,s2578-114
SLIA,s1704-114
SSHR,s974-114
SSBK,s978-114
SSHR,s3455-114
SSVA,s2175-114
SSFI,s2456-114
SSHR,s2041-114
SSHR,s2799-114
SSSB,s2846-114
SSHR,s773-114
SSVA,s270-114
SSFI,s2758-114
HSJU,s10-114
SSEG,s329-114
SSJU,s3393-114
SSFI,s3139-114
SSHR,s1767-114
SSHR,s412-114
SSCM,s2642-114
SSVA,s425-114
HSPW,s808-114
SSCM,s808-114
SSBK,s65-114
SSJU,s2249-114
SSCM,s1076-114
SSJU,s1080-114
SSFR,s2307-114
SSHR,s233-114
SSJU,s2444-114
SSFI,s2059-114
SSFI,s2353-114
SSSB,s957-114
SSFI,s3182-114
HSII,s286-114
SLIA,s286-114
SSFI,s1651-114
SSFI,s3374-114
SSFI,s1003-114
SSGA,s3217-114
SSHR,s1392-114
SSCM,s1209-114
SSFI,s279-114
SSFI,s137-114
HSHA,hr6449-114
HSII,hr3121-114
HSJU,hr94-114
HSWM,hr4894-114
HSJU,hr4894-114
HSAG,hr4894-114
HSBA,hr4894-114
HSGO,hr4922-114
HSED,hr1234-114
HSWM,hr1234-114
HSIF,hr1234-114
HSWM,hr1581-114
HSAG,hr4160-114
HSIF,hr4160-114
HSIF,hr1427-114
HSWM,hr1427-114
HSVR,hr2863-114
HSED,hr5148-114
HSJU,hr2919-114
HSIF,hr4682-114
HSED,hr4617-114
SSJU,hr246-114
HSED,hr246-114
SLIA,s1983-114
SSEG,s814-114
SSJU,s62-114
SSFI,s1438-114
SSVA,s1493-114
SSEG,s1657-114
SSBK,s1206-114
SSHR,s1061-114
HSFA,s2152-114
SSFR,s2152-114
SSVA,s2633-114
SSFI,s1016-114
SLIA,s383-114
SSRA,s2611-114
SSVA,s241-114
SSFI,s2457-114
SSJU,s2323-114
SSGA,s2972-114
SSHR,s1958-114
SSHR,s2263-114
SSHR,s1664-114
SSVA,s471-114
SSEV,s2163-114
SSVA,s2493-114
SSEV,s2541-114
SSHR,s2748-114
SSGA,s3494-114
SSGA,s236-114
SSFI,s2368-114
HSHA,s1555-114
HSBA,s1555-114
SSBK,s1555-114
SSHR,s1772-114
SSFI,s2498-114
SSAS,s1290-114
SSEV,s519-114
SSJU,s2270-114
SSEV,s2358-114
SSGA,s2973-114
SSVA,s1991-114
SSAS,s587-114
SSHR,s1185-114
SSBK,s2433-114
SSCM,s1260-114
SSAS,s2596-114
SSGA,s2738-114
SSJU,s1321-114
SSJU,s1752-114
SSBK,s1484-114
SSEG,s3027-114
SSBK,s264-114
SSEG,s816-114
SSHR,s2256-114
SLIA,s2796-114
SSFI,s660-114
SSJU,s291-114
HSIF,s349-114
SSFI,s349-114
SSFI,s2153-114
SSVA,s1082-114
SSBK,s710-114
SLIA,s710-114
SLIA,s248-114
SSHR,s3320-114
SSHR,s1836-114
SSBK,s1816-114
SSHR,s1790-114
SSFI,s1364-114
SSFI,s2774-114
SSEV,s1803-114
SSFR,s713-114
SSCM,s1626-114
SSFR,s669-114
SSBK,s1720-114
SSFI,s1852-114
SSEG,s1207-114
SSCM,s806-114
SSAS,s1386-114
SSVA,s717-114
SSAS,s327-114
SSEG,s3080-114
SSFI,s2813-114
SSVA,s1557-114
SSGA,s2946-114
SSFI,s3463-114
SSJU,s1668-114
SSEV,s1647-114
SSBK,s1909-114
SSVA,s2049-114
SSBK,s1957-114
SSAS,s1992-114
SSJU,s675-114
SSFI,s2703-114
SSBK,s1633-114
SSEG,s1894-114
SSCM,s2728-114
SSHR,s2388-114
SSVA,s3249-114
SSAP,s2806-114
SSFI,s31-114
SSFI,s1354-114
SSSB,s2707-114
SSHR,s2707-114
SSCM,s3259-114
SSHR,s311-114
SSHR,s1112-114
SSGA,s779-114
SSEV,s762-114
SSJU,s2356-114
SSCM,s3074-114
SSCM,s1545-114
SSEG,s1794-114
SSEG,s1283-114
SSEV,s1024-114
SSFI,s905-114
HSIF,s1893-114
SSHR,s1893-114
SSFI,s315-114
SSGA,s2133-114
SSBK,s1481-114
SSEG,s2380-114
SSFR,s3256-114
SSHR,s898-114
SSFI,s2525-114
SSGA,s86-114
SSCM,s2547-114
SSJU,s2561-114
SSFI,s1198-114
SSFI,s949-114
SSAF,s1100-114
SSFI,s183-114
SSFI,s973-114
SSHR,s2744-114
SSFI,s42-114
SSEG,s1230-114
SSEG,s720-114
SSFI,s735-114
SSFI,s861-114
SSAP,s3000-114
SSFR,s3274-114
SSFI,s384-114
SSJU,s2365-114
SSRA,s1571-114
SSHR,s856-114
SSFI,s2186-114
SSFI,s716-114
SSEV,s2673-114
SSFI,s2373-114
SLIN,s754-114
SSEG,s1053-114
SSFI,s1131-114
SSAF,s1966-114
SSHR,s441-114
SSFI,s1906-114
SSHR,s799-114
SSFI,s2092-114
SSGA,s606-114
SSFI,s386-114
SSHR,s882-114
SSJU,s2390-114
SSFI,s1168-114
SSHR,s1075-114
SSCM,s1414-114
SSHR,s1205-114
SLIA,s465-114
SSFI,s2045-114
SSBK,s2028-114
SSCM,s573-114
SSEG,s1216-114
SSHR,s2037-114
SSCM,s1474-114
SSJU,s1351-114
SSBK,s3347-114
SSCM,s1161-114
SSJU,s3106-114
SSJU,s2495-114
SSFI,s2354-114
SSFI,s727-114
SSFI,s1175-114
SSHR,s2697-114
SSFI,s1267-114
SSFI,s2471-114
SSHR,s2001-114
SSEG,s1985-114
SSBK,s2452-114
SSFR,s2452-114
SSBK,s985-114
SSFI,s1371-114
SSEV,s1081-114
SSFI,s2750-114
HSII,s246-114
SLIA,s246-114
SSJU,s524-114
SSFI,s275-114
SSEG,s494-114
SSEV,s2076-114
SSJU,s498-114
SSFI,s2350-114
SSHR,s706-114
SSFI,s960-114
SSEG,s1971-114
SLIA,s2785-114
SSHR,s605-114
SSEV,s2466-114
SSEG,s365-114
SSHR,s2932-114
SSEG,s2155-114
SSHR,s2180-114
SSAS,s2943-114
SSJU,s3306-114
SSFI,s2271-114
SSJU,s2594-114
SSEG,s1304-114
SSFI,s1871-114
SSFI,s3292-114
SSFI,s2387-114
SSFI,s2220-114
SSJU,s60-114
SSAS,s1821-114
HSIF,s1878-114
SSHR,s1878-114
SSBK,s3465-114
SSEG,s147-114
SSFI,s3173-114
SSFI,s836-114
SSSB,s2670-114
SSCM,s2670-114
SSEV,s3498-114
SSJU,s1092-114
SSJU,s483-114
SSJU,s48-114
SSFI,s2623-114
SSFR,s677-114
SSFI,s1361-114
SSCM,s2558-114
SSJU,s247-114
SSEG,s630-114
SSCM,s760-114
SSHR,s1606-114
SSFI,s1412-114
SSEV,s705-114
SSEG,s3342-114
SSJU,s662-114
SSFI,s2595-114
SSFI,s298-114
SSFI,s930-114
SSHR,s2443-114
SSFI,s420-114
SSAP,s2955-114
SSGA,s2834-114
SSCM,s3346-114
SSJU,s3184-114
SSEG,s2384-114
SSCM,s769-114
SSJU,s2115-114
SLIN,s794-114
SSJU,s2538-114
SSAS,s2928-114
HSGO,s1698-114
SSCM,s3038-114
SSFR,s2645-114
SSHR,s1566-114
SSEV,s751-114
SSFI,s531-114
SSFI,s688-114
SSJU,s2544-114
SSEV,s1554-114
SSEG,s1226-114
SSJU,s3515-114
SSFR,s302-114
SSJU,s3073-114
SSBK,s2598-114
SSBK,s2268-114
SSJU,s178-114
SSAS,s1118-114
SSJU,s2415-114
SSEG,s1046-114
SSEV,s293-114
SSHR,s370-114
SSHR,s3429-114
SSFI,s1913-114
SSCM,s1433-114
SSFI,s2097-114
SLIA,s3222-114
SSFI,s446-114
SSJU,s2019-114
SSCM,s3086-114
SSFI,s987-114
SSVA,s604-114
SSAS,s2137-114
SSAS,s2910-114
HSJU,s993-114
SSJU,s993-114
SSEG,s3394-114
SSHR,s3417-114
SSFI,s2392-114
SSFI,s395-114
SSHR,s1765-114
SSHR,s83-114
SSFI,s3036-114
SSFI,s116-114
SSBK,s3321-114
SSFI,s2327-114
SSGA,s2723-114
SSFI,s1465-114
HSJU,s1576-114
HSGO,s1576-114
SSGA,s1576-114
SSFI,s698-114
SSVA,s3029-114
SSEV,s2808-114
SSGA,s1846-114
SSHR,s1512-114
SSVA,s1021-114
SSHR,s2190-114
SLIA,s3127-114
SSAF,s569-114
SSFI,s2108-114
SSBU,s759-114
SSHR,s1630-114
SSEG,s2524-114
SSJU,s1858-114
SSEG,s326-114
SSBK,s3491-114
SSEV,s1888-114
SSBK,s423-114
SSFI,s1757-114
SSEG,s718-114
SSHR,s1062-114
SSFI,s422-114
SSEV,s156-114
HSED,s1719-114
SSHR,s1719-114
SSHR,s988-114
SSCM,s1244-114
SSAP,s2843-114
SSEV,s120-114
SSFI,s1517-114
SSHR,s63-114
SSEG,s1955-114
SSFR,s633-114
SSBU,s3240-114
SSAP,s3363-114
SSVA,s743-114
SSEG,s1274-114
SSJU,s2931-114
SSFI,s1466-114
SSGA,s2369-114
SSBK,s1440-114
SSGA,s17-114
SSVA,s3198-114
SSBK,s3092-114
SSEV,s66-114
SSJU,s2168-114
SSHR,s2172-114
SSFI,s2191-114
HSPW,s546-114
SSGA,s546-114
SSAS,s2870-114
SLIA,s2711-114
SSGA,s189-114
SSVA,s2334-114
SSHR,s3239-114
SSAF,s2810-114
SSFR,s868-114
SSBK,s510-114
SSEG,s1225-114
SSEV,s2569-114
SSFI,s2159-114
SSCM,s650-114
SSEG,s2627-114
SSFI,s629-114
SSGA,s21-114
SSVA,s1693-114
SSEV,s2899-114
SSCM,s1511-114
SSEG,s1201-114
SSFI,s2698-114
SSCM,s2325-114
SSEV,s1140-114
SSHR,s2141-114
SSSB,s2793-114
HSIF,s139-114
HSWM,s139-114
SSFI,s139-114
SSAS,s1502-114
SSFI,s1486-114
SSFI,s266-114
SSBU,s515-114
SSEG,s403-114
SSVA,s2520-114
SSEG,s1416-114
SSGA,s1897-114
SSEV,s1147-114
SSEG,s2011-114
SSHR,s123-114
SSHR,s2974-114
SSFI,s344-114
SSHR,s2511-114
SSFI,s981-114
SSEG,s259-114
SSFI,s12-114
SSFI,s257-114
SSFI,s1439-114
SSFI,s155-114
SSEG,s1342-114
SSFI,s673-114
SSCM,s1087-114
SSBK,s970-114
SSHR,s2174-114
SSJU,s1814-114
SSCM,s654-114
SSJU,s2510-114
SSFI,s922-114
SSBK,s585-114
SSEV,s1689-114
SSCM,s2769-114
SSVA,s1303-114
SSBK,s2315-114
SSEV,s736-114
SSVA,s2120-114
SSFI,s1604-114
SSCM,s2667-114
SLIA,s1436-114
SSEG,s132-114
SSEV,s2326-114
SSFI,s91-114
SSCM,s142-114
SSJU,s29-114
SSFI,s648-114
SSJU,s1595-114
SSBK,s702-114
SSFI,s1129-114
SSJU,s3155-114
SSBU,s2294-114
SSFI,s829-114
SSFI,s2492-114
SSEG,s1316-114
SSEV,s691-114
SSEG,s1233-114
SSJU,s2054-114
SSEV,s371-114
SSEG,s1048-114
SSJU,s2763-114
SSGA,s164-114
SSGA,s2006-114
SSEV,s1918-114
SSHR,s1426-114
SSJU,s1189-114
SSFI,s2759-114
HSGO,s1629-114
SSGA,s1629-114
SSCM,s2644-114
SSJU,s1610-114
SSFI,s2539-114
SSVA,s2170-114
SSAS,s1356-114
SSEG,s1033-114
SSHR,s2689-114
SSCM,s1563-114
SSAP,s1558-114
SSRA,s1838-114
SSBK,s301-114
SSEV,s2732-114
SSJU,s2002-114
SSHR,s2765-114
HSIF,s611-114
SSEV,s611-114
HSIF,s2512-114
SSHR,s2512-114
SSFI,s1880-114
SSHR,s923-114
SLIN,s1705-114
SSAF,s1937-114
SSCM,s547-114
SSHR,s3189-114
SSEG,s3012-114
SSJU,s353-114
SSEG,s1221-114
SSHR,s3101-114
SSEG,s508-114
SSFI,s1301-114
SSGA,s1487-114
HSJU,s1890-114
SSJU,s1890-114
SSFR,s2901-114
SSCM,s1608-114
SSFI,s809-114
SSJU,s1760-114
SSJU,s1773-114
SSCM,s1743-114
SSFI,s2484-114
SSBK,s2292-114
SSGA,s1144-114
SSEV,s234-114
SSCM,s135-114
SSHR,s1920-114
SSHR,s1898-114
HSPW,s1479-114
HSIF,s1479-114
SSEV,s1479-114
SSVA,s1257-114
SSFI,s1253-114
SSJU,s729-114
SSFR,s1887-114
SSHR,s2615-114
SSFI,s1650-114
SSCM,s2585-114
SSHR,s761-114
SSEG,s1181-114
SSEG,s556-114
HSIF,s1362-114
HSWM,s1362-114
SSFI,s1362-114
HSGO,s1596-114
SSGA,s1596-114
SSVA,s1358-114
SSAF,s1146-114
SSCM,s3095-114
SSHR,s50-114
SSJU,s1169-114
SSCM,s1250-114
SSHR,s1031-114
SLIN,s3017-114
SSFI,s3188-114
SSEG,s145-114
SSFI,s3365-114
SSEG,s414-114
SSCM,s1788-114
SSAF,s1539-114
SSEG,s1420-114
SSFI,s758-114
SSVA,s151-114
SSFI,s3338-114
SSFI,s215-114
SSCM,s2607-114
SSHR,s672-114
SSVA,s1862-114
SSAF,s2651-114
SSFI,s429-114
SSFI,s187-114
SSGA,s39-114
SSCM,s2219-114
SSJU,s3542-114
SSFR,s2201-114
SSGA,s2509-114
SSEG,s1312-114
SSGA,s1990-114
SSEG,s2164-114
SSCM,s424-114
SSHR,s1317-114
SSVA,s1117-114
SSEG,s1428-114
SSGA,s2918-114
SSSB,s2156-114
SSJU,s2156-114
SSFI,s2648-114
SSEG,s2101-114
SSJU,s1133-114
SSHR,s1505-114
SSEG,s1780-114
SSJU,s502-114
SSEG,s2017-114
SSFR,s1867-114
SSGA,s2664-114
SSEG,s454-114
SPAG,s3096-114
SSFI,s3096-114
SSVA,s865-114
HSJU,s665-114
SSJU,s665-114
SSFI,s2202-114
SSFI,s537-114
SSHR,s622-114
SSAS,s1625-114
SSFI,s341-114
SSFI,s2068-114
SSEG,s651-114
SSEG,s1375-114
SSFI,s1164-114
SSCM,s1335-114
SSVA,s2013-114
SSEG,s703-114
SSEG,s1310-114
SSEG,s1237-114
SLIA,s1419-114
SSHR,s2014-114
SSAF,s3200-114
SSHR,s1177-114
SSFI,s174-114
SSSB,s2626-114
SSCM,s2626-114
SSFI,s1268-114
HSAS,s1170-114
HSIF,s1170-114
HSGO,s1170-114
SSGA,s1170-114
SSBK,s2790-114
SSEV,s697-114
SSVA,s285-114
SSJU,s2034-114
SSFI,s2655-114
SSEG,s2476-114
SSHR,s2463-114
SSFR,s1238-114
SSCM,s900-114
SSGA,s3452-114
SSJU,s2362-114
SSGA,s2340-114
SSBK,s3442-114
SSFR,s2385-114
SSJU,s467-114
SSHR,s486-114
SSHR,s516-114
SSFI,s2124-114
SSFI,s910-114
SSHR,s1195-114
SSAF,s345-114
SSHR,s1908-114
SSEV,s638-114
SSFI,s3360-114
SSCM,s3187-114
SSJU,s1965-114
SSFI,s2251-114
SSFI,s1373-114
SSEG,s1583-114
SSAS,s2403-114
SSCM,s1114-114
SSFI,s903-114
SSFI,s3107-114
SSJU,s2377-114
SSEG,s1405-114
SSHR,s580-114
SSFI,s1444-114
SSFI,s2981-114
SSJU,s1553-114
SSEG,s1215-114
HSII,s3282-114
SSHR,s2043-114
SSEG,s1272-114
SSJU,s2066-114
SSCM,s3379-114
SSHR,s746-114
SSBU,s2260-114
SSFI,s2010-114
SSFI,s3177-114
SSCM,s1551-114
SSCM,s2536-114
SSBU,s493-114
SSFI,s906-114
SSGA,s3120-114
SSFI,s2320-114
SSFI,s2904-114
SLIA,s2468-114
SSFI,s624-114
SSEV,s468-114
SSFR,s2207-114
SSEG,s2805-114
SSHR,s355-114
SSAS,s409-114
SSGA,s2167-114
SSFI,s2606-114
SSEV,s462-114
SSHR,s2945-114
SSGA,s2450-114
SSSB,s1546-114
HSJU,s2614-114
HSED,s2614-114
SSJU,s2614-114
SSAS,s1839-114
SSFI,s679-114
SSFI,s998-114
SSEG,s2309-114
SSHR,s2621-114
SSEG,s828-114
SSJU,s3359-114
SSJU,s2504-114
SSAF,s388-114
SSEG,s1171-114
SSJU,s1178-114
SSEV,s1178-114
SSFI,s2245-114
SSFI,s1151-114
SSEG,s1422-114
SSEG,s2069-114
SSVA,s114-114
SSHR,s2718-114
SSHR,s2503-114
SSHR,s2267-114
SSFI,s599-114
SSHR,s2948-114
SSBK,s3153-114
SSEG,s1975-114
SSCM,s2602-114
SSFI,s2351-114
SSGA,s554-114
SSHR,s2432-114
SSVA,s469-114
SSHR,s2427-114
SSHR,s1832-114
SSEG,s1217-114
SSGA,s1807-114
SSBK,s1963-114
SLIA,s1761-114
SSCM,s3087-114
SSHR,s2107-114
SSHR,s2322-114
SSEG,s1510-114
SSFI,s2996-114
SSHR,s182-114
SSJU,s449-114
SSHR,s738-114
SSHR,s1192-114
SSHR,s821-114
SLIA,s2953-114
SSFI,s2148-114
SSFI,s2349-114
SSCM,s1182-114
SSHR,s3407-114
SSFI,s3159-114
SSBK,s2957-114
SSCM,s2278-114
SSCM,s1594-114
SSJU,s2566-114
SSEG,s815-114
SSVA,s3035-114
SSEV,s1425-114
HSPW,s2109-114
SSGA,s2109-114
SSEV,s577-114
SSBK,s96-114
SSCM,s2705-114
SSFI,s1427-114
SSBK,s3404-114
SSHR,s3344-114
SSJU,s1684-114
SSEG,s1306-114
SSEV,s538-114
SSGA,s2715-114
SSFI,s3449-114
SSFI,s198-114
SSFR,s299-114
SSFR,s2119-114
SSCM,s253-114
SSHR,s73-114
SSHR,s2502-114
SSFI,s203-114
SSJU,s1672-114
SSFI,s506-114
SSCM,s2404-114
SSFI,s951-114
SSVA,s1856-114
SSEG,s1305-114
SSEV,s1500-114
SSEV,s54-114
SSFI,s306-114
SSHR,s1793-114
SSBU,s200-114
SSHR,s205-114
SSHR,s875-114
SSJU,s2063-114
HSII,s501-114
SLIA,s501-114
SSHR,s933-114
HSAS,s719-114
SSAS,s719-114
SSHR,s1145-114
HSJU,s2845-114
HSFA,s2845-114
SSFR,s2845-114
SSCM,s1612-114
SSCM,s1717-114
SSAF,s2911-114
SSEG,s1279-114
SSFI,s3025-114
SSFI,s578-114
SSEG,s160-114
SSEG,s1824-114
SSEG,s1196-114
SSFI,s931-114
SSEV,s741-114
SSGA,s1526-114
SSVA,s695-114
SSEV,s112-114
HSGO,s1616-114
SSGA,s1616-114
SSHR,s416-114
SSHR,s2042-114
SSFI,s1989-114
SSFI,s2071-114
SSBK,s819-114
SSFI,s204-114
SSGA,s874-114
SSFR,s1489-114
SSFI,s1755-114
SSFI,s2391-114
SSHR,s1390-114
SSHR,s2065-114
SSFR,s3227-114
SSJU,s2449-114
SSSB,s190-114
SSHR,s190-114
SSEG,s2902-114
SSFI,s2090-114
SSFI,s591-114
SSCM,s2526-114
SSFI,s324-114
SSFI,s347-114
SSCM,s240-114
SSFI,s2228-114
SSBK,s3196-114
SSVA,s681-114
SSEG,s1202-114
SSEV,s596-114
SSJU,s2534-114
SSHR,s3335-114
SSFI,s1907-114
SSVA,s1451-114
SSGA,s2522-114
SSBK,s2995-114
SSJU,s1842-114
SSBK,s3220-114
SSGA,s2970-114
SSHR,s2222-114
SSJU,s2695-114
SSCM,s3502-114
SSFI,s626-114
SSBK,s1049-114
SSSB,s2686-114
SSEG,s472-114
SSSB,s2992-114
SSFI,s892-114
SSFI,s335-114
SSFI,s661-114
SSCM,s712-114
SSVA,s3403-114
SSEV,s700-114
SSJU,s1851-114
HSIF,s2873-114
SSHR,s2873-114
SSJU,s551-114
SSHR,s158-114
SSJU,s2091-114
SSGA,s1869-114
SSAF,s1744-114
SSHR,s1883-114
SLIA,s3261-114
SSVA,s564-114
SSHR,s2408-114
SSHR,s391-114
SSHR,s620-114
SSAS,s832-114
SSGA,s70-114
SSJU,s2394-114
SSEG,s723-114
SSEG,s1255-114
SSEG,s1346-114
SSVA,s3055-114
SSFI,s1135-114
SSBK,s2324-114
SSFI,s3242-114
SSJU,s2123-114
SSFI,s1656-114
SSEV,s1499-114
SSJU,s3546-114
SSBK,s2077-114
SSBK,s2355-114
SSGA,s282-114
SSBK,s1804-114
SSCM,s2361-114
SSGA,s104-114
SSFI,s431-114
SSBK,s269-114
HSIF,s984-114
HSWM,s984-114
SSEG,s3005-114
SSEG,s1329-114
SSFI,s1456-114
SSCM,s2658-114
SSSB,s2658-114
SSFI,s3044-114
SSEG,s2938-114
SSBK,s838-114
SSVA,s1325-114
SSJU,s724-114
SSCM,s859-114
SSRA,s2212-114
SSFI,s810-114
SSGA,s1854-114
SSAS,s1567-114
SSFI,s1624-114
SSCM,s177-114
SSEG,s893-114
SSBK,s774-114
SSCM,s1540-114
SSEG,s878-114
SSBK,s351-114
SSFI,s351-114
SSBU,s150-114
SSJU,s2140-114
SSEV,s992-114
SSFI,s2864-114
SSEV,s659-114
SSHR,s320-114
SSCM,s421-114
SSFI,s1926-114
SSFI,s81-114
SSEV,s722-114
SSHR,s1051-114
SSEG,s3018-114
SSFI,s448-114
SSGA,s1683-114
SSBK,s1709-114
HSII,s3028-114
SSEG,s3028-114
SSHR,s1059-114
SSBK,s1320-114
SSJU,s2735-114
SSEG,s411-114
SSBK,s1711-114
SSJU,s783-114
SSFI,s258-114
SSSB,s2838-114
SSAF,s1111-114
HSPW,s2276-114
SSCM,s2276-114
SSHR,s1424-114
SSHR,s1165-114
SSHR,s2070-114
SSJU,s1912-114
SSEV,s292-114
SSCM,s1518-114
SSHR,s1391-114
SSFI,s2574-114
SSHR,s1948-114
SSBK,s812-114
SSJU,s1751-114
SSJU,s350-114
SSSB,s632-114
SSJU,s632-114
SSJU,s3270-114
SSHR,s442-114
SSFI,s340-114
SSEG,s2494-114
SSEV,s2535-114
SSJU,s1600-114
SSVA,s1496-114
SSBK,s1010-114
SSGA,s2699-114
SSEG,s2991-114
SSFI,s3236-114
SSFI,s1347-114
SSFI,s1132-114
SSFI,s2860-114
SSCM,s3525-114
SSJU,s2733-114
SSBK,s924-114
SSAF,s644-114
SSBK,s2722-114
SSFI,s2252-114
SSVA,s563-114
SSFI,s1089-114
SSVA,s2487-114
SSHR,s3093-114
SSGA,s2891-114
SSHR,s1917-114
SSAF,s2609-114
SSBK,s2255-114
SSEG,s523-114
SSEG,s3205-114
SSCM,s3099-114
SSGA,s2171-114
SSGA,s3061-114
SSAS,s1441-114
SSJU,s1614-114
SSJU,s2225-114
SSBK,s1682-114
HSJU,s2613-114
SSJU,s2613-114
SSVA,s2958-114
SSHR,s219-114
SSJU,s23-114
SSFI,s3030-114
SSCM,s1298-114
SSHR,s497-114
HSJU,s2840-114
SSJU,s2840-114
SSHR,s852-114
SSJU,s2198-114
SSJU,s2884-114
SSCM,s3183-114
SSFI,s2246-114
SSEG,s2839-114
SSJU,s404-114
SSCM,s1935-114
SSFI,s1509-114
SSFI,s1296-114
SSEG,s2706-114
SSCM,s2555-114
SSFI,s455-114
SSGA,s623-114
SSFI,s2962-114
SSFI,s3409-114
SSFI,s499-114
SSHR,s2586-114
SSFR,s2429-114
SSVA,s895-114
SSHR,s1446-114
SSCM,s1462-114
SSCM,s1326-114
SSFI,s2936-114
SSAS,s300-114
SSVA,s244-114
SSEG,s1231-114
SSFI,s1413-114
SSBK,s1372-114
SSFR,s802-114
SSFR,s615-114
SSHR,s1865-114
SSEV,s1953-114
SSEV,s896-114
SSEG,s2189-114
SSHR,s2084-114
SSFI,s2786-114
SSVA,s2507-114
SSGA,s362-114
SSGA,s1828-114
SSFI,s1686-114
SLIA,s1443-114
SSFR,s3142-114
SSJU,s2372-114
SSFI,s3428-114
SSJU,s140-114
SSEG,s59-114
HSGO,s1109-114
SSGA,s1109-114
SSJU,s2414-114
SSVA,s223-114
SSHR,s559-114
SSGA,s159-114
SSJU,s1072-114
SSJU,s98-114
SSEG,s1365-114
SSCM,s588-114
SSFI,s2203-114
SSRA,s3488-114
SSEG,s1242-114
SSJU,s2458-114
SSBK,s3164-114
SSVA,s2527-114
SSHR,s2700-114
SSFI,s2671-114
SSBK,s1491-114
SSJU,s2337-114
SSBK,s372-114
SSVA,s2279-114
SSBK,s3518-114
SSHR,s3530-114
SSJU,s1501-114
SSJU,s977-114
SSVA,s1450-114
SSVA,s2679-114
SSFI,s3384-114
SSHR,s899-114
SSEG,s1311-114
SSVA,s2888-114
SSAS,s2792-114
SLIA,s1931-114
SSEV,s2341-114
SSAP,s1695-114
SSEG,s1448-114
SSGA,s2418-114
SSEV,s2532-114
SSHR,s1504-114
SSFI,s1281-114
SSHR,s221-114
SSGA,s1820-114
HSBU,s1463-114
HSVR,s1463-114
SSHR,s2562-114
SSJU,s1418-114
SSCM,s827-114
SSJU,s368-114
SSJU,s2213-114
SSSB,s1870-114
SSHR,s439-114
SSVA,s3445-114
HSFA,s1635-114
SSFR,s1635-114
SSFI,s1541-114
SSGA,s3490-114
SSCM,s834-114
SSEV,s1987-114
SSFR,s1389-114
HSPW,s1090-114
SSGA,s1090-114
SSAF,s3118-114
SSFI,s1079-114
SSGA,s1157-114
SSFI,s2546-114
SSHR,s2630-114
SSEG,s1007-114
SSEG,s873-114
SSAS,s1498-114
SSFI,s2775-114
SSEG,s784-114
SSAS,s1313-114
SSFI,s3308-114
HSJU,s2944-114
SSJU,s2944-114
SSFI,s2980-114
SSFI,s1666-114
SSCM,s1685-114
SSSB,s2812-114
SSFI,s3179-114
SSFI,s2296-114
SSHR,s2224-114
SSEV,s2072-114
SSHR,s1421-114
SSHR,s84-114
SSFI,s2389-114
SSHR,s1341-114
SSFI,s704-114
SSFI,s2597-114
SSBK,s792-114
SSHR,s2419-114
HSJU,s295-114
SSJU,s295-114
SSAP,s1619-114
SSBK,s25-114
SSFI,s2236-114
SSHR,s687-114
SSVA,s3032-114
SSFI,s3078-114
SSGA,s71-114
SSEG,s1282-114
SSHR,s3307-114
SSJU,s3475-114
SSHR,s1532-114
SLIA,s1457-114
SSCM,s3299-114
SSFI,s608-114
SSHR,s2745-114
SSJU,s45-114
SSCM,s1006-114
SSCM,s1143-114
SSGA,s2964-114
SSHR,s3116-114
SSGA,s303-114
SSJU,s1598-114
SLIA,s1879-114
SSCM,s2406-114
SSHR,s2208-114
SSEG,s1943-114
SSCM,s961-114
SSRA,s212-114
SSJU,s2895-114
SSVA,s167-114
SSEV,s2588-114
SSHR,s1892-114
SSJU,s357-114
SSFI,s283-114
SSFI,s1538-114
SSEG,s1057-114
SSHR,s451-114
HSJU,s2854-114
SSJU,s2854-114
SSFI,s30-114
SSGA,s1864-114
SSJU,s1770-114
SSEG,s3254-114
SSFI,s2906-114
SSEG,s1243-114
SSJU,s990-114
SSJU,s1520-114
SSFI,s2940-114
SSFI,s1149-114
SSJU,s3269-114
SSHR,s511-114
SSBK,s1084-114
SSCM,s1636-114
SSFR,s2537-114
SSFI,s3506-114
SSHR,s276-114
SSHR,s1287-114
SSHR,s867-114
SSFI,s99-114
SSBK,s1722-114
SSAS,s2482-114
SSHR,s1896-114
SSHR,s1380-114
SSBK,s1561-114
SSJU,s575-114
SSHR,s3122-114
SSAP,s3117-114
SSAF,s1796-114
SSRA,s1480-114
SSHR,s3115-114
SSFI,s3372-114
SSFI,s995-114
SSEV,s2776-114
SSCM,s417-114
SSVA,s3328-114
SSJU,s1831-114
SSCM,s2770-114
SSCM,s1121-114
SSGA,s2674-114
SSCM,s373-114
SSEV,s785-114
SSJU,s360-114
SSEV,s3533-114
HSVR,s1203-114
HSAS,s1203-114
HSBU,s1203-114
HSED,s1203-114
SSVA,s1203-114
SSFI,s2978-114
SSHR,s2941-114
SSEG,s1271-114
SSHR,s674-114
SSHR,s1077-114
SSJU,s3369-114
SSCM,s911-114
SSFI,s866-114
SSHR,s2653-114
SSHR,s2584-114
SSHR,s1183-114
SSEG,s1241-114
SSJU,s2157-114
SSCM,s1200-114
SSFR,s2878-114
SSFI,s3090-114
SSJU,s733-114
SSCM,s1611-114
SSEG,s1219-114
SSFI,s1179-114
SSGA,s2033-114
SSFI,s1740-114
SSEG,s437-114
SSHR,s78-114
SSHR,s1900-114
SSFI,s1159-114
SSFI,s2020-114
SSFI,s2378-114
SSAS,s1628-114
SSHR,s528-114
SSHR,s481-114
HSAS,s2829-114
HSII,s2829-114
HSVR,s2829-114
HSGO,s2829-114
HSJU,s2829-114
HSPW,s2829-114
SSCM,s2829-114
SSFI,s3082-114
SSHR,s3176-114
SSJU,s642-114
SLIA,s3300-114
SSHR,s359-114
SSGA,s456-114
SSHR,s628-114
SSFI,s857-114
SSFI,s41-114
SSJU,s2122-114
SSFI,s952-114
SSCM,s734-114
SSCM,s1976-114
SSRA,s1970-114
SSEG,s1187-114
SSHR,s2693-114
HSVR,s1731-114
SSVA,s1731-114
SSFI,s1677-114
SSHR,s436-114
SSJU,s2506-114
SSFI,s916-114
HSWM,s2736-114
HSIF,s2736-114
SSFI,s2736-114
SSHR,s621-114
SSEG,s858-114
SSEG,s1044-114
SSEG,s3204-114
SSFR,s2184-114
SSAP,s3067-114
SSEG,s1942-114
SSAF,s3408-114
SSJU,s2540-114
SSGA,s1927-114
SSFI,s804-114
SSHR,s418-114
SSJU,s3077-114
SSJU,s3045-114
SSAF,s2244-114
SSBK,s927-114
SSAP,s1725-114
SSCM,s1669-114
SSCM,s105-114
SSAS,s2825-114
SSJU,s1513-114
SSSB,s1859-114
SSCM,s1573-114
SSHR,s2960-114
SSJU,s2802-114
SSJU,s3058-114
SSFR,s2078-114
SSAP,s1910-114
SSJU,s1300-114
SSVA,s739-114
SSVA,s3021-114
SLIA,s732-114
SSEG,s2608-114
SSHR,s220-114
SSCM,s1043-114
SSVA,s2437-114
SSFI,s3152-114
SSBK,s2592-114
SSHR,s1406-114
SSFR,s2194-114
SSBK,s3467-114
SSVA,s788-114
SSAS,s979-114
SSEV,s2603-114
SSEV,s1586-114
SSHR,s3399-114
SSCM,s597-114
SSJU,s447-114
SSCM,s1673-114
SSHR,s1716-114
SSEV,s855-114
SSCM,s797-114
SSGA,s678-114
SSBK,s1968-114
SSAS,s1130-114
SSHR,s1455-114
SSHR,s3521-114
SSGA,s2375-114
SSEV,s1781-114
SSFI,s1714-114
SSAP,s545-114
SSAF,s3048-114
SSHR,s3168-114
SSHR,s3094-114
SSBK,s1847-114
SSFI,s2158-114
SSJU,s1308-114
SSSB,s2868-114
SSFI,s2868-114
SSVA,s657-114
SSCM,s2528-114
SSHR,s811-114
SSHR,s474-114
SSFI,s745-114
SSFR,s1652-114
SSEV,s1649-114
SSFI,s1849-114
SSEV,s3228-114
SSCM,s1447-114
SSEV,s1019-114
SSCM,s2997-114
SSHR,s3280-114
HSGO,s136-114
SSGA,s136-114
SSGA,s426-114
SSHR,s2050-114
SSAF,s2420-114
SSBK,s871-114
SSFI,s2438-114
SSEG,s1338-114
SSVA,s296-114
SSJU,s134-114
SSHR,s396-114
SSFI,s598-114
SSBK,s1565-114
SSCM,s1732-114
SSVA,s3043-114
SSJU,s262-114
SSAS,s2898-114
SSJU,s1599-114
SSGA,s750-114
SSBK,s2497-114
SSAP,s2837-114
SSCM,s2211-114
SSFI,s1837-114
SSEV,s1370-114
SSRA,s2639-114
SSHR,s3223-114
SSCM,s1315-114
SSFI,s2501-114
SSVA,s666-114
SSHR,s492-114
SSHR,s1503-114
SSAS,s2853-114
SSFI,s786-114
SSGA,s1944-114
SSHR,s1597-114
SSFR,s3267-114
SSEG,s822-114
SSFI,s731-114
SSHR,s480-114
SSVA,s2179-114
SSFI,s950-114
SSFI,s1345-114
SSFI,s2590-114
SSEG,s2681-114
SSEG,s1029-114
SSHR,s1622-114
SSEV,s1142-114
SSFR,s93-114
SSJU,s2469-114
SSCM,s387-114
SSVA,s3042-114
HSIF,s1359-114
SSCM,s1359-114
SSCM,s1472-114
SSBK,s925-114
SSEG,s1293-114
SSHR,s1609-114
SSJU,s1134-114
SSJU,s1764-114
SSBK,s3281-114
SSVA,s2062-114
SSJU,s707-114
SSEV,s640-114
SSCM,s56-114
SSGA,s1779-114
SSBK,s1840-114
SSFI,s3413-114
SSHR,s2680-114
SSFI,s433-114
SSHR,s1787-114
SSFI,s737-114
SSJU,s3370-114
SSJU,s1640-114
SSBK,s726-114
SSFI,s2262-114
SSEV,s88-114
SSEG,s2031-114
SSFI,s3440-114
SSVA,s2210-114
SSEG,s199-114
SSJU,s3224-114
SSHR,s763-114
HSJU,s2577-114
HSBA,s2577-114
SSJU,s2577-114
SSHR,s3166-114
SSJU,s3432-114
SSFR,s117-114
SSEG,s2652-114
SSBK,s824-114
SSFI,s428-114
SSFI,s3331-114
SSCM,s443-114
SSFI,s609-114
SSFI,s336-114
SSFI,s844-114
SSFI,s3522-114
SSBU,s747-114
SSJU,s529-114
SSJU,s2897-114
SSHR,s3444-114
SSEG,s490-114
SLIA,s438-114
SSEG,s3317-114
SSGA,s2665-114
SSEG,s1236-114
SSHR,s131-114
SSFI,s3477-114
SSBK,s2760-114
SSFI,s2721-114
HSGO,s1580-114
SSGA,s1580-114
SSEV,s1239-114
SSCM,s740-114
SSFI,s891-114
SSHR,s3113-114
SSRA,s1176-114
SSVA,s2922-114
SSEG,s1434-114
SSEV,s2768-114
SSEG,s319-114
SSBK,s482-114
SSEG,s2386-114
SSEG,s1993-114
SSFI,s1631-114
SSEV,s1724-114
SSEG,s3049-114
SSSB,s1000-114
SSHR,s3361-114
SSFI,s432-114
SSEG,s890-114
SSEV,s848-114
SSFI,s2312-114
SSHR,s1785-114
SSAF,s755-114
SSEG,s1423-114
SSBK,s3215-114
SSAF,s1805-114
SSHR,s2030-114
SSCM,s617-114
SSGA,s3486-114
SSFI,s1020-114
SSVA,s901-114
SSJU,s1634-114
SSEG,s1167-114
SSJU,s2934-114
SSHR,s307-114
SSEG,s128-114
SSBK,s1974-114
SSEG,s1432-114
SSHR,s507-114
HSPW,s1523-114
SSEV,s1523-114
SSVA,s3367-114
SSFI,s1961-114
SSFI,s942-114
SSSB,s1445-114
SSGA,s1915-114
SSFI,s141-114
SSEG,s2360-114
SSFI,s1387-114
SSVA,s1721-114
SLIA,s3014-114
SSVA,s3132-114
SSVA,s2473-114
SSHR,s2624-114
SSJU,s2986-114
SSGA,s1808-114
SSAF,s1417-114
SSVA,s715-114
SSFI,s1193-114
SSBK,s1715-114
SSHR,s1101-114
SSFI,s1013-114
SSBK,s881-114
SSBK,s2818-114
SSJU,s2395-114
SSJU,s2105-114
HSJU,s2040-114
SSJU,s2040-114
SSCM,s567-114
SSHR,s3244-114
SSVA,s2883-114
SSHR,s476-114
SSJU,s1056-114
SSHR,s3462-114
SSEV,s1584-114
SSFI,s3129-114
HSFA,s756-114
SSFR,s756-114
SSEV,s1674-114
SSCM,s1618-114
SSEG,s2046-114
SSAS,s271-114
SSEG,s1199-114
HSPW,s2971-114
SSGA,s2971-114
SSEG,s2024-114
SSBK,s491-114
SSEG,s1458-114
SSGA,s1817-114
SSSB,s1817-114
SSFI,s69-114
SSHR,s2866-114
SSJU,s2332-114
HSVR,s2422-114
SSVA,s2422-114
SSEG,s1577-114
SSBK,s214-114
SSHR,s402-114
SSFI,s1904-114
SSGA,s242-114
SSGA,s1607-114
SSFI,s3471-114
SSAS,s2999-114
SSJU,s2781-114
SSCM,s2761-114
SSHR,s1214-114
SSCM,s1467-114
SSHR,s1025-114
SSHR,s1653-114
SSJU,s3357-114
SLIA,s817-114
SSJU,s2330-114
SSAS,s26-114
SSHR,s840-114
SSVA,s3170-114
SSFI,s932-114
SSVA,s2022-114
SLIA,s35-114
SSJU,s3069-114
SSCM,s3034-114
SSFI,s2409-114
SSEG,s211-114
SSSB,s2850-114
SSVA,s1460-114
SSGA,s1591-114
SSEG,s1585-114
SSJU,s2724-114
SSHR,s2149-114
SSVA,s2896-114
SSGA,s3158-114
SSBK,s1863-114
SSEV,s1601-114
SSFI,s1415-114
SSGA,s2570-114
SSJU,s1547-114
SSBK,s3083-114
SSFI,s313-114
SSHR,s222-114
SSFI,s663-114
SSFI,s2832-114
SSGA,s614-114
SSJU,s780-114
SSFI,s1549-114
SSHR,s51-114
SSSB,s1536-114
SSGA,s1536-114
SSJU,s2298-114
SSCM,s1535-114
SSHR,s2710-114
SSFI,s2677-114
SSJU,s572-114
SSCM,s2549-114
SSHR,s1519-114
SSCM,s1519-114
SSAF,s3085-114
SSFI,s1578-114
SSVA,s997-114
SSHR,s2889-114
SSJU,s1339-114
SSHR,s316-114
SSEG,s2318-114
SSFI,s397-114
SSFI,s959-114
SSJU,s328-114
HSHA,s1579-114
HSIF,s1579-114
HSII,s1579-114
SLIA,s1579-114
SSHR,s2797-114
SSCM,s2656-114
SSGA,s2967-114
SSFI,s1667-114
SSFI,s314-114
SSFI,s1932-114
SSHR,s2742-114
HSAS,s795-114
HSGO,s795-114
SSGA,s795-114
SSHR,s191-114
SSCM,s2100-114
SSVA,s2554-114
SSEV,s921-114
SSSB,s2496-114
SSHR,s3245-114
SSEV,s2690-114
SSSB,s635-114
SSCM,s635-114
SSEV,s639-114
SLIA,s2580-114
SSCM,s3265-114
SSGA,s1115-114
SSGA,s579-114
SSJU,s2952-114
SSJU,s2489-114
SSFI,s2505-114
SSEV,s3378-114
SSFI,s768-114
SSVA,s2291-114
SSAF,s613-114
SSBU,s1495-114
SSJU,s1812-114
SSBK,s2663-114
SSCM,s2779-114
SSHR,s122-114
SSEV,s2949-114
SSCM,s1261-114
SSBK,s3373-114
SSBK,s256-114
SSHR,s2204-114
SSEV,s1703-114
SSHR,s1494-114
SSHR,s1410-114
SSCM,s1027-114
HSFA,s284-114
HSJU,s284-114
SSFR,s284-114
HSIF,s2306-114
HSPW,s2306-114
SSEV,s2306-114
SSFI,s2712-114
SSFI,s3247-114
SSVA,s3081-114
SSBK,s2410-114
HSFA,s1252-114
SSFR,s1252-114
SSGA,s1116-114
SSHR,s1150-114
SSSB,s2126-114
SSHR,s2147-114
SSJU,s378-114
SSCM,s850-114
SSHR,s3368-114
SSFR,s1933-114
SSFI,s820-114
SSJU,s153-114
SSFI,s2836-114
SSHR,s37-114
SSFI,s503-114
SSJU,s1949-114
SSCM,s1916-114
HSIF,s535-114
SSGA,s2517-114
SSFI,s3016-114
SSBK,s1086-114
SSFI,s647-114
SSVA,s2106-114
SSAS,s2625-114
SSEG,s854-114
SSHR,s2187-114
SSJU,s1977-114
SSEG,s1047-114
SSEV,s1348-114
SSHR,s2737-114
SSVA,s2253-114
SSGA,s823-114
SSFR,s553-114
SSFI,s584-114
SSEG,s2061-114
SSFI,s2455-114
SSCM,s2442-114
SSVA,s1085-114
SSCM,s3289-114
SSEG,s119-114
SSFI,s3424-114
SSBK,s1234-114
SSJU,s2016-114
SSEG,s2004-114
SSFI,s1589-114
SSJU,s435-114
SSHR,s216-114
SSBK,s730-114
SSEG,s2003-114
SSCM,s887-114
SSFI,s2104-114
SSCM,s685-114
SSFI,s118-114
SSFI,s85-114
SSEG,s33-114
SSFI,s245-114
SSAS,s2515-114
SSFI,s2519-114
SSRA,s2893-114
SSJU,s670-114
SSCM,s3046-114
HSPW,s1492-114
SSGA,s1492-114
SSGA,s2696-114
SSFI,s2827-114
SSHR,s2311-114
SSHR,s3271-114
SSFI,s996-114
SSHR,s777-114
SSFI,s2075-114
SSHR,s1874-114
SSEG,s1259-114
SSSB,s3024-114
SSEG,s2807-114
SSFI,s1141-114
SSAF,s3201-114
SLIA,s1163-114
SSVA,s1452-114
SSEV,s880-114
SSFI,s352-114
SSEV,s2848-114
SSFI,s2382-114
SSJU,s3485-114
SLIA,s1986-114
SSHR,s218-114
SSJU,s2237-114
SSCM,s2508-114
SSFI,s536-114
SSFI,s913-114
SSFI,s1397-114
SSHR,s2111-114
SSFI,s2650-114
SSEG,s1995-114
SSFI,s195-114
SSSB,s967-114
SSHR,s849-114
SSEV,s2882-114
SSFI,s3075-114
SSFI,s1660-114
SSBU,s20-114
SSJU,s2112-114
SLIA,s175-114
SSFI,s3517-114
SSEG,s1263-114
SSHR,s2784-114
SSFI,s2299-114
SSVA,s2000-114
SSHR,s728-114
SSAS,s2486-114
SSFI,s1382-114
SSFI,s408-114
SSBK,s1802-114
SSHR,s144-114
SSFI,s2800-114
SSEG,s193-114
SSFI,s440-114
SSEG,s1691-114
HSII,s653-114
SSEV,s653-114
SSVA,s1070-114
SSGA,s2021-114
SSEG,s154-114
HSIF,s971-114
HSWM,s971-114
SSFI,s971-114
SSCM,s1759-114
SSEG,s3006-114
SSFI,s1648-114
SSHR,s1106-114
SSBK,s3146-114
SSAP,s2956-114
SSHR,s1064-114
SSSB,s1697-114
SSFI,s1697-114
SSJU,s1877-114
SSEG,s485-114
SSFI,s364-114
SSEG,s1017-114
SSFI,s2305-114
SSFR,s566-114
SSFI,s1041-114
SSCM,s1454-114
SSEG,s2339-114
SSEG,s2628-114
SSBK,s1543-114
SSFI,s3047-114
SSBK,s79-114
SSFI,s3211-114
SSGA,s3448-114
SSEG,s1213-114
HSED,hres517-115
HSJU,hres361-115
HSFA,hres60-115
HSWM,hres60-115
HSFA,hres931-115
HSIF,hres561-115
HSFA,hres676-115
HSFA,hres353-115
HSIF,hres53-115
HSFA,hres201-115
HSSM,hres603-115
HSIF,hres232-115
HSED,hres683-115
HSFA,hres223-115
HSAS,hres223-115
HSRU,hres668-115
HSFA,hres359-115
HSRU,hres1180-115
HSRU,hres70-115
HSRU,hres748-115
HSFA,hres256-115
HSJU,hres496-115
HSFA,hres336-115
HSRU,hres1160-115
SSVA,s1105-114
SSFR,s2726-114
SSEG,s2240-114
SSAF,s3108-114
SSEV,s1581-114
SSEG,s1229-114
SSBK,s682-114
SSFI,s3425-114
SSEG,s1825-114
SSHR,s3341-114
SSFR,s8-114
SSVA,s2081-114
SSHR,s2096-114
SSFR,s28-114
SSVA,s2134-114
SSJU,s1841-114
SSEG,s1713-114
SSEG,s1210-114
SSFI,s1646-114
SSFI,s2259-114
SSHR,s711-114
SSCM,s2366-114
SSBK,s1726-114
SSFI,s2869-114
SSJU,s1529-114
SSFI,s375-114
HSJU,s238-114
SSJU,s238-114
SSJU,s2576-114
SSFI,s776-114
SSFI,s3264-114
SSHR,s803-114
SSFI,s667-114
SSFI,s2398-114
SSJU,s3056-114
SSEG,s3098-114
SSEG,s1042-114
SSCM,s3218-114
SSBK,s2783-114
SSEV,s655-114
HSJU,s125-114
SSJU,s125-114
SSBK,s530-114
SSHR,s2317-114
SSCM,s2683-114
SSGA,s2051-114
SSFI,s2178-114
SSHR,s557-114
SSBK,s2909-114
SSJU,s1834-114
SSSB,s2125-114
SSHR,s1299-114
SSCM,s1334-114
SLIA,s152-114
SSFI,s2023-114
SSEG,s1398-114
SSFI,s1946-114
SSEG,s1891-114
SSEV,s2446-114
SSFI,s2371-114
HSHM,s1603-114
HSAS,s1603-114
SSGA,s1603-114
SSSB,s1314-114
SSCM,s1314-114
SSHR,s3380-114
HSII,s764-114
SSCM,s764-114
SSAS,s165-114
SSJU,s2300-114
HSIF,s2044-114
SSCM,s2044-114
SSCM,s143-114
SSCM,s1040-114
SSFI,s489-114
SSEG,s869-114
SSCM,s2113-114
SSFI,s1702-114
SSFI,s1009-114
SSFI,s3181-114
SSAF,s1559-114
SSHR,s317-114
SSJU,s401-114
SSJU,s1119-114
SSCM,s592-114
SSJU,s1018-114
SSGA,s3483-114
SSEV,s543-114
SSHR,s2773-114
SSEG,s1218-114
SSFI,s322-114
SSEG,s521-114
SSBU,s550-114
SSFI,s1246-114
SSJU,s701-114
SSHR,s2214-114
SSJU,s1762-114
SSFI,s1516-114
SSFI,s1269-114
SSFI,s2794-114
SSGA,s558-114
SSAS,s1766-114
SSHR,s1166-114
SSFI,s3111-114
SSFI,s394-114
SSEV,s544-114
SSCM,s2206-114
SSSB,s926-114
SSJU,s926-114
SSRA,s366-114
SSHR,s1322-114
SSHR,s1542-114
SSHR,s954-114
HSIF,s304-114
SSCM,s304-114
SSEG,s1407-114
SSEV,s1642-114
SSCM,s2798-114
SSBK,s2405-114
SSEG,s600-114
SSEG,s232-114
SSFR,s2551-114
SSVA,s603-114
SSRA,s6-114
SSFI,s305-114
SSFI,s1399-114
SSHR,s1945-114
SSHR,s1654-114
SSFI,s1830-114
SSHR,s1919-114
SLIA,s184-114
SSCM,s1999-114
SSHR,s3390-114
SSGA,s3337-114
SSFI,s676-114
SSFI,s3371-114
SSEG,s2053-114
SSFI,s637-114
SSFI,s413-114
SSFI,s1015-114
SSAP,s3068-114
SSVA,s1775-114
SSFI,s1211-114
SSEG,s1063-114
SSEG,s1408-114
SSJU,s457-114
SSFI,s1212-114
SLIA,s2717-114
SLIA,s2205-114
SSCM,s2553-114
SSGA,s3528-114
SSHR,s419-114
SSCM,s853-114
SSCM,s2235-114
SSEV,s1284-114
SSEG,s1777-114
HSGO,s434-114
SSGA,s434-114
SSFI,s330-114
SSBU,s752-114
SSHR,s3174-114
SSAF,s1833-114
SSAS,s1823-114
SSJU,s3124-114
SSBK,s268-114
SSJU,s273-114
SSFR,s2937-114
SSHR,s897-114
SSEG,s1363-114
SSFI,s1083-114
SSHR,s1374-114
SSCM,s40-114
SSBK,s2903-114
SSGA,s3295-114
SSGA,s975-114
SSHR,s1102-114
SSFI,s2277-114
SSFI,s2666-114
SSEG,s770-114
SSFI,s2787-114
HSHA,s2234-114
HSBA,s2234-114
SSBK,s2234-114
SSHR,s514-114
SSCM,s213-114
SSHR,s3194-114
SSBK,s487-114
SSEV,s2816-114
SSFI,s3060-114
SSVA,s1641-114
SSEV,s589-114
SSBK,s294-114
SSEG,s517-114
SSFI,s1884-114
SSFI,s3157-114
SSJU,s1162-114
SSEV,s721-114
SSHR,s185-114
SSFI,s1687-114
SSJU,s1030-114
SSAF,s61-114
SSJU,s962-114
SSJU,s3050-114
SSEG,s1258-114
SSGA,s2912-114
SSHR,s2912-114
SSEG,s2676-114
SSFI,s2117-114
SSEV,s1750-114
SSFI,s2822-114
SSAF,s876-114
SSFI,s2381-114
SSGA,s19-114
SSHR,s696-114
SSFI,s582-114
SSHR,s928-114
SSHR,s586-114
SSHR,s2687-114
SSVA,s1967-114
HSFA,hres910-115
HSED,hres910-115
HSIF,hres1039-115
HSIF,hres345-115
HSWM,hres345-115
HSFA,hres220-115
HSFA,hres576-115
HSWM,hres576-115
HSED,hres770-115
HSRU,hres382-115
HSAS,hres391-115
HSVR,hres391-115
HSAS,hres1062-115
HSIF,hres1062-115
HSFA,hres1062-115
HSFA,hres244-115
HSII,hres244-115
HSIF,hres519-115
HSIF,hres142-115
HSED,hres1100-115
HSGO,hres15-115
HSRU,hres313-115
HSII,hres639-115
HSFA,hres401-115
HSGO,hres852-115
HSHA,hres849-115
HSSY,hres334-115
HSIF,hres334-115
HSWM,hres132-115
HSVR,hres590-115
HSBA,hres475-115
HSED,hres730-115
HSHA,hres83-115
HSJU,hres927-115
HSVR,hres258-115
HSFA,hres732-115
HSAS,hres46-115
HSVR,hres46-115
HSJU,hres419-115
HSIF,hres165-115
HSBA,hres165-115
HSFA,hres165-115
HSVR,hres1025-115
HSRU,hres228-115
HSRU,hres40-115
HSRU,hres796-115
HSJU,hres373-115
HSIF,hres373-115
HSFA,hres835-115
HSGO,hres31-115
HSIF,hres733-115
HSIF,hres506-115
HSIF,hres827-115
HSRU,hres667-115
HSIF,hres1076-115
HSED,hres1076-115
HSJU,hres1076-115
HSRU,hres659-115
HSGO,hres206-115
HSAS,hres1070-115
HSPW,hres1070-115
HSWM,hres479-115
HSRU,hres645-115
HSFA,hres537-115
HSJU,hres405-115
HSJU,hres975-115
HSGO,hres975-115
HSHA,hres975-115
HSRU,hres254-115
HSED,hres312-115
HSVR,hres462-115
HSJU,hres307-115
HSED,hres307-115
HSIF,hres986-115
HSRU,hres230-115
HSIF,hres689-115
HSRU,hres440-115
HSJU,hres136-115
HSJU,hres913-115
HSFA,hres393-115
HSJU,hres281-115
HSGO,hres292-115
HSIF,hres35-115
HSED,hres35-115
HSRU,hres508-115
HSGO,hres166-115
HSHA,hres86-115
HSWM,hres990-115
HSAS,hres990-115
HSJU,hres990-115
HSHM,hres990-115
HSRU,hres553-115
HSIF,hres687-115
HSWM,hres687-115
HSIF,hres161-115
HSRU,hres116-115
HSHA,hres1058-115
HSJU,hres1058-115
HSED,hres66-115
HSHM,hres898-115
HSAS,hres1094-115
HSIF,hres740-115
HSGO,hres784-115
HSED,hres344-115
HSRU,hres873-115
HSRU,hres580-115
HSSY,hres834-115
HSPW,hres834-115
HSAG,hres834-115
HSIF,hres834-115
HSAS,hres436-115
HSVR,hres436-115
HSFA,hres436-115
HSFA,hres653-115
HSFA,hres328-115
HSFA,hres826-115
HSRU,hres839-115
HSIF,hres691-115
HSGO,hres877-115
HSRU,hres33-115
HSGO,hres279-115
HSRU,hres1043-115
HSHA,hres73-115
HSIF,hres154-115
HSSY,hres699-115
HSJU,hres628-115
HSIF,hres403-115
HSIF,hres818-115
HSRU,hres74-115
HSPW,hres1081-115
HSIF,hres906-115
HSRU,hres91-115
HSRU,hres367-115
HSIF,hres430-115
HSIF,hres327-115
HSFA,hres795-115
HSIF,hres347-115
HSIF,hres1154-115
HSIF,hres90-115
HSJU,hres90-115
HSSO,hres724-115
HSHA,hres724-115
HSFA,hres632-115
HSPW,hres871-115
HSII,hres871-115
HSFA,hres1169-115
HSED,hres217-115
HSII,hres1177-115
HSFA,hres1177-115
HSIF,hres265-115
HSED,hres265-115
HSRU,hres468-115
HSIF,hres521-115
HSFA,hres1145-115
HSIF,hres1145-115
HSIF,hres282-115
HSED,hres282-115
HSIF,hres435-115
HSED,hres435-115
HSJU,hres1121-115
HSGO,hres61-115
HSFA,hres339-115
HSJU,hjres30-115
SSEG,hjres36-115
HSII,hjres36-115
HSII,hjres82-115
HSJU,hjres40-115
HSII,hjres68-115
HSII,hjres49-115
HSJU,hjres141-115
HSIF,hjres43-115
HSJU,hjres31-115
HSJU,hjres9-115
HSII,hjres71-115
HSFA,hjres104-115
HSWM,hjres140-115
HSED,hjres140-115
HSIF,hjres140-115
HSJU,hjres33-115
HSJU,hjres91-115
HSFA,hjres135-115
HSGO,hjres26-115
HSJU,hjres48-115
HSGO,hjres27-115
HSED,hjres66-115
HSJU,hjres28-115
HSFA,hjres118-115
HSED,hjres57-115
HSJU,hjres74-115
HSAP,hjres123-115
HSAP,hjres143-115
HSFA,hjres72-115
HSJU,hjres55-115
HSII,hjres55-115
HSBA,hjres111-115
HSJU,hjres120-115
HSWM,hjres54-115
HSII,hjres69-115
HSJU,hjres61-115
HSWM,hjres42-115
HSJU,hjres32-115
HSED,hjres67-115
HSJU,hjres53-115
HSII,hjres97-115
HSFA,hjres102-115
HSIF,hjres86-115
HSIF,hjres22-115
HSJU,hjres5-115
HSII,hjres44-115
HSJU,hjres76-115
HSBU,hjres125-115
HSWM,hjres125-115
HSAP,hjres125-115
HSGO,hjres37-115
HSBA,hjres73-115
HSRU,hjres100-115
HSFA,hjres100-115
HSED,hjres83-115
HSJU,hjres117-115
HSBA,hjres122-115
HSJU,hjres121-115
HSII,hjres56-115
HSJU,hjres113-115
HSWM,hjres124-115
HSBU,hjres124-115
HSAP,hjres124-115
HSII,hjres70-115
HSJU,hjres88-115
HSBA,hjres41-115
HSII,hjres45-115
HSJU,hjres85-115
HSJU,hjres1-115
HSII,hjres11-115
HSIF,hjres131-115
HSII,hjres47-115
HSII,hjres16-115
HSED,hr2016-115
SSJU,hr5925-115
HSAP,hr5925-115
HLIG,hr5925-115
SSHR,s277-114
SSEV,s1979-114
SSHR,s1050-114
SSFI,s3268-114
SSGA,s281-114
SSEG,s2436-114
SSHR,s590-114
SSFI,s1922-114
SSEG,s3079-114
SSJU,s1482-114
SSCM,s2777-114
SSEG,s3381-114
SSEG,s133-114
SSFI,s889-114
SSFI,s2499-114
SSJU,s237-114
SSRA,s3214-114
SSVA,s290-114
SSFI,s2669-114
SSFI,s2985-114
SSJU,s3441-114
SSFR,s1798-114
SSHR,s1368-114
SSHR,s884-114
SSGA,s2694-114
SSHR,s453-114
SSEV,s176-114
SSEG,s228-114
SSHR,s2560-114
SSFI,s2343-114
SSAF,s540-114
SSFI,s2675-114
SSEG,s2238-114
SSEG,s1925-114
SSHR,s2098-114
SSJU,s683-114
SSFI,s904-114
SSGA,s2127-114
SSBK,s2631-114
SSAP,s3040-114
SSAF,s3420-114
SSEG,s1058-114
SSJU,s11-114
SSFI,s2308-114
SSEG,s3102-114
SSFR,s1911-114
SSFI,s915-114
SSVA,s2828-114
SSGA,s1073-114
SSEG,s1694-114
SSEG,s2412-114
SSSB,s708-114
SSGA,s708-114
SSEV,s2727-114
SSJU,s1476-114
SSBU,s318-114
SSHR,s2691-114
SSFI,s2530-114
SSEG,s2461-114
SSEG,s390-114
SSFI,s2704-114
SSBK,s1383-114
SSEG,s3273-114
SSFI,s568-114
SSFI,s522-114
SSEG,s3192-114
SSJU,s2102-114
SSHR,s3070-114
SSSB,s966-114
SSAP,s2145-114
SSJU,s1774-114
SSEG,s1256-114
SSRA,s1088-114
SSFI,s1658-114
SSFI,s1431-114
SSFI,s2297-114
SSFR,s2942-114
SSEG,s1039-114
SSCM,s1173-114
SSFR,s2026-114
SSHR,s862-114
SSFI,s1602-114
SSFI,s2333-114
HSAG,hres413-115
HSFA,hres528-115
HSIF,hres690-115
HSIF,hres618-115
HSII,hres701-115
HSIF,hres701-115
HSIF,hres539-115
HSFA,hres433-115
HSPW,hres152-115
HSFA,hres395-115
HSAS,hres613-115
HSVR,hres613-115
HSRU,hres48-115
HSJU,hres789-115
HSGO,hres559-115
HSAS,hres335-115
HSRU,hres1142-115
HSFA,hres104-115
HSFA,hres570-115
HSIF,hres503-115
HSGO,hres781-115
HSIF,hres752-115
HSFA,hres752-115
HSJU,hres250-115
HSAS,hres737-115
HSVR,hres737-115
HSII,hres222-115
HSRU,hres500-115
HSFA,hres1165-115
HSGO,hres980-115
HSJU,hres854-115
HSED,hres854-115
HSJU,hres1073-115
HSFA,hres1156-115
HSRU,hres160-115
HSFA,hres58-115
HSVR,hres950-115
HSJU,hres972-115
HSGO,hres993-115
HSJU,hres987-115
HSFA,hres11-115
HSIF,hres1066-115
HSRU,hres180-115
HSIF,hres915-115
HSJU,hres111-115
HSRU,hres694-115
HSIF,hres332-115
HSED,hres332-115
HSFA,hres332-115
HSSY,hres216-115
HSIF,hres216-115
HSED,hres216-115
HSRU,hres1051-115
HSED,hres168-115
HSJU,hres285-115
HSIF,hres757-115
HSFA,hres351-115
HSIF,hres146-115
HSFA,hres466-115
HSRU,hres1176-115
HSIF,hres205-115
HSAG,hres890-115
HSRU,hres538-115
HSFA,hres349-115
HSSY,hres306-115
HSGO,hres565-115
HSED,hres514-115
HSRU,hres71-115
HSAG,hres794-115
HSII,hres794-115
HSJU,hres257-115
HSRU,hres918-115
HSJU,hres179-115
HSRU,hres210-115
HSFA,hres200-115
HSIF,hres625-115
HSFA,hres625-115
HSFA,hres1091-115
HSED,hres1116-115
HSGO,hres67-115
HSFA,hres394-115
HSRU,hres787-115
HSIF,hres495-115
HSIF,hres215-115
HSWM,hres215-115
HSJU,hres529-115
HSIF,hres1148-115
HSRU,hres616-115
HSFA,hres54-115
HSRU,hres379-115
HSSY,hres1108-115
HSIF,hres1108-115
HSIF,hres1175-115
HSIF,hres428-115
HSGO,hres133-115
HSJU,hres920-115
HSFA,hres128-115
HSRU,hres299-115
HSVR,hres611-115
HSGO,hres611-115
HSGO,hres28-115
HSGO,hres744-115
HSPW,hres493-115
HSWM,hres186-115
HSFA,hres274-115
HSFA,hres30-115
HSIF,hres121-115
HSRU,hres229-115
HSFA,hres599-115
HSRU,hres504-115
HSRU,hres99-115
HSVR,hres214-115
HSRU,hres923-115
HSFA,hres673-115
HSFA,hres750-115
HSHA,hres501-115
HSJU,hres501-115
HSBA,hres1102-115
HSIF,hres1102-115
HSVR,hres809-115
HSJU,hres318-115
HSJU,hjres90-115
HSII,hjres34-115
HSED,hjres58-115
HSII,hjres38-115
HSJU,hjres2-115
HSIF,hjres59-115
HSAP,hjres99-115
HSIF,hjres129-115
HSJU,hjres106-115
HSJU,hjres12-115
HSJU,hjres29-115
HSIF,hjres39-115
HSJU,hjres65-115
HSII,hjres46-115
HSBA,hjres62-115
HSII,hjres60-115
HSBA,hjres132-115
HSIF,hjres51-115
HSWM,hjres51-115
HSII,hjres52-115
HSBU,hjres128-115
HSAP,hjres128-115
HSIF,hjres87-115
HSJU,hjres64-115
SSBU,sconres25-115
SSBU,sconres3-115
SSCM,sconres6-115
SSVA,sconres12-115
SSGA,sconres4-115
SSGA,sconres15-115
SSBU,sconres36-115
SSJU,sconres11-115
SSGA,sconres8-115
SSBU,sconres27-115
SSEV,sconres42-115
SSFR,sres291-115
SSFR,sres168-115
SSJU,sres605-115
SSJU,sres212-115
SSFR,sres376-115
SSVA,sres205-115
SSFR,sres552-115
SSHR,sres703-115
SSCM,sres137-115
SSJU,sres154-115
SSAS,sres161-115
SSJU,sres27-115
SSJU,sres60-115
SSJU,sres25-115
SSFR,sres176-115
SSFR,sres6-115
SSHR,sres507-115
SSHR,sres319-115
SSJU,sres215-115
SSRA,sres23-115
SSHR,sres91-115
SSCM,sres660-115
SSHR,sres336-115
SSJU,sres388-115
SSRA,sres52-115
SSFI,sres52-115
SSFR,sres606-115
SSJU,sres563-115
SSFR,sres432-115
SSHR,sres526-115
SSFR,sres286-115
SSFR,sres54-115
SSEV,sres12-115
SSFR,sres10-115
SSHR,sres63-115
HSHA,hr946-115
HSHA,hr1743-115
HSJU,hr4019-115
HSVR,hr3965-115
HSAP,hr3353-115
SSAP,hr3353-115
HSGO,hr760-115
SSVA,hr1545-115
HSVR,hr1545-115
HSHM,hr5729-115
HSPW,hr5729-115
HSIF,hr1682-115
HSJU,hr2572-115
HSHM,hr2572-115
SSCM,hr5730-115
HSHM,hr5730-115
HSJU,hr5336-115
HSED,hr5336-115
HSJU,hr83-115
HSGO,hr83-115
HSJU,hr379-115
HSAP,hr379-115
HSAS,hr379-115
HSFA,hr379-115
HSJU,hr6527-115
HSJU,hr6464-115
HSED,hr6464-115
SSHR,hr767-115
HSIF,hr767-115
HSSY,hr2923-115
HSPW,hr2923-115
HSII,hr2923-115
SSFR,hr5273-115
HSFA,hr5273-115
HSIF,hr2651-115
HSPW,hr7347-115
HSWM,hr7347-115
HSII,hr7347-115
HSSY,hr7347-115
HSIF,hr7347-115
HSHA,hr6795-115
HSBA,hr6795-115
SSFR,hr1698-115
HSFA,hr1698-115
HSWM,hr1698-115
HSGO,hr1698-115
HSJU,hr1698-115
HSBA,hr1698-115
HSHA,hr6122-115
HSWM,hr2576-115
HSWM,hr6313-115
HSAP,hr2330-115
HSWM,hr6671-115
HSWM,hr819-115
HSWM,hr5463-115
HSVR,hr2773-115
HSIF,hr2263-115
HSPW,hr1568-115
HSWM,hr2855-115
HSIF,hr2855-115
HSPW,hr2855-115
HSED,hr2855-115
HSJU,hr1525-115
HSIF,hr1525-115
HSPW,hr1525-115
HSII,hr1525-115
HSIF,hr3409-115
HSWM,hr3892-115
HSHM,hr739-115
SSHR,hr302-115
HSIF,hr302-115
HSHA,hr1022-115
HSGO,hr1022-115
HSAS,hr4653-115
HSIF,hr4653-115
HSVR,hr4653-115
HSJU,hr4653-115
HSII,hr2199-115
SSGA,hr195-115
HSHA,hr195-115
HSGO,hr195-115
HSBA,hr5200-115
HSIF,hr541-115
SSEV,hr1119-115
HSIF,hr1119-115
HSIF,hr7067-115
HSHA,hr7067-115
SSEG,hr428-115
HSII,hr428-115
SSFR,hr1644-115
HSJU,hr1644-115
HSGO,hr1644-115
HSPW,hr1644-115
HSBA,hr1644-115
HSWM,hr1644-115
HSFA,hr1644-115
HSII,hr4179-115
HSAS,hr5553-115
HSBA,hr898-115
SSEG,hr2075-115
HSII,hr2075-115
HSHA,hr4510-115
HSJU,hr5925-115
HSFA,hr5925-115
HSIF,hr5925-115
HSGO,hr5925-115
HSED,hr4838-115
HSWM,hr6001-115
HSGO,hr6001-115
HSFA,hr6001-115
HSJU,hr6001-115
HSBA,hr6001-115
HSJU,hr81-115
HSJU,hr7093-115
HSED,hr1180-115
HSIF,hr84-115
HSJU,hr84-115
HSGO,hr3243-115
HSPW,hr4021-115
SSHR,hr1304-115
HSED,hr1304-115
HSIF,hr1304-115
HSWM,hr1304-115
HSJU,hr2432-115
HSVR,hr5966-115
HSPW,hr6103-115
HSIF,hr4476-115
HSGO,hr6551-115
HSII,hr3608-115
HSPW,hr7333-115
HSHM,hr7333-115
HSBA,hr7333-115
HSJU,hr7333-115
HSED,hr7333-115
HSIF,hr7333-115
HSSM,hr7333-115
HSJU,hr4384-115
HSIF,hr1275-115
HSED,hr1275-115
HSWM,hr1275-115
HSWM,hr4105-115
HSRU,hr6787-115
HSGO,hr6787-115
HSJU,hr297-115
HSRU,hr297-115
HSBU,hr297-115
SSVA,hr3657-115
HSVR,hr3657-115
HSIF,hr5492-115
HSWM,hr1931-115
HSWM,hr2297-115
HSWM,hr929-115
HSBA,hr5660-115
HSED,hr6540-115
HSWM,hr6540-115
HSED,hr6765-115
HSGO,hr5759-115
SSVA,hr5864-115
HSVR,hr5864-115
HSHA,hr2034-115
HSWM,hr4461-115
HLIG,hr7290-115
HSAS,hr7290-115
HSFA,hr7290-115
HSFA,hr5034-115
HSHM,hr3623-115
HSHA,hr3623-115
HSWM,hr3164-115
HSIF,hr3164-115
HSJU,hr1817-115
HSIF,hr3782-115
HSFA,hres260-115
HLIG,hres970-115
HSJU,hres970-115
HSRU,hres949-115
HSIF,hres195-115
HSPW,hres774-115
HSRU,hres774-115
HSJU,hres1071-115
SSJU,sres144-115
SSFR,sres195-115
SSHR,sres690-115
SSJU,sres129-115
SSHR,sres427-115
SSRA,sres626-115
SSJU,sres451-115
SSFI,sres433-115
SSAF,sres75-115
SSFR,sres211-115
SSRA,sres46-115
SSBU,sres46-115
SSFR,sres647-115
SSRA,sres581-115
SSJU,sres440-115
SSGA,sres633-115
SSJU,sres45-115
SSJU,sres540-115
SSCM,sres374-115
SSFR,sres745-115
SSRA,sres34-115
SSGA,sres34-115
SSJU,sres632-115
SSJU,sres199-115
SSVA,sres551-115
SSJU,sres524-115
SSFR,sres139-115
SSFR,sres407-115
SSFR,sres136-115
SSRA,sres33-115
SSEG,sres33-115
SSGA,sres51-115
SSHR,sres670-115
SSCM,sres523-115
SSFR,sres15-115
SSHR,sres126-115
SSFR,sres598-115
SSFR,sres541-115
SSFR,sres502-115
SSHR,sres201-115
SSJU,sres487-115
SSHR,sres378-115
SSJU,sres38-115
SSAS,sres663-115
SSJU,sres56-115
SSHR,sres47-115
SSEV,sres473-115
SSJU,sres179-115
SSJU,sres267-115
SSFR,sres180-115
SSCM,sres242-115
SSJU,sres202-115
SSHR,sres459-115
SSCM,sres227-115
SSHR,sres49-115
SSRA,sres355-115
HSVR,hconres22-115
HSFA,hconres57-115
SSAS,hconres43-115
HSAS,hconres43-115
SSHR,hconres95-115
HSED,hconres95-115
HSFA,hconres15-115
HSHA,hconres15-115
HSBU,hconres128-115
SSFR,hconres90-115
HSFA,hconres90-115
HSFA,hconres142-115
HSJU,hconres127-115
HSIF,hconres127-115
HSED,hconres127-115
HSBU,hconres71-115
HSFA,hconres138-115
HSIF,hconres80-115
HSIF,hconres130-115
HSVR,hconres70-115
HSJU,hconres72-115
HSIF,hconres96-115
HSFA,hconres96-115
HSED,hconres114-115
HSFA,hconres51-115
HSVR,hconres45-115
HSFA,hconres81-115
HSPW,hconres63-115
SSFI,hconres119-115
HSWM,hconres119-115
HSHA,hconres8-115
HSRU,hconres28-115
HSGO,hconres66-115
HSGO,hconres46-115
HSII,hconres27-115
HSWM,hconres34-115
HLIG,hconres47-115
HSJU,hconres47-115
HSFA,hconres47-115
HSWM,hconres40-115
HSAG,hconres40-115
HSPW,hconres56-115
HSAS,hconres52-115
HSVR,hconres52-115
HSWM,hconres129-115
HSJU,hconres13-115
HSAG,hr3749-115
HSIF,hr3749-115
HSED,hr3749-115
HSWM,hr3749-115
HSAG,hr2340-115
HSII,hr2340-115
HSWM,hr3670-115
HSWM,hr2639-115
HSIF,hr2639-115
HSED,hr2639-115
HSJU,hr2639-115
HSIF,hr3842-115
HSJU,hr3283-115
HSGO,hr3283-115
HSJU,hr2666-115
HSBA,hr3340-115
HSWM,hr3340-115
SSGA,hr657-115
HSGO,hr657-115
HSIF,hr4552-115
HSWM,hr4552-115
HSAG,hr6927-115
HSAS,hr1054-115
HSAG,hr1054-115
HSII,hr1054-115
HSPW,hr1054-115
HSHA,hr1054-115
SSEG,hr6599-115
HSII,hr6599-115
HSBA,hr3866-115
HSED,hr6903-115
HSIF,hr6903-115
HSHM,hr1344-115
HSPW,hr1344-115
HSWM,hr4255-115
SSFR,hr672-115
HSFA,hr672-115
HSED,hr2590-115
HSJU,hr6515-115
HSED,hr6515-115
HSHM,hr96-115
HSBA,hr2683-115
HSII,hr717-115
HSJU,hr196-115
HSPW,hr6427-115
HSIF,hr6427-115
HSBA,hr6021-115
HSJU,hr6533-115
HSHA,hr6533-115
HSIF,hr1324-115
HSJU,hr1762-115
HSPW,hr4800-115
SSHR,hr5353-115
HSIF,hr5353-115
HSBA,hr4311-115
HSIF,hr4311-115
HSBU,hr4311-115
HSAS,hr4311-115
HLIG,hr4311-115
HSFA,hr4311-115
HSBA,hr2856-115
HSII,hr219-115
HSIF,hr3523-115
HSAS,hr5921-115
HSVR,hr5921-115
HSBA,hr5028-115
HSJU,hr3222-115
HSED,hr4926-115
HSIF,hr4926-115
HSVR,hr4926-115
HSPW,hr4926-115
HSWM,hr4926-115
HSHA,hr1398-115
HSJU,hr6618-115
HSFA,hr1164-115
HSVR,hr4450-115
HSJU,hr5531-115
HSWM,hr5531-115
HSVR,hr5531-115
HSGO,hr5531-115
HSBU,hr5531-115
HSIF,hr5531-115
HSPW,hr2609-115
HSFA,hr7255-115
HSIF,hr3394-115
HSJU,hr6401-115
HSPW,hr6401-115
HSHM,hr6401-115
HSRU,hr29-115
HSWM,hr29-115
HSFA,hr7173-115
HSIF,hr7173-115
HSWM,hr7173-115
HSWM,hr6694-115
HSIF,hr5817-115
HSIF,hr5249-115
HSFA,hr5249-115
HSJU,hr3591-115
HSED,hr3591-115
SSGA,hr21-115
HSJU,hr21-115
HSRU,hr21-115
SSFR,hr2061-115
HSFA,hr2061-115
HSBA,hr2890-115
HSWM,hr3223-115
SSAF,hr1029-115
HSIF,hr1029-115
HSAG,hr1029-115
SSBK,hr2201-115
HSBA,hr2201-115
HSJU,hr1460-115
HSII,hr5149-115
HSSY,hr1562-115
HSHA,hr1562-115
HSBA,hr5393-115
HSAG,hr5203-115
HSVR,hr3558-115
HSBU,hr3859-115
HSAP,hr3859-115
HSVR,hr2517-115
HSJU,hr2945-115
HSJU,hr1627-115
HLIG,hr2820-115
HSFA,hr2820-115
HSBU,hr3936-115
HSBA,hr3936-115
HSIF,hr4122-115
HSVR,hr1112-115
HSII,hr6410-115
HSIF,hr4845-115
HSII,hr4845-115
HSAG,hr5379-115
HSJU,hr3530-115
HSIF,hr3530-115
HSBA,hr4247-115
HSJU,hr3553-115
HSVR,hr4898-115
HSIF,hr4392-115
HSWM,hr4392-115
HSIF,hr4994-115
HSII,hr2603-115
HSJU,hr6249-115
HSHA,hr6249-115
HLIG,hr3751-115
HSHA,hr3751-115
SSVA,hr1972-115
HSVR,hr1972-115
HSAG,hr5017-115
HSIF,hr5580-115
HSII,hr1056-115
HSWM,hr1122-115
HSIF,hr1122-115
HSIF,hr3127-115
HSJU,hr796-115
HSHA,hr796-115
HSGO,hr384-115
HSHA,hr384-115
HSED,hr1722-115
HSJU,hr1906-115
HSAG,hr1906-115
HSWM,hr1906-115
HSED,hr5384-115
HSAG,hr7200-115
HSII,hr1073-115
HSBA,hr5037-115
SSBK,hr4258-115
HSBA,hr4258-115
HSIF,hr1333-115
HSIF,hr2355-115
HSPW,hr2355-115
HSFA,hr5681-115
HSAS,hr5681-115
SSFI,hr6756-115
HSWM,hr6756-115
HSIF,hr5109-115
HSAG,hr961-115
HSII,hr961-115
HSJU,hr2598-115
HSVR,hr2312-115
HSAS,hr1536-115
HSJU,hr1536-115
HSPW,hr1536-115
HSWM,hr1536-115
HSJU,hr1746-115
HSHM,hr1746-115
HSPW,hr7043-115
SSFI,hr5192-115
HSWM,hr5192-115
HSIF,hr1255-115
HSWM,hr442-115
HSAG,hr442-115
HSBA,hr442-115
HSFA,hr442-115
HSRU,hr6494-115
HSBA,hr6494-115
HSJU,hr6494-115
HSFA,hr6494-115
SSEG,hr1733-115
HSIF,hr1733-115
SSBK,hr1366-115
HSBA,hr1366-115
HSBA,hr4971-115
HSII,hr1663-115
HSIF,hr3360-115
HSWM,hr3360-115
HSHA,hr7267-115
HSSY,hr2261-115
HSII,hr2261-115
HSPW,hr2261-115
HSWM,hr5506-115
HSIF,hr5506-115
HSJU,hr6612-115
HSII,hr6843-115
HSIF,hr2119-115
HSAS,hr3145-115
HSVR,hr3145-115
HSED,hr3145-115
HSWM,hr3145-115
HSBA,hr3145-115
HSGO,hr3427-115
HSVR,hr1507-115
HSIF,hr6611-115
HSIF,hr5599-115
SSGA,hr240-115
HSHM,hr240-115
HSBU,hr4872-115
HSAP,hr4872-115
HSJU,hr2406-115
HSHM,hr2406-115
HSWM,hr2406-115
SSBK,hr4292-115
HSBA,hr4292-115
HSWM,hr5838-115
HSIF,hr1394-115
HSJU,hr2690-115
HSWM,hr2690-115
HSJU,hr441-115
HSVR,hr2737-115
HSWM,hr5913-115
HSAG,hr3875-115
HSIF,hr2568-115
HSPW,hr1154-115
HSED,hr4508-115
HSED,hr1576-115
HSII,hr2158-115
HSFA,hr7153-115
HSED,hr5916-115
HSWM,hr5916-115
HSAG,hr1945-115
HSII,hr1945-115
HSED,hr4524-115
HSWM,hr4524-115
HSPW,hr2930-115
SSEG,hr511-115
HSIF,hr511-115
HSJU,hr7040-115
HSAG,hr3637-115
HSHM,hr3943-115
HSJU,hr3943-115
HSED,hr5564-115
HSJU,hr4750-115
HSWM,hr3322-115
HSFA,hr3445-115
HSVR,hr92-115
HSIF,hr1298-115
HSWM,hr1298-115
HSIF,hr2920-115
HSVR,hr2920-115
HSJU,hr2920-115
HSPW,hr2997-115
HSED,hr2578-115
HSJU,hr620-115
HSSY,hr856-115
HSAS,hr856-115
HSVR,hr856-115
HSJU,hr856-115
HSGO,hr856-115
HSJU,hr6044-115
HSIF,hr6044-115
HSII,hr2242-115
HSII,hr1037-115
HSWM,hr6616-115
HSGO,hr3244-115
HSFA,hr5852-115
HSPW,hr1751-115
HSAS,hr1751-115
HSGO,hr1751-115
HSBA,hr1751-115
HSJU,hr1751-115
HSFA,hr1751-115
HSGO,hr3257-115
SSGA,hr3210-115
HSGO,hr3210-115
HSIF,hr701-115
SSHR,hr4284-115
HSIF,hr4284-115
HSSY,hr312-115
HSJU,hr5634-115
HSVR,hr5634-115
HSIF,hr5634-115
HSSY,hr1008-115
HSWM,hr6329-115
HSWM,hr3311-115
HSIF,hr3311-115
HSIF,hr1307-115
HSJU,hr3341-115
HSWM,hr1218-115
SLIA,hr984-115
HSII,hr984-115
HSJU,hr76-115
SSBK,hr4296-115
HSBA,hr4296-115
HSHA,hr4077-115
HSIF,hr4109-115
HSWM,hr6897-115
HSPW,hr6897-115
HSVR,hr2452-115
HSJU,hr6390-115
HSSM,hr6390-115
HSBA,hr1672-115
HSIF,hr4404-115
HSBA,hr4519-115
HSED,hr4831-115
HSWM,hr4831-115
HSGO,hr1516-115
HSHA,hr1516-115
HSED,hr1516-115
HSBA,hr7050-115
HSWM,hr7050-115
HSWM,hr3434-115
HSED,hr3051-115
HSWM,hr6460-115
SSGA,hr1282-115
HSHM,hr1282-115
HSWM,hr5431-115
HSJU,hr3771-115
HSJU,hr1987-115
HSRU,hr1987-115
HSWM,hr5997-115
HSIF,hr5997-115
HSIF,hr6422-115
HSVR,hr2421-115
SSHR,hr244-115
HSVR,hr244-115
HSJU,hr6624-115
HSIF,hr1318-115
HSJU,hr470-115
HSJU,hr6220-115
HSBA,hr6220-115
SSEG,hr6398-115
HSVR,hr6398-115
HSSY,hr6398-115
HSIF,hr4554-115
HSWM,hr4554-115
HSJU,hr5298-115
HSIF,hr5298-115
HSAS,hr6281-115
SSBK,hr910-115
HSBA,hr910-115
HSWM,hr7166-115
HSWM,hr2318-115
SSJU,hr372-115
HSJU,hr372-115
SSEG,hr587-115
HSIF,hr587-115
HSII,hr2607-115
HSIF,hr2545-115
HSIF,hr2430-115
HSIF,hr6538-115
HSGO,hr6538-115
HSPW,hr765-115
HSBA,hr1401-115
HSWM,hr5445-115
HSAG,hr3566-115
HSWM,hr1775-115
HSIF,hr1775-115
HSWM,hr3902-115
HSJU,hr1237-115
HSJU,hr6326-115
HSFA,hr4765-115
HSFA,hr669-115
HSED,hr6964-115
HSWM,hr3159-115
HSII,hr1281-115
HSIF,hr3920-115
HSWM,hr3920-115
HSIF,hr3302-115
HSED,hr3302-115
HSWM,hr3302-115
HSBU,hr2451-115
HSED,hr2451-115
HSPW,hr3824-115
HSBA,hr7251-115
HSIF,hr7251-115
HSIF,hr5162-115
HSJU,hr6046-115
HSWM,hr7167-115
HSJU,hr7167-115
HSGO,hr7167-115
HSED,hr6537-115
HSJU,hr65-115
HSWM,hr1051-115
SSJU,hr720-115
HSJU,hr720-115
HSII,hr1456-115
HSJU,hr6730-115
SSEV,hr1320-115
HSIF,hr1320-115
HSJU,hr5657-115
HSAS,hr2904-115
HSED,hr6412-115
HSJU,hr3800-115
HSIF,hr3800-115
HSII,hr1482-115
HSAS,hr2839-115
HSWM,hr2839-115
HSIF,hr2839-115
HSVR,hr2839-115
HSBA,hr5555-115
HSHA,hr5458-115
HSPW,hr637-115
HSAG,hr637-115
HSII,hr637-115
HSIF,hr637-115
HSSY,hr5517-115
HSAS,hr5517-115
HSWM,hr4131-115
HSBU,hr5455-115
HSIF,hr284-115
HSWM,hr284-115
HSAG,hr5609-115
HSPW,hr5609-115
HSWM,hr5609-115
HSIF,hr5609-115
HSIF,hr4116-115
HSHA,hr4509-115
HSED,hr2234-115
HSWM,hr1720-115
HSGO,hr4703-115
HSED,hr4703-115
HSPW,hr7024-115
HSBA,hr7024-115
SSEG,hr1073-115
SSFR,hr1625-115
HSFA,hr1625-115
SSCM,hr290-115
HSIF,hr290-115
SSBK,hr2864-115
HSBA,hr2864-115
HSAG,hr2613-115
HSII,hr2613-115
HSJU,hr4240-115
HSPW,hr5218-115
HSWM,hr6341-115
HSIF,hr6341-115
HSJU,hr5271-115
HSJU,hr6805-115
HSJU,hr45-115
HSJU,hr2585-115
HSBA,hr2585-115
HSJU,hr7291-115
HSFA,hr7291-115
HSIF,hr4190-115
HSSY,hr3240-115
HSIF,hr3240-115
SSVA,hr299-115
HSVR,hr299-115
HSII,hr1408-115
HSIF,hr1408-115
HSRU,hr1408-115
HSHA,hr1408-115
HSAP,hr1408-115
HSJU,hr1408-115
HSED,hr1408-115
HSGO,hr1408-115
HSWM,hr1408-115
SSBK,hr3973-115
HSBA,hr3973-115
SSEG,hr6040-115
HSII,hr6040-115
SSHR,hr1222-115
HSIF,hr1222-115
HSVR,hr5781-115
HSGO,hr6686-115
HSVR,hr611-115
HSGO,hr611-115
HSJU,hr6417-115
HSIF,hr6417-115
HSWM,hr6417-115
HSED,hr6417-115
HSJU,hr979-115
HSWM,hr979-115
HSBA,hr1558-115
HSWM,hr4959-115
SSBK,hr1624-115
HSBA,hr1624-115
HSIF,hr4664-115
HSAP,hr4664-115
SSCM,hr4577-115
HSHM,hr4577-115
HSED,hr1289-115
SSGA,hr5762-115
HSHM,hr5762-115
HSFA,hr4549-115
HSIF,hr5151-115
HSPW,hr3966-115
HSAS,hr3966-115
HSIF,hr6562-115
HSVR,hr5486-115
HSAG,hr5188-115
HSWM,hr6899-115
HSED,hr5136-115
HSJU,hr1021-115
HSFA,hr1021-115
HSWM,hr1267-115
HSFA,hr1619-115
HSAS,hr1619-115
HSJU,hr4184-115
HSJU,hr2193-115
SSEG,hr558-115
HSII,hr558-115
SSJU,hr883-115
HSJU,hr883-115
HSAS,hr2243-115
HSWM,hr2243-115
HSIF,hr2243-115
HSJU,hr158-115
HSJU,hr5485-115
HSIF,hr5485-115
HSAG,hr5485-115
HSWM,hr4977-115
HSII,hr660-115
HSIF,hr5423-115
HSJU,hr5447-115
HSGO,hr679-115
HSSY,hr5745-115
HSPW,hr5745-115
HSIF,hr5745-115
HSII,hr5014-115
HSVR,hr1391-115
HSWM,hr1995-115
HSIF,hr1995-115
HSED,hr3137-115
SSEG,hr1967-115
HSII,hr1967-115
HSJU,hr4423-115
HSAS,hr2994-115
HSPW,hr1908-115
HSBU,hr1908-115
HSWM,hr1908-115
HSAS,hr3855-115
HSWM,hr432-115
HSVR,hr1875-115
HSWM,hr1875-115
HSJU,hr4342-115
SSFR,hr4744-115
HSWM,hr4744-115
HSBA,hr4744-115
HSJU,hr4744-115
HSFA,hr4744-115
HSIF,hr5789-115
HSIF,hr5700-115
HSHA,hr2090-115
HSWM,hr7217-115
HSIF,hr7217-115
HSIF,hr1832-115
SSVA,hr2123-115
HSVR,hr2123-115
HSII,hr1306-115
HSWM,hr6900-115
HSAG,hr3465-115
HSIF,hr3465-115
HSWM,hr3465-115
SSCM,hr3388-115
HSIF,hr3388-115
HSWM,hr6504-115
HSWM,hr662-115
HSBU,hr7140-115
HSAS,hr7140-115
HSFA,hr7140-115
HSRU,hr7140-115
HLIG,hr7140-115
HSBA,hr7140-115
HSWM,hr7140-115
HSHA,hr7140-115
HSGO,hr7140-115
HSJU,hr7140-115
HSBA,hr4464-115
HSWM,hr908-115
HSIF,hr908-115
SSGA,hr2283-115
HSHM,hr2283-115
HSBA,hr3100-115
HSJU,hr730-115
HSWM,hr3925-115
HSHA,hr1094-115
HSED,hr357-115
HSII,hr175-115
HSIF,hr175-115
HSWM,hr175-115
HSAP,hr175-115
HSRU,hr175-115
SSGA,hr1684-115
HSPW,hr1684-115
HSJU,hr6754-115
HSJU,hr3984-115
HSIF,hr4802-115
HSPW,hr4802-115
HSGO,hr4802-115
HSJU,hr6713-115
SSGA,hr1372-115
HSPW,hr1372-115
HSHM,hr1372-115
HSWM,hr5430-115
HSGO,hr841-115
HSJU,hr6816-115
SSVA,hr5974-115
HSVR,hr5974-115
HLIG,hr6630-115
HSAP,hr4316-115
HSAG,hr4316-115
HSWM,hr5558-115
HSIF,hr5558-115
HSHM,hr6366-115
HSJU,hr5204-115
HSVR,hr3640-115
HSIF,hr4573-115
HSED,hr3499-115
HSWM,hr3499-115
HSFA,hr356-115
HSED,hr1429-115
HSAG,hr1357-115
HSII,hr1357-115
HSGO,hr1357-115
HSED,hr1603-115
SSGA,hr4887-115
HSGO,hr4887-115
HSIF,hr1290-115
HSWM,hr1290-115
HSAS,hr846-115
SSFI,hr2857-115
HSWM,hr2857-115
HSFA,hr264-115
HSIF,hr3730-115
HSWM,hr3730-115
HSVR,hr1771-115
HSAP,hr1771-115
HSIF,hr4817-115
HSJU,hr5427-115
HSJU,hr3991-115
HSIF,hr3991-115
HSPW,hr4629-115
HSED,hr1864-115
HSGO,hr5355-115
HSJU,hr3004-115
SSCM,hr5131-115
HSHM,hr5131-115
HSII,hr4985-115
HSHA,hr944-115
HSVR,hr457-115
HSAS,hr1968-115
HSPW,hr1968-115
HSII,hr827-115
HSJU,hr2073-115
SSVA,hr3656-115
HSVR,hr3656-115
HSVR,hr1910-115
HSPW,hr6111-115
HSBU,hr1999-115
HSIF,hr1634-115
HSIF,hr1240-115
HSFA,hr1240-115
HSED,hr1286-115
HSII,hr2424-115
HSGO,hr2909-115
HSSY,hr4700-115
HSWM,hr4700-115
SSGA,hr6740-115
HSHM,hr6740-115
HSWM,hr1896-115
HSIF,hr2539-115
HSPW,hr2539-115
HSVR,hr3165-115
HSIF,hr1395-115
HSAG,hr1483-115
HSII,hr1483-115
SSFI,hr5773-115
HSWM,hr5773-115
HSIF,hr5773-115
HSGO,hr6437-115
HSBA,hr6437-115
HSAP,hr6437-115
HSVR,hr2506-115
HSFA,hr3474-115
HSAG,hr3474-115
HSHM,hr3474-115
HSII,hr3474-115
HSPW,hr3474-115
HSWM,hr3474-115
HSJU,hr3474-115
HSAS,hr3474-115
HSPW,hr4445-115
HSII,hr481-115
HSJU,hr281-115
SSVA,hr3946-115
HSVR,hr3946-115
HSJU,hr1926-115
HSBA,hr1321-115
SSEG,hr306-115
HSIF,hr306-115
HSIF,hr6022-115
HSIF,hr3315-115
HSWM,hr3315-115
HSIF,hr3872-115
HSIF,hr3450-115
SSJU,hr6691-115
HSJU,hr6691-115
HSJU,hr5289-115
HSGO,hr5289-115
HSIF,hr5711-115
HSWM,hr108-115
HSIF,hr1814-115
HSWM,hr2896-115
HSED,hr2896-115
HSHA,hr3953-115
HSED,hr2944-115
HSED,hr3870-115
HSPW,hr6414-115
HSVR,hr3720-115
HSPW,hr3977-115
HSWM,hr3977-115
HSBA,hr3977-115
HSWM,hr7177-115
HSIF,hr7177-115
HSII,hr1269-115
HSVR,hr411-115
HSWM,hr5370-115
HSAS,hr303-115
HSVR,hr303-115
HSJU,hr1043-115
HSFA,hr6296-115
HSPW,hr5326-115
HSVR,hr1100-115
HSED,hr4379-115
HSJU,hr1170-115
HSIF,hr5554-115
HSIF,hr5818-115
HSWM,hr5818-115
SSGA,hr6400-115
HSHM,hr6400-115
HSWM,hr6400-115
HSWM,hr3097-115
HSGO,hr3097-115
HSII,hr260-115
HSJU,hr6657-115
HSHM,hr6657-115
HSWM,hr6657-115
HSAP,hr6657-115
HSED,hr6657-115
HSBA,hr6657-115
HSFA,hr6657-115
SSEG,hr4895-115
HSII,hr4895-115
HSVR,hr3557-115
HSHA,hr175-115
HSJU,hr175-115
HSED,hr175-115
HSVR,hr3372-115
HSGO,hr4852-115
HSHA,hr4852-115
HSAP,hr4852-115
HSJU,hr5216-115
HSFA,hr5216-115
HSHM,hr6609-115
HSED,hr2428-115
HSGO,hr31-115
HSJU,hr170-115
HSJU,hr5293-115
HSWM,hr1403-115
HSII,hr1157-115
HSIF,hr3256-115
HSWM,hr2559-115
HSPW,hr1894-115
HSSY,hr2876-115
HSHA,hr2876-115
HSII,hr4086-115
HSWM,hr488-115
HSHA,hr3091-115
HSPW,hr6773-115
HSED,hr6773-115
HSBA,hr6324-115
HSBU,hr4397-115
HSWM,hr4397-115
HSFA,hr466-115
HSJU,hr1033-115
HSVR,hr418-115
HSWM,hr766-115
HSIF,hr766-115
HSII,hr362-115
HSAG,hr4691-115
HSED,hr4637-115
HSWM,hr4637-115
HSWM,hr5270-115
HSIF,hr1604-115
SSSB,hr33-115
HSJU,hr33-115
HSSM,hr33-115
HSJU,hr1934-115
HSIF,hr1300-115
HSED,hr1300-115
HSGO,hr1300-115
HSAS,hr1300-115
HSAG,hr831-115
HSGO,hr1339-115
HSIF,hr471-115
HSWM,hr4701-115
HSWM,hr6189-115
HSED,hr6189-115
SSCM,hr6032-115
HSIF,hr6032-115
HSHA,hr6275-115
HSGO,hr6275-115
HSED,hr3323-115
HSED,hr52-115
HSIF,hr6372-115
HSED,hr1332-115
HSII,hr5248-115
HSWM,hr5248-115
HSWM,hr636-115
HSIF,hr2160-115
HSPW,hr2160-115
HSED,hr2160-115
HSED,hr2902-115
HSII,hr3803-115
HSWM,hr5603-115
HSIF,hr5603-115
SSGA,hr4924-115
HSWM,hr4924-115
HSGO,hr4924-115
HSHA,hr4924-115
HSVR,hr4556-115
HSJU,hr135-115
HSJU,hr3987-115
HSIF,hr3987-115
HSWM,hr4733-115
HSIF,hr4733-115
HSBU,hr4733-115
HSVR,hr2708-115
HSAG,hr1141-115
HSAS,hr4016-115
HSVR,hr4016-115
HSIF,hr705-115
HSBA,hr5288-115
HSAG,hr2722-115
HSWM,hr2722-115
HSPW,hr3238-115
HSAS,hr3819-115
HSBU,hr3819-115
HSVR,hr3819-115
HSAG,hr525-115
HSBA,hr525-115
HSFA,hr525-115
HSIF,hr6808-115
HSWM,hr3507-115
HSII,hr3117-115
HSIF,hr3117-115
SSFR,hr5576-115
HSFA,hr5576-115
HSJU,hr5576-115
HSGO,hr5576-115
HSBA,hr5576-115
HSVR,hr3459-115
HSWM,hr6124-115
HSBA,hr3854-115
HSBU,hr3732-115
HSWM,hr3732-115
HSBU,hr3672-115
HSAP,hr3672-115
HSJU,hr3747-115
HSBA,hr3747-115
HSAG,hr4749-115
HSWM,hr792-115
HSJU,hr4309-115
HSGO,hr4309-115
HSPW,hr4719-115
HSHM,hr2831-115
HSPW,hr2831-115
HSIF,hr1519-115
SSCM,hr6229-115
HSSY,hr6229-115
SSVA,hr3832-115
HSVR,hr3832-115
SSRA,hr1695-115
HSJU,hr1695-115
HSIF,hr4082-115
HSED,hr4082-115
HSWM,hr4082-115
HSIF,hr1538-115
HSBA,hr5673-115
HSWM,hr1780-115
HSWM,hr1898-115
HSIF,hr1898-115
HSWM,hr6986-115
HSIF,hr6986-115
HSIF,hr5695-115
HSJU,hr858-115
HSHA,hr1548-115
HSHM,hr6659-115
HSJU,hr5620-115
HSHA,hr6723-115
HSBA,hr5106-115
HSGO,hr990-115
HSII,hr6136-115
HSAG,hr6136-115
HSHM,hr6136-115
HSJU,hr6136-115
SSCM,hr1353-115
HSHM,hr1353-115
HSVR,hr6151-115
HSJU,hr177-115
HSVR,hr4320-115
HLIG,hr3587-115
HSBA,hr1423-115
HSWM,hr6619-115
HSIF,hr6619-115
SSJU,hr6896-115
HSJU,hr6896-115
HSJU,hr4207-115
HSRU,hr2798-115
HSFA,hr2798-115
HSAG,hr2996-115
SSHR,hr5261-115
HSIF,hr5261-115
HSJU,hr4482-115
HSIF,hr4482-115
HSJU,hr145-115
HSGO,hr145-115
HSHA,hr145-115
HSJU,hr1192-115
HSIF,hr3426-115
HSWM,hr3426-115
HSII,hr4-115
HSSY,hr4-115
HSWM,hr4-115
HSBA,hr4-115
HSPW,hr4-115
HSED,hr15-115
HSVR,hr1104-115
SSGA,hr2227-115
HSAP,hr2227-115
HSGO,hr2227-115
HSAP,hr1928-115
HSBA,hr2498-115
HSIF,hr5983-115
HSWM,hr5678-115
HSIF,hr5678-115
HSIF,hr3105-115
HSED,hr3105-115
HSPW,hr2405-115
HSGO,hr1452-115
HSBA,hr4752-115
HSVR,hr369-115
HSIF,hr180-115
HSPW,hr1952-115
HSJU,hr3057-115
HSHA,hr3057-115
HSII,hr4072-115
HSPW,hr2223-115
HSVR,hr1052-115
HSBA,hr5499-115
HSJU,hr1970-115
HSIF,hr7391-115
HSWM,hr7391-115
HSJU,hr1493-115
HSHA,hr634-115
HSJU,hr6495-115
HSIF,hr6495-115
HSED,hr6495-115
HSIF,hr4839-115
HSPW,hr4839-115
HSII,hr4214-115
HSFA,hr1383-115
HSAS,hr1383-115
HSVR,hr1383-115
SSSB,hr6330-115
HSSM,hr6330-115
HSED,hr3828-115
HSFA,hr1191-115
HSED,hr952-115
HSWM,hr6306-115
HSIF,hr2025-115
HSAS,hr406-115
HSED,hr3038-115
HSPW,hr1028-115
HSWM,hr2575-115
HSIF,hr2575-115
HSVR,hr67-115
HSPW,hr67-115
HSWM,hr67-115
HSJU,hr5632-115
HSIF,hr5632-115
HSED,hr5632-115
HSBA,hr6572-115
HSVR,hr6572-115
HSAP,hr5185-115
SSSB,hr26-115
SSGA,hr26-115
HSJU,hr26-115
HSBU,hr26-115
HSRU,hr26-115
HSHM,hr5574-115
HSVR,hr4533-115
HSPW,hr2485-115
HSWM,hr283-115
HSED,hr3055-115
HSIF,hr5679-115
HSED,hr5679-115
HSED,hr5332-115
HSJU,hr6491-115
HSIF,hr6491-115
HSIF,hr3748-115
HSWM,hr3748-115
HSBA,hr5076-115
HSIF,hr6273-115
HSBA,hr6789-115
HSED,hr663-115
SSJU,hr1730-115
HSJU,hr1730-115
HSED,hr5728-115
HSII,hr2272-115
HSIF,hr6261-115
HSIF,hr1375-115
HSIF,hr3444-115
HSHA,hr3444-115
HSGO,hr3444-115
HSED,hr3444-115
HSWM,hr3444-115
HSAG,hr3444-115
HSWM,hr624-115
HSGO,hr624-115
HSSY,hr2653-115
HSAS,hr2759-115
HSIF,hr6764-115
HSAG,hr5022-115
HSBA,hr7137-115
HSWM,hr1599-115
HSIF,hr4953-115
HSED,hr6876-115
HSJU,hr4253-115
HSGO,hr2324-115
HSBA,hr2519-115
HSIF,hr2439-115
SSFI,hr4547-115
HSWM,hr4547-115
HSWM,hr6015-115
HSWM,hr5153-115
HSED,hr1484-115
HSJU,hr949-115
HSBU,hr949-115
HSED,hr949-115
SSVA,hr28-115
HSVR,hr28-115
HSVR,hr1994-115
HSBA,hr4659-115
HSJU,hr3329-115
HSBA,hr3329-115
HSFA,hr3329-115
SSBK,hr2219-115
HSFA,hr2219-115
HSBA,hr2219-115
HSWM,hr2310-115
HSHM,hr7328-115
HSJU,hr7328-115
HSVR,hr7328-115
HSIF,hr7328-115
HSJU,hr1102-115
HSWM,hr2881-115
HSJU,hr250-115
HSSY,hr1342-115
HSJU,hr1342-115
HSIF,hr3291-115
HSWM,hr2663-115
HSIF,hr2663-115
SSVA,hr3262-115
HSVR,hr3262-115
SSEV,hr1917-115
HSIF,hr1917-115
HSED,hr1485-115
HSED,hr7112-115
HSAS,hr5863-115
HSFA,hr5863-115
HSGO,hr1387-115
SSFI,hr6760-115
HSWM,hr6760-115
HSAG,hr3592-115
HSIF,hr3592-115
HSAS,hr2036-115
HSGO,hr2036-115
HSJU,hr1979-115
HSIF,hr3917-115
HSII,hr2248-115
HSBA,hr2868-115
HSRU,hr4943-115
HSJU,hr4943-115
HSBA,hr1637-115
HSAG,hr3871-115
HSBA,hr4432-115
HSIF,hr3570-115
SSFI,hr519-115
HSWM,hr519-115
HSHA,hr1620-115
HSGO,hr1620-115
HSED,hr1620-115
SSCM,hr582-115
HSIF,hr582-115
HSJU,hr913-115
HSBU,hr3823-115
HSBA,hr3823-115
HSIF,hr3823-115
HSPW,hr3823-115
HSWM,hr3823-115
HSAS,hr1954-115
HSVR,hr1954-115
HSGO,hr4611-115
HSWM,hr6081-115
HSVR,hr2733-115
HSHA,hr2678-115
HSAG,hr2832-115
HSWM,hr2832-115
HSIF,hr2832-115
HSBU,hr2832-115
HSBA,hr2832-115
HSJU,hr2620-115
HSWM,hr2620-115
HSIF,hr5992-115
HSIF,hr4902-115
HSPW,hr4902-115
HSVR,hr1063-115
HSAG,hr5015-115
HSGO,hr942-115
HSSY,hr237-115
HSII,hr237-115
HSVR,hr5683-115
HSBA,hr4546-115
HSII,hr6106-115
HSED,hr5124-115
HSII,hr4568-115
HSJU,hr4706-115
HSIF,hr5161-115
HSJU,hr1494-115
HSAG,hr7372-115
HSBA,hr2204-115
HSWM,hr2171-115
HSED,hr1646-115
HSWM,hr6317-115
HSBU,hr2174-115
HSRU,hr2174-115
HSGO,hr2174-115
HSJU,hr7115-115
HSIF,hr7115-115
HSJU,hr818-115
HSIF,hr6437-115
HSHA,hr6437-115
HSAS,hr6437-115
HSJU,hr6437-115
HLIG,hr6437-115
HSFA,hr6437-115
HSII,hr4419-115
HSIF,hr3967-115
HSWM,hr1810-115
HSHA,hr3837-115
HSIF,hr1526-115
HSPW,hr1526-115
HSJU,hr495-115
HSFA,hr495-115
HSII,hr6521-115
HSED,hr2629-115
HSHA,hr6433-115
SSGA,hr549-115
HSHM,hr549-115
HSBA,hr879-115
HSJU,hr5547-115
HSFA,hr3030-115
HLIG,hr3030-115
HSGO,hr1711-115
HSIF,hr3891-115
HSJU,hr1815-115
HSED,hr977-115
HSIF,hr548-115
HSIF,hr6991-115
HSGO,hr6991-115
HSWM,hr3849-115
HSPW,hr6136-115
HSGO,hr6136-115
HSBU,hr6136-115
HSFA,hr6136-115
HSAS,hr6136-115
HSIF,hr6136-115
HSWM,hr6136-115
HSJU,hr4018-115
HSAG,hr1276-115
HSVR,hr6285-115
HSWM,hr422-115
SSHR,hr2410-115
HSIF,hr2410-115
HSAG,hr4420-115
HSWM,hr1090-115
HSVR,hr814-115
HSHA,hr2279-115
HSBA,hr2279-115
HSPW,hr3544-115
HSPW,hr5175-115
HSIF,hr5175-115
HSVR,hr2555-115
HSGO,hr2555-115
HSII,hr6107-115
HSBA,hr3625-115
HSGO,hr3625-115
HSJU,hr1732-115
HSIF,hr1732-115
HSPW,hr2375-115
HSIF,hr7268-115
SSHR,hr3759-115
HSED,hr3759-115
HSII,hr232-115
HSAG,hr232-115
HSJU,hr5887-115
SSFR,hr1660-115
HSFA,hr1660-115
HSWM,hr1114-115
HSED,hr1114-115
SLIA,hr2606-115
HSII,hr2606-115
HSSY,hr6267-115
HSWM,hr5414-115
HSFA,hr545-115
HSIF,hr545-115
HSVR,hr3605-115
HSII,hr2911-115
HSPW,hr2911-115
HSHA,hr2911-115
HSED,hr4491-115
SSHR,hr3728-115
HSIF,hr3728-115
HSAG,hr4202-115
HSIF,hr3525-115
HSBU,hr3525-115
HSWM,hr3525-115
HSWM,hr1671-115
HSBA,hr6509-115
HSIF,hr166-115
HSWM,hr166-115
HSVR,hr1251-115
HSAS,hr1251-115
HSWM,hr1251-115
HSGO,hr1251-115
HSWM,hr2018-115
HSBU,hr4874-115
HSAP,hr4874-115
HSIF,hr3727-115
HSWM,hr3727-115
HSJU,hr1544-115
SSVA,hr1367-115
HSGO,hr1367-115
HSVR,hr1367-115
HSIF,hr4492-115
HSPW,hr4492-115
HSBA,hr6177-115
HSJU,hr5367-115
HSIF,hr3447-115
HSWM,hr3447-115
HSWM,hr1172-115
HSRU,hr1172-115
HSRU,hr3167-115
HSBU,hr3167-115
HSBA,hr3167-115
HSWM,hr3167-115
HSED,hr3088-115
HSJU,hr1741-115
HSWM,hr1317-115
HSED,hr4997-115
HSWM,hr4997-115
HSIF,hr1315-115
HSSY,hr5959-115
HSIF,hr5959-115
HSGO,hr5959-115
HSWM,hr5959-115
HSBA,hr123-115
HSGO,hr6061-115
HSJU,hr6213-115
HSJU,hr6607-115
HSSY,hr3665-115
HSII,hr3665-115
HSBA,hr3758-115
SSCM,hr4921-115
HSPW,hr4921-115
HSWM,hr5842-115
HSED,hr5842-115
HSII,hr6288-115
HSSY,hr6288-115
SSFR,hr3776-115
HSFA,hr3776-115
HSIF,hr1736-115
HSED,hr2650-115
HSED,hr5640-115
HSWM,hr5675-115
HSIF,hr5675-115
HSJU,hr4290-115
HSII,hr1285-115
HSED,hr3441-115
HSWM,hr247-115
HSWM,hr6873-115
HSWM,hr1513-115
HSWM,hr2476-115
HSBA,hr2793-115
HSJU,hr2456-115
HSED,hr6440-115
HSGO,hr5205-115
HSIF,hr5123-115
HSBA,hr3221-115
HSJU,hr5476-115
HSIF,hr1323-115
HSIF,hr1409-115
HSIF,hr6836-115
SSHR,hr5889-115
HSED,hr5889-115
HSJU,hr5717-115
HSWM,hr5769-115
HSIF,hr5769-115
HSJU,hr98-115
HSJU,hr151-115
SSSB,hr1702-115
HSSM,hr1702-115
HSWM,hr6733-115
HSIF,hr6733-115
HSED,hr3840-115
HSII,hr4062-115
HSBU,hr2475-115
HSWM,hr2475-115
HSED,hr2475-115
SSGA,hr3202-115
HSHM,hr3202-115
HSIF,hr3992-115
HSWM,hr3992-115
HSII,hr1887-115
SSVA,hr467-115
HSGO,hr467-115
HSVR,hr467-115
HSIF,hr4442-115
HSWM,hr675-115
HSIF,hr2903-115
HSGO,hr4623-115
HSAG,hr4513-115
HSWM,hr4857-115
HSIF,hr4006-115
HSWM,hr4006-115
HSGO,hr6335-115
HSVR,hr4783-115
HSJU,hr4344-115
HSIF,hr4344-115
HSII,hr6957-115
HSPW,hr6957-115
HSWM,hr7196-115
HSJU,hr1704-115
HSIF,hr1704-115
HSPW,hr6603-115
HSSM,hr6603-115
HSGO,hr3403-115
HSWM,hr173-115
HSED,hr5932-115
HSIF,hr1203-115
HSJU,hr2472-115
HSIF,hr2472-115
HSIF,hr5275-115
HSPW,hr5275-115
HSIF,hr5628-115
HSAG,hr3667-115
HSHA,hr568-115
HSGO,hr568-115
HSAS,hr1793-115
HSVR,hr1793-115
HSED,hr2976-115
HSPW,hr2983-115
HSII,hr1613-115
HSWM,hr1613-115
HSGO,hr6891-115
HSJU,hr2762-115
HSGO,hr2762-115
HSSY,hr4489-115
HSAG,hr4489-115
HSII,hr4489-115
HSPW,hr4489-115
HSJU,hr4489-115
HSBA,hr1018-115
SSBK,hr1699-115
HSBA,hr1699-115
HSJU,hr75-115
HSGO,hr75-115
HSVR,hr1749-115
HSWM,hr5888-115
HSED,hr5888-115
HSRU,hr5674-115
HSVR,hr5674-115
HSIF,hr6370-115
SSGA,hr1249-115
HSHM,hr1249-115
HSED,hr4272-115
HSII,hr4532-115
HSAS,hr4571-115
HSIF,hr4571-115
HSWM,hr4571-115
HSWM,hr7021-115
SSJU,hr613-115
HSJU,hr613-115
HSIF,hr4004-115
HSGO,hr4004-115
HSIF,hr1718-115
HSII,hr1718-115
HSAP,hr1718-115
HSRU,hr1718-115
HSHA,hr1718-115
HSJU,hr1718-115
HSED,hr1718-115
HSWM,hr1718-115
SSGA,hr584-115
HSHM,hr584-115
HSWM,hr4822-115
HSGO,hr4822-115
HSSO,hr4822-115
HSHA,hr4822-115
HSIF,hr3692-115
HSJU,hr3692-115
HSED,hr2434-115
HSIF,hr1046-115
HSWM,hr4135-115
HSHM,hr2514-115
HSIF,hr1895-115
HSIF,hr3130-115
HSVR,hr3130-115
HSFA,hr3130-115
HSWM,hr3130-115
HSED,hr3130-115
HSJU,hr3644-115
HSIF,hr6987-115
HSED,hr2095-115
HSIF,hr6823-115
HSVR,hr307-115
HSHA,hr307-115
HSII,hr5727-115
HSAP,hr6385-115
SSAP,hr6385-115
HSIF,hr4128-115
HSWM,hr4128-115
HSII,hr6771-115
HSII,hr215-115
HSED,hr6099-115
HSIF,hr4501-115
SSCM,hr665-115
HSHM,hr665-115
HSBA,hr5841-115
HSIF,hr5841-115
HSGO,hr5841-115
HLIG,hr5841-115
HSFA,hr5841-115
HSVR,hr1993-115
HSJU,hr878-115
HSIF,hr878-115
HSJU,hr3843-115
HSAG,hr4654-115
HSED,hr160-115
SSHR,hr959-115
HSIF,hr959-115
HSIF,hr7348-115
HSJU,hr140-115
HSJU,hr6974-115
HSBA,hr6974-115
HSVR,hr105-115
HSWM,hr596-115
HSWM,hr6290-115
SSGA,hr71-115
HSGO,hr71-115
SSGA,hr6438-115
HSHM,hr6438-115
HSBA,hr4460-115
HSPW,hr4460-115
HSIF,hr3289-115
HSIF,hr4206-115
HSWM,hr4206-115
HSWM,hr4456-115
HSED,hr719-115
HSJU,hr4833-115
SLIA,hr597-115
HSII,hr597-115
HSJU,hr5647-115
HSWM,hr6841-115
HSPW,hr3285-115
HSBA,hr3285-115
HSIF,hr3411-115
HSGO,hr1878-115
HSJU,hr2388-115
HSED,hr2933-115
HSIF,hr2274-115
HSIF,hr5998-115
HSFA,hr1559-115
HSGO,hr1242-115
HSWM,hr6636-115
HSHM,hr950-115
SSVA,hr1162-115
HSVR,hr1162-115
HSRU,hr5357-115
HSFA,hr5357-115
HSHA,hr2335-115
HSED,hr4078-115
HSII,hr169-115
HSPW,hr1183-115
HSFA,hr7390-115
HSII,hr7390-115
HSBA,hr7390-115
HSED,hr7390-115
HSIF,hr7390-115
HSJU,hr7390-115
HSBU,hr3686-115
HSAP,hr3686-115
HSHM,hr2975-115
HSBA,hr7037-115
HSWM,hr1804-115
SSHR,hr880-115
HSIF,hr880-115
HSED,hr3616-115
HSWM,hr4473-115
SSVA,hr5693-115
HSVR,hr5693-115
HSAG,hr5780-115
HSWM,hr5760-115
HSRU,hr5760-115
HSBA,hr2750-115
SSFI,hr3178-115
HSWM,hr3178-115
HSIF,hr3178-115
HSBA,hr1948-115
HSPW,hr2715-115
HSJU,hr4382-115
HSAS,hr5000-115
HSPW,hr5000-115
HSBA,hr4107-115
HSAS,hr1168-115
HSVR,hr1168-115
HSGO,hr6550-115
HSJU,hr5490-115
HSFA,hr1230-115
HSII,hr4797-115
HSJU,hr1036-115
HSBA,hr1031-115
HSAS,hr664-115
HSJU,hr664-115
HSGO,hr664-115
HSIF,hr664-115
HSPW,hr6028-115
HSII,hr434-115
HSIF,hr4256-115
HSJU,hr5682-115
SSEG,hr835-115
HSII,hr835-115
HSJU,hr5724-115
HSIF,hr5724-115
HSWM,hr5776-115
HSIF,hr5776-115
HSII,hr6660-115
HSWM,hr7157-115
HSIF,hr7157-115
HSED,hr4023-115
SSVA,hr1329-115
HSVR,hr1329-115
HSIF,hr6917-115
HSIF,hr3685-115
HSWM,hr4067-115
HSIF,hr6286-115
HSII,hr443-115
SSFI,hr3192-115
HSIF,hr3192-115
HSJU,hr5545-115
HSII,hr5545-115
HSIF,hr5545-115
HSHA,hr7120-115
HSIF,hr453-115
SSBK,hr1219-115
HSBA,hr1219-115
SSFI,hr5788-115
HSGO,hr5788-115
HSHM,hr5788-115
HSWM,hr5788-115
HSJU,hr7310-115
HSJU,hr4447-115
HSWM,hr7141-115
HSIF,hr7141-115
HSED,hr7141-115
HSPW,hr6206-115
HSJU,hr7127-115
HSHA,hr7127-115
HSPW,hr3951-115
SSFI,hr5796-115
HSWM,hr5796-115
HSIF,hr5796-115
HSJU,hr4896-115
HSIF,hr4897-115
HSIF,hr5080-115
HSWM,hr5080-115
HSVR,hr1844-115
HSII,hr6799-115
HSSM,hr6799-115
HSBA,hr6799-115
HSIF,hr1277-115
HSWM,hr1262-115
HSAS,hr5125-115
HSGO,hr5125-115
SSJU,hr1761-115
HSJU,hr1761-115
HSFA,hr6503-115
HSWM,hr2836-115
HSAG,hr7042-115
HSII,hr7042-115
HSPW,hr2124-115
HSFA,hr4022-115
HSHM,hr3735-115
HSWM,hr3988-115
SSGA,hr1009-115
HSJU,hr1009-115
HSGO,hr1009-115
HSWM,hr2624-115
HSSY,hr6090-115
HSSY,hr6944-115
HSPW,hr6944-115
HSWM,hr4158-115
HSED,hr4158-115
HSIF,hr3325-115
SSFI,hr6561-115
HSIF,hr6561-115
HSWM,hr6561-115
HSRU,hr818-115
HSBU,hr818-115
HSVR,hr5830-115
HSAG,hr7315-115
HSII,hr7315-115
HSAS,hr7277-115
HSFA,hr7277-115
HSAG,hr4305-115
HSWM,hr6813-115
HSED,hr5241-115
HSJU,hr6824-115
HSIF,hr4619-115
HSWM,hr4619-115
HSSY,hr6949-115
HSIF,hr6949-115
HSAS,hr4658-115
HSVR,hr4658-115
HSED,hr4658-115
HSAS,hr3102-115
HSIF,hr350-115
HSPW,hr4812-115
HSBA,hr4812-115
HSGO,hr4812-115
HSJU,hr5410-115
HSWM,hr7254-115
HSWM,hr2966-115
HSIF,hr2966-115
HSBA,hr2966-115
HSAG,hr2966-115
HSJU,hr2966-115
HSFA,hr2966-115
HSIF,hr1092-115
SSJU,hr2480-115
HSJU,hr2480-115
HSIF,hr3168-115
HSWM,hr3168-115
HSVR,hr4321-115
SSEG,hr5532-115
HSII,hr5532-115
HSAG,hr4208-115
HSII,hr4208-115
HSHM,hr2922-115
HSIF,hr2922-115
HSPW,hr2922-115
HSJU,hr1899-115
HSHM,hr1899-115
SSGA,hr69-115
HSGO,hr69-115
HSPW,hr3150-115
HSGO,hr3200-115
HSJU,hr1960-115
SSFR,hr2408-115
HSFA,hr2408-115
HSWM,hr4616-115
HSAG,hr622-115
HSII,hr622-115
SSFI,hr7-115
HSJU,hr7-115
HSWM,hr7-115
HSIF,hr7-115
HSBA,hr3539-115
HSWM,hr3009-115
HSED,hr2151-115
HSWM,hr2735-115
HSHA,hr4396-115
HSWM,hr439-115
HSWM,hr808-115
HSGO,hr808-115
HLIG,hr808-115
HSJU,hr808-115
HSBA,hr808-115
HSFA,hr808-115
HSIF,hr542-115
HSBU,hr5147-115
HSHA,hr5147-115
HSWM,hr355-115
HSED,hr355-115
HSJU,hr4660-115
HSWM,hr6031-115
HSIF,hr6031-115
SSEV,hr5294-115
HSPW,hr5294-115
HSIF,hr3387-115
HSPW,hr468-115
HSSY,hr3582-115
HSIF,hr3582-115
HSPW,hr3582-115
HSAG,hr3582-115
HSJU,hr4686-115
SSGA,hr655-115
HSHM,hr655-115
HSIF,hr5464-115
HSVR,hr1181-115
HSIF,hr4652-115
HSPW,hr3743-115
SSVA,hr2601-115
HSVR,hr2601-115
HSIF,hr2361-115
HSVR,hr1506-115
HSHA,hr3113-115
HSAG,hr51-115
HSBA,hr2262-115
HSPW,hr7014-115
HSBA,hr6321-115
HSWM,hr2516-115
HSWM,hr3595-115
HSAS,hr3049-115
HSJU,hr99-115
HSWM,hr1550-115
HSJU,hr4963-115
HSIF,hr1072-115
HSJU,hr1072-115
HSED,hr1072-115
HSWM,hr1072-115
HSBA,hr6352-115
HSED,hr6352-115
HSII,hr6088-115
HSJU,hr5631-115
HSED,hr5631-115
HSGO,hr3428-115
HSWM,hr685-115
HSII,hr7226-115
HSPW,hr7226-115
HSIF,hr7226-115
SSAF,hr238-115
HSBA,hr238-115
HSAG,hr238-115
HSIF,hr1766-115
SSJU,hr2473-115
HSJU,hr2473-115
HSED,hr2473-115
HSWM,hr1041-115
HSWM,hr5836-115
HSED,hr5836-115
HSAP,hr7264-115
HSJU,hr5652-115
HSGO,hr6295-115
HSSY,hr5260-115
HSED,hr1288-115
HSAG,hr800-115
HSII,hr800-115
HSIF,hr800-115
SSEG,hr1654-115
HSII,hr1654-115
HSGO,hr6388-115
HSAG,hr2167-115
HSII,hr2167-115
SSSB,hr6367-115
HSSM,hr6367-115
HSJU,hr5366-115
HSHM,hr5366-115
HSPW,hr5366-115
HSBA,hr3760-115
HSJU,hr7036-115
HSFA,hr7036-115
HSII,hr228-115
HSJU,hr2670-115
HSIF,hr4776-115
HSII,hr1195-115
HSIF,hr2871-115
HSWM,hr2461-115
HSED,hr2461-115
HSJU,hr2461-115
HSED,hr3246-115
HSIF,hr4903-115
HSJU,hr969-115
HSJU,hr5533-115
HSWM,hr1352-115
HSED,hr1352-115
SSHR,hr2664-115
HSED,hr2664-115
HSVR,hr1331-115
HSII,hr3916-115
HSGO,hr3974-115
HSII,hr3846-115
HSII,hr4774-115
HSWM,hr1874-115
SSHR,hr5242-115
HSJU,hr5242-115
HSED,hr5242-115
SSGA,hr4431-115
HSHA,hr4431-115
HSGO,hr4431-115
HSGO,hr5304-115
HSVR,hr4357-115
HSVR,hr1152-115
HSWM,hr6888-115
HSPW,hr6888-115
HSBA,hr6888-115
HSJU,hr6888-115
HLIG,hr6888-115
HSAS,hr6888-115
HSFA,hr6888-115
HSWM,hr1583-115
HSRU,hr893-115
HSHA,hr893-115
HSHM,hr4796-115
HSJU,hr4796-115
HSFA,hr4796-115
HSIF,hr4796-115
HSED,hr4796-115
HSIF,hr1184-115
HSFA,hr6506-115
HSVR,hr1943-115
HSII,hr3108-115
HSAG,hr3108-115
HSWM,hr3108-115
HSIF,hr3108-115
SSEG,hr3281-115
HSII,hr3281-115
HSED,hr2718-115
HSJU,hr3775-115
HSJU,hr850-115
HSRU,hr850-115
HSBU,hr850-115
HSGO,hr850-115
HSIF,hr3789-115
HSED,hr3789-115
HSHM,hr4918-115
HSJU,hr4918-115
HSAP,hr3162-115
SSAP,hr3162-115
HSPW,hr5948-115
HSPW,hr5325-115
HSBA,hr5325-115
HSIF,hr1440-115
HSED,hr4523-115
HSWM,hr4523-115
HSIF,hr4117-115
HSJU,hr4117-115
HSWM,hr4117-115
HSJU,hr4064-115
HSPW,hr5701-115
HSED,hr3574-115
HSGO,hr5454-115
HSPW,hr1233-115
SSGA,hr4174-115
HSGO,hr4174-115
HSIF,hr6315-115
HSJU,hr6011-115
HSJU,hr6190-115
HSGO,hr6732-115
HSWM,hr5104-115
HSIF,hr5104-115
HSED,hr5104-115
HSBA,hr764-115
HSWM,hr764-115
HSJU,hr2412-115
HSWM,hr2412-115
HSED,hr2412-115
HSIF,hr4520-115
HSWM,hr4520-115
HSIF,hr2788-115
HSWM,hr2788-115
HSVR,hr5246-115
SSHR,hr5327-115
HSIF,hr5327-115
HSWM,hr1834-115
HSIF,hr1834-115
HSPW,hr3682-115
HSED,hr2753-115
HSJU,hr3654-115
SSEG,hr965-115
HSII,hr965-115
HSIF,hr4418-115
SSEG,hr2582-115
HSII,hr2582-115
HSED,hr6510-115
HSPW,hr6510-115
HSII,hr6510-115
HSBA,hr7257-115
HSBA,hr1611-115
HSBA,hr1422-115
HSJU,hr1822-115
HSIF,hr1822-115
HSWM,hr7276-115
HSVR,hr4055-115
HSII,hr3744-115
SSCM,hr321-115
HSSY,hr321-115
HSII,hr3096-115
HSJU,hr6654-115
HSAS,hr3079-115
HSVR,hr1977-115
HSED,hr2776-115
HSAS,hr1681-115
HSVR,hr1681-115
HSII,hr2352-115
HSPW,hr268-115
HSJU,hr2819-115
HSIF,hr3495-115
HSII,hr4731-115
HSIF,hr2495-115
HSJU,hr2602-115
HSPW,hr2602-115
HSSM,hr251-115
HSAG,hr6463-115
HSII,hr6463-115
HSIF,hr6463-115
HSPW,hr6463-115
HSSY,hr6463-115
HSED,hr6463-115
HSWM,hr6463-115
HSII,hr1273-115
HSIF,hr6809-115
HSWM,hr6809-115
HSBA,hr5266-115
HSPW,hr4087-115
HSGO,hr3733-115
HSII,hr199-115
HSWM,hr576-115
HSGO,hr576-115
HSJU,hr3301-115
HSED,hr2418-115
HSSY,hr5196-115
HSII,hr5196-115
HSAS,hr5196-115
HSGO,hr5391-115
HSJU,hr670-115
HSHA,hr319-115
HSWM,hr5457-115
HSIF,hr5457-115
HSVR,hr2837-115
HSGO,hr5359-115
HSBA,hr317-115
SSEG,hr3186-115
HSPW,hr3186-115
HSAG,hr3186-115
HSII,hr3186-115
HSPW,hr1735-115
HSIF,hr2239-115
HSJU,hr5398-115
HSFA,hr917-115
SLIA,hr4032-115
HSII,hr4032-115
HSSY,hr6454-115
SSFR,hr3342-115
HSJU,hr3342-115
HSFA,hr3342-115
HSWM,hr6071-115
HSIF,hr6071-115
HSWM,hr6648-115
HSBA,hr1264-115
HSII,hr4745-115
HSGO,hr5475-115
HSJU,hr5731-115
HSED,hr5731-115
HSHM,hr5731-115
HSPW,hr3176-115
HSAS,hr393-115
HSJU,hr4152-115
HSGO,hr4152-115
HSHA,hr4152-115
HSED,hr4152-115
HSVR,hr4843-115
HSPW,hr4455-115
HSWM,hr4618-115
HSHM,hr2309-115
HSGO,hr2309-115
HSAG,hr4211-115
SSHR,hr5483-115
HSIF,hr5483-115
HSJU,hr5483-115
HSIF,hr4575-115
SSGA,hr666-115
HSHM,hr666-115
HSII,hr4645-115
HSII,hr3565-115
HSII,hr5697-115
HSJU,hr5697-115
HSGO,hr3019-115
HSJU,hr4187-115
HSGO,hr2400-115
HSWM,hr5813-115
HSJU,hr6902-115
HSWM,hr5446-115
HSRU,hr978-115
HSGO,hr978-115
SSEV,hr3053-115
HSAS,hr3053-115
HSII,hr3053-115
HSIF,hr3053-115
HSBA,hr1964-115
HSIF,hr3900-115
HSWM,hr2502-115
HSIF,hr6731-115
HSIF,hr3258-115
HSJU,hr74-115
HSIF,hr4582-115
HSWM,hr4582-115
SSEG,hr2883-115
HSII,hr2883-115
HSPW,hr2883-115
HSIF,hr2883-115
SSJU,hr2266-115
HSJU,hr2266-115
HSIF,hr862-115
HSWM,hr807-115
HSIF,hr807-115
HSHM,hr1006-115
HSJU,hr1006-115
HSIF,hr2445-115
HSWM,hr2445-115
SSGA,hr6846-115
HSGO,hr6846-115
HSIF,hr564-115
HSIF,hr5815-115
HSPW,hr4760-115
HSAG,hr4760-115
HSGO,hr4760-115
HSWM,hr3652-115
SSEV,hr1174-115
HSPW,hr1174-115
HSAS,hr333-115
HSVR,hr333-115
HSJU,hr7133-115
HSBA,hr7133-115
HSAG,hr344-115
HSJU,hr472-115
HSED,hr6543-115
HSJU,hr5993-115
HSBA,hr5993-115
HSGO,hr6893-115
HSJU,hr3212-115
HSAS,hr2220-115
HSPW,hr2220-115
HSIF,hr3096-115
HSII,hr2323-115
HSWM,hr1830-115
HSWM,hr5155-115
HSIF,hr5155-115
HSED,hr5155-115
HSAP,hr5952-115
HSBA,hr4562-115
HSJU,hr6697-115
HSIF,hr7170-115
HSVR,hr2736-115
HSFA,hr3810-115
HSBU,hr4602-115
HSED,hr4602-115
HSAG,hr4904-115
HSII,hr6796-115
HSBA,hr6796-115
HSIF,hr6796-115
HSJU,hr6796-115
HSWM,hr3224-115
HSIF,hr3224-115
HSIF,hr6050-115
HSWM,hr2091-115
HSJU,hr3578-115
HSWM,hr1828-115
SSBK,hr5749-115
HSBA,hr5749-115
HSJU,hr1047-115
HSWM,hr1047-115
HSWM,hr1144-115
HSIF,hr686-115
HSVR,hr5152-115
HSJU,hr712-115
HSIF,hr5803-115
SSEG,hr2371-115
HSII,hr2371-115
SSFI,hr3551-115
HSHM,hr3551-115
HSIF,hr2870-115
HSWM,hr2870-115
HSWM,hr1017-115
HSIF,hr1017-115
HSGO,hr2884-115
HSII,hr6246-115
HSVR,hr2838-115
HSJU,hr5060-115
HSIF,hr3416-115
HSPW,hr3416-115
SSFR,hr390-115
HSFA,hr390-115
HSJU,hr390-115
HSAG,hr4879-115
HSJU,hr4879-115
HSIF,hr1284-115
HSWM,hr1284-115
SSGA,hr3655-115
HSGO,hr3655-115
HSIF,hr2567-115
HSAG,hr1649-115
HSPW,hr1649-115
HSBA,hr1649-115
HSED,hr1649-115
HSJU,hr1649-115
HSSM,hr1649-115
HSWM,hr1649-115
HSHM,hr7073-115
HSII,hr2284-115
SSBK,hr4790-115
HSBA,hr4790-115
HSJU,hr881-115
HSJU,hr1879-115
SSVA,hr5938-115
HSVR,hr5938-115
HSIF,hr5562-115
SSEG,hr6511-115
HSIF,hr6511-115
HSVR,hr1505-115
SSFI,hr4403-115
HSWM,hr4403-115
HSII,hr6484-115
HSIF,hr4866-115
SSEG,hr497-115
HSII,hr497-115
HSWM,hr867-115
HSGO,hr2481-115
HSJU,hr6466-115
HSGO,hr6466-115
HSPW,hr1501-115
HSFA,hr193-115
HSJU,hr6193-115
HSFA,hr6193-115
HSJU,hr57-115
HSED,hr986-115
HSIF,hr5917-115
HSII,hr6797-115
HSBA,hr6797-115
HSIF,hr6797-115
HSJU,hr6797-115
HSVR,hr1508-115
HSIF,hr993-115
HSWM,hr1048-115
HSIF,hr4097-115
HSWM,hr4097-115
HSWM,hr2557-115
HSIF,hr2557-115
HSWM,hr6237-115
HLIG,hr6237-115
HSJU,hr713-115
HSFA,hr1415-115
HSIF,hr1415-115
HSBA,hr1415-115
SSEG,hr4376-115
HSSY,hr4376-115
HSIF,hr7236-115
HSVR,hr154-115
HSJU,hr4192-115
HSBA,hr6850-115
HSIF,hr3756-115
HSWM,hr3756-115
HSWM,hr4683-115
HSIF,hr4683-115
SSEG,hr5906-115
HSSY,hr5906-115
HSVR,hr888-115
HSWM,hr4459-115
SSVA,hr3122-115
HSVR,hr3122-115
HSSY,hr4276-115
HSHA,hr4276-115
HSSY,hr4050-115
HSIF,hr4050-115
SSVA,hr3642-115
HSVR,hr3642-115
SSVA,hr1066-115
HSVR,hr1066-115
HSSY,hr5042-115
HSIF,hr5042-115
HSJU,hr957-115
SSFI,hr5583-115
HSIF,hr5583-115
HSBA,hr3864-115
HSIF,hr7149-115
HSHA,hr133-115
HSWM,hr133-115
HSII,hr226-115
HSED,hr6791-115
HSII,hr2157-115
HSWM,hr6199-115
SSEG,hr618-115
HSII,hr618-115
SSEG,hr5513-115
HSII,hr5513-115
HSJU,hr1450-115
HSIF,hr723-115
HSVR,hr4642-115
SSGA,hr1297-115
HSHM,hr1297-115
HSBA,hr5470-115
HSJU,hr890-115
HSWM,hr5725-115
HSIF,hr5725-115
HSWM,hr3679-115
HSSY,hr4672-115
HSIF,hr4672-115
HSED,hr5942-115
HSWM,hr5942-115
HSII,hr5942-115
HSAS,hr5942-115
HSVR,hr5942-115
HSJU,hr5942-115
HSBU,hr5942-115
HSAG,hr5942-115
HSIF,hr5942-115
SSEV,hr1431-115
HSSY,hr1431-115
SSCM,hr5509-115
HSSY,hr5509-115
HSJU,hr3350-115
HSII,hr3005-115
HSHA,hr4631-115
HSGO,hr4631-115
SSBK,hr2396-115
HSBA,hr2396-115
HSSY,hr4251-115
HSPW,hr4251-115
SSEG,hr4257-115
HSII,hr4257-115
HSJU,hr3446-115
HSWM,hr3668-115
HSPW,hr3668-115
HSIF,hr3668-115
HSJU,hr3668-115
HSAG,hr3668-115
HSII,hr3668-115
HSJU,hr1053-115
HSWM,hr6948-115
HSIF,hr6948-115
HSIF,hr778-115
HSIF,hr5625-115
HSHA,hr3214-115
HSWM,hr2681-115
HSJU,hr1857-115
HSED,hr4274-115
HSJU,hr167-115
HSED,hr167-115
HSWM,hr167-115
HSII,hr1867-115
HSAG,hr4260-115
HSWM,hr4260-115
HSBU,hr3596-115
HSRU,hr3596-115
HSED,hr3596-115
SSGA,hr3737-115
HSGO,hr3737-115
HSII,hr6355-115
HSWM,hr1904-115
HSIF,hr1904-115
HSAS,hr1658-115
HSGO,hr1658-115
HSPW,hr3001-115
HSWM,hr3001-115
HSIF,hr2356-115
HSPW,hr2593-115
HSJU,hr5058-115
HSWM,hr2294-115
HSGO,hr2294-115
HSSY,hr1569-115
HSAS,hr1569-115
HSBU,hr1569-115
SSCM,hr5766-115
HSHM,hr5766-115
HSPW,hr2518-115
HSJU,hr371-115
HSWM,hr371-115
HSGO,hr371-115
HSJU,hr4472-115
SSEV,hr590-115
SSCM,hr590-115
HSSY,hr590-115
HSIF,hr590-115
HSIF,hr774-115
HSBU,hr3822-115
HSWM,hr6056-115
HSIF,hr6056-115
HSED,hr4778-115
HSWM,hr4778-115
HSIF,hr4778-115
HSJU,hr1446-115
SSGA,hr702-115
HSGO,hr702-115
HSED,hr4327-115
HSVR,hr2327-115
HSWM,hr795-115
SSFR,hr425-115
HSFA,hr425-115
HSWM,hr394-115
HSAG,hr2862-115
HSII,hr2862-115
HSBU,hr2862-115
HSWM,hr308-115
HSWM,hr4118-115
HSED,hr2155-115
HSVR,hr2652-115
HSWM,hr1421-115
HSIF,hr1421-115
HSED,hr2654-115
HSJU,hr1781-115
HSIF,hr1781-115
HSGO,hr1781-115
HSJU,hr4760-115
HSII,hr4760-115
SSGA,hr239-115
HSHM,hr239-115
HSVR,hr4312-115
HSVR,hr6066-115
HSIF,hr5930-115
HSVR,hr1445-115
HSBA,hr1801-115
HSJU,hr1549-115
HSIF,hr1549-115
HSBA,hr1549-115
HSGO,hr5874-115
HSWM,hr5874-115
HSIF,hr5874-115
HSII,hr5874-115
HSPW,hr6058-115
SSBK,hr4263-115
HSBA,hr4263-115
HSWM,hr3653-115
HSHA,hr1341-115
HSWM,hr6311-115
HSIF,hr6311-115
HSGO,hr5292-115
HSVR,hr5500-115
HSGO,hr1930-115
HSAP,hr2998-115
SSAP,hr2998-115
HSJU,hr2642-115
HSFA,hr2231-115
HSAS,hr2231-115
HSIF,hr6421-115
HSIF,hr706-115
HSVR,hr632-115
HSBA,hr4504-115
HSWM,hr4504-115
HSSO,hr4504-115
HSJU,hr4504-115
HSHA,hr4504-115
HSRU,hr4504-115
HSGO,hr4504-115
HSJU,hr1612-115
SSFR,hr2200-115
HSJU,hr2200-115
HSFA,hr2200-115
HSPW,hr2200-115
HSIF,hr2200-115
HSED,hr2200-115
HSAS,hr2200-115
HSWM,hr2200-115
HSGO,hr2200-115
HSAS,hr2692-115
HSVR,hr2692-115
HSJU,hr5642-115
HSAG,hr2321-115
HSED,hr5157-115
HSVR,hr1956-115
SSFI,hr4318-115
HSWM,hr4318-115
HSJU,hr3054-115
HSVR,hr3054-115
HSWM,hr3054-115
HSJU,hr810-115
HSED,hr1120-115
HSPW,hr7319-115
HSGO,hr1385-115
HSBA,hr2222-115
SSVA,hr1690-115
HSVR,hr1690-115
HSED,hr6080-115
HSGO,hr6080-115
HSED,hr3857-115
HSWM,hr3857-115
HSBA,hr3857-115
HSII,hr6520-115
HSVR,hr388-115
HSIF,hr524-115
HSWM,hr759-115
HSWM,hr798-115
HSII,hr4448-115
SSCM,hr876-115
HSHM,hr876-115
HSSY,hr4209-115
HSII,hr4209-115
HSIF,hr4209-115
HSPW,hr4209-115
HSED,hr4209-115
HSAG,hr4209-115
HSWM,hr4209-115
HSJU,hr3571-115
HSWM,hr6377-115
HSED,hr6377-115
HSAS,hr4479-115
HSVR,hr4479-115
HSWM,hr4479-115
HSED,hr4479-115
HSWM,hr6885-115
HSFA,hr6885-115
HSII,hr6885-115
HSWM,hr2770-115
HSIF,hr2770-115
HSED,hr1601-115
HSWM,hr2503-115
HSIF,hr2503-115
HSIF,hr860-115
HSII,hr1889-115
HSJU,hr6600-115
HSIF,hr6600-115
HSAG,hr4291-115
HSIF,hr4291-115
HSWM,hr1013-115
HSIF,hr1639-115
HSED,hr3422-115
HSJU,hr2561-115
HSBA,hr3783-115
HSIF,hr2026-115
HSJU,hr5340-115
HSIF,hr5340-115
HSPW,hr6194-115
HSBA,hr6194-115
HSIF,hr3780-115
HSWM,hr3780-115
HSED,hr1528-115
HSED,hr3742-115
HLIG,hr6224-115
SSVA,hr3705-115
HSVR,hr3705-115
HSWM,hr2050-115
HSIF,hr2050-115
HSHA,hr1827-115
HSGO,hr1827-115
HSED,hr1827-115
SSCM,hr6227-115
HSSY,hr6227-115
SSAS,hr2052-115
HSAS,hr2052-115
HSBA,hr3861-115
HSJU,hr4170-115
HSIF,hr324-115
HSJU,hr3139-115
HSWM,hr3139-115
HSII,hr3063-115
SSEG,hr2937-115
HSII,hr2937-115
HSPW,hr2917-115
HSII,hr370-115
HSWM,hr370-115
HSIF,hr370-115
HSBU,hr370-115
HSAP,hr370-115
HSHA,hr370-115
HSRU,hr370-115
HSJU,hr370-115
HSED,hr370-115
HSHM,hr2774-115
HSBA,hr3755-115
HSJU,hr1178-115
HSAG,hr3715-115
HSII,hr3715-115
SSCM,hr6461-115
HSHM,hr6461-115
HSIF,hr7192-115
SSCM,hr4925-115
HSPW,hr4925-115
HSIF,hr5083-115
HSWM,hr5083-115
HSIF,hr2728-115
HSED,hr2728-115
HSFA,hr3118-115
HSJU,hr3118-115
HSBA,hr3118-115
HSPW,hr4241-115
HSWM,hr5624-115
HSIF,hr5624-115
HSAS,hr936-115
HSWM,hr5439-115
HSHA,hr1701-115
HSGO,hr1701-115
HSHA,hr2854-115
HSWM,hr5651-115
HSPW,hr1713-115
HSWM,hr2808-115
HSBA,hr5879-115
SSFI,hr849-115
HSRU,hr849-115
HSIF,hr849-115
HSWM,hr849-115
HSHA,hr1615-115
HSHA,hr3952-115
HSBA,hr1849-115
HSIF,hr6517-115
HSIF,hr2336-115
HSJU,hr3989-115
HSHM,hr3989-115
HLIG,hr3989-115
HSGO,hr3989-115
HSAS,hr4760-115
HSWM,hr4760-115
HSFA,hr4760-115
HSHM,hr4760-115
HSED,hr4760-115
HSWM,hr3921-115
HSIF,hr3921-115
HSBA,hr5082-115
HSJU,hr2965-115
HSJU,hr3207-115
HSED,hr4715-115
HSIF,hr3820-115
HSWM,hr3820-115
SSBK,hr2364-115
HSSM,hr2364-115
HSBA,hr6858-115
HSWM,hr1296-115
HSBU,hr2477-115
HSWM,hr2477-115
HSED,hr2477-115
HSII,hr5319-115
HSPW,hr5319-115
HSHM,hr2626-115
HSJU,hr2626-115
HSIF,hr5278-115
HSWM,hr6502-115
HSIF,hr6502-115
HSFA,hr566-115
SSFI,hr3922-115
HSWM,hr3922-115
HSIF,hr3922-115
HSIF,hr217-115
SSEG,hr5005-115
HSII,hr5005-115
HSIF,hr772-115
HSIF,hr1703-115
HSJU,hr1795-115
HSIF,hr1795-115
HSBA,hr1795-115
HSGO,hr305-115
HSWM,hr305-115
HSED,hr203-115
HSWM,hr2556-115
HSIF,hr2556-115
HSSY,hr1224-115
HSPW,hr1309-115
SSCM,hr1309-115
HSHM,hr1309-115
HSAS,hr6141-115
HSII,hr4306-115
HSWM,hr7249-115
HSIF,hr7249-115
HSII,hr1350-115
HSIF,hr1253-115
HSED,hr1432-115
HSVR,hr578-115
HSAS,hr5320-115
HSGO,hr1232-115
HSIF,hr4098-115
HSIF,hr2351-115
HSBA,hr6745-115
HSJU,hr5902-115
HSGO,hr5902-115
HSVR,hr3185-115
HSJU,hr2098-115
HSJU,hr5139-115
HSED,hr5139-115
HSII,hr352-115
HSIF,hr352-115
HSWM,hr352-115
HSAP,hr352-115
HSHA,hr352-115
HSJU,hr352-115
HSED,hr352-115
HSRU,hr352-115
HSWM,hr5536-115
HSJU,hr2431-115
HSHM,hr2431-115
HSFA,hr2431-115
HSBA,hr4007-115
HSJU,hr1742-115
HSRU,hr1742-115
HSGO,hr1742-115
HSSM,hr2350-115
HSIF,hr537-115
HSGO,hr537-115
HSHA,hr537-115
HSWM,hr537-115
HSAS,hr6895-115
HSAS,hr1384-115
HSVR,hr1384-115
HSGO,hr1384-115
HSVR,hr1797-115
HSJU,hr639-115
HSIF,hr5425-115
HSED,hr2926-115
HSED,hr6794-115
HSJU,hr6794-115
HSIF,hr5137-115
HSPW,hr5137-115
SSCM,hr4986-115
HSGO,hr4986-115
HSPW,hr4986-115
HSIF,hr4986-115
HSWM,hr7203-115
HSHA,hr1560-115
HSGO,hr1560-115
HSED,hr1560-115
HSWM,hr2030-115
HSED,hr1710-115
HSIF,hr2022-115
SSGA,hr5099-115
HSHM,hr5099-115
HSED,hr3707-115
HSWM,hr3707-115
HSFA,hr4415-115
HSSY,hr958-115
HSIF,hr958-115
HSPW,hr958-115
HSAG,hr958-115
HSED,hr4108-115
HSSY,hr794-115
HSHA,hr794-115
HSAP,hr4793-115
HSIF,hr119-115
SSGA,hr6443-115
HSHM,hr6443-115
HSWM,hr5747-115
SSVA,hr2772-115
HSVR,hr2772-115
HSIF,hr6476-115
HSIF,hr5477-115
HSVR,hr6815-115
SSJU,hr115-115
HSJU,hr115-115
HSAG,hr2657-115
HSWM,hr4993-115
SSFI,hr2847-115
HSWM,hr2847-115
HSII,hr262-115
HSJU,hr2942-115
HSGO,hr2942-115
HSHA,hr2942-115
HSED,hr2942-115
HSED,hr3021-115
HSIF,hr6801-115
HSWM,hr6703-115
SSVA,hr1725-115
HSVR,hr1725-115
HSJU,hr5134-115
HSWM,hr6076-115
HSIF,hr6076-115
HSGO,hr6076-115
HSVR,hr4910-115
HSII,hr4910-115
HSHA,hr2852-115
HSWM,hr2852-115
HSED,hr2723-115
HSWM,hr4424-115
SSFI,hr3500-115
HSWM,hr3500-115
HSBA,hr1260-115
HSII,hr5885-115
HSSY,hr5885-115
HSII,hr5133-115
HSJU,hr3923-115
HSHM,hr3923-115
HSBA,hr3601-115
HSII,hr4842-115
HSIF,hr4842-115
HSAG,hr5172-115
HSIF,hr5172-115
HSWM,hr3554-115
HSED,hr3554-115
HSII,hr1630-115
SSEG,hr3392-115
HSII,hr3392-115
HSVR,hr2758-115
SSFI,hr6138-115
HSIF,hr6138-115
HSWM,hr6138-115
HSBU,hr1301-115
HSAP,hr1301-115
HSII,hr243-115
HSBA,hr2565-115
HSPW,hr1971-115
HSIF,hr1971-115
SSGA,hr1370-115
HSJU,hr1370-115
HSHM,hr1370-115
HSJU,hr7018-115
HSAG,hr7018-115
HSII,hr7018-115
HSIF,hr7018-115
HSIF,hr4585-115
SSBK,hr5783-115
HSBA,hr5783-115
HSIF,hr4828-115
HSSY,hr6910-115
HSVR,hr3752-115
HSAS,hr1473-115
SSHR,hr5812-115
HSIF,hr5812-115
HSWM,hr3276-115
HSII,hr3276-115
HSAP,hr3276-115
HSRU,hr3276-115
HSHA,hr3276-115
HSJU,hr3276-115
HSED,hr3276-115
HSIF,hr3276-115
HSGO,hr4499-115
HSBA,hr4499-115
HSED,hr647-115
HSII,hr343-115
HSED,hr343-115
HSBA,hr343-115
HSAP,hr6072-115
SSAP,hr6072-115
HSRU,hr3423-115
HSWM,hr3423-115
SSVA,hr4335-115
HSVR,hr4335-115
HSJU,hr3391-115
HSIF,hr3391-115
HSPW,hr2120-115
HSJU,hr4777-115
HSVR,hr5095-115
SSFR,hr534-115
HSFA,hr534-115
HSIF,hr4808-115
HSII,hr6087-115
HSII,hr6492-115
HSIF,hr1563-115
HSWM,hr1451-115
HSBA,hr790-115
HSIF,hr1108-115
HSIF,hr1187-115
HSHM,hr7327-115
HSGO,hr7327-115
SSJU,hr2228-115
HSJU,hr2228-115
HSJU,hr47-115
HSWM,hr1626-115
HSVR,hr3194-115
HSWM,hr811-115
HSGO,hr6268-115
HSGO,hr3141-115
HSIF,hr3408-115
HSWM,hr7176-115
HSII,hr3847-115
HSAG,hr4865-115
SSGA,hr1214-115
HSPW,hr1214-115
HSWM,hr3149-115
HSVR,hr874-115
HSJU,hr7028-115
HSHM,hr7028-115
HSWM,hr7028-115
HSII,hr6545-115
HSIF,hr6545-115
HSED,hr6545-115
HSWM,hr6545-115
HSBA,hr6545-115
HSVR,hr1131-115
HSWM,hr7250-115
HSIF,hr7250-115
HSVR,hr4146-115
HSJU,hr5341-115
HSPW,hr7194-115
SSJU,hr387-115
HSJU,hr387-115
SSJU,hr3154-115
HSGO,hr3154-115
HSII,hr3597-115
HSVR,hr1662-115
HSIF,hr3457-115
HSWM,hr3457-115
HSBU,hr761-115
HSRU,hr761-115
HSIF,hr4114-115
HSPW,hr4114-115
HSJU,hr4114-115
HSII,hr4114-115
HSBA,hr2963-115
SSBK,hr1153-115
HSBA,hr1153-115
HSGO,hr4961-115
HSJU,hr2435-115
HSWM,hr1825-115
HSIF,hr1825-115
HSPW,hr6178-115
HSBA,hr7388-115
HSED,hr3738-115
HSPW,hr5569-115
HSBA,hr5569-115
HSWM,hr4175-115
HSED,hr3827-115
HSWM,hr649-115
HSIF,hr797-115
HSWM,hr1897-115
HSWM,hr1-115
HSJU,hr37-115
HSWM,hr871-115
HSJU,hr6236-115
HSWM,hr6236-115
HSAS,hr6236-115
HSJU,hr3410-115
HSGO,hr4827-115
HSAP,hr6776-115
SSFI,hr2834-115
HSWM,hr2834-115
SSEG,hr538-115
HSII,hr538-115
HSWM,hr1823-115
HSII,hr6346-115
HSII,hr2079-115
HSED,hr4222-115
HSII,hr2713-115
HSWM,hr2713-115
HSSY,hr2571-115
HSIF,hr314-115
HSWM,hr314-115
HSED,hr314-115
HSWM,hr1089-115
HSGO,hr24-115
HSII,hr1438-115
HSIF,hr1647-115
HSPW,hr1647-115
HSWM,hr1647-115
HSED,hr1283-115
HSED,hr323-115
HSIF,hr4129-115
HSWM,hr4129-115
HSJU,hr5862-115
SSVA,hr5538-115
HSVR,hr5538-115
HSWM,hr1337-115
HSHA,hr3684-115
HSED,hr5324-115
HSBA,hr5756-115
SSVA,hr4635-115
HSVR,hr4635-115
HSHM,hr1351-115
HSIF,hr474-115
HSIF,hr557-115
HSWM,hr6149-115
HSJU,hr5510-115
HSJU,hr4398-115
HSPW,hr2328-115
HSGO,hr3273-115
SSBK,hr435-115
HSBA,hr435-115
HSWM,hr2552-115
HSWM,hr5843-115
HSJU,hr5380-115
HSED,hr5380-115
HLIG,hr6663-115
HSGO,hr6663-115
HSHA,hr6663-115
HSJU,hr604-115
HSSY,hr2507-115
HSIF,hr2507-115
SSCM,hr2083-115
HSII,hr2083-115
HSJU,hr496-115
SSJU,hr2152-115
HSJU,hr2152-115
HSPW,hr4766-115
HSBA,hr6635-115
HSSY,hr3604-115
HSPW,hr3604-115
HSIF,hr6548-115
SSJU,hr1215-115
HSIF,hr1215-115
HSJU,hr1215-115
HSAS,hr1556-115
SSEG,hr1791-115
HSII,hr1791-115
HSJU,hr2841-115
HSIF,hr5069-115
HSPW,hr5069-115
HSJU,hr2215-115
HSBA,hr2215-115
SSJU,hr506-115
HSJU,hr506-115
HSAG,hr3380-115
HSIF,hr3380-115
HSII,hr213-115
HSPW,hr2426-115
SSVA,hr2006-115
HSVR,hr2006-115
HSSY,hr3848-115
HSGO,hr3848-115
HSBA,hr3848-115
HSWM,hr3848-115
HSJU,hr3848-115
HSHA,hr3848-115
HSJU,hr546-115
HSIF,hr2906-115
HSIF,hr4858-115
HSJU,hr6821-115
HSED,hr6821-115
HSVR,hr3042-115
HSGO,hr3042-115
HSJU,hr2577-115
HSWM,hr7324-115
HSIF,hr7324-115
HSWM,hr3271-115
HSIF,hr3271-115
HSFA,hr6224-115
HSVR,hr5191-115
SSFI,hr6084-115
HSWM,hr6084-115
HSII,hr225-115
HSIF,hr4225-115
HSIF,hr1579-115
HSHA,hr658-115
HSIF,hr4844-115
HSIF,hr5219-115
HSII,hr214-115
HSII,hr438-115
HSPW,hr438-115
HSED,hr2354-115
HSIF,hr5799-115
HSED,hr2573-115
HSED,hr5312-115
HSGO,hr1716-115
HSWM,hr3934-115
HSGO,hr4747-115
HSJU,hr3947-115
SSFR,hr4591-115
HSFA,hr4591-115
HSJU,hr4591-115
HSJU,hr5286-115
HSIF,hr5286-115
SSFI,hr5800-115
HSIF,hr5800-115
SSSB,hr5236-115
HSSM,hr5236-115
HSGO,hr1272-115
HSSY,hr3681-115
HSJU,hr6878-115
HSII,hr2044-115
HSWM,hr710-115
SSHR,hr5473-115
HSIF,hr5473-115
HSIF,hr5240-115
HSPW,hr5061-115
HSJU,hr5061-115
HSAS,hr1588-115
HSIF,hr2913-115
HSWM,hr552-115
HSED,hr552-115
HSIF,hr552-115
HSAS,hr1185-115
HSGO,hr1185-115
HSJU,hr445-115
SSEG,hr3279-115
HSII,hr3279-115
HSAG,hr3809-115
HSWM,hr626-115
HSVR,hr2549-115
HSED,hr987-115
SSEG,hr6140-115
HSIF,hr6140-115
HSIF,hr3534-115
HSJU,hr3534-115
HSWM,hr112-115
SSJU,hr1039-115
HSJU,hr1039-115
HSGO,hr5300-115
HSJU,hr920-115
HSHM,hr920-115
HSFA,hr920-115
HSJU,hr1636-115
HSFA,hr3795-115
HSPW,hr3795-115
HSJU,hr2887-115
HSIF,hr3175-115
HSFA,hr1697-115
HSBA,hr1697-115
HSIF,hr6416-115
HSBA,hr517-115
HSII,hr374-115
HSED,hr254-115
SSGA,hr4581-115
HSHM,hr4581-115
HSFA,hr7008-115
HSIF,hr3862-115
HSIF,hr5333-115
HSPW,hr683-115
HSIF,hr683-115
HSGO,hr6710-115
HSBA,hr754-115
HSJU,hr844-115
HSIF,hr2028-115
HSBA,hr1683-115
HSWM,hr6037-115
HSSY,hr3314-115
HSAG,hr3314-115
HSII,hr3314-115
HSPW,hr3314-115
HSSM,hr3314-115
HSAP,hr3314-115
HSBA,hr3314-115
HSED,hr3314-115
HSWM,hr3314-115
HSIF,hr3314-115
HSJU,hr2811-115
HSVR,hr1721-115
SSEV,hr6784-115
HSII,hr6784-115
HSED,hr6744-115
HSIF,hr5429-115
HSWM,hr5541-115
HSIF,hr5541-115
HSED,hr4626-115
HSHA,hr4626-115
HSPW,hr2987-115
HSED,hr2987-115
HSIF,hr2987-115
HSAG,hr2987-115
HSII,hr2987-115
SSBK,hr5078-115
HSBA,hr5078-115
HSAG,hr1330-115
HSII,hr1330-115
HSJU,hr3227-115
HSHM,hr3227-115
HSIF,hr3227-115
HSBA,hr3227-115
HSVR,hr2099-115
HSWM,hr2181-115
HSJU,hr4124-115
HSHM,hr4124-115
HSGO,hr4124-115
HLIG,hr4124-115
HSIF,hr4443-115
HSAS,hr1103-115
HSWM,hr3956-115
HSVR,hr5986-115
SSGA,hr5733-115
HSHM,hr5733-115
HSAS,hr1888-115
HSIF,hr1888-115
HSBA,hr5999-115
HSGO,hr826-115
HSWM,hr2823-115
HSED,hr2823-115
HSED,hr1890-115
HSJU,hr197-115
HSWM,hr285-115
SSEG,hr494-115
HSII,hr494-115
SSGA,hr3284-115
HSHM,hr3284-115
HSIF,hr3867-115
HSWM,hr3867-115
HSBA,hr7006-115
HSIF,hr1231-115
HSJU,hr6545-115
HSIF,hr1082-115
HSFA,hr265-115
HSVR,hr4727-115
HSIF,hr3106-115
HSED,hr6473-115
HSVR,hr3272-115
HSVR,hr3370-115
HSRU,hr2756-115
HSWM,hr2756-115
HSIF,hr6590-115
HSVR,hr6234-115
HSFA,hr5040-115
HSGO,hr5040-115
HSBU,hr5466-115
HSPW,hr4144-115
HSAP,hr3268-115
HSSY,hr5503-115
HSWM,hr3693-115
HSJU,hr4092-115
HSWM,hr4092-115
HSED,hr4092-115
HSWM,hr1939-115
HSIF,hr1939-115
HSIF,hr4220-115
HSVR,hr3308-115
HSBA,hr6130-115
HSWM,hr2086-115
HSSY,hr3419-115
HSAG,hr3419-115
HSGO,hr3419-115
HSBA,hr3160-115
HSIF,hr3970-115
HSWM,hr3970-115
HSWM,hr2821-115
HSIF,hr182-115
HSFA,hr2491-115
HSJU,hr2491-115
HSIF,hr6017-115
HSWM,hr4178-115
SSFI,hr2792-115
HSWM,hr2792-115
HSPW,hr3472-115
HSWM,hr3377-115
SSEG,hr1927-115
HSII,hr1927-115
HSGO,hr5389-115
SLIA,hr1491-115
HSII,hr1491-115
HSBA,hr7227-115
HSWM,hr7227-115
HSIF,hr2000-115
SSJU,hr510-115
HSJU,hr510-115
HSWM,hr3431-115
HSWM,hr2742-115
HSIF,hr3568-115
SSBK,hr6729-115
HSBA,hr6729-115
HSJU,hr2097-115
HSIF,hr934-115
HSWM,hr5881-115
HSIF,hr5881-115
HSJU,hr4057-115
SSBK,hr2255-115
HSBA,hr2255-115
HSVR,hr1328-115
HSPW,hr5474-115
HSBA,hr5474-115
HSFA,hr1744-115
HSIF,hr6931-115
HSII,hr2320-115
HSED,hr6230-115
HSJU,hr1692-115
HSVR,hr1564-115
HSSO,hr5845-115
HSRU,hr5845-115
HSWM,hr5845-115
HSII,hr131-115
HSJU,hr3239-115
HSIF,hr5202-115
HSJU,hr5202-115
HSJU,hr3487-115
HSPW,hr833-115
HSAG,hr5405-115
HSJU,hr6724-115
HSED,hr2685-115
HSWM,hr5052-115
HSIF,hr5052-115
HSII,hr1961-115
HSIF,hr5977-115
HSBA,hr6851-115
HSIF,hr5165-115
HSVR,hr5047-115
HSSY,hr5905-115
SSBK,hr1638-115
HSFA,hr1638-115
HSBA,hr1638-115
SSVA,hr974-115
HSVR,hr974-115
HSAG,hr3518-115
HSJU,hr6235-115
HSJU,hr659-115
HSJU,hr1608-115
HSWM,hr1608-115
HSHM,hr1608-115
HSVR,hr1712-115
HSIF,hr4385-115
HSBA,hr6849-115
SSBK,hr1457-115
HSBA,hr1457-115
HSGO,hr755-115
HSED,hr5230-115
HSII,hr873-115
HSJU,hr1498-115
SSEG,hr3905-115
HSII,hr3905-115
HSJU,hr5820-115
HSHM,hr5820-115
HSIF,hr4666-115
HSJU,hr3541-115
SSEG,hr1107-115
HSII,hr1107-115
HSJU,hr6629-115
SSGA,hr3183-115
HSGO,hr3183-115
HSED,hr6185-115
HSIF,hr4580-115
HSWM,hr4580-115
HSIF,hr3816-115
HSII,hr5597-115
HSHM,hr54-115
HSED,hr1510-115
HSIF,hr575-115
HSBA,hr5654-115
HSII,hr3133-115
SSEV,hr1430-115
HSSY,hr1430-115
SSVA,hr4334-115
HSVR,hr4334-115
HSWM,hr4204-115
HSII,hr2950-115
HSWM,hr5003-115
HSVR,hr3865-115
HSII,hr1247-115
HSGO,hr1247-115
HSIF,hr4931-115
HSIF,hr3494-115
HSED,hr3494-115
HSII,hr1719-115
HSII,hr6287-115
HSJU,hr5581-115
HSIF,hr5581-115
SSCM,hr2547-115
HSPW,hr2547-115
HSII,hr3373-115
HSGO,hr3373-115
HSVR,hr2694-115
HSII,hr360-115
HSWM,hr5732-115
HSJU,hr2417-115
HSGO,hr2417-115
HSHA,hr2417-115
HSED,hr2417-115
HSIF,hr6026-115
HSAG,hr2218-115
HSII,hr2218-115
HSWM,hr1838-115
HSIF,hr1838-115
SSGA,hr3359-115
HSPW,hr3359-115
HSGO,hr3359-115
HSIF,hr3359-115
HSHM,hr3359-115
HSED,hr1614-115
HSAS,hr2625-115
HSVR,hr2625-115
HSWM,hr3153-115
HSPW,hr1386-115
HSBA,hr7354-115
HSPW,hr3724-115
HSVR,hr925-115
SSGA,hr2433-115
HSHM,hr2433-115
HSPW,hr6889-115
HSAG,hr4232-115
HSIF,hr4232-115
HSJU,hr3942-115
HSBA,hr3942-115
HSVR,hr1212-115
HSJU,hr5100-115
HSIF,hr5100-115
HSIF,hr3726-115
HSWM,hr3726-115
HSIF,hr2999-115
SSBK,hr3978-115
HSBA,hr3978-115
HSSY,hr703-115
HSAS,hr703-115
HSVR,hr703-115
HSJU,hr1515-115
HSED,hr4181-115
SSEG,hr4378-115
HSSY,hr4378-115
HSII,hr6939-115
SSJU,hr1667-115
HSJU,hr1667-115
HSIF,hr736-115
HSII,hr6253-115
HSED,hr6253-115
HSWM,hr6253-115
HSIF,hr6253-115
HSSY,hr870-115
HSBA,hr2948-115
SSJU,hr6847-115
HSJU,hr6847-115
HSJU,hr5971-115
HSIF,hr1478-115
HSJU,hr266-115
HSAS,hr1796-115
HSIF,hr205-115
HSED,hr6830-115
HSFA,hr7060-115
HSVR,hr4149-115
HSJU,hr6135-115
HSHM,hr6135-115
HSPW,hr2363-115
HSAG,hr3698-115
SSFI,hr5723-115
HSIF,hr5723-115
HSWM,hr5723-115
HSED,hr2014-115
HSWM,hr2014-115
HSPW,hr6700-115
HSVR,hr3028-115
HSWM,hr3032-115
HSIF,hr3032-115
SSGA,hr6430-115
HSHM,hr6430-115
HSWM,hr6305-115
HSIF,hr5251-115
HSED,hr5251-115
HSHA,hr1729-115
HSJU,hr3020-115
HSHM,hr3020-115
HSWM,hr3020-115
HSVR,hr1379-115
HSED,hr5964-115
HSIF,hr5964-115
HSWM,hr4169-115
HSIF,hr4169-115
HSBA,hr6292-115
HSED,hr7145-115
HSBA,hr7145-115
HSJU,hr643-115
HSVR,hr2198-115
HSIF,hr4094-115
HSWM,hr4094-115
HSII,hr5244-115
HSWM,hr7065-115
SSFI,hr1512-115
HSWM,hr1512-115
HSPW,hr1265-115
HSWM,hr2797-115
HSIF,hr2797-115
HSWM,hr828-115
HSBA,hr4905-115
HSBA,hr2317-115
HSED,hr5859-115
HSII,hr5859-115
HSJU,hr1437-115
HSSY,hr431-115
HSIF,hr829-115
SSFR,hr2658-115
HSFA,hr2658-115
HSJU,hr2658-115
SSBK,hr3903-115
HSBA,hr3903-115
HSJU,hr3060-115
HSAS,hr426-115
HSJU,hr426-115
HSJU,hr7274-115
HSAG,hr7394-115
HSBA,hr7394-115
HSWM,hr4962-115
HSHM,hr550-115
HSJU,hr5256-115
HSPW,hr824-115
HSIF,hr4814-115
HSWM,hr1686-115
HSIF,hr2687-115
HSAG,hr316-115
SSEG,hr4266-115
HSII,hr4266-115
HSJU,hr2087-115
HSII,hr6356-115
HSWM,hr3204-115
HSJU,hr2513-115
HSJU,hr4854-115
HSJU,hr6692-115
HSWM,hr421-115
HSIF,hr421-115
HSGO,hr1938-115
HSWM,hr1938-115
HSWM,hr2369-115
HSII,hr1901-115
HSIF,hr1901-115
HSWM,hr1734-115
HSVR,hr4346-115
HSAP,hr5895-115
HSRU,hr6741-115
HSBA,hr6741-115
SSBK,hr3093-115
HSBA,hr3093-115
HSHM,hr3593-115
HSII,hr3593-115
HSIF,hr4172-115
HSWM,hr4172-115
HSWM,hr25-115
HSWM,hr4841-115
HSIF,hr4841-115
HSIF,hr259-115
HSSM,hr6940-115
HSAS,hr3201-115
HSII,hr3990-115
HSWM,hr2291-115
HSIF,hr2291-115
HSPW,hr4534-115
HSGO,hr4534-115
HSII,hr277-115
HSIF,hr277-115
HSVR,hr277-115
HSWM,hr277-115
HSAP,hr277-115
HSRU,hr277-115
HSHA,hr277-115
HSJU,hr277-115
HSED,hr277-115
HSBU,hr277-115
HSJU,hr574-115
HSWM,hr574-115
HSAG,hr574-115
HSGO,hr574-115
HSBA,hr574-115
HSIF,hr574-115
HSFA,hr574-115
HSIF,hr3806-115
HSJU,hr3806-115
HSPW,hr7262-115
HSED,hr7262-115
HSJU,hr7262-115
HSWM,hr7262-115
HSBA,hr7262-115
HSWM,hr5145-115
HSAG,hr5824-115
HSII,hr211-115
HSII,hr4770-115
HSED,hr4435-115
HSED,hr6137-115
HSJU,hr5941-115
HSIF,hr5941-115
HSVR,hr3195-115
HSIF,hr848-115
HSBA,hr4439-115
HSWM,hr1038-115
HSIF,hr1038-115
HSHM,hr1782-115
HSVR,hr6869-115
HSIF,hr7259-115
HSWM,hr7259-115
HSIF,hr4579-115
HSWM,hr4579-115
HSWM,hr2307-115
HSIF,hr2307-115
HSVR,hr2307-115
HSWM,hr1691-115
HSED,hr4506-115
HSFA,hr4506-115
HSII,hr4506-115
HSVR,hr815-115
HSIF,hr1413-115
HSVR,hr104-115
SSCM,hr4881-115
HSIF,hr4881-115
HSVR,hr2738-115
HSII,hr1424-115
HSII,hr1535-115
HSED,hr6097-115
HSWM,hr6097-115
HSAS,hr6097-115
HSGO,hr6097-115
HSIF,hr6097-115
HSBA,hr4159-115
HSWM,hr6854-115
HSIF,hr5598-115
HSRU,hr1065-115
HSGO,hr1065-115
HSBU,hr1065-115
HSIF,hr6496-115
SSSB,hr2333-115
HSSM,hr2333-115
HSJU,hr3147-115
HSIF,hr5867-115
HSWM,hr3203-115
HSRU,hr3203-115
HSBA,hr3203-115
HSGO,hr3203-115
HSJU,hr3203-115
HSAS,hr3203-115
HLIG,hr3203-115
HSFA,hr3203-115
SSBK,hr2954-115
HSBA,hr2954-115
HSED,hr1659-115
HSWM,hr1659-115
HSWM,hr2640-115
HSIF,hr2562-115
HSVR,hr1989-115
HSED,hr2401-115
SSJU,hr1842-115
HSJU,hr1842-115
HSAS,hr2699-115
HSVR,hr2699-115
HSJU,hr4303-115
HSII,hr5210-115
HSIF,hr4541-115
HSWM,hr4541-115
HSJU,hr5933-115
HSIF,hr5933-115
HSGO,hr5933-115
HSJU,hr6222-115
HSWM,hr1656-115
HSIF,hr2895-115
HSED,hr7320-115
HSSM,hr3968-115
SSBK,hr477-115
HSBA,hr477-115
HSJU,hr4471-115
HSJU,hr4186-115
HSHM,hr454-115
HSIF,hr5712-115
HSII,hr1369-115
HSWM,hr1369-115
HSIF,hr1369-115
HSBU,hr1369-115
SSBK,hr5877-115
HSBA,hr5877-115
HSJU,hr2024-115
HSJU,hr4601-115
HSFA,hr4601-115
HSED,hr4601-115
HSWM,hr3860-115
SSGA,hr274-115
HSGO,hr274-115
SSHR,hr5587-115
HSIF,hr5587-115
SSFI,hr3635-115
HSIF,hr3635-115
HSWM,hr3635-115
HSIF,hr7204-115
HSED,hr7204-115
HSED,hr4729-115
HSII,hr5596-115
HSPW,hr5596-115
HSIF,hr5596-115
HSVR,hr897-115
HSBA,hr493-115
HSIF,hr5226-115
HSBA,hr4560-115
HSED,hr743-115
HSED,hr2886-115
HSPW,hr2825-115
SSGA,hr2825-115
HSHM,hr2825-115
HSSY,hr7311-115
HSIF,hr7311-115
HSAG,hr1759-115
SSEG,hr218-115
HSII,hr218-115
HSPW,hr2962-115
HSJU,hr1633-115
SSAF,hr2521-115
HSAG,hr2521-115
HSIF,hr2088-115
HSWM,hr1631-115
SSFI,hr6662-115
HSIF,hr6662-115
HSWM,hr6662-115
HSJU,hr2380-115
HSIF,hr2380-115
HSIF,hr5024-115
HSJU,hr4261-115
HSIF,hr4261-115
SSGA,hr4227-115
HSHM,hr4227-115
HSIF,hr2042-115
HSED,hr3941-115
HSAG,hr3941-115
HSJU,hr3944-115
HSWM,hr1148-115
HSIF,hr1148-115
HSAS,hr4041-115
HSED,hr3390-115
HSIF,hr4236-115
HSII,hr6678-115
HSED,hr4101-115
HSVR,hr4328-115
HSII,hr5753-115
HSIF,hr5115-115
HSPW,hr3116-115
HSJU,hr4434-115
HSJU,hr912-115
HSGO,hr3303-115
HSFA,hr3303-115
HLIG,hr3303-115
HSGO,hr840-115
HSWM,hr840-115
HSVR,hr4835-115
HSAS,hr4835-115
HSED,hr6445-115
SSEG,hr3008-115
HSII,hr3008-115
SSCM,hr255-115
HSSY,hr255-115
SSBK,hr4324-115
HSBA,hr4324-115
HSII,hr6583-115
HSIF,hr3382-115
HSPW,hr2191-115
HSVR,hr3158-115
HSIF,hr3158-115
HSGO,hr3158-115
HSED,hr895-115
HSWM,hr895-115
HSII,hr4723-115
HSIF,hr1338-115
HSED,hr2771-115
HSBA,hr1521-115
SSEG,hr2880-115
HSIF,hr2880-115
HSPW,hr7076-115
HSBA,hr2057-115
HSWM,hr2057-115
HSII,hr2053-115
HSIF,hr5573-115
HSHM,hr1465-115
HSII,hr3588-115
HSAG,hr7224-115
HSBA,hr7224-115
SSGA,hr5415-115
HSGO,hr5415-115
HSHA,hr3701-115
HSJU,hr7113-115
HSIF,hr1378-115
HSWM,hr110-115
HSBA,hr298-115
HSWM,hr4957-115
HSIF,hr4957-115
HSIF,hr5810-115
HSWM,hr830-115
HSJU,hr830-115
HSBA,hr830-115
HSFA,hr830-115
HSED,hr4604-115
HSSY,hr5141-115
HSFA,hr5141-115
HSAS,hr5141-115
HSBU,hr3254-115
HSIF,hr3254-115
HSWM,hr3254-115
SSBK,hr5846-115
HSPW,hr5846-115
HSED,hr4416-115
HSWM,hr3233-115
HSGO,hr3233-115
HSWM,hr6128-115
HSGO,hr1561-115
HSPW,hr2173-115
HSIF,hr2059-115
HSIF,hr4730-115
HSJU,hr6695-115
HSVR,hr7017-115
HSWM,hr4189-115
HSAG,hr4855-115
HSAS,hr3011-115
HSWM,hr3659-115
HSII,hr1256-115
HSIF,hr5092-115
SSEG,hr2457-115
HSIF,hr2457-115
SSJU,hr1689-115
HSJU,hr1689-115
HSGO,hr1111-115
HSJU,hr2595-115
HSGO,hr2595-115
HSIF,hr3401-115
HSPW,hr1261-115
SSBK,hr1235-115
HSBA,hr1235-115
SSCM,hr588-115
HSPW,hr588-115
HSIF,hr588-115
SSGA,hr4917-115
HSGO,hr4917-115
HSAG,hr6966-115
HSII,hr6966-115
SSEV,hr6013-115
HSII,hr6013-115
HSJU,hr3676-115
HSED,hr1241-115
SSFI,hr6753-115
HSWM,hr6753-115
HSIF,hr6753-115
HSJU,hr1447-115
HSBA,hr3766-115
HSIF,hr6458-115
HSWM,hr2253-115
HSIF,hr1354-115
HSJU,hr1354-115
SSCM,hr5709-115
HSIF,hr5709-115
HSIF,hr3493-115
HSWM,hr3761-115
HSGO,hr6482-115
HSJU,hr6358-115
HSED,hr3056-115
HSWM,hr3886-115
HSII,hr236-115
HSIF,hr236-115
SSEG,hr4377-115
HSSY,hr4377-115
SSVA,hr282-115
HSVR,hr282-115
HSHM,hr904-115
HSII,hr904-115
HSIF,hr904-115
HSPW,hr904-115
HSAG,hr904-115
HSBA,hr904-115
HSGO,hr904-115
HSED,hr5318-115
HSIF,hr1648-115
HSED,hr7029-115
HSJU,hr2803-115
HSFA,hr2803-115
HSIF,hr2803-115
HSHM,hr2803-115
HSPW,hr1669-115
HSWM,hr1669-115
HSSY,hr2326-115
HSIF,hr2326-115
HSWM,hr5006-115
HSED,hr1885-115
HLIG,hr4478-115
HSHM,hr4478-115
HSGO,hr4478-115
HSJU,hr4478-115
HSWM,hr5199-115
HSED,hr5199-115
HSJU,hr1813-115
HSFA,hr1813-115
HSBA,hr1813-115
HSED,hr2515-115
HSAS,hr4299-115
HSII,hr4299-115
HSII,hr4888-115
HSED,hr1444-115
HSII,hr1176-115
SSEG,hr2630-115
HSII,hr2630-115
HSIF,hr4891-115
SSEG,hr2888-115
HSII,hr2888-115
HSIF,hr1591-115
HSBA,hr4315-115
HSAG,hr5825-115
HSWM,hr2054-115
HSIF,hr2164-115
HSWM,hr3181-115
HSIF,hr3181-115
SSJU,hr1417-115
HSII,hr1417-115
HSJU,hr1138-115
SSHR,hr4275-115
HSIF,hr4275-115
SSGA,hr347-115
HSHM,hr347-115
HSBA,hr4517-115
HSFA,hr6982-115
SSSB,hr4754-115
HSSM,hr4754-115
HSHA,hr5143-115
HSJU,hr5143-115
HSIF,hr6608-115
HSWM,hr3708-115
HSJU,hr2368-115
HSIF,hr2368-115
HSGO,hr6913-115
HSIF,hr6913-115
HSGO,hr4809-115
HSBA,hr2548-115
HSII,hr2548-115
HSPW,hr2548-115
HSWM,hr2721-115
HSGO,hr7378-115
HSAG,hr6682-115
HSII,hr6682-115
SSCM,hr1093-115
HSPW,hr1093-115
HSED,hr4811-115
HSJU,hr4811-115
HSVR,hr43-115
HSAG,hr4847-115
HSIF,hr4847-115
HSII,hr4847-115
HSPW,hr4847-115
HSII,hr4644-115
HSVR,hr6582-115
HSPW,hr3452-115
HSJU,hr2063-115
HSIF,hr2063-115
HSAS,hr2850-115
HSJU,hr6024-115
HSIF,hr6143-115
HSWM,hr5718-115
HSIF,hr5718-115
HSPW,hr3813-115
HSIF,hr6822-115
HSGO,hr2669-115
HSHA,hr2669-115
SSCM,hr3669-115
HSHM,hr3669-115
HSAG,hr5491-115
HSJU,hr1010-115
HSIF,hr2746-115
HSJU,hr1708-115
SSHR,hr315-115
HSIF,hr315-115
HSVR,hr3874-115
HSWM,hr4704-115
HSIF,hr4704-115
SSHR,hr5687-115
HSIF,hr5687-115
HSBA,hr704-115
HSAG,hr2436-115
HSVR,hr4113-115
HSGO,hr7221-115
HSGO,hr921-115
HSFA,hr921-115
HSJU,hr921-115
HSAS,hr5671-115
HSVR,hr5671-115
HSWM,hr1313-115
HSIF,hr1313-115
HSED,hr1313-115
HSJU,hr114-115
HSWM,hr2187-115
HSAG,hr4892-115
HSAS,hr5707-115
HSII,hr1002-115
HSSY,hr777-115
HSIF,hr777-115
HSII,hr5347-115
HSII,hr6365-115
HSAG,hr6121-115
HSBA,hr6531-115
HSAG,hr4339-115
HSVR,hr4339-115
HSIF,hr5856-115
HSWM,hr5856-115
HSIF,hr820-115
HSVR,hr3169-115
HSAP,hr3169-115
SSGA,hr3071-115
HSGO,hr3071-115
HSIF,hr2918-115
HSIF,hr7035-115
HSJU,hr4422-115
HSPW,hr6653-115
HSIF,hr6653-115
HSSY,hr6653-115
HSWM,hr561-115
HSWM,hr3084-115
HSIF,hr6887-115
HSBA,hr6887-115
HSWM,hr6781-115
HSIF,hr6781-115
SSJU,hr725-115
HSJU,hr725-115
HSED,hr2077-115
SSHR,hr5086-115
HSSY,hr5086-115
HSSM,hr5086-115
SSGA,hr1132-115
HSGO,hr1132-115
SSSB,hr6369-115
HSSM,hr6369-115
HSGO,hr6880-115
HSJU,hr5285-115
HSPW,hr1670-115
HSRU,hr1670-115
HSWM,hr1670-115
HSII,hr4490-115
HSJU,hr7062-115
HSJU,hr956-115
HSIF,hr7212-115
HSAG,hr2684-115
HSPW,hr6005-115
HSIF,hr6576-115
HSED,hr3716-115
HSWM,hr3111-115
HSIF,hr3111-115
HSWM,hr741-115
HSIF,hr741-115
HSIF,hr1593-115
HSWM,hr3349-115
HSWM,hr1655-115
HSAG,hr1469-115
HSII,hr1469-115
HSWM,hr1469-115
HSPW,hr1469-115
HSIF,hr1469-115
HSJU,hr1469-115
HSRU,hr1469-115
HSBA,hr1469-115
HSED,hr1469-115
HSED,hr4030-115
HSBU,hr4667-115
HSAP,hr4667-115
HSED,hr7303-115
HSII,hr6078-115
HSVR,hr3335-115
HSED,hr5282-115
HSWM,hr5282-115
HSWM,hr5757-115
HSIF,hr5757-115
HSII,hr7077-115
HSFA,hr3794-115
HSPW,hr3794-115
HSED,hr3255-115
HSWM,hr5543-115
HSJU,hr5142-115
HSED,hr2536-115
HSSY,hr7283-115
HSGO,hr7283-115
HSSY,hr3132-115
HSJU,hr3132-115
HSHA,hr3132-115
HSPW,hr1420-115
HSIF,hr1439-115
HSIF,hr6357-115
HSIF,hr3545-115
HSWM,hr4223-115
HSAS,hr4223-115
HSJU,hr4223-115
HSBA,hr4223-115
HSFA,hr4223-115
HSJU,hr2346-115
HSWM,hr1205-115
HSAG,hr4988-115
SSEG,hr1900-115
HSII,hr1900-115
HSVR,hr1900-115
HSBA,hr3878-115
HSII,hr2002-115
HSBA,hr2359-115
HSJU,hr2359-115
HSWM,hr6110-115
SSFI,hr6110-115
HSIF,hr6110-115
HSWM,hr1425-115
SSEG,hr2828-115
HSIF,hr2828-115
HSJU,hr1175-115
HSIF,hr1175-115
HSWM,hr1175-115
HSII,hr5201-115
HSWM,hr1687-115
SSEG,hr4675-115
HSSY,hr4675-115
HSJU,hr62-115
HSWM,hr6923-115
HSRU,hr6923-115
HSJU,hr2455-115
HSWM,hr365-115
HSIF,hr2544-115
HSED,hr2544-115
SSGA,hr1293-115
HSGO,hr1293-115
HSBA,hr5287-115
HSJU,hr4712-115
HSBA,hr6853-115
SSCM,hr200-115
HSII,hr200-115
HSWM,hr109-115
HSWM,hr854-115
HSED,hr854-115
HSIF,hr4543-115
HSBA,hr5051-115
HSAP,hr6258-115
SSAP,hr6258-115
HSIF,hr6399-115
HSII,hr2584-115
HSPW,hr2584-115
HSAS,hr886-115
HSVR,hr1820-115
HSIF,hr4163-115
SSFI,hr3331-115
HSWM,hr3331-115
HSIF,hr3331-115
HSGO,hr6452-115
HSWM,hr3798-115
HSED,hr2845-115
SSEG,hr46-115
HSII,hr46-115
HSJU,hr6649-115
HSBA,hr585-115
HSWM,hr6309-115
SSBK,hr4771-115
HSBA,hr4771-115
HSWM,hr2391-115
HSWM,hr3717-115
HSWM,hr1356-115
HSIF,hr644-115
HSWM,hr5150-115
HSIF,hr5150-115
HSAS,hr4380-115
HSVR,hr4380-115
HSWM,hr4380-115
SSGA,hr4567-115
HSHM,hr4567-115
HSJU,hr968-115
SSCM,hr555-115
HSIF,hr555-115
HSBA,hr3948-115
SSHR,hr931-115
HSIF,hr931-115
HSWM,hr563-115
HSJU,hr5710-115
HSBA,hr6892-115
HSGO,hr3630-115
HSJU,hr3630-115
HSWM,hr3630-115
HSED,hr3630-115
HSIF,hr6142-115
HSAP,hr3267-115
SSAP,hr3267-115
HSJU,hr4024-115
HSGO,hr4024-115
HSWM,hr1246-115
HSIF,hr1246-115
HSGO,hr2648-115
HSVR,hr2648-115
HSED,hr1042-115
HSPW,hr7322-115
HSII,hr6623-115
HSWM,hr6623-115
HSIF,hr6623-115
HSPW,hr6623-115
HSJU,hr6623-115
HSFA,hr6623-115
HSGO,hr6623-115
HSSY,hr6623-115
HSBA,hr6623-115
HSED,hr6623-115
HSAG,hr7330-115
HSIF,hr6688-115
SSFI,hr5444-115
HSBA,hr5444-115
HSWM,hr5444-115
HSSY,hr845-115
HSWM,hr3515-115
SSJU,hr36-115
HSJU,hr36-115
HSED,hr6646-115
HSPW,hr5004-115
HSRU,hr4981-115
HSGO,hr4981-115
HSHA,hr4981-115
SSSB,hr6316-115
HSSM,hr6316-115
HSBA,hr4028-115
HSIF,hr2938-115
HSVR,hr6419-115
HSFA,hr4238-115
SSGA,hr70-115
HSWM,hr70-115
HSGO,hr70-115
HSAG,hr2425-115
HSII,hr2425-115
HSWM,hr5835-115
HSII,hr220-115
HSWM,hr252-115
HSBA,hr252-115
HSBA,hr6323-115
HSGO,hr6971-115
HSAG,hr3155-115
HSII,hr3155-115
HSVR,hr4360-115
HSAG,hr4210-115
HSWM,hr5847-115
HSED,hr5847-115
HSIF,hr6424-115
HSBA,hr2069-115
SSFR,hr5433-115
HSFA,hr5433-115
SSEG,hr1135-115
HSII,hr1135-115
HSWM,hr2512-115
SSBK,hr5735-115
HSBA,hr5735-115
SSGA,hr1117-115
HSPW,hr1117-115
HSIF,hr6465-115
HSJU,hr6465-115
HSPW,hr2778-115
HSVR,hr1007-115
HSAG,hr7225-115
HSBA,hr7225-115
HSAS,hr7299-115
HSGO,hr7299-115
HSVR,hr7299-115
HSBA,hr7299-115
HSVR,hr2616-115
HSIF,hr5331-115
HSJU,hr7027-115
HSGO,hr396-115
HSJU,hr591-115
HSWM,hr32-115
HSED,hr6238-115
HSIF,hr1621-115
HSWM,hr1621-115
HSJU,hr6664-115
HSED,hr1511-115
HSBA,hr1511-115
SSGA,hr654-115
HSPW,hr654-115
HSII,hr230-115
HSVR,hr5521-115
HSSY,hr1186-115
HSSM,hr1186-115
HSBA,hr3439-115
HSJU,hr6868-115
HSSY,hr2479-115
HSII,hr2479-115
HSIF,hr2479-115
HSPW,hr2479-115
HSWM,hr2479-115
HSJU,hr2004-115
HSWM,hr2004-115
HSAP,hr4444-115
HSWM,hr4444-115
HSED,hr4444-115
HSWM,hr3048-115
HSFA,hr769-115
SSEG,hr1873-115
HSAG,hr1873-115
HSII,hr1873-115
HSPW,hr973-115
HSIF,hr2122-115
HSWM,hr1126-115
HSJU,hr3799-115
HSIF,hr853-115
HSWM,hr1083-115
HSPW,hr7318-115
HSSY,hr3958-115
HSJU,hr3962-115
HSED,hr3774-115
HSJU,hr7016-115
HSED,hr6820-115
HSIF,hr1314-115
HSWM,hr540-115
HSGO,hr540-115
HSWM,hr6952-115
HSII,hr1819-115
HSBA,hr1414-115
HSBA,hr5054-115
HSIF,hr2628-115
HSVR,hr3018-115
HSWM,hr4614-115
SSCM,hr2132-115
HSHM,hr2132-115
HSJU,hr4669-115
HSWM,hr1155-115
HSIF,hr1155-115
HSPW,hr6016-115
HSWM,hr3725-115
HSIF,hr1572-115
HSED,hr5734-115
SSVA,hr1848-115
HSVR,hr1848-115
SSHR,hr1676-115
HSIF,hr1676-115
HSBA,hr1645-115
HSIF,hr3602-115
HSED,hr3602-115
HSBA,hr3741-115
HSRU,hr397-115
HSHA,hr397-115
HSIF,hr3478-115
HSAG,hr3792-115
SSVA,hr4958-115
HSVR,hr4958-115
HSAP,hr6157-115
HSBA,hr2121-115
HSRU,hr3721-115
HSWM,hr3721-115
HSJU,hr6362-115
HSII,hr6362-115
HSWM,hr6362-115
HSBU,hr6362-115
SSEG,hr2156-115
HSII,hr2156-115
HSWM,hr3292-115
SSFI,hr4005-115
HSIF,hr4005-115
HSGO,hr5822-115
SSGA,hr526-115
HSHM,hr526-115
SSEG,hr5655-115
HSII,hr5655-115
HSJU,hr1497-115
HSVR,hr102-115
HSVR,hr4728-115
HSIF,hr3405-115
HSII,hr6645-115
HSSY,hr6645-115
HSVR,hr501-115
HSIF,hr975-115
HSJU,hr975-115
HSIF,hr2285-115
HSIF,hr3778-115
HSED,hr3778-115
HSWM,hr2021-115
HSJU,hr3520-115
HSJU,hr77-115
SSSB,hr2763-115
HSSY,hr2763-115
HSSM,hr2763-115
SSCM,hr288-115
HSIF,hr288-115
HSIF,hr117-115
HSWM,hr2238-115
SSJU,hr4203-115
HSJU,hr4203-115
HSVR,hr5413-115
SSFR,hr1677-115
HSJU,hr1677-115
HSBA,hr1677-115
HSFA,hr1677-115
HSAP,hr6470-115
HSWM,hr3955-115
HSHA,hr3955-115
HSBA,hr6322-115
HSVR,hr927-115
SSEG,hr1488-115
HSII,hr1488-115
HSBA,hr7383-115
HSJU,hr711-115
SSEG,hr337-115
HSVR,hr337-115
HSII,hr337-115
HSPW,hr1758-115
HSIF,hr1758-115
SSFI,hr4979-115
HSWM,hr4979-115
HSBA,hr7026-115
HSED,hr7026-115
HSED,hr5339-115
HSWM,hr1529-115
HSWM,hr30-115
HSWM,hr3645-115
HSHM,hr6555-115
HSSY,hr4426-115
HSAG,hr4426-115
HSII,hr4426-115
HSPW,hr4426-115
HSIF,hr4426-115
HSWM,hr4426-115
HSED,hr4426-115
HSIF,hr2020-115
HSJU,hr2020-115
HSIF,hr1651-115
HSPW,hr4673-115
HSII,hr221-115
HSJU,hr1096-115
HSII,hr130-115
HSWM,hr3245-115
HSIF,hr3245-115
SSHR,hr449-115
HSIF,hr449-115
HSHA,hr4341-115
HSWM,hr4341-115
HSJU,hr1846-115
HSGO,hr5402-115
HSHM,hr7047-115
HSFA,hr7047-115
HSAP,hr7047-115
HSAG,hr1584-115
HSII,hr1584-115
HSAS,hr6539-115
HSVR,hr6539-115
HSED,hr5374-115
HSED,hr2117-115
HSAG,hr1752-115
HSIF,hr939-115
HSED,hr1880-115
HSWM,hr1416-115
HSSY,hr3086-115
HSAS,hr3086-115
HSPW,hr3086-115
HSFA,hr3086-115
HLIG,hr3086-115
HSJU,hr5383-115
HSIF,hr2194-115
HSJU,hr2282-115
HSHA,hr2282-115
HSGO,hr2282-115
HSBA,hr2282-115
HSED,hr2282-115
HSPW,hr988-115
HSBA,hr4732-115
HSWM,hr296-115
HSJU,hr7339-115
HSII,hr7339-115
HSED,hr7339-115
HSIF,hr7339-115
HSWM,hr7339-115
HSII,hr231-115
HSIF,hr427-115
HSIF,hr583-115
HSJU,hr1061-115
HSFA,hr5819-115
HSAS,hr5819-115
HSJU,hr5819-115
HSIF,hr4235-115
HSFA,hr4235-115
HSBA,hr4235-115
HSWM,hr7373-115
HSAS,hr124-115
HSJU,hr124-115
HSWM,hr529-115
HSVR,hr6637-115
HSWM,hr184-115
SSHR,hr5329-115
HSIF,hr5329-115
HSIF,hr113-115
HSAG,hr113-115
HSII,hr4239-115
HSSY,hr2184-115
SSFR,hr1159-115
HSSY,hr1159-115
HSGO,hr964-115
HSWM,hr5159-115
HSSY,hr5310-115
HSIF,hr5310-115
HSPW,hr5310-115
HSAG,hr5310-115
HSVR,hr4338-115
HSJU,hr4873-115
HSII,hr6665-115
HSII,hr183-115
HSVR,hr5397-115
HSWM,hr4269-115
HSWM,hr4916-115
HSII,hr1382-115
HSIF,hr3059-115
HSED,hr2775-115
SSCM,hr4176-115
HSHM,hr4176-115
HSWM,hr313-115
HSIF,hr5388-115
SSFR,hr1918-115
HSFA,hr1918-115
HSBA,hr1918-115
HSAS,hr4076-115
HSIF,hr4076-115
HSGO,hr4076-115
HSED,hr4076-115
HSWM,hr4076-115
HSJU,hr392-115
HSWM,hr2818-115
HSJU,hr7366-115
HSIF,hr3896-115
HSGO,hr6113-115
HSBA,hr1932-115
HSWM,hr1932-115
HSED,hr5606-115
HSIF,hr5606-115
HSED,hr6972-115
HSBA,hr6972-115
HSJU,hr1754-115
HSIF,hr1754-115
HSIF,hr5085-115
HSHA,hr4804-115
HSGO,hr4804-115
HSWM,hr3628-115
HSWM,hr2241-115
HSED,hr4846-115
HSWM,hr721-115
HSPW,hr7281-115
HSAS,hr5515-115
HSPW,hr5691-115
HSJU,hr2826-115
SSVA,hr1133-115
HSVR,hr1133-115
HSWM,hr6225-115
HSIF,hr6225-115
HSED,hr6036-115
HSII,hr210-115
SSFR,hr5480-115
HSFA,hr5480-115
HSJU,hr909-115
HSAG,hr909-115
HSAG,hr7136-115
HSED,hr7136-115
HSWM,hr6-115
HSJU,hr6-115
HSIF,hr6-115
HSWM,hr1953-115
HSIF,hr1953-115
HSJU,hr7109-115
HSED,hr7109-115
HSVR,hr907-115
HSGO,hr1287-115
HSJU,hr1607-115
HSIF,hr4784-115
HSPW,hr3814-115
HSHM,hr278-115
HSJU,hr6978-115
HSFA,hr2747-115
HSJU,hr2899-115
HSIF,hr3729-115
HSWM,hr3729-115
HSWM,hr661-115
HSIF,hr661-115
SSBK,hr1343-115
HSBA,hr1343-115
HSBU,hr1628-115
HSSM,hr2092-115
HSED,hr2092-115
HSWM,hr2092-115
HSPW,hr5857-115
HSPW,hr6350-115
HSJU,hr6350-115
HSAP,hr6350-115
HSBA,hr3129-115
HSWM,hr3129-115
HSJU,hr5865-115
HSWM,hr5865-115
HSED,hr5865-115
HSIF,hr5865-115
HSPW,hr6558-115
SSGA,hr4991-115
HSHM,hr4991-115
HSAS,hr2704-115
HSVR,hr996-115
HSIF,hr2973-115
HSGO,hr2973-115
HSWM,hr1991-115
HSJU,hr256-115
HSIF,hr3451-115
HSED,hr7345-115
HSPW,hr6048-115
HSWM,hr5479-115
SSAF,hr1800-115
HSII,hr1800-115
HSWM,hr6915-115
HSAG,hr5208-115
HSIF,hr3430-115
HSED,hr4548-115
HSWM,hr2551-115
HSJU,hr1292-115
HSWM,hr6969-115
HSWM,hr2295-115
HSAS,hr5965-115
HSVR,hr5965-115
HSGO,hr5965-115
HSIF,hr5965-115
HSIF,hr4975-115
HSVR,hr6161-115
HSGO,hr2493-115
HSRU,hr6293-115
HSHA,hr6293-115
HSWM,hr3528-115
HSIF,hr3528-115
HSSY,hr4782-115
HSII,hr4782-115
HSPW,hr4782-115
HSBU,hr4782-115
HSED,hr4782-115
HSWM,hr4782-115
HSAG,hr4782-115
HSBA,hr4782-115
HSIF,hr4782-115
HSED,hr2055-115
HSWM,hr5809-115
HSIF,hr5809-115
HSVR,hr91-115
HSPW,hr5578-115
HSBU,hr2953-115
SSJU,hr5075-115
HSJU,hr5075-115
HSBA,hr4861-115
SSVA,hr3562-115
HSVR,hr3562-115
HSVR,hr3095-115
HSII,hr227-115
HSWM,hr5132-115
HSJU,hr5132-115
HSGO,hr5132-115
HSBA,hr5132-115
HSFA,hr5132-115
HSSY,hr3522-115
HSGO,hr3522-115
HSED,hr5639-115
HSIF,hr5639-115
HSSY,hr3344-115
HSPW,hr7202-115
HSWM,hr7202-115
HSII,hr2943-115
HSBA,hr4544-115
HSPW,hr738-115
HSED,hr3529-115
HSIF,hr3107-115
HSBA,hr2877-115
HSJU,hr6086-115
HSJU,hr4036-115
HSBA,hr3135-115
SSEG,hr627-115
HSIF,hr627-115
HSWM,hr6251-115
HSIF,hr6251-115
HSRU,hr6251-115
HSBU,hr6251-115
HSWM,hr2339-115
HSHA,hr5469-115
HSED,hr4119-115
HSRU,hr5369-115
HSIF,hr5560-115
HSPW,hr1179-115
HSIF,hr2012-115
HSED,hr1903-115
HSII,hr3371-115
HSIF,hr1933-115
HSWM,hr1933-115
HSII,hr2074-115
SSFI,hr1393-115
HSJU,hr1393-115
SSBK,hr5059-115
HSBA,hr5059-115
HSJU,hr4657-115
HSJU,hr4738-115
HSBA,hr4738-115
HSWM,hr2465-115
HSIF,hr2465-115
HSII,hr6270-115
HSSY,hr6270-115
HSWM,hr5714-115
HSIF,hr5714-115
SSEG,hr2897-115
HSII,hr2897-115
HSGO,hr2897-115
HSIF,hr2202-115
HSWM,hr2373-115
HSIF,hr2373-115
HSED,hr3402-115
HSIF,hr2801-115
HSPW,hr2801-115
HSSM,hr3002-115
HSJU,hr7058-115
HSJU,hr4052-115
HSJU,hr1985-115
HSGO,hr4906-115
HSIF,hr1554-115
HSED,hr3648-115
HSWM,hr3648-115
HSIF,hr6943-115
HSED,hr483-115
HSII,hr5996-115
HSJU,hr5996-115
HSSM,hr4743-115
HSII,hr1756-115
HSBA,hr2403-115
HSII,hr19-115
HSPW,hr19-115
HSHA,hr19-115
SSBK,hr2874-115
HSBA,hr2874-115
HSIF,hr1531-115
HSPW,hr1531-115
HSBU,hr1531-115
HSWM,hr1531-115
HSII,hr5103-115
HSIF,hr5103-115
HSED,hr5103-115
HSJU,hr5103-115
HSWM,hr5103-115
HSWM,hr5854-115
HSBA,hr6379-115
HSGO,hr4806-115
SSGA,hr1294-115
HSHM,hr1294-115
SSEG,hr2786-115
HSIF,hr2786-115
SSFI,hr6042-115
HSIF,hr6042-115
HSWM,hr1962-115
HSIF,hr4287-115
HSIF,hr4138-115
HSWM,hr4138-115
HSII,hr6119-115
HSIF,hr3787-115
HSJU,hr1059-115
HSWM,hr1059-115
HSRU,hr1059-115
HSFA,hr1059-115
HSFA,hr6651-115
HSJU,hr4221-115
HSED,hr4221-115
HSPW,hr2029-115
HSIF,hr6240-115
HSIF,hr3919-115
HSWM,hr3919-115
HSVR,hr629-115
HSIF,hr5279-115
SSCM,hr423-115
HSIF,hr423-115
HSAG,hr3599-115
HSIF,hr7117-115
HSJU,hr692-115
HSSY,hr7031-115
HSWM,hr340-115
HSVR,hr1216-115
HSIF,hr6577-115
HSBU,hr1936-115
HSRU,hr1936-115
HSIF,hr7003-115
HSJU,hr3918-115
SSCM,hr1726-115
HSPW,hr1726-115
HSII,hr2252-115
HSPW,hr6079-115
HSJU,hr5164-115
HSAG,hr5164-115
HSIF,hr5164-115
HSRU,hr5164-115
HSGO,hr5164-115
HSSM,hr5164-115
HSWM,hr5164-115
HSBA,hr5164-115
HSED,hr5164-115
HSII,hr6759-115
HSBU,hr6759-115
HSJU,hr4915-115
SSJU,hr3731-115
HSGO,hr3731-115
HSJU,hr3731-115
SSFI,hr5774-115
HSIF,hr5774-115
HSWM,hr5774-115
HSIF,hr2345-115
HSJU,hr6089-115
HSIF,hr749-115
HSJU,hr2978-115
HSVR,hr1254-115
HSWM,hr5958-115
HSIF,hr5958-115
HSJU,hr2233-115
HSED,hr2233-115
HSSM,hr3294-115
HSVR,hr5922-115
HSIF,hr6478-115
HSIF,hr3713-115
HSJU,hr3471-115
HSGO,hr6239-115
HSBA,hr6239-115
HSWM,hr6239-115
HSHA,hr6239-115
HSHA,hr2358-115
HSBA,hr2358-115
HSWM,hr1551-115
HSJU,hr5871-115
HSWM,hr822-115
HSGO,hr5381-115
HSWM,hr1955-115
SSBK,hr770-115
HSBA,hr770-115
HSGO,hr5303-115
HSGO,hr5111-115
HSBA,hr2246-115
HSII,hr6652-115
SSAP,hr3358-115
HSAP,hr3358-115
SSEV,hr5875-115
HSII,hr5875-115
SSGA,hr1486-115
HSHM,hr1486-115
HSJU,hr1470-115
HSVR,hr3765-115
HSAP,hr3266-115
SSFI,hr1843-115
HSBA,hr1843-115
HSWM,hr1843-115
SSEV,hr953-115
HSAG,hr953-115
HSPW,hr953-115
HSSM,hr4668-115
HSIF,hr1546-115
HSWM,hr1173-115
HSIF,hr1173-115
HSWM,hr1057-115
HSGO,hr1057-115
HSII,hr6255-115
HSJU,hr6255-115
HSAS,hr4837-115
HSFA,hr4837-115
SSSB,hr6382-115
HSSM,hr6382-115
HSWM,hr1130-115
HSIF,hr1130-115
HSJU,hr3998-115
HSWM,hr6999-115
HSED,hr926-115
HSJU,hr684-115
HSIF,hr7295-115
HSAS,hr1472-115
HSVR,hr1472-115
HSIF,hr1472-115
HSGO,hr1472-115
HSJU,hr4680-115
HSSY,hr3895-115
HSIF,hr3895-115
HSFA,hr3895-115
HSED,hr3895-115
HSJU,hr5607-115
HSJU,hr3718-115
HSJU,hr2940-115
HSSY,hr935-115
HSHM,hr935-115
HSED,hr935-115
HSWM,hr2509-115
HSJU,hr905-115
SSEG,hr1109-115
HSIF,hr1109-115
HSIF,hr4200-115
HSWM,hr4200-115
HSIF,hr1310-115
HSAS,hr5920-115
HSVR,hr5920-115
HSIF,hr2688-115
HSIF,hr3374-115
HSPW,hr3374-115
HSHM,hr1468-115
HSJU,hr1468-115
HSAS,hr1468-115
HSJU,hr6075-115
HSFA,hr5898-115
HSAG,hr4824-115
HSII,hr4824-115
HSAG,hr5276-115
HSFA,hr5276-115
HSJU,hr4014-115
HSWM,hr1937-115
HSED,hr1937-115
HSVR,hr645-115
HSII,hr1349-115
HSJU,hr2043-115
HSII,hr6060-115
HSBU,hr6060-115
HSBA,hr3626-115
SSBK,hr3626-115
HSWM,hr5699-115
HSIF,hr1435-115
HSWM,hr1435-115
HSJU,hr398-115
HSWM,hr6601-115
HSIF,hr6601-115
HSVR,hr3368-115
HSAS,hr691-115
HSGO,hr691-115
HSED,hr691-115
HSWM,hr3399-115
HSPW,hr2879-115
HSWM,hr2879-115
HLIG,hr6570-115
HSVR,hr5452-115
HSAG,hr865-115
HSII,hr865-115
HSJU,hr832-115
SSCM,hr6265-115
HSHM,hr6265-115
SSEV,hr3144-115
HSPW,hr3144-115
HSII,hr3144-115
HSPW,hr2510-115
HSJU,hr788-115
HSII,hr788-115
HSED,hr5180-115
HSJU,hr5087-115
HSII,hr1399-115
HSJU,hr5135-115
HSVR,hr2100-115
HSBA,hr3723-115
HSPW,hr6175-115
HSWM,hr516-115
SSJU,hr5041-115
HSIF,hr5041-115
HSJU,hr5041-115
HSBU,hr3858-115
HSAP,hr3858-115
HSVR,hr5644-115
SSEV,hr2504-115
HSFA,hr2504-115
HSII,hr2504-115
HSJU,hr3513-115
HSWM,hr3513-115
HSGO,hr6490-115
HSHA,hr6490-115
HSIF,hr7151-115
HSGO,hr1461-115
HSVR,hr1461-115
HSIF,hr5007-115
HSPW,hr7004-115
HSBA,hr3110-115
HSVR,hr2703-115
HLIG,hr6436-115
HSED,hr5107-115
HSIF,hr3877-115
HSWM,hr3877-115
HSWM,hr2814-115
HSWM,hr1156-115
HSIF,hr1156-115
HSBA,hr4785-115
SSFR,hr4969-115
HSFA,hr4969-115
HSWM,hr2066-115
HSIF,hr2066-115
HSWM,hr2306-115
HSJU,hr7047-115
HSED,hr2878-115
HSJU,hr1807-115
HSII,hr1807-115
HSJU,hr2956-115
HSIF,hr5795-115
HSED,hr6298-115
HSHA,hr6298-115
HSIF,hr5306-115
HSWM,hr2017-115
HSAS,hr3218-115
HSVR,hr3218-115
SSGA,hr73-115
HSGO,hr73-115
HSWM,hr1589-115
SSBK,hr1585-115
HSBA,hr1585-115
HSIF,hr3976-115
HSJU,hr176-115
HSED,hr176-115
HSWM,hr176-115
SSVA,hr27-115
HSVR,hr27-115
HSBA,hr5001-115
HSJU,hr7184-115
HSVR,hr2037-115
HSWM,hr7253-115
HSIF,hr7253-115
HSVR,hr3754-115
HSJU,hr6845-115
HSVR,hr3949-115
HSIF,hr6864-115
HSIF,hr2267-115
HSWM,hr2267-115
HSFA,hr5105-115
HSAS,hr1405-115
HSJU,hr1405-115
HSVR,hr1405-115
HSBA,hr2553-115
HSII,hr3979-115
HSAS,hr5098-115
HSWM,hr4821-115
HSGO,hr4821-115
HSJU,hr4821-115
HSBA,hr4821-115
HSFA,hr4821-115
SSJU,hr5698-115
HSJU,hr5698-115
HSIF,hr4297-115
HSWM,hr4297-115
HSED,hr1772-115
HSFA,hr2259-115
HSED,hr2259-115
HSGO,hr2259-115
HSWM,hr4978-115
HSFA,hr7055-115
HSII,hr2662-115
HSWM,hr2662-115
HSIF,hr2662-115
HSGO,hr2662-115
HSJU,hr2414-115
HSGO,hr2414-115
HSIF,hr6378-115
HSHM,hr6378-115
HSVR,hr6378-115
HSJU,hr6378-115
SSCM,hr276-115
HSPW,hr276-115
HSJU,hr3613-115
HSJU,hr1914-115
HSJU,hr6070-115
HSVR,hr2225-115
HSGO,hr2269-115
HSPW,hr1045-115
HSFA,hr5883-115
HSAS,hr5883-115
HSJU,hr6297-115
HSJU,hr3462-115
HSGO,hr3462-115
HSED,hr6953-115
HSIF,hr1480-115
HSED,hr6947-115
HSWM,hr1121-115
HSED,hr1121-115
HSIF,hr1121-115
HSVR,hr4099-115
HSSM,hr4111-115
HSPW,hr4438-115
HSIF,hr2858-115
HSJU,hr617-115
HSBA,hr2170-115
SSCM,hr5345-115
HSSY,hr5345-115
HSII,hr1411-115
HSVR,hr1798-115
HSED,hr4859-115
HSED,hr3199-115
HSWM,hr6277-115
HSWM,hr771-115
HSIF,hr771-115
HSGO,hr771-115
HSWM,hr750-115
HSIF,hr750-115
HSWM,hr2534-115
HSAS,hr1316-115
HSIF,hr1316-115
HSWM,hr1316-115
HSGO,hr1316-115
HSED,hr4336-115
HSWM,hr20-115
HSIF,hr20-115
HSHA,hr20-115
HSIF,hr1143-115
HSFA,hr4012-115
HLIG,hr4012-115
HSJU,hr12-115
HSVR,hr12-115
HSED,hr12-115
HSGO,hr12-115
HSSY,hr12-115
HSHA,hr12-115
SSGA,hr1665-115
HSPW,hr1665-115
SSHR,hr5892-115
HSED,hr5892-115
SSEG,hr2991-115
HSII,hr2991-115
SSGA,hr1365-115
HSHM,hr1365-115
HSWM,hr2579-115
HSII,hr3535-115
HSJU,hr6595-115
SSVA,hr1005-115
HSVR,hr1005-115
HSII,hr3543-115
HSJU,hr748-115
HSGO,hr748-115
HSGO,hr2511-115
HSAS,hr2511-115
HSHM,hr2188-115
HSWM,hr4110-115
HSWM,hr2929-115
HSIF,hr2641-115
HSGO,hr3589-115
HSFA,hr1221-115
HSWM,hr1840-115
HSVR,hr90-115
HSJU,hr6183-115
HSVR,hr245-115
SSEG,hr3997-115
HSII,hr3997-115
HSPW,hr7395-115
HSII,hr7395-115
HSWM,hr7395-115
HSIF,hr7395-115
HSWM,hr3830-115
HSJU,hr509-115
HSFA,hr5592-115
SSBK,hr4537-115
HSRU,hr4537-115
HSBA,hr4537-115
HSBA,hr6625-115
HSBA,hr1244-115
HSJU,hr4639-115
HSAS,hr4639-115
HSWM,hr6641-115
HSIF,hr6641-115
HSED,hr3627-115
SSCM,hr3101-115
HSPW,hr3101-115
HSHM,hr3101-115
HSPW,hr5417-115
SSEG,hr1220-115
HSII,hr1220-115
HSJU,hr1824-115
HSII,hr1824-115
HSVR,hr1824-115
HSIF,hr1824-115
HSGO,hr1824-115
HSED,hr1824-115
HSBA,hr1824-115
HSWM,hr1824-115
HSGO,hr4314-115
HSHA,hr4314-115
HSIF,hr5343-115
HSWM,hr937-115
HSIF,hr5247-115
HSFA,hr120-115
HSJU,hr40-115
HSJU,hr5077-115
HSWM,hr1145-115
HSHA,hr6564-115
HSIF,hr2535-115
HSJU,hr901-115
HSII,hr6650-115
HSPW,hr6650-115
HSSY,hr6650-115
HSWM,hr1806-115
SSAF,hr2936-115
HSPW,hr2936-115
HSED,hr2936-115
HSII,hr2936-115
HSAG,hr2936-115
HSBA,hr7234-115
HSIF,hr5914-115
SSVA,hr4173-115
HSVR,hr4173-115
SSJU,hr3697-115
HSJU,hr3697-115
SSHR,hr5102-115
HSIF,hr5102-115
SSEG,hr6299-115
HSGO,hr6299-115
HSII,hr6299-115
HSIF,hr3477-115
HSWM,hr6627-115
HSJU,hr641-115
HSIF,hr5174-115
HSBA,hr3606-115
HSWM,hr6871-115
HSIF,hr3850-115
SSBK,hr4566-115
HSBA,hr4566-115
HSJU,hr1566-115
SSVA,hr2749-115
HSVR,hr2749-115
HSPW,hr4421-115
SSCM,hr3397-115
HSSY,hr3397-115
HSJU,hr4081-115
HSIF,hr4081-115
HSBU,hr4081-115
HSBA,hr4081-115
SSBK,hr1312-115
HSBA,hr1312-115
SSHR,hr1635-115
HSED,hr1635-115
HSFA,hr671-115
HSED,hr4942-115
HSVR,hr1942-115
HSIF,hr5715-115
HSWM,hr5715-115
HSED,hr3138-115
HSWM,hr3138-115
HSAP,hr6147-115
HSWM,hr329-115
SSBK,hr3299-115
HSBA,hr3299-115
HSBA,hr5886-115
HSED,hr4083-115
HSIF,hr2972-115
HSVR,hr758-115
SSJU,hr2905-115
HSJU,hr2905-115
HSWM,hr2905-115
SSBK,hr2706-115
HSBA,hr2706-115
HSVR,hr2631-115
HSBA,hr3089-115
HSJU,hr2612-115
HSBA,hr2319-115
HSII,hr6768-115
HSPW,hr6768-115
HSIF,hr6768-115
HSGO,hr756-115
HSWM,hr756-115
HSIF,hr756-115
HSAS,hr5177-115
HSWM,hr1866-115
HSII,hr5911-115
HSAG,hr2939-115
HSII,hr2939-115
HSII,hr229-115
HSPW,hr5720-115
HSWM,hr2011-115
HSII,hr3913-115
HSWM,hr3913-115
HSED,hr3825-115
HSPW,hr5158-115
HSII,hr224-115
HSIF,hr2118-115
HSHA,hr2840-115
HSED,hr6014-115
SSVA,hr5215-115
HSVR,hr5215-115
HSSY,hr301-115
HSAP,hr5961-115
SSAP,hr5961-115
HSGO,hr1001-115
HSFA,hr430-115
HSAG,hr1368-115
HSIF,hr1368-115
HSWM,hr1368-115
HSII,hr1778-115
SSBK,hr5953-115
HSBA,hr5953-115
SSAF,hr3567-115
HSAG,hr3567-115
SSJU,hr1694-115
HSGO,hr1694-115
HSIF,hr2051-115
SSCM,hr4375-115
HSSY,hr4375-115
HSJU,hr3464-115
HSIF,hr4813-115
SSBK,hr3312-115
HSBA,hr3312-115
HSED,hr785-115
HSWM,hr6250-115
HSII,hr4475-115
HSPW,hr5198-115
HSBA,hr4550-115
HSIF,hr59-115
HSHM,hr59-115
HSJU,hr3067-115
HSAS,hr3248-115
HSWM,hr3248-115
HSGO,hr3248-115
HSIF,hr3248-115
SSGA,hr1679-115
HSPW,hr1679-115
HSWM,hr521-115
HSWM,hr1098-115
HSWM,hr855-115
HSWM,hr3264-115
SSCM,hr460-115
HSIF,hr460-115
HSED,hr6929-115
HSWM,hr6929-115
HSWM,hr6114-115
HSJU,hr5233-115
HSIF,hr3985-115
HSWM,hr6337-115
HSRU,hr6337-115
SSHR,hr5752-115
HSIF,hr5752-115
HSED,hr3316-115
HSSY,hr3316-115
HSIF,hr3120-115
HSWM,hr3120-115
HSJU,hr147-115
HSFA,hr7228-115
HSGO,hr3295-115
HSII,hr1715-115
HSHA,hr5527-115
HSVR,hr42-115
SSEG,hr857-115
HSII,hr857-115
HSIF,hr4191-115
HSWM,hr885-115
HSIF,hr3421-115
HSGO,hr559-115
HSIF,hr6248-115
HSII,hr1784-115
HSIF,hr2843-115
HSED,hr5390-115
HSIF,hr5661-115
HSBA,hr5101-115
HSAS,hr6684-115
HSJU,hr2407-115
HSHM,hr2407-115
HSED,hr2407-115
HSVR,hr4059-115
HSWM,hr3611-115
HSIF,hr4613-115
HSWM,hr4613-115
HSAS,hr3781-115
HSVR,hr3781-115
HSIF,hr2893-115
HSHM,hr3180-115
SLIN,hr3180-115
HLIG,hr3180-115
HSIF,hr3406-115
HSWM,hr4137-115
SSJU,hr1188-115
HSJU,hr1188-115
HSWM,hr6990-115
HSED,hr7214-115
HSJU,hr3458-115
HSAG,hr1406-115
HSIF,hr6133-115
HSJU,hr7355-115
HSWM,hr2217-115
SSEV,hr66-115
HSPW,hr66-115
HSBA,hr5816-115
HSGO,hr5816-115
HSED,hr4536-115
HSIF,hr6201-115
HSAG,hr6272-115
HSII,hr6272-115
HSJU,hr5225-115
HSWM,hr4104-115
HSWM,hr6274-115
HSVR,hr5301-115
SSAF,hr5636-115
HSII,hr5636-115
SSHR,hr5176-115
HSIF,hr5176-115
HSFA,hr1229-115
HSII,hr847-115
HSJU,hr6278-115
HSIF,hr1586-115
HSPW,hr1731-115
HSII,hr1731-115
SSVA,hr95-115
HSVR,hr95-115
HSII,hr502-115
HSSY,hr3033-115
HSPW,hr3260-115
SSFI,hr2866-115
HSWM,hr2866-115
HSSY,hr4395-115
HSGO,hr4395-115
HSBA,hr3070-115
HSIF,hr1925-115
HSJU,hr5461-115
SSCM,hr4561-115
HSHM,hr4561-115
HSJU,hr2752-115
HSHM,hr2752-115
SSJU,hr695-115
HSJU,hr695-115
SSVA,hr4451-115
HSVR,hr4451-115
SSHR,hr5197-115
HSIF,hr5197-115
HSVR,hr2322-115
HSJU,hr859-115
HSBA,hr859-115
HSGO,hr859-115
HSIF,hr2974-115
HSWM,hr2974-115
HSPW,hr5973-115
HSGO,hr4826-115
HSIF,hr7233-115
HSPW,hr3413-115
HSIF,hr4620-115
HSWM,hr4620-115
HSVR,hr334-115
HSIF,hr334-115
HSFA,hr334-115
HSWM,hr1160-115
HSIF,hr1160-115
HSPW,hr5315-115
HSBA,hr1833-115
HSJU,hr137-115
HSIF,hr1605-115
HSWM,hr1605-115
HSIF,hr1311-115
HSJU,hr722-115
HSHM,hr722-115
HLIG,hr722-115
HSFA,hr722-115
HSED,hr1454-115
HSJU,hr3964-115
HSIF,hr3964-115
HSIF,hr4133-115
HSWM,hr4133-115
HSVR,hr2147-115
HSWM,hr5739-115
HSJU,hr5739-115
HSIF,hr5739-115
HSPW,hr4661-115
HSHM,hr4661-115
HSSY,hr4661-115
HSBA,hr1929-115
HSPW,hr5358-115
HSII,hr223-115
SSJU,hr1492-115
HSJU,hr1492-115
HSIF,hr1492-115
SSBK,hr78-115
HSBA,hr78-115
HSIF,hr2163-115
HSIF,hr22-115
HSAG,hr22-115
HSHM,hr22-115
HSRU,hr22-115
HSAS,hr22-115
HSJU,hr6677-115
HSPW,hr5984-115
HSPW,hr2415-115
SSEG,hr805-115
HSII,hr805-115
HSIF,hr4832-115
HSWM,hr1200-115
SSGA,hr6439-115
HSHM,hr6439-115
HSGO,hr1594-115
HSBA,hr1257-115
HSED,hr2308-115
HSBA,hr970-115
HSGO,hr970-115
HSBA,hr1299-115
HSFA,hr1299-115
HSPW,hr3938-115
HSSY,hr2719-115
HSIF,hr242-115
HSWM,hr242-115
HSJU,hr138-115
HSJU,hr6003-115
HSIF,hr6003-115
HSHM,hr3479-115
HSIF,hr3479-115
HSBA,hr4281-115
SSFI,hr5582-115
HSWM,hr5582-115
HSIF,hr5582-115
HSAS,hr4140-115
HSFA,hr4140-115
HSAS,hr2777-115
HSBA,hr2777-115
HSJU,hr6043-115
HSIF,hr6043-115
HSJU,hr484-115
HSED,hr5988-115
HSII,hr6345-115
HSII,hr6676-115
HSBA,hr4746-115
HSJU,hr6195-115
HSWM,hr817-115
HSIF,hr817-115
HSVR,hr4366-115
HSJU,hr2437-115
HSHM,hr2165-115
HSII,hr2748-115
HSPW,hr2748-115
HSWM,hr781-115
HSWM,hr2671-115
HSIF,hr6584-115
HSPW,hr6584-115
HSED,hr1869-115
HSJU,hr5409-115
HSHA,hr5409-115
HSIF,hr1335-115
HSED,hr5962-115
HSWM,hr5962-115
HSWM,hr5771-115
HSVR,hr3696-115
SSHR,hr309-115
HSIF,hr309-115
HSAS,hr279-115
HSJU,hr1502-115
HSIF,hr1068-115
HSJU,hr5484-115
HSBA,hr5484-115
HSED,hr6544-115
HSIF,hr354-115
HSII,hr943-115
HSJU,hr367-115
HSWM,hr367-115
HSJU,hr241-115
HSFA,hr241-115
SSCM,hr4254-115
HSSY,hr4254-115
HSVR,hr2478-115
HSFA,hr2497-115
HSWM,hr6312-115
HSED,hr3773-115
HSIF,hr1847-115
HSWM,hr2010-115
HSGO,hr5873-115
HSED,hr7278-115
HSED,hr5460-115
SSBK,hr4753-115
HSBA,hr4753-115
HSIF,hr4795-115
HSPW,hr4795-115
HSWM,hr3632-115
HSWM,hr6144-115
HSIF,hr6144-115
HSAG,hr4212-115
SSJU,hr3249-115
HSJU,hr3249-115
HSJU,hr6123-115
SSFI,hr4952-115
HSIF,hr4952-115
HSWM,hr4952-115
HSAS,hr2180-115
HSPW,hr3148-115
HSGO,hr5495-115
HSAS,hr753-115
HSAP,hr753-115
HSIF,hr444-115
HSIF,hr709-115
HSBA,hr4373-115
HSWM,hr1204-115
HSPW,hr1266-115
HSII,hr2611-115
SSFI,hr2581-115
HSIF,hr2581-115
HSWM,hr2581-115
HSJU,hr3537-115
HSWM,hr3537-115
HSBA,hr3537-115
HSGO,hr3537-115
HSHA,hr3537-115
HSWM,hr1776-115
HSIF,hr1776-115
HSJU,hr1776-115
HSVR,hr5866-115
HSIF,hr3928-115
HLIG,hr6012-115
HSFA,hr6012-115
HSED,hr6586-115
HSIF,hr6586-115
HSIF,hr1868-115
HSJU,hr4268-115
HSBA,hr3746-115
SSFR,hr6197-115
HSFA,hr6197-115
HSHA,hr1723-115
HSWM,hr2372-115
HSVR,hr4369-115
HSIF,hr1574-115
HSED,hr3580-115
HSIF,hr2290-115
HSJU,hr1982-115
SSGA,hr5074-115
HSHM,hr5074-115
HSVR,hr7138-115
HSJU,hr6406-115
HSGO,hr6406-115
HSHA,hr6406-115
HSBA,hr6406-115
HSWM,hr6406-115
HSED,hr6406-115
HSGO,hr2214-115
HSHA,hr2214-115
HSIF,hr623-115
SSGA,hr998-115
HSJU,hr998-115
HSGO,hr998-115
HSVR,hr4565-115
HSPW,hr2928-115
HSBA,hr3363-115
HSJU,hr2971-115
HSVR,hr2707-115
HSJU,hr5163-115
HSJU,hr4183-115
HSJU,hr3576-115
HSIF,hr628-115
HSIF,hr1340-115
HSGO,hr1340-115
HSWM,hr1902-115
HSIF,hr1902-115
HSED,hr1902-115
HSJU,hr134-115
HSJU,hr6361-115
HSWM,hr6361-115
HSHM,hr6361-115
HSWM,hr2450-115
HSIF,hr1027-115
HSIF,hr6937-115
HSWM,hr6937-115
HSAG,hr825-115
HSII,hr825-115
HSWM,hr7289-115
HSWM,hr3641-115
HSAS,hr5951-115
HSPW,hr5951-115
HSVR,hr5951-115
HSFA,hr5951-115
HSII,hr1557-115
SSJU,hr4909-115
HSJU,hr4909-115
HSAG,hr5250-115
HSIF,hr6192-115
HSBA,hr6192-115
HSWM,hr253-115
HSPW,hr8-115
HSIF,hr2779-115
HSJU,hr4570-115
HSED,hr4399-115
HSWM,hr615-115
SSSB,hr2056-115
HSSM,hr2056-115
HSBA,hr6252-115
HSBA,hr1080-115
HSWM,hr1080-115
HSGO,hr39-115
HSED,hr899-115
HSAG,hr3235-115
HSED,hr2725-115
HSII,hr6924-115
HSWM,hr2916-115
SSBK,hr79-115
HSBA,hr79-115
HSWM,hr3068-115
HSFA,hr1226-115
HSHA,hr528-115
HSHM,hr940-115
HSIF,hr4515-115
HSVR,hr103-115
HSFA,hr4391-115
HSBA,hr6158-115
SSFI,hr5685-115
HSIF,hr5685-115
HSWM,hr5685-115
HSIF,hr5806-115
HSWM,hr3511-115
SSFR,hr2646-115
HSFA,hr2646-115
HSBA,hr1360-115
HSIF,hr3931-115
HSIF,hr2038-115
HSWM,hr2038-115
HSII,hr513-115
HSSY,hr923-115
HSAS,hr923-115
HSHM,hr923-115
HSIF,hr923-115
HSFA,hr923-115
HSJU,hr923-115
HLIG,hr923-115
HSGO,hr923-115
SSGA,hr1678-115
HSPW,hr1678-115
HSVR,hr3492-115
HSIF,hr2501-115
HSGO,hr757-115
HSIF,hr6073-115
HSAG,hr6073-115
HSPW,hr4056-115
HSWM,hr4056-115
HSBA,hr4056-115
HSGO,hr4775-115
SSVA,hr1362-115
HSVR,hr1362-115
HSJU,hr514-115
HSWM,hr5498-115
HSIF,hr5498-115
HSPW,hr3152-115
HSWM,hr3152-115
HSWM,hr408-115
HSIF,hr1876-115
HSJU,hr1876-115
HSBA,hr6127-115
HSIF,hr1271-115
SSCM,hr5346-115
HSSY,hr5346-115
HSED,hr7209-115
HSJU,hr7209-115
HSFA,hr463-115
SSGA,hr6777-115
HSGO,hr6777-115
HSWM,hr2189-115
HSVR,hr106-115
HSGO,hr1537-115
HSWM,hr2644-115
HSIF,hr2644-115
HSIF,hr3407-115
HSIF,hr3904-115
HSAG,hr1841-115
HSII,hr1841-115
HSWM,hr1841-115
HSIF,hr1841-115
HSJU,hr1841-115
HSWM,hr4610-115
HSED,hr4610-115
HSED,hr2490-115
HSWM,hr930-115
HSIF,hr930-115
HSWM,hr3136-115
HSED,hr3337-115
HSWM,hr523-115
HSSY,hr1358-115
HSIF,hr5548-115
HSAG,hr4521-115
HSIF,hr4521-115
HSWM,hr4521-115
SSJU,hr732-115
HSJU,hr732-115
SSAP,hr3-115
SSBU,hr3-115
HSAP,hr3-115
HSIF,hr816-115
HSAG,hr5411-115
HSAG,hr3841-115
HSVR,hr6027-115
HSAP,hr4013-115
HSPW,hr4739-115
HSWM,hr4739-115
HSJU,hr2089-115
HSBU,hr292-115
SSEG,hr3043-115
HSGO,hr3043-115
HSIF,hr3043-115
HSJU,hr3351-115
SSEG,hr6687-115
HSII,hr6687-115
SSEG,hr2768-115
HSII,hr2768-115
HSII,hr527-115
HSWM,hr1920-115
HSIF,hr1920-115
HSJU,hr6257-115
HSPW,hr3889-115
HSSY,hr1675-115
HSII,hr1675-115
HSED,hr746-115
HSII,hr1026-115
HSWM,hr1481-115
SSEG,hr699-115
HSII,hr699-115
HSAS,hr1243-115
HSAG,hr4693-115
HSIF,hr1245-115
HSGO,hr3381-115
HSWM,hr6062-115
HSIF,hr6062-115
HSPW,hr4643-115
HSAG,hr2731-115
HSJU,hr5267-115
HSIF,hr5267-115
HSAS,hr5356-115
HSFA,hr5356-115
HSED,hr5356-115
HSGO,hr6391-115
HSVR,hr6391-115
HSJU,hr674-115
HSGO,hr674-115
HSED,hr1748-115
HSWM,hr5223-115
HSIF,hr5223-115
HSED,hr5223-115
HSWM,hr5861-115
HSAP,hr5894-115
SSAP,hr5894-115
HSIF,hr3767-115
HSIF,hr3098-115
HSWM,hr3098-115
HSWM,hr3220-115
HSBA,hr4665-115
HSBA,hr3538-115
HSJU,hr1886-115
SSAF,hr3115-115
HSII,hr3115-115
HSWM,hr5160-115
HSIF,hr5160-115
HSGO,hr2494-115
HSBA,hr7187-115
HSJU,hr718-115
HSIF,hr5969-115
HSWM,hr3092-115
HSJU,hr1949-115
HSED,hr1949-115
HSHA,hr6435-115
HSAG,hr5195-115
HSHM,hr5195-115
HSBA,hr5195-115
HSJU,hr5195-115
HLIG,hr5195-115
HSAS,hr5195-115
HSFA,hr5195-115
HSIF,hr4527-115
HSII,hr3058-115
HSBA,hr924-115
SSVA,hr5649-115
HSVR,hr5649-115
HSWM,hr5649-115
HSAS,hr5649-115
SSBK,hr5970-115
HSBA,hr5970-115
HSGO,hr2636-115
SSEG,hr1547-115
HSII,hr1547-115
HSGO,hr4177-115
HSPW,hr4177-115
SSCM,hr2809-115
HSSY,hr2809-115
HSGO,hr2623-115
HSJU,hr2623-115
HSVR,hr1206-115
HSII,hr4026-115
HSED,hr4829-115
HSHM,hr3436-115
HSAP,hr4243-115
HSRU,hr4243-115
HSVR,hr4243-115
HSJU,hr6844-115
SSFI,hr6886-115
HSWM,hr6886-115
HSAS,hr6886-115
HSIF,hr6886-115
HSII,hr4647-115
SSVA,hr512-115
HSVR,hr512-115
HSBA,hr482-115
HSII,hr2135-115
HSAS,hr1905-115
HSED,hr1905-115
HSJU,hr1905-115
HSHA,hr1905-115
HSGO,hr1905-115
SSBK,hr4607-115
HSBA,hr4607-115
HSIF,hr5641-115
HSWM,hr1167-115
HSIF,hr1167-115
HSJU,hr4825-115
HSIF,hr4825-115
HSED,hr744-115
HSED,hr2992-115
HSWM,hr3364-115
HSPW,hr3364-115
HSRU,hr3364-115
HSBA,hr3364-115
HSAS,hr3364-115
HSGO,hr3364-115
HSJU,hr3364-115
HLIG,hr3364-115
HSFA,hr3364-115
HSPW,hr932-115
HSIF,hr2244-115
HSED,hr6184-115
HSJU,hr762-115
HSFA,hr762-115
HSIF,hr3839-115
HSGO,hr3839-115
HSJU,hr3839-115
HSSM,hr3839-115
HSBA,hr3839-115
HSAG,hr3839-115
HSED,hr3839-115
HSWM,hr3839-115
HSHA,hr787-115
HSJU,hr459-115
SSAF,hr6720-115
HSAG,hr6720-115
HSIF,hr2889-115
HSAG,hr4148-115
HSSM,hr4148-115
HSWM,hr1947-115
HSIF,hr6085-115
HSED,hr2679-115
SSBK,hr4725-115
HSBA,hr4725-115
HSGO,hr128-115
HSAG,hr3040-115
HSBA,hr5666-115
HSAS,hr7124-115
HSED,hr7124-115
HSED,hr4372-115
SSGA,hr437-115
HSHM,hr437-115
HSBA,hr948-115
HSWM,hr948-115
HSVR,hr4242-115
HSII,hr6007-115
SSBK,hr2148-115
HSBA,hr2148-115
HSBA,hr4764-115
HSJU,hr486-115
HSVR,hr476-115
HSBA,hr4248-115
HSWM,hr7356-115
HSBA,hr7356-115
HSVR,hr3561-115
HSJU,hr4996-115
HSIF,hr7131-115
HSPW,hr7357-115
HSSY,hr7357-115
HSBA,hr7357-115
HSED,hr7357-115
HSIF,hr7357-115
HSWM,hr5220-115
HSWM,hr1542-115
HSIF,hr1542-115
SSSB,hr1680-115
HSSM,hr1680-115
HSWM,hr5281-115
HSRU,hr5281-115
SSHR,hr1101-115
HSED,hr1101-115
HSWM,hr5441-115
HSAG,hr1753-115
HSGO,hr336-115
HSWM,hr336-115
HSWM,hr5221-115
HSED,hr3636-115
HSJU,hr178-115
HSJU,hr490-115
HSVR,hr6101-115
HSGO,hr6101-115
HSWM,hr3044-115
HSIF,hr3044-115
HSJU,hr715-115
HSIF,hr715-115
HSII,hr2023-115
HSVR,hr3497-115
HSII,hr1373-115
HSPW,hr2107-115
HSII,hr1580-115
HSAS,hr60-115
HSII,hr2560-115
HSBA,hr5323-115
HSAP,hr3355-115
HSWM,hr6247-115
HSBA,hr2277-115
HSFA,hr6053-115
HSAS,hr2800-115
HSPW,hr2800-115
HSAP,hr2800-115
HSBU,hr2800-115
HSWM,hr185-115
HSED,hr1079-115
HSJU,hr5468-115
SSGA,hr4627-115
HSHM,hr4627-115
SSJU,hr469-115
HSJU,hr469-115
HSVR,hr2103-115
SSVA,hr4830-115
HSVR,hr4830-115
HSII,hr159-115
HSAG,hr159-115
SSBK,hr6411-115
HSBA,hr6411-115
HSSY,hr5212-115
HSII,hr5212-115
HSIF,hr5212-115
HSAG,hr5055-115
HSAG,hr4947-115
HSWM,hr4185-115
HSIF,hr656-115
HSJU,hr3999-115
SSFR,hr1872-115
HSWM,hr1982-115
HSIF,hr1982-115
HSBA,hr1225-115
HSVR,hr2698-115
SSVA,hr609-115
HSVR,hr609-115
SSBK,hr4545-115
HSBA,hr4545-115
HSSY,hr5031-115
SSEG,hr5751-115
HSII,hr5751-115
HSWM,hr2901-115
HSJU,hr1941-115
HSWM,hr3345-115
SSEG,hr589-115
HSSY,hr589-115
HSWM,hr6310-115
HSJU,hr2617-115
HSSY,hr5356-115
HSIF,hr5356-115
HSWM,hr5716-115
HSIF,hr5716-115
HSWM,hr5804-115
HSIF,hr5804-115
HSWM,hr6898-115
HSED,hr6898-115
HSIF,hr6898-115
HSJU,hr34-115
HSED,hr1377-115
SSAS,hr3897-115
HSAS,hr3897-115
HSWM,hr1280-115
HSVR,hr1685-115
SSEG,hr3050-115
HSIF,hr3050-115
HSJU,hr2784-115
HSWM,hr7223-115
HSIF,hr7223-115
HSAP,hr5786-115
HSJU,hr1140-115
HSPW,hr1140-115
HSJU,hr5946-115
HSRU,hr5946-115
HSGO,hr5946-115
HSHA,hr5946-115
HSJU,hr400-115
HSPW,hr400-115
HSBA,hr400-115
HSWM,hr6587-115
SSCM,hr3328-115
HSPW,hr3328-115
HSFA,hr3328-115
HSHM,hr3328-115
HSBA,hr149-115
HSWM,hr991-115
HSED,hr991-115
HSIF,hr7007-115
HSWM,hr6639-115
HSIF,hr6639-115
HSVR,hr4687-115
HSJU,hr4477-115
HSED,hr1957-115
HSII,hr4091-115
HSVR,hr2891-115
HSVR,hr4716-115
HSGO,hr3617-115
HSIF,hr6748-115
HSIF,hr6431-115
HSWM,hr6431-115
SSHR,hr4684-115
HSIF,hr4684-115
HSJU,hr2655-115
HSSM,hr2655-115
SSHR,hr2422-115
HSIF,hr2422-115
HSIF,hr2381-115
HSJU,hr4025-115
HSED,hr1922-115
HSJU,hr4944-115
HSJU,hr5954-115
HSWM,hr4649-115
HSBU,hr4877-115
HSAP,hr4877-115
SSBK,hr6139-115
HSBA,hr6139-115
HSWM,hr7059-115
HSBU,hr7059-115
HSAS,hr7059-115
HSHM,hr7059-115
HSJU,hr7059-115
SSFI,hr5801-115
HSIF,hr5801-115
HSED,hr5767-115
HSWM,hr1661-115
HSJU,hr6617-115
HSJU,hr41-115
HSBU,hr4008-115
HSAP,hr4008-115
HSAS,hr877-115
HSVR,hr877-115
HSIF,hr1097-115
HSPW,hr3414-115
SSGA,hr5207-115
HSHM,hr5207-115
HSSY,hr4625-115
HSIF,hr4625-115
HSGO,hr4625-115
HSJU,hr4625-115
HSFA,hr4625-115
HSED,hr4625-115
HSIF,hr4810-115
HSHA,hr3029-115
HSWM,hr5722-115
HSIF,hr5722-115
HSHA,hr1044-115
SSEG,hr4606-115
HSIF,hr4606-115
HSBA,hr3321-115
HSAG,hr3242-115
HSJU,hr3845-115
HSJU,hr1980-115
HSAS,hr4973-115
HSIF,hr44-115
HSED,hr44-115
HSPW,hr2150-115
HSPW,hr1737-115
HSVR,hr5097-115
SSBK,hr5036-115
HSBA,hr5036-115
HSWM,hr3912-115
SSGA,hr2192-115
HSIF,hr2192-115
HSHA,hr2192-115
HSWM,hr5814-115
HSWM,hr5798-115
HSIF,hr5798-115
HSGO,hr6693-115
SSVA,hr2409-115
HSVR,hr2409-115
HSJU,hr7052-115
HSVR,hr2257-115
HSII,hr310-115
HSJU,hr5823-115
HLIG,hr5823-115
SSJU,hr1428-115
HSJU,hr1428-115
HSII,hr424-115
HSWM,hr2078-115
HSJU,hr2751-115
HSHM,hr2751-115
HSWM,hr2751-115
HSWM,hr3166-115
HSIF,hr3166-115
HSWM,hr5524-115
HSFA,hr5524-115
HSGO,hr5524-115
HSPW,hr6104-115
HSAG,hr6104-115
HSHM,hr2142-115
HSIF,hr1653-115
HSJU,hr5088-115
HSWM,hr2060-115
HSJU,hr1062-115
HLIG,hr1062-115
HSWM,hr3035-115
HSAG,hr4535-115
HSIF,hr4535-115
HSIF,hr2212-115
HSJU,hr2212-115
HSJU,hr2676-115
HSII,hr6354-115
HSWM,hr821-115
HSGO,hr6589-115
HSPW,hr2235-115
HSSM,hr2013-115
HSWM,hr2413-115
HSVR,hr5314-115
HSIF,hr3924-115
HSIF,hr7188-115
HSHM,hr7188-115
SSFI,hr5605-115
HSWM,hr5605-115
HSIF,hr5605-115
HSJU,hr464-115
HSJU,hr136-115
SSHR,hr304-115
HSJU,hr304-115
HSIF,hr304-115
HSWM,hr508-115
HSIF,hr508-115
HSED,hr610-115
HSWM,hr2205-115
HSWM,hr2341-115
HSII,hr3225-115
HSVR,hr2716-115
HSBA,hr4885-115
HSWM,hr7247-115
HSIF,hr7247-115
HSJU,hr2660-115
HSJU,hr4408-115
HSIF,hr4408-115
HSAG,hr3699-115
SSGA,hr612-115
HSHM,hr612-115
HSJU,hr5112-115
HSJU,hr4142-115
HSIF,hr4142-115
HSJU,hr997-115
HSED,hr997-115
HSAS,hr1064-115
HSVR,hr1064-115
HSVR,hr3680-115
HSIF,hr6615-115
HSPW,hr2001-115
HSGO,hr768-115
HSIF,hr1969-115
HSWM,hr2293-115
HSGO,hr745-115
HSWM,hr3395-115
HSSY,hr3143-115
HSIF,hr3143-115
HSBA,hr3179-115
SSGA,hr6620-115
HSPW,hr6620-115
HSHM,hr6620-115
HSWM,hr5571-115
HSWM,hr4886-115
HSJU,hr4075-115
HSIF,hr4075-115
SSJU,hr1892-115
HSJU,hr1892-115
HSBU,hr7397-115
HSAP,hr7397-115
HSED,hr4938-115
HSWM,hr4938-115
HSIF,hr4938-115
HSBU,hr4938-115
HSJU,hr4938-115
HSSM,hr6826-115
HSIF,hr5855-115
HSWM,hr451-115
HSVR,hr1790-115
HSWM,hr1790-115
SSHR,hr5228-115
HSIF,hr5228-115
HSBU,hr5228-115
HSRU,hr5442-115
HSBU,hr5442-115
HSED,hr3709-115
HSIF,hr5926-115
HSVR,hr2108-115
HSED,hr3174-115
HSFA,hr5540-115
HLIG,hr5540-115
HSWM,hr5440-115
HSJU,hr6758-115
HSHM,hr6783-115
HSFA,hr6783-115
HSGO,hr4047-115
HSJU,hr391-115
HSFA,hr391-115
HSIF,hr3278-115
HSIF,hr6698-115
SSBK,hr4768-115
HSBA,hr4768-115
HSWM,hr539-115
HSIF,hr539-115
HSAP,hr3219-115
HSVR,hr293-115
HSAS,hr1799-115
HSVR,hr1799-115
HSHM,hr6992-115
HSIF,hr6992-115
HSBA,hr3072-115
HSIF,hr3400-115
HSPW,hr3400-115
HSAS,hr3400-115
HSAG,hr3400-115
HSII,hr3400-115
HSWM,hr6486-115
HSJU,hr3801-115
HSBA,hr864-115
HSJU,hr1303-115
HSED,hr1303-115
SSGA,hr50-115
HSJU,hr50-115
HSRU,hr50-115
HSBU,hr50-115
HSGO,hr50-115
HSVR,hr6418-115
SSEG,hr689-115
HSII,hr689-115
HSIF,hr1020-115
HSIF,hr2982-115
HSHA,hr607-115
HSJU,hr5551-115
HSAG,hr1163-115
HSGO,hr1163-115
HSAS,hr1739-115
HSJU,hr1739-115
HSIF,hr1739-115
HSIF,hr2460-115
SSFR,hr600-115
HSFA,hr600-115
SSVA,hr918-115
HSVR,hr918-115
HSIF,hr5761-115
HSAS,hr4632-115
HSVR,hr4632-115
HSED,hr4632-115
HSJU,hr3361-115
SSBK,hr5793-115
HSBA,hr5793-115
SSEV,hr3906-115
HSSY,hr3906-115
HSPW,hr3906-115
HSSY,hr2203-115
HSII,hr2203-115
HSPW,hr1467-115
HSED,hr6685-115
HSED,hr914-115
HSWM,hr2682-115
HSED,hr2682-115
HSWM,hr4500-115
HSJU,hr4500-115
HSJU,hr1374-115
HSSY,hr2789-115
HSSM,hr2789-115
HSIF,hr4196-115
SSBK,hr6069-115
HSIF,hr6069-115
HSBA,hr6069-115
HSIF,hr5354-115
HSII,hr235-115
HSIF,hr235-115
HSBU,hr235-115
HSIF,hr3347-115
HSWM,hr7146-115
HSVR,hr101-115
SSBK,hr3971-115
HSBA,hr3971-115
SSHR,hr6082-115
HSIF,hr6082-115
HSBU,hr1441-115
HSWM,hr3581-115
HSWM,hr6314-115
HSAG,hr1084-115
HSIF,hr1084-115
HSGO,hr1084-115
HSJU,hr1084-115
HSSM,hr1084-115
HSBA,hr1084-115
HSED,hr1084-115
HSWM,hr1084-115
HSJU,hr6594-115
HSED,hr2523-115
SSGA,hr1004-115
HSGO,hr1004-115
HSED,hr3461-115
HSED,hr3687-115
HSJU,hr1396-115
HSED,hr5990-115
HSJU,hr6462-115
HSHM,hr6462-115
HSRU,hr7191-115
HSBU,hr7191-115
HSJU,hr1836-115
HSED,hr5110-115
HSJU,hr5904-115
SSGA,hr1238-115
HSAG,hr1238-115
HSIF,hr1238-115
HSHM,hr1238-115
HSED,hr6156-115
HSJU,hr6557-115
HSWM,hr6932-115
HSIF,hr6932-115
HSED,hr2967-115
HSSY,hr776-115
HSIF,hr776-115
HSJU,hr202-115
HSWM,hr202-115
HSBA,hr202-115
HSWM,hr7083-115
HSIF,hr7083-115
SSEV,hr2591-115
HSII,hr2591-115
HSWM,hr2957-115
HSIF,hr2957-115
HSBU,hr2957-115
SSJU,hr5645-115
HSJU,hr5645-115
HSII,hr4525-115
HSIF,hr5239-115
HSJU,hr4805-115
HSGO,hr4805-115
SSJU,hr2851-115
HSJU,hr2851-115
HSIF,hr2851-115
SSAP,hr3280-115
HSAP,hr3280-115
SSVA,hr1259-115
HSGO,hr1259-115
HSVR,hr1259-115
HSVR,hr93-115
SSBK,hr1116-115
HSBA,hr1116-115
HSED,hr4156-115
HSJU,hr7030-115
SSVA,hr2288-115
HSJU,hr1872-115
HSFA,hr1872-115
HSAS,hr6840-115
SSEG,hr3607-115
HSII,hr3607-115
SSBK,hr1426-115
HSBA,hr1426-115
HSWM,hr6726-115
HSPW,hr1346-115
HSIF,hr1606-115
HSVR,hr2210-115
HSED,hr4219-115
HSBA,hr4884-115
HSJU,hr4884-115
HLIG,hr4884-115
HSFA,hr4884-115
HSAP,hr4818-115
HSGO,hr4818-115
HSPW,hr4542-115
SSVA,hr5044-115
HSVR,hr5044-115
HSIF,hr1534-115
HSED,hr1534-115
HSIF,hr714-115
HSIF,hr1270-115
HSBA,hr1270-115
HSED,hr1270-115
HSHA,hr1270-115
HSGO,hr1270-115
HSII,hr6877-115
HSWM,hr111-115
HSSY,hr3763-115
HSPW,hr2286-115
HSIF,hr6174-115
HSAG,hr4815-115
HSJU,hr4815-115
HSII,hr4815-115
HSIF,hr4815-115
HSBA,hr4815-115
HSIF,hr5373-115
HSAG,hr5373-115
HSWM,hr3722-115
HSFA,hr249-115
HSAG,hr1434-115
HSVR,hr2827-115
HSVR,hr980-115
HSRU,hr7080-115
HSFA,hr7080-115
HSWM,hr3673-115
HSAG,hr4454-115
HSII,hr4454-115
HSJU,hr681-115
HSIF,hr4964-115
HSJU,hr5027-115
HSHA,hr838-115
HSJU,hr4115-115
HSED,hr4115-115
HSII,hr5127-115
HSPW,hr5127-115
HSII,hr2134-115
HSWM,hr4265-115
HSAG,hr4265-115
HSIF,hr2337-115
HSFA,hr3269-115
HSGO,hr3269-115
HSWM,hr2860-115
SSJU,hr4100-115
HSJU,hr4100-115
HSPW,hr6159-115
HSHM,hr1811-115
HSJU,hr2951-115
HSHM,hr2951-115
HSHA,hr2951-115
SSVA,hr2634-115
HSVR,hr2634-115
HSWM,hr592-115
HSIF,hr592-115
HSJU,hr1976-115
HSGO,hr7165-115
SSVA,hr3634-115
HSVR,hr3634-115
HSBA,hr402-115
HSJU,hr2796-115
HSHM,hr3354-115
HSAP,hr3354-115
HSBA,hr2875-115
HSHM,hr3804-115
HSPW,hr3804-115
HSWM,hr747-115
SSEG,hr5420-115
HSII,hr5420-115
HSSM,hr1693-115
HSPW,hr1664-115
HSWM,hr1664-115
SSJU,hr1973-115
HSED,hr1973-115
HSJU,hr1973-115
HSPW,hr4147-115
HSWM,hr5719-115
SSGA,hr5896-115
HSGO,hr5896-115
HSIF,hr165-115
HSWM,hr165-115
SSCM,hr2258-115
HSPW,hr2258-115
HSJU,hr1134-115
HSWM,hr1134-115
HSHA,hr1134-115
HSED,hr3740-115
HSBA,hr4483-115
HSIF,hr7392-115
HSWM,hr3146-115
HSED,hr6926-115
HSGO,hr7368-115
HSIF,hr2483-115
HSIF,hr2705-115
HSFA,hr5129-115
HSAS,hr2367-115
HSBA,hr5428-115
HSJU,hr5428-115
HSFA,hr5428-115
HSIF,hr3927-115
HSWM,hr3927-115
HSWM,hr1458-115
HSED,hr2015-115
SSJU,hr1616-115
HSJU,hr1616-115
HSHM,hr1616-115
HSJU,hr2980-115
HSED,hr1884-115
HSFA,hr2627-115
HSHM,hr2627-115
HSWM,hr448-115
HSBA,hr6743-115
HSIF,hr3770-115
HSIF,hr192-115
HSJU,hr192-115
SSHR,hr5811-115
HSIF,hr5811-115
SSBK,hr4279-115
HSBA,hr4279-115
HSAS,hr5522-115
SSVA,hr2787-115
HSVR,hr2787-115
SSEG,hr267-115
HSII,hr267-115
HSBA,hr4267-115
HSPW,hr7045-115
HSJU,hr5235-115
HLIG,hr5235-115
HSWM,hr6301-115
HSWM,hr5258-115
HSJU,hr358-115
SSFI,hr5590-115
HSWM,hr5590-115
HSIF,hr5590-115
HSIF,hr1139-115
SSFI,hr1476-115
HSWM,hr1476-115
HSBA,hr2256-115
HSIF,hr4876-115
SSGA,hr2229-115
HSJU,hr2229-115
HSGO,hr2229-115
HSFA,hr6034-115
HSHA,hr3954-115
HSWM,hr6542-115
HSVR,hr6769-115
HSWM,hr6505-115
HSIF,hr6505-115
HSBA,hr6861-115
HSJU,hr1854-115
HSIF,hr1854-115
HSPW,hr4787-115
HSIF,hr4787-115
SSGA,hr378-115
HSGO,hr378-115
HSJU,hr300-115
HSWM,hr3309-115
HSJU,hr3790-115
HSIF,hr1974-115
HSAG,hr4919-115
HSBA,hr1958-115
HSHM,hr1125-115
HSJU,hr1125-115
HSED,hr5955-115
HSJU,hr5955-115
HSII,hr2402-115
HSIF,hr3415-115
HSWM,hr3415-115
HSBU,hr3287-115
HSRU,hr3287-115
HSJU,hr6134-115
HSFA,hr6134-115
HSPW,hr619-115
SSBK,hr4061-115
HSBA,hr4061-115
HSWM,hr5362-115
HSJU,hr5090-115
HSBA,hr1345-115
HSJU,hr906-115
HSJU,hr377-115
HSIF,hr6954-115
HSWM,hr6442-115
HSWM,hr198-115
SSSB,hr3170-115
HSSM,hr3170-115
HSII,hr5559-115
HSBA,hr5559-115
HSWM,hr2599-115
HSIF,hr2599-115
HSIF,hr3443-115
SSFI,hr6757-115
HSED,hr6757-115
HSWM,hr6757-115
HSIF,hr1389-115
HSIF,hr7168-115
HSWM,hr6574-115
HSIF,hr6574-115
HSIF,hr3995-115
HSIF,hr5472-115
HSSM,hr1773-115
HSAS,hr2564-115
HSJU,hr1236-115
HSJU,hr4608-115
HSII,hr1818-115
HSJU,hr361-115
HSIF,hr3412-115
HSIF,hr208-115
HSFA,hr5508-115
HSAG,hr6162-115
HSVR,hr3197-115
HSWM,hr1137-115
HSFA,hr1137-115
HSJU,hr6747-115
HSIF,hr2376-115
HSBA,hr491-115
HSPW,hr353-115
HSSY,hr353-115
SSJU,hr38-115
HSJU,hr38-115
HSIF,hr3263-115
HSWM,hr3263-115
HSFA,hr4425-115
HSED,hr4425-115
HSWM,hr4425-115
HSAG,hr4425-115
HSBA,hr2128-115
SLIA,hr146-115
HSII,hr146-115
HSBA,hr6402-115
SSBK,hr3911-115
HSBA,hr3911-115
HSFA,hr2484-115
HSAS,hr2484-115
HSAS,hr5467-115
HSAG,hr5629-115
HSIF,hr5385-115
HSSY,hr4640-115
HSPW,hr4640-115
HSIF,hr4229-115
HSWM,hr4229-115
HSIF,hr5408-115
HSED,hr56-115
HSWM,hr3236-115
HSIF,hr3236-115
HSVR,hr1495-115
HSPW,hr5156-115
HSIF,hr5166-115
HSBA,hr5166-115
HSPW,hr465-115
HSIF,hr458-115
HSPW,hr458-115
HSED,hr6098-115
HSHA,hr6098-115
HSGO,hr6098-115
HSWM,hr2383-115
HSSM,hr6241-115
SSBK,hr10-115
HSBA,hr10-115
HSED,hr10-115
HSBU,hr10-115
HSRU,hr10-115
HSPW,hr10-115
HSGO,hr10-115
HSJU,hr10-115
HSWM,hr10-115
HSAG,hr10-115
HSBA,hr4648-115
HSIF,hr1355-115
HSSY,hr3881-115
HSED,hr3463-115
HSAS,hr295-115
HSIF,hr1883-115
HSWM,hr1883-115
SSGA,hr2213-115
HSHM,hr2213-115
HSIF,hr3559-115
HSGO,hr2331-115
HSPW,hr4995-115
HSGO,hr981-115
HSAS,hr3548-115
HSGO,hr3548-115
HSWM,hr3548-115
HSPW,hr3548-115
HSAG,hr3548-115
HSII,hr3548-115
HSFA,hr3548-115
HSHM,hr3548-115
HSII,hr1489-115
HSAS,hr1433-115
HSED,hr3404-115
HSIF,hr1865-115
HSJU,hr1865-115
HSBA,hr6163-115
HSPW,hr129-115
HSWM,hr6973-115
HSIF,hr4605-115
HSGO,hr1643-115
HSWM,hr5985-115
SSCM,hr3994-115
HSIF,hr3994-115
HSAG,hr4751-115
HSED,hr2260-115
HSFA,hr351-115
HSIF,hr2932-115
HSFA,hr2932-115
HSBA,hr2932-115
HSIF,hr1436-115
HSWM,hr1436-115
HSJU,hr4466-115
HSPW,hr4466-115
HSII,hr179-115
HSWM,hr179-115
HSAG,hr5462-115
HSAG,hr6804-115
HSPW,hr6804-115
HSIF,hr6804-115
HSSM,hr4677-115
HSGO,hr3217-115
HSWM,hr3217-115
HSBA,hr4452-115
HSBA,hr4289-115
HSWM,hr4215-115
HSAS,hr4633-115
SSFR,hr3542-115
HSFA,hr3542-115
HSJU,hr3542-115
SSJU,hr1862-115
HSJU,hr1862-115
HSWM,hr5396-115
HSJU,hr3429-115
HSAS,hr3429-115
HSVR,hr3429-115
HSAG,hr1106-115
HSII,hr1106-115
HSIF,hr6689-115
HSED,hr6689-115
HSWM,hr6689-115
HSJU,hr565-115
HSFA,hr565-115
HSWM,hr1115-115
HSII,hr4692-115
HSED,hr2084-115
HSAS,hr7237-115
HSSM,hr2594-115
HSVR,hr4132-115
SSGA,hr3109-115
HSGO,hr3109-115
HSJU,hr6643-115
HSWM,hr1912-115
HSED,hr1912-115
HSAS,hr7258-115
HSVR,hr7258-115
HSGO,hr2440-115
SSBK,hr4015-115
HSBA,hr4015-115
HSGO,hr5008-115
HSBA,hr3389-115
HSBA,hr6319-115
HSSY,hr49-115
HSII,hr49-115
HSIF,hr49-115
SSBK,hr3834-115
HSBA,hr3834-115
HSED,hr3785-115
HSSY,hr3393-115
HSGO,hr3393-115
HSED,hr3393-115
HSWM,hr3393-115
HSIF,hr4136-115
HSWM,hr4136-115
HSAS,hr1359-115
HSVR,hr1359-115
HSGO,hr4201-115
HSAG,hr4201-115
HSWM,hr5858-115
HSVR,hr3666-115
HSED,hr1050-115
HSGO,hr5435-115
HSED,hr2961-115
SSCM,hr4559-115
HSHM,hr4559-115
HSII,hr473-115
HSIF,hr5062-115
HSJU,hr852-115
HSBA,hr4651-115
HSVR,hr3940-115
HSWM,hr4772-115
HSIF,hr4772-115
HSJU,hr1110-115
HSFA,hr6451-115
SSSB,hr6368-115
HSSY,hr6368-115
HSGO,hr6368-115
HSSM,hr6368-115
HSIF,hr4998-115
HSBA,hr1595-115
HSBA,hr3772-115
HSJU,hr1227-115
HSIF,hr1227-115
HSED,hr6988-115
HSGO,hr3532-115
HSGO,hr5290-115
HSWM,hr116-115
SSGA,hr4406-115
HSGO,hr4406-115
HSPW,hr4319-115
HSSM,hr4319-115
HSIF,hr3975-115
HSII,hr6360-115
HSVR,hr2288-115
HSIF,hr1610-115
HSWM,hr1610-115
HSPW,hr3769-115
HSWM,hr3769-115
HSHM,hr4474-115
HSII,hr5690-115
HSJU,hr4231-115
HSAS,hr403-115
HSPW,hr403-115
HSAG,hr3939-115
SSEG,hr2872-115
HSPW,hr2872-115
HSII,hr2872-115
HSIF,hr2872-115
HSJU,hr5186-115
HSED,hr5186-115
HSIF,hr1361-115
HSWM,hr1361-115
HSIF,hr708-115
HSAG,hr5217-115
HSWM,hr6933-115
HSAG,hr5213-115
HSIF,hr5213-115
SSEG,hr23-115
HSII,hr23-115
HSAG,hr23-115
SSGA,hr5869-115
HSHM,hr5869-115
HSJU,hr544-115
HSIF,hr1223-115
SSCM,hr4467-115
HSHM,hr4467-115
HSED,hr2554-115
HSVR,hr6581-115
HSGO,hr4762-115
HSBA,hr2133-115
SSFI,hr5797-115
HSIF,hr5797-115
SSGA,hr2302-115
HSGO,hr2302-115
HSSM,hr6499-115
HSBA,hr6638-115
HSAS,hr1239-115
HSED,hr1239-115
HSJU,hr3590-115
HSIF,hr3590-115
HSII,hr3590-115
HSJU,hr6536-115
HSGO,hr6536-115
HSWM,hr6536-115
SSCM,hr4323-115
HSSY,hr4323-115
HSIF,hr1322-115
HSPW,hr3901-115
HSIF,hr6524-115
SSHR,hr5272-115
HSIF,hr5272-115
HSED,hr2782-115
SSVA,hr5418-115
HSVR,hr5418-115
HSED,hr6485-115
SSVA,hr4245-115
HSVR,hr4245-115
HSIF,hr2520-115
HSAG,hr4940-115
HSHM,hr4940-115
HSWM,hr4940-115
HSJU,hr5505-115
HSWM,hr5686-115
HSIF,hr5686-115
HSVR,hr1279-115
HSAS,hr1279-115
HSWM,hr5768-115
HSIF,hr5768-115
HSJU,hr3470-115
HLIG,hr3470-115
HSIF,hr6597-115
SSHR,hr5002-115
HSIF,hr5002-115
HSIF,hr4441-115
HSWM,hr1150-115
HSSY,hr5610-115
HSGO,hr3031-115
HSJU,hr4343-115
HSJU,hr2527-115
HSIF,hr1381-115
HSWM,hr3234-115
SSEG,hr4465-115
HSII,hr4465-115
HSHA,hr1855-115
HSGO,hr2195-115
HSHM,hr2524-115
HSWM,hr6283-115
HSII,hr5556-115
HSII,hr994-115
HSIF,hr994-115
HSRU,hr3052-115
HSED,hr3052-115
HSGO,hr3879-115
HSBA,hr4529-115
HSBA,hr5352-115
HSAG,hr1622-115
HSII,hr1622-115
HSGO,hr5765-115
HSWM,hr1158-115
HSJU,hr4721-115
HSED,hr2045-115
HSFA,hr2712-115
HSBA,hr2712-115
HSBA,hr6068-115
HSED,hr1809-115
HSJU,hr4511-115
HSWM,hr6746-115
HSBA,hr6746-115
HSVR,hr902-115
HSBA,hr389-115
HSIF,hr3206-115
SSSB,hr6347-115
HSSM,hr6347-115
SSJU,hr1808-115
HSED,hr1808-115
HSGO,hr3600-115
HSJU,hr6325-115
HSPW,hr4449-115
SSBK,hr4293-115
HSBA,hr4293-115
HSWM,hr6563-115
HSIF,hr6563-115
HSJU,hr3945-115
HSHA,hr5989-115
HSJU,hr35-115
HSWM,hr35-115
HSIF,hr35-115
HSWM,hr5684-115
HSIF,hr5684-115
HSII,hr520-115
HSIF,hr5912-115
HSVR,hr6993-115
HSII,hr4126-115
HSVR,hr2251-115
HSII,hr6344-115
HSWM,hr1201-115
SSFI,hr5676-115
HSWM,hr5676-115
HSIF,hr5676-115
HSJU,hr1475-115
HSWM,hr960-115
HSJU,hr174-115
HSJU,hr5950-115
HSWM,hr5422-115
HSJU,hr4734-115
HSAG,hr1673-115
HSIF,hr1673-115
HSPW,hr1673-115
HSWM,hr1673-115
HSVR,hr1390-115
HSIF,hr3404-115
HSSY,hr4151-115
HSPW,hr4151-115
HSPW,hr2349-115
HSGO,hr696-115
HSIF,hr1136-115
HSED,hr5928-115
HSII,hr5928-115
HSIF,hr5928-115
HSWM,hr5928-115
HSVR,hr4106-115
HSAS,hr1509-115
HSVR,hr1509-115
HSIF,hr4710-115
HSBA,hr5534-115
HSED,hr2526-115
HSIF,hr2892-115
HSAS,hr2487-115
HSRU,hr1291-115
HSGO,hr1291-115
HSVR,hr971-115
HSWM,hr6444-115
SSEG,hr801-115
HSII,hr801-115
HSIF,hr4724-115
HSWM,hr4724-115
HSED,hr6798-115
HSED,hr3957-115
HSIF,hr5633-115
HSIF,hr1319-115
HSWM,hr399-115
HSIF,hr1071-115
HSIF,hr551-115
HSWM,hr1805-115
HSPW,hr3882-115
HSIF,hr5378-115
HSII,hr5378-115
HSAS,hr2744-115
HSVR,hr2744-115
HSED,hr2744-115
HSJU,hr163-115
HSII,hr1992-115
HSII,hr763-115
HSFA,hr3367-115
HSIF,hr3367-115
SSCM,hr2105-115
HSSY,hr2105-115
HSPW,hr2804-115
HSII,hr5956-115
HSWM,hr6269-115
HSIF,hr6269-115
HSED,hr2378-115
HSWM,hr2378-115
HSIF,hr2474-115
HSGO,hr1789-115
HSHA,hr1789-115
HSVR,hr3177-115
HSBA,hr2570-115
HSJU,hr2273-115
HSIF,hr2273-115
HSBA,hr2273-115
SSBK,hr6751-115
HSBA,hr6751-115
HSBA,hr4154-115
HSWM,hr631-115
HSWM,hr1127-115
HSBA,hr1127-115
HSED,hr1127-115
HSSY,hr861-115
HSIF,hr861-115
HSPW,hr861-115
HSAG,hr861-115
HSJU,hr6755-115
HSPW,hr6755-115
HSJU,hr6105-115
HSBA,hr3937-115
HSSY,hr3671-115
HSIF,hr3671-115
HSPW,hr3671-115
HSFA,hr3671-115
HSBA,hr3671-115
HSED,hr3671-115
HSWM,hr3671-115
HSWM,hr480-115
HSWM,hr405-115
HSAP,hr2298-115
HSGO,hr2298-115
HSVR,hr3933-115
SSGA,hr2196-115
HSGO,hr2196-115
HSED,hr413-115
HSIF,hr4011-115
HSII,hr6008-115
HSII,hr1738-115
SSGA,hr3229-115
HSJU,hr3229-115
HSAS,hr4457-115
HSIF,hr4457-115
HSVR,hr4457-115
HSGO,hr4457-115
HSWM,hr4457-115
SSEG,hr995-115
HSAG,hr995-115
HSII,hr995-115
HSIF,hr7365-115
HSAG,hr1530-115
HSBA,hr1530-115
HSII,hr6522-115
HSJU,hr6779-115
HSIF,hr6779-115
HSPW,hr5949-115
HSAG,hr5259-115
HSVR,hr6566-115
HSGO,hr4250-115
HSIF,hr4273-115
HSWM,hr5138-115
HSED,hr1921-115
SSHR,hr2353-115
HSED,hr2353-115
HSHA,hr5305-115
HSGO,hr5305-115
HSAG,hr4213-115
HSVR,hr1371-115
HSWM,hr2338-115
HSJU,hr3844-115
HSAG,hr4308-115
HSIF,hr4308-115
HSWM,hr3161-115
HSBU,hr1113-115
SSGA,hr4182-115
HSGO,hr4182-115
HSJU,hr6909-115
HSJU,hr143-115
HSIF,hr1407-115
HSFA,hr1407-115
HSBA,hr1407-115
HSAS,hr1407-115
HSBU,hr6226-115
HSSY,hr6226-115
HSJU,hr1503-115
HSHM,hr1503-115
HLIG,hr1503-115
HSFA,hr1503-115
HSIF,hr1034-115
HSWM,hr6736-115
HSAP,hr4871-115
HSWM,hr3253-115
HSIF,hr3253-115
HSGO,hr3253-115
HSHA,hr3253-115
HSIF,hr2360-115
HSGO,hr4694-115
HSJU,hr5252-115
HSED,hr1169-115
HSAG,hr3006-115
HSAP,hr3006-115
HSED,hr3006-115
HSJU,hr4345-115
HSJU,hr6696-115
HSWM,hr4695-115
HSIF,hr4695-115
HSAS,hr1609-115
HSWM,hr3163-115
HSIF,hr3163-115
SSBK,hr3972-115
HSBA,hr3972-115
HSSY,hr3010-115
HSVR,hr1032-115
SSBK,hr2226-115
HSBA,hr2226-115
HSFA,hr5893-115
HSIF,hr5893-115
HSWM,hr2745-115
HSIF,hr2745-115
HSGO,hr2745-115
HSIF,hr7343-115
HSII,hr6596-115
SSEG,hr518-115
HSIF,hr518-115
SSFR,hr1567-115
HSFA,hr1567-115
SSEG,hr1913-115
HSII,hr1913-115
HSED,hr3026-115
HSAS,hr5038-115
HSGO,hr5038-115
HSIF,hr1652-115
HSGO,hr2178-115
HSJU,hr3711-115
HSED,hr3711-115
HSWM,hr3711-115
HSWM,hr1524-115
HSVR,hr2785-115
HSGO,hr1770-115
HSED,hr5665-115
HSBU,hr916-115
HSRU,hr916-115
HSJU,hr3131-115
HSII,hr3131-115
HSJU,hr5311-115
HSIF,hr5311-115
HSED,hr5311-115
SSGA,hr1252-115
HSHM,hr1252-115
HSJU,hr976-115
HSRU,hr3762-115
HSBA,hr3762-115
HSWM,hr1881-115
HSWM,hr2647-115
HSWM,hr4531-115
HSJU,hr837-115
HSHM,hr837-115
HSFA,hr837-115
HSAP,hr3362-115
HSWM,hr5108-115
HSJU,hr1565-115
HSIF,hr1565-115
HSJU,hr3569-115
HSIF,hr727-115
HSWM,hr5514-115
HSED,hr813-115
HSWM,hr2224-115
HSWM,hr2618-115
HSBA,hr5618-115
SSCM,hr599-115
HSIF,hr599-115
HSJU,hr6264-115
HSWM,hr3173-115
HSIF,hr3173-115
SSJU,hr985-115
HSJU,hr985-115
HSIF,hr4394-115
HSPW,hr2691-115
HSII,hr4329-115
SSEV,hr806-115
HSIF,hr806-115
HSIF,hr1587-115
HSWM,hr5782-115
HSJU,hr5782-115
HSED,hr5782-115
HSIF,hr5782-115
SSGA,hr677-115
HSHM,hr677-115
HSVR,hr107-115
HSGO,hr4139-115
HSAS,hr4139-115
HSED,hr4139-115
HSWM,hr4139-115
HSJU,hr1278-115
HSBA,hr6866-115
HSBA,hr6456-115
HSRU,hr1388-115
HSHA,hr1388-115
HSWM,hr4820-115
HSIF,hr4820-115
HSAG,hr5084-115
HSII,hr5084-115
HSPW,hr2810-115
HSHM,hr2810-115
HSAS,hr2810-115
SSGA,hr2131-115
HSHM,hr2131-115
HSVR,hr2419-115
HSHA,hr2499-115
HSJU,hr5021-115
HSIF,hr5021-115
HSED,hr3550-115
HSHA,hr3631-115
HSGO,hr3631-115
HSED,hr3631-115
SSAF,hr2921-115
HSII,hr2921-115
HSAG,hr2921-115
HSJU,hr3808-115
SSSB,hr5-115
SSGA,hr5-115
HSJU,hr5-115
HSSM,hr5-115
HSGO,hr5-115
HSWM,hr4165-115
HSJU,hr1520-115
HSII,hr6364-115
HSWM,hr5302-115
HSJU,hr6788-115
HSIF,hr2649-115
HSBA,hr5659-115
HSII,hr1577-115
HSJU,hr1118-115
HSIF,hr1118-115
HSSM,hr1774-115
HSII,hr621-115
HSWM,hr3307-115
HSII,hr1308-115
HSIF,hr2144-115
HSII,hr1015-115
HSWM,hr1015-115
HSWM,hr6532-115
HSGO,hr6532-115
HSIF,hr5016-115
HSPW,hr5016-115
HSWM,hr3396-115
HSJU,hr1555-115
HSIF,hr1555-115
HSBA,hr1555-115
HSWM,hr1555-115
HSAG,hr928-115
HSII,hr928-115
HSIF,hr928-115
HSPW,hr928-115
HSWM,hr1696-115
HSAG,hr1965-115
HSII,hr1965-115
HSPW,hr6640-115
HSRU,hr6640-115
HSGO,hr6640-115
HSHA,hr6640-115
HSBA,hr6102-115
HSBA,hr6792-115
HSWM,hr2550-115
HSIF,hr2550-115
HSPW,hr911-115
HSSY,hr4120-115
HSHM,hr4120-115
HSIF,hr4120-115
HSVR,hr4670-115
HSWM,hr947-115
HSBA,hr1459-115
HSIF,hr2009-115
SSFI,hr2824-115
HSWM,hr2824-115
HSIF,hr2824-115
HSWM,hr729-115
HSIF,hr2416-115
HSJU,hr6800-115
HSAG,hr6800-115
HSIF,hr2574-115
HSVR,hr5520-115
HSIF,hr919-115
HSVR,hr1802-115
HSFA,hr3791-115
HSAG,hr3556-115
HSWM,hr3556-115
HSBA,hr3556-115
HSSM,hr1641-115
HSWM,hr6242-115
HSWM,hr5254-115
HSIF,hr5254-115
HSED,hr1688-115
HSWM,hr1688-115
HSAG,hr1891-115
HSWM,hr5012-115
HSWM,hr3346-115
HSED,hr3346-115
HSWM,hr2533-115
HSIF,hr3482-115
HSWM,hr3482-115
HSJU,hr331-115
HSIF,hr331-115
HSIF,hr1632-115
HSHM,hr4737-115
HSJU,hr3440-115
HSED,hr3440-115
SSFR,hr1911-115
HSFA,hr1911-115
HSWM,hr7242-115
SSSB,hr6348-115
HSSM,hr6348-115
HSWM,hr3172-115
HSIF,hr3172-115
HSWM,hr1575-115
HSIF,hr4932-115
HSFA,hr4932-115
HSWM,hr2543-115
HSHM,hr5011-115
HSFA,hr5011-115
HSJU,hr5011-115
HLIG,hr5011-115
HSHA,hr5011-115
HSPW,hr3017-115
HSIF,hr3017-115
HSAS,hr5121-115
HSJU,hr3986-115
HSHM,hr945-115
HSIF,hr726-115
HSIF,hr938-115
HSWM,hr1268-115
HSVR,hr2311-115
HSSY,hr2709-115
HSED,hr4972-115
HSII,hr2816-115
HSED,hr2859-115
HSAG,hr2332-115
HSJU,hr462-115
HSSY,hr1877-115
HSWM,hr172-115
HSJU,hr5268-115
HSED,hr5268-115
HSED,hr1193-115
HSJU,hr1757-115
HSWM,hr1757-115
HSIF,hr1757-115
HSED,hr1757-115
HSPW,hr2714-115
SSEG,hr6108-115
HSII,hr6108-115
HSFA,hr6033-115
HSIF,hr6642-115
SSVA,hr2781-115
HSVR,hr2781-115
HSBA,hr851-115
HSAG,hr1727-115
HSII,hr1727-115
HSWM,hr1113-115
HSFA,hr724-115
HSSY,hr1571-115
HSII,hr4069-115
HSJU,hr532-115
HSWM,hr533-115
HSPW,hr4622-115
HSJU,hr142-115
HSED,hr4001-115
SSEG,hr2370-115
HSII,hr2370-115
HSWM,hr5963-115
HSIF,hr5963-115
HSSY,hr1893-115
HSII,hr1893-115
HSGO,hr1552-115
HSAG,hr4976-115
HSII,hr4976-115
HSHA,hr2101-115
HSIF,hr6560-115
HSSY,hr1443-115
HSPW,hr1443-115
HSIF,hr1443-115
HSGO,hr1443-115
HSBA,hr1443-115
HSBU,hr1443-115
HSIF,hr181-115
HSWM,hr4361-115
HSBU,hr4361-115
HSIF,hr2566-115
HSII,hr5638-115
SSEG,hr88-115
HSII,hr88-115
HSJU,hr82-115
HSFA,hr82-115
HSWM,hr287-115
HSRU,hr1040-115
HSWM,hr1040-115
HSBA,hr6035-115
HSAS,hr1783-115
HSVR,hr1783-115
HSHA,hr126-115
HSIF,hr3536-115
HSHA,hr6449-115
SSGA,hr3121-115
HSGO,hr3121-115
HSVR,hr94-115
HSWM,hr409-115
HSIF,hr409-115
HSIF,hr4894-115
HSWM,hr4894-115
HSIF,hr4922-115
HSJU,hr4922-115
HSIF,hr2790-115
HSWM,hr1234-115
HSIF,hr1581-115
HSSY,hr1427-115
HSED,hr5924-115
HSJU,hr5924-115
HSAG,hr2863-115
HSII,hr2863-115
HSBU,hr2863-115
HSII,hr5148-115
HSBA,hr6152-115
HSED,hr2919-115
HSIF,hr4682-115
HSED,hr4480-115
HSWM,hr4617-115
HSWM,hr3910-115
HSIF,hr1617-115
HSWM,hr1617-115
HSIF,hr246-115
HSWM,hr246-115
HSWM,hr3678-115
HSHA,hr842-115
HSPW,hr1990-115
SSEG,hr3961-115
HSII,hr3961-115
HSBA,hr7000-115
HSWM,hr7000-115
HSJU,hr7084-115
HSWM,hr7084-115
HSIF,hr7084-115
HSWM,hr2394-115
HSIF,hr1539-115
HSIF,hr5511-115
HSAG,hr2236-115
HSIF,hr7102-115
HSIF,hr6393-115
HSBA,hr5237-115
SSEG,hr5979-115
HSII,hr5979-115
HSED,hr3734-115
HSAG,hr5170-115
HSII,hr5170-115
HSED,hr5170-115
HSJU,hr4485-115
HSII,hr4485-115
HSWM,hr1629-115
HSIF,hr1629-115
HSFA,hr1629-115
HSJU,hr1870-115
HSWM,hr836-115
SSGA,hr505-115
HSHM,hr505-115
HSBA,hr376-115
HSBA,hr492-115
HSWM,hr2952-115
HSIF,hr6814-115
HSVR,hr4362-115
HSIF,hr4992-115
HSIF,hr6547-115
HSWM,hr7122-115
HSIF,hr7122-115
HSGO,hr7349-115
HSWM,hr7349-115
HSED,hr2482-115
HSVR,hr3023-115
HSJU,hr80-115
HSIF,hr6351-115
HSFA,hr6351-115
SSBK,hr6332-115
HSBA,hr6332-115
HSWM,hr2946-115
HSAS,hr2587-115
HSWM,hr2587-115
HSIF,hr2587-115
HSGO,hr2587-115
HSBA,hr3114-115
HSIF,hr4798-115
HSPW,hr4798-115
HSIF,hr7260-115
HSII,hr2365-115
HSJU,hr3211-115
HSII,hr3211-115
HSWM,hr896-115
HSWM,hr2276-115
HSIF,hr2276-115
HSWM,hr3662-115
HSWM,hr1600-115
SSHR,sjres26-115
SSFI,sjres14-115
HSHA,sjres36-115
SSRA,sjres36-115
SSBK,sjres47-115
SSBK,sjres56-115
SSEV,sjres28-115
SSFR,sjres55-115
SSJU,sjres8-115
SSBK,sjres57-115
SSJU,sjres48-115
SSFR,sjres58-115
SSSB,sjres52-115
SSCM,sjres52-115
SSFI,sjres16-115
SSHR,sjres13-115
SSJU,sjres46-115
SSHR,sjres33-115
SSHR,sjres25-115
SSHR,sjres27-115
SSFR,sjres61-115
SSCM,s171-115
SSFI,s3728-115
SSEG,s1692-115
SSHR,s1899-115
SSEV,s263-115
SLIA,s381-115
SSFI,s445-115
HSHM,s595-115
SSGA,s595-115
SSBK,s1152-115
SSFI,s1818-115
SSVA,s1473-115
SSBK,s3004-115
SSFI,s963-115
SSHR,s475-115
SSCM,s3138-115
SSAP,s2975-115
SSFI,s3013-115
SSEG,s3172-115
SSFI,s1964-115
SSCM,s1623-115
SLIN,s3724-115
HSHM,s886-115
SSGA,s886-115
SSBK,s2605-115
SSJU,s224-115
SSCM,s742-115
SSAS,s1349-115
SSAP,s1527-115
SSCM,s1037-115
SSJU,s1262-115
SSJU,s618-115
SSAF,s2762-115
SSHR,s2434-115
SSJU,s2847-115
SSHR,s235-115
SSHR,s44-115
SSSB,s3552-115
SSBK,s2116-115
SSFI,s3629-115
SSCM,s2150-115
SSBK,s2226-115
SSAF,s2064-115
SLIA,s458-115
SSCM,s2764-115
SSEV,s512-115
SSFI,s1827-115
SSAF,s3140-115
SSAF,s1708-115
SSEG,s3550-115
SSAF,s1998-115
SSEG,s1340-115
SSJU,s2871-115
SSHR,s2994-115
SSFI,s1001-115
SSCM,s168-115
SSGA,s2093-115
SSFI,s1369-115
SSJU,s2293-115
SSJU,s1524-115
SSFI,s3145-115
HSII,s343-115
SLIA,s343-115
SSJU,s354-115
SSAP,s1662-115
SSFI,s671-115
SSEG,s280-115
SSFI,s1978-115
SSBK,s2399-115
SSVA,s3529-115
SSBK,s1659-115
SSGA,s3076-115
SSJU,s3386-115
SSFI,s3412-115
SSGA,s3438-115
SSEG,s3001-115
SSEV,s1430-115
SSVA,s2548-115
SSHR,s3161-115
SSCM,s2935-115
SSFI,s2892-115
SSEV,s1940-115
SSJU,s202-115
SSCM,s2951-115
SSEG,s883-115
SSFR,s377-115
HSHM,hr3003-115
HSJU,hr3003-115
SSFI,hr6690-115
HSIF,hr6690-115
HSWM,hr6690-115
SSFR,hr4819-115
HSFA,hr4819-115
HSJU,hr2366-115
HSBA,hr6721-115
HSPW,hr7279-115
HSHM,hr2805-115
HSIF,hr4143-115
HSWM,hr4143-115
HSIF,hr6340-115
HSHM,hr6920-115
SSFR,hr601-115
HSFA,hr601-115
HSED,hr2343-115
HSWM,hr2343-115
HSAS,hr3103-115
HSJU,hr3103-115
HSED,hr3552-115
HSWM,hr633-115
HSIF,hr633-115
HSJU,hr5630-115
HSED,hr5630-115
HSGO,hr6938-115
HSAG,hr594-115
HSBA,hr594-115
HSPW,hr891-115
HSWM,hr6109-115
HSBA,hr6320-115
HSED,hr1837-115
HSJU,hr4603-115
HSFA,hr4603-115
HSSY,hr2853-115
HSWM,hr2853-115
SSEG,hr289-115
HSAG,hr289-115
HSII,hr289-115
HSJU,hr2981-115
HSGO,hr2981-115
HSHA,hr2981-115
HSWM,hr6785-115
HSBA,hr6096-115
HSJU,hr6714-115
SSRA,hr3298-115
HSHA,hr3298-115
HSIF,hr5808-115
HSIF,hr694-115
HSJU,hr5694-115
HSPW,hr6518-115
HSGO,hr6282-115
HSWM,hr5507-115
HSII,hr3039-115
SSEG,hr338-115
HSIF,hr338-115
HSED,hr338-115
HSIF,hr5093-115
HSJU,hr6181-115
HSII,hr4518-115
HSHM,s248-115
SSHR,hr5009-115
HSIF,hr5009-115
HSJU,hr724-115
HSHM,hr724-115
HLIG,hr724-115
HSIF,hr3449-115
HSJU,hr522-115
HSSY,hr1380-115
HSAG,hr1380-115
HSIF,hr5497-115
HSIF,hr4679-115
HSWM,hr4679-115
HSPW,hr3282-115
HSII,hr1274-115
HSVR,hr809-115
HSHA,hr3343-115
SSGA,hr2846-115
HSGO,hr2846-115
SSFI,hr5775-115
HSIF,hr5775-115
HSWM,hr5775-115
HSII,hr5291-115
HSED,hr5291-115
HSFA,hr4502-115
HSAG,hr2-115
HSJU,hr5190-115
HSIF,hr3880-115
HSIF,hr3378-115
HSWM,hr3378-115
HSED,hr5944-115
SLIA,hr5317-115
HSII,hr5317-115
HSBA,hr2583-115
HSPW,hr233-115
SSCM,hr2910-115
HSIF,hr2910-115
HSPW,hr3198-115
HSSY,hr3198-115
HSGO,hr4929-115
HSWM,hr4929-115
HSVR,hr1998-115
HSAS,hr1182-115
HLIG,hr1182-115
HSFA,hr1182-115
HSJU,hr5594-115
HSIF,hr5594-115
SSVA,hr5882-115
HSVR,hr5882-115
HSHA,hr3034-115
HSBA,hr3034-115
HSVR,hr1618-115
HSJU,hr7219-115
HSWM,hr2849-115
HSRU,hr4302-115
HSBA,hr4302-115
HSIF,hr5502-115
HSBA,hr5502-115
HSJU,hr2717-115
HSJU,hr2033-115
HSWM,hr2392-115
HSIF,hr2392-115
HSII,hr676-115
HSWM,hr676-115
HSIF,hr676-115
HSED,hr6117-115
HSWM,hr6117-115
HSIF,hr6117-115
HSII,hr1099-115
HSPW,hr3852-115
HSAS,hr3852-115
HSBA,hr4278-115
HSJU,hr2141-115
HSII,hr1769-115
HSII,hr4883-115
HSAS,hr6734-115
HSAG,hr4058-115
SSFR,hr4681-115
HSFA,hr4681-115
HSBA,hr4681-115
HSWM,hr3757-115
HSED,hr716-115
HSWM,hr716-115
HSWM,hr4168-115
HSSY,hr5839-115
HSGO,hr1863-115
HSBA,hr4755-115
SSVA,hr1058-115
HSVR,hr1058-115
HSJU,hr1705-115
HSWM,hr3124-115
HSIF,hr3124-115
HSIF,hr7002-115
SSBK,hr6737-115
HSBA,hr6737-115
HSSM,hr6446-115
HSED,hr5658-115
HSPW,hr547-115
HSWM,hr547-115
HSBA,hr547-115
HSIF,hr547-115
HSED,hr7386-115
HSWM,hr7386-115
HSGO,hr4878-115
HSII,hr4558-115
HSGO,hr1364-115
HSPW,hr3674-115
HSBA,hr3674-115
HSSM,hr3674-115
HSWM,hr2505-115
HSGO,hr5337-115
HSWM,hr3796-115
HSIF,hr6294-115
SSGA,hr697-115
HSHM,hr697-115
HSII,hr5600-115
HSBA,hr3555-115
SSGA,hr4171-115
HSGO,hr4171-115
HSJU,hr7156-115
HSIF,hr2389-115
HSII,hr1455-115
HSJU,hr3356-115
HSWM,hr1171-115
HSIF,hr3128-115
SSFR,sjres31-115
SSBK,sjres19-115
SSEG,sjres18-115
SSEG,sjres15-115
SSEG,sjres10-115
SSEV,sjres21-115
SSHR,sjres63-115
SSGA,sjres12-115
HSHA,sjres35-115
SSRA,sjres35-115
SSCM,sjres34-115
SSEG,sjres29-115
SSGA,sjres4-115
SSFI,sjres17-115
SSFR,sjres42-115
SSEG,sjres11-115
SSSB,sjres9-115
SSBK,sjres9-115
SSEV,sjres38-115
SSJU,sjres5-115
SSFR,sjres54-115
SSJU,sjres3-115
SSJU,sjres20-115
SSGA,sjres59-115
SSFR,sjres59-115
SSFR,sjres40-115
SSFI,sjres32-115
SSJU,sjres6-115
SSFR,sjres43-115
SSFI,sjres64-115
SSEV,s2421-115
SSAS,s2998-115
SSEG,s2319-115
SSVA,s2881-115
SSVA,s1723-115
SSHR,s3435-115
HSGO,s1099-115
SSGA,s1099-115
SSEV,s593-115
SSEG,s999-115
SSGA,s709-115
SSJU,s2383-115
SSAF,s1678-115
SSJU,s229-115
SSFR,s1679-115
SSJU,s583-115
SSAF,s3780-115
SSHR,s1850-115
SSFI,s109-115
SSHR,s1754-115
SSFI,s2920-115
SSHR,s2791-115
SSJU,s2849-115
SSCM,s110-115
SSHR,s3105-115
SSAS,s2867-115
SSAP,s2328-115
SSBU,s1376-115
SSFR,s3641-115
SSEV,s2587-115
SSFI,s1309-115
SSGA,s2919-115
SSJU,s207-115
SSFI,s3712-115
SSFI,s2067-115
SSBK,s3703-115
SSJU,s2009-115
SSFI,s3787-115
SSRA,s1353-115
SSBK,s616-115
SSHR,s1136-115
SSFI,s3366-115
SSHR,s3584-115
SSAP,s2430-115
SSBK,s1139-115
SSGA,s3137-115
SSEG,s217-115
SSEG,s1644-115
HSIF,s581-115
SSHR,s581-115
HSII,s1285-115
SLIA,s1285-115
SSJU,s649-115
HSHM,s2083-115
SSCM,s2083-115
SSCM,s374-115
HSJU,s772-115
SLIA,s772-115
SSFR,s3233-115
SSAF,s2243-115
SSCM,s161-115
SSCM,s399-115
SSCM,s3051-115
SSHR,s3039-115
SSJU,s1327-115
SSHR,s2089-115
SSHR,s1270-115
SSGA,s162-115
SSEG,s2185-115
SLIA,s1275-115
SSJU,s2939-115
SSRA,s2939-115
SSGA,s3309-115
SSJU,s1324-115
SSHR,s877-115
SSVA,s833-115
SSBU,s1746-115
SSEG,s1403-115
SSVA,s369-115
SSJU,s2659-115
SSBK,s1507-115
SSCM,s338-115
SSGA,s1886-115
SSEG,s225-115
SSAS,s1813-115
SSHR,s2618-115
SLIA,s1400-115
SSEG,s22-115
SSEG,s346-115
SSEG,s2424-115
SSJU,s1741-115
SSFR,s1228-115
SSFI,s3470-115
SSEV,s1488-115
SSAS,s2416-115
SSFI,s3147-115
SSHR,s2483-115
HSHM,s908-115
SSGA,s908-115
SSJU,s1939-115
SSJU,s542-115
SSAF,s2099-115
SSCM,s1475-115
SSHR,s1712-115
SSEG,s226-115
SSBK,s1819-115
SSEG,s3297-115
SSFI,s1005-115
SSHR,s1690-115
SSBK,s3670-115
SSEV,s1514-115
SSBK,s3628-115
SSEV,s2990-115
SSCM,s1809-115
SSFI,s2988-115
SSBK,s3612-115
SSGA,s2221-115
SSHR,s1681-115
SSCM,s2242-115
SSCM,s2859-115
HSED,s254-115
SLIA,s254-115
SSFI,s260-115
SSJU,s3793-115
HSHM,s902-115
SSGA,s902-115
SSAS,s1411-115
HSHM,s504-115
SSGA,s504-115
SSFI,s3560-115
SSAP,s3109-115
SSVA,s410-115
SSEV,s1700-115
SSVA,s1936-115
SSEG,s3088-115
SSGA,s2295-115
SSEG,s3376-115
SSJU,s1280-115
SSFI,s843-115
SSEG,s2257-115
SSHR,s1795-115
SSGA,s34-115
SSVA,s2821-115
SSEV,s2176-115
SSAF,s2874-115
SSFI,s230-115
SSVA,s1789-115
SSJU,s1735-115
SSBK,s488-115
SSHR,s2533-115
SSBK,s2886-115
SSJU,s565-115
SSEG,s1404-115
SSEG,s2809-115
SSAF,s1736-115
SSFR,s2583-115
SSJU,s2823-115
SSFI,s2688-115
SSGA,s173-115
SSHR,s149-115
SSBK,s610-115
SSVA,s3089-115
SSHR,s989-115
SSEG,s2968-115
SSGA,s3377-115
SSCM,s1323-115
SSFI,s337-115
SSVA,s1952-115
SSHR,s2423-115
SSHR,s1122-115
SSGA,s1208-115
SSFI,s2052-115
SSFI,s251-115
SSEG,s2831-115
SSEG,s101-115
HSHM,s461-115
SSGA,s461-115
SSJU,s2393-115
SSRA,s3735-115
SSHR,s477-115
SSVA,s3175-115
SSSB,s3278-115
SSFI,s3278-115
SSEG,s3287-115
SSJU,s845-115
SSHR,s297-115
SSHR,s636-115
SSGA,s146-115
HSHM,s146-115
SSBK,s552-115
SSCM,s1748-115
SSEV,s3226-115
SSCM,s3010-115
SSEG,s3499-115
SSGA,s1769-115
SSEV,s1988-115
SSJU,s1276-115
SSFI,s1533-115
SSGA,s2079-115
SSFI,s208-115
SSHR,s2542-115
SSBK,s2188-115
SSVA,s1330-115
SSVA,s2565-115
SSFI,s1778-115
SSEG,s1876-115
SSEV,s3606-115
HSPW,s1617-115
SSGA,s1617-115
SSFI,s1464-115
SSFI,s3253-115
SSHR,s2782-115
SSEG,s3402-115
SSHR,s1247-115
SSEV,s3382-115
SSFI,s3219-115
SSVA,s1550-115
SSEG,s1981-115
SSEG,s991-115
SSFR,s210-115
SSFI,s1357-115
SSHR,s2301-115
SSEG,s841-115
SSFR,s3229-115
SSEG,s948-115
SSEG,s800-115
HSJU,s2559-115
SSJU,s2559-115
SSGA,s2767-115
SSFI,s148-115
SSBK,s484-115
SSFI,s2908-115
SSJU,s4-115
SSEV,s846-115
SSJU,s2662-115
SSEV,s3671-115
SSFI,s3190-115
SSHR,s1113-115
SSGA,s3405-115
SSSB,s1038-115
SSBK,s1753-115
SSHR,s3388-115
SSJU,s3002-115
SSJU,s361-115
SSEV,s518-115
SSCM,s3026-115
SSJU,s2470-115
SSHR,s495-115
SSEG,s3193-115
SSVA,s3241-115
SSFI,s3621-115
SSJU,s2591-115
SSFR,s2047-115
SSBK,s976-115
SSFI,s976-115
SSAF,s2969-115
SSEV,s1137-115
HSII,s607-115
SLIA,s607-115
SSCM,s3037-115
SSCM,s570-115
SSGA,s2620-115
SSAS,s1461-115
SSFI,s1688-115
SSHR,s778-115
HSVR,s1153-115
SSVA,s1153-115
HSBA,s1333-115
SLIA,s1333-115
SSJU,s124-115
SSFI,s3057-115
SSFI,s2007-115
SSFI,s2254-115
SSSB,s444-115
SSBK,s444-115
SSJU,s860-115
SSSB,s526-115
SSFI,s2568-115
SSFI,s3383-115
SSGA,s1204-115
SSHR,s3519-115
SSEV,s2364-115
SSAS,s1366-115
SSHR,s1251-115
SSHR,s781-115
SSFI,s1868-115
SSAF,s1776-115
SSCM,s2959-115
SSFI,s201-115
SSBK,s170-115
SSFI,s1699-115
SSAS,s339-115
HSIF,s1052-115
SSHR,s1052-115
SSFI,s2173-115
SSEG,s1160-115
SSGA,s686-115
SSHR,s888-115
SSEG,s1860-115
SSRA,s27-115
SSHR,s934-115
SSGA,s3679-115
SSHR,s2136-115
SSEG,s287-115
SSJU,s2961-115
SSAF,s1676-115
SSEG,s2160-115
SSEV,s1745-115
SSEV,s376-115
SSFI,s851-115
SSJU,s1297-115
SSHR,s2579-115
HSPW,s496-115
SSBK,s496-115
SSFI,s2746-115
SSAF,s2654-115
SSJU,s1328-115
SSEG,s2563-115
SSFR,s169-115
SSEG,s1012-115
SSJU,s1593-115
SSEG,s55-115
SSFI,s2209-115
SSJU,s127-115
SSBK,s3577-115
SSRA,s1437-115
SSAF,s2993-115
SSFI,s58-115
SSFI,s1174-115
SSFI,s602-115
SSEV,s3385-115
SSEG,s1240-115
SSCM,s2217-115
SSEG,s1180-115
SSAF,s2713-115
SSFI,s1738-115
SSEG,s879-115
SSFI,s2478-115
SSAS,s1154-115
SSAF,s909-115
SSHR,s1022-115
SSBK,s1264-115
SSEG,s192-115
SSEG,s612-115
SSBK,s1286-115
SSHR,s619-115
SSFI,s2950-115
SSEG,s2907-115
SSEG,s2803-115
SSFI,s885-115
SSFR,s3257-115
SSFR,s1901-115
SSGA,s1734-115
SSFI,s1469-115
SSFI,s479-115
SSBK,s2454-115
SSFI,s407-115
SSFI,s2582-115
SSBK,s2702-115
SSFI,s1227-115
SSFI,s393-115
SSFR,s3020-115
SSCM,s102-115
SSFI,s106-115
SSVA,s2336-115
SSSB,s791-115
SSEG,s2015-115
SSFI,s2227-115
SSEV,s3121-115
SSSB,s2283-115
SSVA,s1449-115
SSFR,s1158-115
SSFR,s107-115
SSFI,s2729-115
SSFR,s2269-115
SSCM,s3255-115
SLIA,s1294-115
SSAF,s1232-115
SSAF,s1947-115
SSGA,s278-115
HSHM,s278-115
SSJU,s533-115
SSBK,s3640-115
SSAP,s1655-115
SSGA,s1184-115
SSEV,s1996-115
SSBK,s3726-115
SSFI,s1068-115
SSVA,s1014-115
SSFR,s68-115
SSVA,s2038-115
SSVA,s2622-115
SSFR,s1928-115
SSFI,s771-115
SSHR,s3769-115
SSJU,s953-115
SSEG,s2166-115
SSAS,s3426-115
SSJU,s2344-115
SSFI,s389-115
SSAF,s2085-115
SSFI,s912-115
SSJU,s406-115
SSCM,s2965-115
SSFI,s2027-115
SSAF,s2573-115
SSGA,s288-115
SSFI,s379-115
SSGA,s265-115
SSEG,s2142-115
SSFI,s787-115
SSGA,s459-115
SSBK,s1758-115
SSFI,s172-115
HSED,s943-115
SLIA,s943-115
HSPW,s1393-115
SSCM,s1393-115
SSBK,s227-115
SSGA,s3484-115
SSCM,s793-115
SSCM,s2229-115
SSGA,s255-115
SSCM,s2977-115
SSAS,s1470-115
SSJU,s3714-115
SSEG,s1036-115
SSFI,s2459-115
SSHR,s689-115
SSEV,s80-115
SSBK,s744-115
SSSB,s1756-115
SSEV,s1756-115
HSJU,s782-115
SSJU,s782-115
SSFI,s1742-115
SSFR,s2638-115
SSJU,s2095-115
SSVA,s2248-115
SSCM,s2348-115
SSHR,s601-115
SSFI,s980-115
SSFR,s1023-115
SSHR,s801-115
SSBK,s3723-115
SSEG,s363-115
SSEG,s1844-115
SSEG,s2604-115
SSFI,s3493-115
SSAF,s571-115
SSVA,s1319-115
SSBK,s1562-115
SSJU,s1008-115
SSAF,s2772-115
SSBK,s2862-115
SSHR,s1078-115
SSHR,s1806-115
SSAP,s1771-115
SSVA,s3130-115
SSAS,s1388-115
SSJU,s2266-115
SSHR,s3392-115
SSBK,s166-115
SSFI,s1054-115
SSAS,s1800-115
SSAP,s2976-115
SSEG,s100-115
SSVA,s798-115
SSJU,s3195-115
SSJU,s367-115
SSEG,s312-115
SSEV,s1206-115
HSJU,s2152-115
SSJU,s2152-115
SSFI,s1016-115
SSHR,s241-115
SSHR,s3592-115
SSBK,s3733-115
SSGA,s2284-115
SSAP,s2323-115
SSFI,s3457-115
SSJU,s2972-115
SSFI,s1958-115
SSBK,s3614-115
SSAF,s2263-115
SSRA,s2593-115
SSBK,s1664-115
SSCM,s471-115
SSVA,s2541-115
SSHR,s3701-115
SSVA,s2748-115
SSFI,s3494-115
SSFI,s236-115
SSFI,s2368-115
SSFI,s2637-115
SSCM,s1273-115
SSRA,s1772-115
SSFI,s2498-115
SSFI,s1290-115
SSEV,s519-115
SSHR,s2270-115
SSHR,s2358-115
SSCM,s2973-115
SSFI,s2905-115
SSEG,s1991-115
SSJU,s3461-115
SSCM,s3773-115
SSJU,s1185-115
SSVA,s2433-115
SSCM,s2738-115
SSHR,s1321-115
SSHR,s3626-115
SSEV,s3564-115
SSFI,s3329-115
SSVA,s1881-115
SSBK,s2916-115
SSFI,s3763-115
SSHR,s2852-115
SSVA,s646-115
SSFI,s356-115
SSEV,s839-115
SSGA,s3538-115
SSHR,s3141-115
SSGA,s2401-115
SSFI,s2475-115
SSJU,s3091-115
SSJU,s3311-115
SSVA,s699-115
SSFI,s2474-115
SSFI,s1835-115
SSHR,s130-115
SSHR,s790-115
SSJU,s2789-115
SSAP,s3023-115
SSBK,s2230-115
SSVA,s115-115
SSEG,s1972-115
SSSB,s3562-115
SSFI,s1148-115
SSBK,s1224-115
SSVA,s2719-115
SSEV,s478-115
SSJU,s36-115
SSBK,s3401-115
SSHR,s648-115
HSBA,s1595-115
HSJU,s1595-115
HSFA,s1595-115
SSBK,s1595-115
SSHR,s702-115
SSCM,s1129-115
SSVA,s2294-115
HSSY,s829-115
SSGA,s829-115
SSJU,s2492-115
SSCM,s1233-115
HSFA,s371-115
SSFR,s371-115
SSHR,s1048-115
SSJU,s2763-115
SSEV,s164-115
SSHR,s2006-115
SSFI,s3674-115
SSJU,s3663-115
SSGA,s3706-115
SSJU,s1918-115
SSHR,s3686-115
SSCM,s1426-115
SSBK,s1786-115
SSGA,s1189-115
SSJU,s2759-115
SSJU,s2644-115
SSJU,s1610-115
SSEG,s2539-115
SSVA,s1356-115
SSFI,s1194-115
SSVA,s3235-115
SSFI,s2689-115
SSSB,s1558-115
SSBK,s3569-115
SSHR,s1838-115
SSHR,s301-115
SSHR,s2732-115
SSFI,s3496-115
HSBA,s2765-115
SSBK,s2765-115
SSBK,s611-115
SSAF,s2512-115
SSAF,s2824-115
SSGA,s1570-115
SSFI,s1880-115
SSBK,s923-115
SSJU,s3689-115
SSFI,s805-115
SSJU,s1937-115
SSCM,s547-115
SSGA,s2321-115
SSEV,s3012-115
SSFI,s353-115
SSRA,s3573-115
SSFR,s1221-115
SSFI,s3160-115
SSEG,s508-115
SSFI,s1301-115
SSEG,s1487-115
SSFI,s1890-115
SSFI,s2901-115
SSRA,s1608-115
SSFI,s809-115
SSJU,s1960-115
SSAF,s1773-115
SSFI,s1743-115
SSEG,s2292-115
SSFI,s1144-115
SSHR,s2589-115
SSFI,s234-115
SSCM,s2128-115
SSEG,s135-115
SSJU,s3112-115
SSFI,s1898-115
SSAF,s1479-115
SSFI,s1257-115
SSFI,s2103-115
SSCM,s1253-115
SSEG,s729-115
SSGA,s1887-115
SSHR,s2615-115
SSFI,s3648-115
SSHR,s1650-115
SSEV,s2585-115
SSFI,s761-115
SSAF,s2073-115
SSVA,s1362-115
SSJU,s2161-115
SSVA,s1596-115
SSFI,s1358-115
SSFI,s427-115
SSHR,s3095-115
SSFI,s1169-115
SSHR,s2241-115
SLIA,s1250-115
SSGA,s3017-115
SSJU,s3188-115
SSCM,s3668-115
SSEG,s145-115
SSFI,s3365-115
SSEG,s414-115
SSFI,s1788-115
SSJU,s2601-115
SSJU,s1539-115
SSFR,s1420-115
SSVA,s758-115
SSJU,s151-115
SSHR,s3353-115
SSFI,s3338-115
HSIF,s215-115
SSEG,s215-115
SSJU,s2607-115
SSFR,s1862-115
SSCM,s2651-115
SSEG,s3677-115
SSJU,s248-115
SSVA,s1836-115
SSBK,s1816-115
SSFI,s1790-115
SSRA,s1364-115
SSJU,s2774-115
SSFI,s1980-115
SSJU,s1803-115
SSEG,s713-115
SSCM,s1626-115
HSII,s669-115
SLIA,s669-115
SSAF,s2215-115
SSJU,s1720-115
SSJU,s1852-115
SSFI,s3260-115
SSBK,s3231-115
SSEV,s1207-115
SSHR,s806-115
SSHR,s1386-115
HSJU,s717-115
SSJU,s717-115
SSBK,s327-115
SSAF,s2813-115
SSAP,s1557-115
SSJU,s2946-115
SSCM,s2740-115
SSBK,s1647-115
SSHR,s3680-115
SSFI,s1909-115
SSEG,s1957-115
SSJU,s1992-115
SSEV,s675-115
SSJU,s2703-115
SSEG,s1633-115
SSFI,s82-115
SSCM,s2728-115
SSEV,s2388-115
SSJU,s3249-115
SSCM,s2806-115
SSEG,s31-115
SSHR,s1354-115
SSFI,s2707-115
SSHR,s311-115
SSHR,s1112-115
SSFI,s762-115
SSVA,s2356-115
SSBU,s3074-115
SSEV,s1794-115
SSBK,s2490-115
SSVA,s1024-115
SSFI,s405-115
SSFR,s905-115
SSBK,s1893-115
SSHR,s2830-115
SSRA,s2035-115
SSVA,s315-115
SSAF,s2133-115
SSEG,s1481-115
SSBK,s1962-115
SSJU,s898-115
SSFI,s3230-115
SSCM,s1110-115
SSHR,s3436-115
SSFI,s464-115
SSEG,s1222-115
HSII,s129-115
SSCM,s129-115
SSCM,s3144-115
SSCM,s1815-115
SSEG,s3803-115
SSGA,s181-115
SSFI,s463-115
SSFI,s1797-115
SSEG,s1645-115
SSFI,s818-115
SSJU,s1127-115
SSFI,s1739-115
SSBK,s1360-115
SSJU,s2795-115
HSHM,s668-115
SSJU,s668-115
SSFI,s1352-115
SSFI,s2012-115
SSEG,s627-115
SSEG,s2720-115
SSJU,s1588-115
SSJU,s562-115
SSEV,s2346-115
SSCM,s2640-115
SSVA,s1277-115
SSGA,s2755-115
SSJU,s3416-115
SSJU,s725-115
SSEG,s714-115
SSFI,s46-115
SSEV,s3631-115
SSCM,s1534-115
SSFI,s872-115
SSFI,s3459-115
SLIA,s2804-115
SSJU,s1123-115
SSGA,s576-115
SSVA,s2304-115
SSRA,s2261-115
SSHR,s2647-115
SSCM,s1104-115
SSFI,s2835-115
SSCM,s3524-115
SSCM,s631-115
SSJU,s1728-115
SSHR,s2572-115
SSFI,s108-115
SSCM,s1733-115
SSCM,s3156-115
SSBK,s1638-115
SSFI,s1984-115
SSEG,s1548-115
SSVA,s1661-115
SSFI,s796-115
SSCM,s1885-115
SSHR,s1245-115
SSFI,s1291-115
HSJU,s765-115
SSJU,s765-115
SSHR,s3065-115
SSCM,s3418-115
SSJU,s3421-115
SSHR,s3066-115
SSGA,s1278-115
SSAF,s2894-115
SSFI,s937-115
SSVA,s473-115
HSVR,s946-115
SSVA,s946-115
SSFI,s3053-115
SSEV,s1288-115
SSCM,s1186-115
SSCM,s2200-115
SSGA,s2578-115
SSJU,s2008-115
SSJU,s974-115
SSFI,s3741-115
SSBK,s3455-115
SSFI,s2175-115
SSJU,s2456-115
SSHR,s2456-115
SSFI,s3324-115
SSGA,s594-115
HSHM,s594-115
SSJU,s3558-115
SSGA,s2041-115
SSJU,s3782-115
SSGA,s2550-115
SSFI,s773-115
SSBU,s270-115
SSHR,s1453-115
SSFI,s10-115
SSJU,s329-115
SSAF,s3393-115
HSPW,s3139-115
SSBK,s3139-115
SSEG,s1627-115
SSSB,s929-115
SSAF,s1767-115
SSGA,s412-115
SSHR,s2642-115
SSFI,s425-115
SSHR,s808-115
SSCM,s1605-115
SSGA,s65-115
SSEG,s2249-115
SSFI,s1076-115
SSHR,s64-115
SSFI,s1080-115
SSVA,s233-115
SSEG,s2444-115
SSFI,s2059-115
SSHR,s3738-115
SSBK,s3285-115
SSBK,s2353-115
SSAS,s957-115
SSBK,s3650-115
SSJU,s3598-115
SSGA,s3182-115
SSAF,s2749-115
SSFI,s47-115
SSCM,s3374-115
SSFI,s1003-115
SSHR,s3217-115
SSVA,s1209-115
SSFI,s1729-115
SSEV,s279-115
SSHR,s3657-115
SSFI,s142-115
SSGA,s29-115
SSAF,s1752-115
SSEG,s1484-115
SSEV,s3647-115
SSGA,s3027-115
SSFI,s264-115
SSFI,s816-115
SSFI,s2256-115
SSVA,s2796-115
SSHR,s660-115
HSHM,s349-115
SSJU,s349-115
SSEV,s2153-115
SSEG,s710-115
SSFI,s3332-115
SSCM,s1373-115
SSFI,s18-115
SSJU,s1114-115
SSVA,s903-115
SSAS,s2379-115
SSFI,s3458-115
SSGA,s3191-115
SSAF,s2086-115
SSAP,s3107-115
HSPW,s2377-115
SSEV,s2377-115
SSCM,s1405-115
SSFI,s520-115
SSGA,s580-115
SSFI,s1444-115
SSJU,s2981-115
SSEV,s1226-115
SLIA,s302-115
SSAP,s3073-115
SSHR,s2598-115
SSAF,s3644-115
HSIF,s178-115
HSJU,s178-115
SSJU,s178-115
SSHR,s2407-115
SSFI,s2415-115
SSSB,s293-115
SSFI,s293-115
SSBK,s370-115
SSFI,s3772-115
SSEV,s2396-115
SSHR,s3429-115
SSBK,s2701-115
SSAF,s1913-115
SSFR,s3476-115
SSVA,s2097-115
SSEG,s956-115
SSJU,s446-115
SSHR,s2019-115
SSFI,s3086-115
SSFI,s987-115
SSEV,s604-115
SSFI,s2910-115
SSCM,s993-115
SSCM,s2861-115
SSEV,s3394-115
SSFI,s1663-115
SSFI,s2543-115
SSGA,s2392-115
SSFR,s2039-115
SSJU,s395-115
SSCM,s83-115
SSJU,s3036-115
SSAS,s116-115
HSHA,s3321-115
HSBA,s3321-115
SSBK,s3321-115
SSAF,s2723-115
SSFI,s2183-115
SSEG,s1465-115
SSJU,s1576-115
SSFI,s3411-115
SSCM,s698-115
SSVA,s3318-115
HSIF,s3029-115
SSHR,s3029-115
SSBK,s2808-115
SSFI,s1846-115
SSEV,s1512-115
SSJU,s87-115
SSCM,s1096-115
SSCM,s3127-115
HSIF,s692-115
HSPW,s692-115
SSEV,s692-115
SSEG,s569-115
SSFI,s2108-115
SSBK,s759-115
SSAP,s2979-115
SSBU,s2979-115
SSHR,s1630-115
SSHR,s2524-115
SSFI,s1858-115
SSFI,s326-115
SSVA,s3729-115
SSCM,s3491-115
SSGA,s1888-115
SSVA,s423-115
SSHR,s718-115
SSBK,s1002-115
SSCM,s1950-115
SSHR,s1062-115
SSAP,s3072-115
SSVA,s422-115
SSFI,s156-115
SSFI,s1719-115
SSFI,s988-115
SSCM,s1244-115
SSFI,s2843-115
SSGA,s120-115
SSJU,s1517-115
SLIA,s63-115
SSGA,s633-115
SSFI,s3363-115
SSFI,s2460-115
SSBK,s743-115
SSFR,s1274-115
SSBU,s3330-115
SSCM,s272-115
SSAS,s66-115
SSHR,s2172-115
SSFI,s3180-115
SSJU,s333-115
SSBK,s2191-115
SSEG,s546-115
SSEG,s2870-115
SSHR,s2711-115
SSJU,s2334-115
SSJU,s2162-115
SSHR,s2810-115
SSHR,s868-115
SSFI,s321-115
SSJU,s510-115
SSEG,s1225-115
SSAF,s2569-115
SSGA,s2159-115
SSSB,s650-115
SSJU,s2627-115
SSVA,s2247-115
SSHR,s629-115
SSBK,s1845-115
SSGA,s21-115
SSCM,s1693-115
SSJU,s3567-115
SSFI,s2899-115
SSFI,s1511-115
SSCM,s3315-115
SSFI,s1201-115
SSEG,s2325-115
SSVA,s2288-115
SSFR,s3652-115
SSGA,s1140-115
SSJU,s2793-115
SSJU,s139-115
SSEG,s1486-115
HSBA,s266-115
SSBK,s266-115
SSCM,s515-115
SSFI,s403-115
SSCM,s2520-115
SSFI,s3636-115
SSHR,s1147-115
SSFI,s2011-115
SSCM,s123-115
SSJU,s2974-115
SSFI,s344-115
HSII,s2511-115
HSAS,s2511-115
HSSY,s2511-115
SSCM,s2511-115
SSHR,s1706-115
SSJU,s259-115
HSVR,s12-115
SSVA,s12-115
SSEG,s257-115
SSHR,s155-115
SSFI,s1342-115
SSJU,s3279-115
SSEV,s935-115
SSGA,s1087-115
SSVA,s970-115
SSFI,s3250-115
SSVA,s2174-115
SSHR,s1814-115
SSFI,s1905-115
HSJU,s654-115
SSJU,s654-115
SSCM,s2510-115
HSVR,s585-115
HSGO,s585-115
SSGA,s585-115
SSJU,s1689-115
SSHR,s2513-115
HSPW,s810-115
SSEV,s810-115
SSJU,s1854-115
SSAF,s1624-115
SSFI,s177-115
SSHR,s693-115
SSHR,s774-115
SSHR,s3541-115
SSCM,s878-115
SSEG,s1336-115
SSFI,s2575-115
SSHR,s351-115
SSJU,s150-115
SSGA,s3208-115
SSFI,s3358-115
SSEG,s2140-115
SSVA,s992-115
SSFI,s3781-115
SSFI,s1639-115
SSFR,s659-115
SSHR,s206-115
SSCM,s320-115
SSAS,s1196-115
SSAF,s741-115
SSVA,s1526-115
SSHR,s695-115
SSVA,s112-115
SSJU,s3591-115
SSBK,s416-115
SSSB,s416-115
SSFI,s2042-115
SSJU,s1989-115
SSRA,s1989-115
SSHR,s819-115
HSIF,s204-115
SSHR,s204-115
SSFI,s874-115
SSHR,s382-115
SSJU,s1755-115
SSGA,s2391-115
SSJU,s1390-115
SSFI,s2065-115
SSJU,s3227-115
SSCM,s3119-115
SSEG,s2449-115
SSEG,s190-115
SSFI,s2902-115
SSBK,s2090-115
SPAG,s591-115
SSVA,s591-115
SSFI,s2526-115
SSVA,s324-115
SSSB,s347-115
SSJU,s240-115
SSHR,s2228-115
SSFR,s3196-115
SSVA,s681-115
SSCM,s596-115
SSJU,s3335-115
SSHR,s3615-115
SSFI,s1907-115
SSCM,s1451-115
SSJU,s2282-115
SSGA,s2314-115
SSJU,s2522-115
SSEV,s452-115
SSBU,s1842-115
SSJU,s748-115
SSHR,s3220-115
SSAF,s2970-115
SSFI,s2222-115
SSJU,s2695-115
SSJU,s3624-115
SSGA,s3502-115
SSBK,s626-115
SSHR,s1049-115
SSJU,s2686-115
SSBK,s472-115
SSFI,s429-115
SSCM,s2219-115
SSJU,s3792-115
SSBK,s3542-115
SSHR,s2201-115
SSEG,s2509-115
HSFA,s1312-115
HSED,s1312-115
HSJU,s1312-115
SSJU,s1312-115
SSJU,s2933-115
SSVA,s1990-115
SSBU,s2164-115
SSGA,s424-115
SSFI,s1317-115
SSBK,s1117-115
SSSB,s1428-115
HSIF,s652-115
SSHR,s652-115
SSJU,s2918-115
SSFI,s2156-115
HSBA,s2101-115
SSBK,s2101-115
SSFI,s1133-115
SSJU,s3288-115
SSFI,s1505-115
SSAP,s1780-115
SSEG,s502-115
SSHR,s2017-115
SSGA,s1867-115
HSHM,s1867-115
SSEV,s454-115
SSJU,s1124-115
SSVA,s111-115
SSEV,s865-115
SSEG,s665-115
SSCM,s2202-115
SSJU,s537-115
SSGA,s622-115
SSJU,s1625-115
SSFI,s1861-115
SSBK,s341-115
SSFR,s341-115
SSFI,s548-115
SSEV,s2068-115
SSGA,s651-115
SSVA,s2357-115
SSCM,s1164-115
SSEG,s1335-115
SSBK,s2013-115
SSEG,s703-115
SSBK,s1310-115
SSJU,s1419-115
SSSB,s2014-115
SSGA,s2014-115
SSGA,s3200-115
SSCM,s3296-115
SSCM,s174-115
SSFI,s1268-115
SSAF,s2790-115
SSCM,s3513-115
SSFR,s3272-115
SSFI,s697-115
SSEG,s285-115
SSSB,s2034-115
SSHR,s920-115
SSBK,s3492-115
SSHR,s2476-115
SSFR,s2463-115
SSFI,s1238-115
SSEG,s186-115
SSHR,s900-115
SSBK,s2362-115
SSGA,s2340-115
HSPW,s2385-115
HSHM,s2385-115
SSGA,s2385-115
SSFI,s486-115
HSHM,s516-115
SSGA,s516-115
SSJU,s2124-115
SSHR,s910-115
SSFR,s2963-115
SSHR,s345-115
SSFI,s1908-115
SSFI,s638-115
SSEG,s513-115
SSAF,s3360-115
SSCM,s1965-115
SSEV,s914-115
SSAP,s3071-115
SSCM,s421-115
SSEG,s1926-115
HSIF,s81-115
SSCM,s81-115
SSFR,s722-115
HSII,s826-115
HSAG,s826-115
HSPW,s826-115
HSSY,s826-115
SSEV,s826-115
SSFI,s448-115
SSRA,s1683-115
SSHR,s2303-115
SSFI,s3028-115
SSCM,s1320-115
SSSB,s2735-115
SSJU,s411-115
SSCM,s1872-115
HSHM,s1872-115
SSHR,s945-115
SSEG,s1711-115
SSHR,s783-115
SSJU,s258-115
SSJU,s2838-115
SSVA,s1111-115
SSGA,s2276-115
SSVA,s1424-115
HSHA,s2070-115
HSGO,s2070-115
HSED,s2070-115
HSJU,s2070-115
SSJU,s2070-115
SSJU,s3225-115
HSIF,s292-115
SSHR,s292-115
SSHR,s1518-115
SSGA,s3033-115
SSHR,s261-115
SSJU,s1553-115
SSFI,s1215-115
SSBK,s94-115
SSFR,s94-115
SSJU,s3282-115
SSCM,s1272-115
SSFI,s3797-115
SSFI,s2066-115
SSEV,s746-115
SSFI,s2260-115
HSHM,s2010-115
SLIN,s2010-115
SSBK,s3177-115
SSCM,s2536-115
SSVA,s493-115
HSHM,s906-115
SSGA,s906-115
SSFI,s3120-115
SSFI,s2320-115
SSFI,s2904-115
SSJU,s2468-115
SSFI,s1530-115
SSVA,s624-115
SSEG,s468-115
SSHR,s2207-115
SSAS,s2805-115
SSEG,s355-115
SSGA,s842-115
SSFI,s3776-115
SSHR,s2169-115
SSJU,s3178-115
SSGA,s2865-115
SSEG,s2232-115
SSHR,s1035-115
SSHR,s2606-115
SSBK,s462-115
SSBK,s2945-115
SSHR,s1546-115
SSAF,s2614-115
SSHR,s3608-115
SSJU,s2135-115
SSAF,s1839-115
SSCM,s679-115
SSFI,s998-115
SSJU,s2514-115
SSFI,s2309-115
SSHR,s2621-115
SSBK,s828-115
SSFR,s2504-115
SSFR,s1171-115
SSFR,s1178-115
SSFI,s1151-115
SSFI,s1422-115
SSHR,s2069-115
HSVR,s114-115
SSVA,s114-115
SSFI,s2718-115
SSEG,s2503-115
SSFI,s2165-115
SSEG,s599-115
SSGA,s2948-115
SLIN,s3153-115
SSAF,s1975-115
SSEV,s2602-115
SSFI,s554-115
SSJU,s2432-115
SSHR,s469-115
SSFI,s2427-115
SSGA,s1832-115
SSVA,s2131-115
SSFI,s3581-115
SSHR,s1217-115
SSAF,s2619-115
SSHR,s1807-115
SSJU,s1963-115
SSHR,s1792-115
SSGA,s2374-115
SLIN,s1761-115
SSCM,s3087-115
SSVA,s2107-115
SSHR,s2322-115
SSHR,s3589-115
SSRA,s1510-115
SSFR,s1172-115
SSFR,s449-115
SSEG,s738-115
SSFR,s3785-115
SSEG,s239-115
SSVA,s1192-115
SSJU,s821-115
SSBK,s2953-115
HSHM,s2148-115
SSJU,s2148-115
SSEG,s1485-115
SSBK,s1182-115
SSAP,s3159-115
SSCM,s2957-115
HSIF,s2278-115
SSHR,s2278-115
SSHR,s1594-115
SSEG,s2302-115
SSFI,s3771-115
HSII,s1425-115
HSSY,s1425-115
SSCM,s1425-115
SSHR,s2109-115
SSGA,s577-115
SSSB,s690-115
SSCM,s96-115
SSCM,s2705-115
SSJU,s3404-115
SSCM,s3344-115
SSAF,s538-115
SSBK,s2715-115
SSFI,s309-115
SSFI,s3449-115
SSJU,s3588-115
SSBK,s3536-115
SSFR,s198-115
SSGA,s299-115
SSGA,s2660-115
SSVA,s2119-115
SSFI,s253-115
SSBK,s73-115
HSIF,s1091-115
HSED,s1091-115
SSHR,s1091-115
SSJU,s2502-115
SSEV,s203-115
SSSB,s203-115
SSFI,s1672-115
SSGA,s506-115
SSAF,s2404-115
SSGA,s951-115
SSAS,s1856-115
HSGO,s1305-115
SSGA,s1305-115
SSFI,s348-115
SSBK,s1500-115
SSEG,s32-115
SSJU,s54-115
SSEV,s3303-115
SSBK,s3750-115
SSFI,s1793-115
SSFR,s200-115
SSFR,s625-115
SSFI,s205-115
HSIF,s875-115
SSCM,s875-115
SSJU,s1592-115
HSII,s501-115
SSEG,s501-115
SSVA,s933-115
SSEG,s97-115
HSHM,s719-115
SSGA,s719-115
SSHR,s2845-115
SSEV,s1612-115
SSBK,s1717-115
SSFI,s2911-115
SSVA,s1279-115
SSGA,s578-115
SSBK,s160-115
SSFI,s2900-115
SSFI,s777-115
SSFI,s2075-115
SSEG,s1874-115
SSAP,s3024-115
SSVA,s2807-115
HSIF,s825-115
HSII,s825-115
SLIA,s825-115
SSFR,s1141-115
SSAS,s3201-115
SSHR,s2258-115
SSFI,s505-115
SSHR,s3699-115
SSVA,s1163-115
SSGA,s634-115
SSEV,s880-115
SSHR,s3207-115
SSBK,s352-115
SSCM,s2848-115
SSVA,s2382-115
SSHR,s3485-115
SSFI,s3008-115
SLIA,s1986-115
SSCM,s3143-115
SSGA,s218-115
SSBK,s2237-115
SSBK,s536-115
SSFI,s3022-115
SSHR,s913-115
SSCM,s680-115
SSJU,s1397-115
SSGA,s1791-115
SSCM,s2650-115
SSSB,s1995-115
SSEV,s195-115
SSFI,s967-115
HSIF,s849-115
SSHR,s849-115
SSBU,s3075-115
SSEG,s3570-115
SSHR,s2143-115
SSRA,s1660-115
SSFI,s20-115
SSEV,s1289-115
SSFI,s175-115
SSBK,s2289-115
SSFR,s3517-115
SSEG,s1263-115
SSBK,s2863-115
SSHR,s2784-115
SSGA,s2299-115
SSEV,s2000-115
SSCM,s3019-115
SSEG,s728-115
SSJU,s2486-115
SSFI,s408-115
SSEV,s2800-115
SSGA,s1691-115
SSHR,s1070-115
SSFI,s2021-115
SSEV,s971-115
SSVA,s1759-115
SSGA,s3006-115
SSAP,s1648-115
SSHR,s1106-115
SSHR,s2956-115
SSAF,s1064-115
HSHM,s1103-115
SSGA,s1103-115
SSFR,s1697-115
SSJU,s1877-115
SSAF,s1017-115
SSEG,s566-115
SSEG,s1041-115
SSJU,s1454-115
SLIA,s2628-115
SSJU,s1902-115
SSGA,s3047-115
SSEG,s79-115
SSJU,s3211-115
SSAS,s3448-115
SSFI,s3669-115
SSFI,s1391-115
SSFI,s3197-115
SSBK,s2574-115
SLIA,s1948-115
SSJU,s812-115
SSHR,s1155-115
SSJU,s3162-115
SSBK,s1751-115
SSBK,s350-115
SSHR,s1521-115
SSJU,s632-115
SSCM,s3270-115
HSSY,s442-115
SSEV,s340-115
SSHR,s2494-115
SSJU,s2535-115
SSFI,s1600-115
SSRA,s1010-115
SSHR,s2699-115
SSAF,s2991-115
SSCM,s1318-115
SSGA,s3236-115
SSFI,s3345-115
SSFI,s1347-115
SSFI,s1132-115
SSEV,s3009-115
SSFI,s2860-115
SSFI,s3725-115
SSFI,s1379-115
SSJU,s2635-115
SSGA,s924-115
SSEG,s644-115
SSHR,s2722-115
SSAF,s2252-115
SSBK,s563-115
SSJU,s2525-115
SSVA,s86-115
SSJU,s231-115
SSFI,s1914-115
SSJU,s2561-115
SSVA,s1198-115
SSHR,s1528-115
HSIF,s1621-115
SSCM,s1621-115
SSHR,s183-115
SSEG,s973-115
SSFI,s2708-115
SSFI,s3619-115
SSCM,s42-115
SSEG,s1230-115
SSBK,s720-115
SSEV,s735-115
SSFI,s3000-115
SSRA,s3274-115
SSFI,s384-115
SSAF,s2833-115
SSFR,s2365-115
SSBK,s1571-115
SSHR,s856-115
SSJU,s2186-115
SSBU,s716-115
SSRA,s2673-115
SSFI,s2373-115
SSCM,s754-115
SSFI,s2121-115
SSEG,s90-115
SSJU,s90-115
SSHR,s1131-115
SSAF,s1966-115
SSEG,s441-115
SSBK,s2092-115
SSFI,s606-115
SSJU,s386-115
SSVA,s882-115
SSFI,s3052-115
SSFI,s1168-115
SSEG,s1075-115
SSAS,s1414-115
SSFI,s3531-115
SSHR,s1205-115
SLIA,s465-115
SSJU,s2045-115
SSJU,s892-115
SSEG,s335-115
SSFI,s661-115
SSVA,s712-115
SSGA,s3403-115
SSVA,s700-115
SSBK,s105-115
SSEV,s2825-115
SSEG,s2445-115
SSEV,s1513-115
SSBK,s1983-115
SSFI,s1983-115
SSJU,s814-115
HSII,s1438-115
SSEG,s1438-115
SSEG,s1493-115
SSJU,s1657-115
SSFI,s2769-115
SSFI,s1303-115
SSHR,s2315-115
SSVA,s3302-115
SSHR,s3294-115
SSFI,s736-115
SSFR,s1730-115
SSFR,s2120-115
SSRA,s1604-115
SSEG,s132-115
SSFI,s1074-115
SSJU,s2326-115
SLIA,s91-115
SSEG,s1851-115
SSEV,s3604-115
SSHR,s749-115
SSFI,s2873-115
SSFI,s944-115
SSBK,s2091-115
SSGA,s1869-115
SSBK,s1744-115
SSCM,s89-115
SSEG,s3298-115
SSCM,s1883-115
SSJU,s2250-115
SSGA,s3261-115
SSCM,s564-115
SSCM,s3617-115
SSEG,s391-115
SSHR,s620-115
SSEV,s1857-115
SSEG,s70-115
SSHR,s2394-115
SSEG,s723-115
SSGA,s3478-115
SSFI,s1255-115
SSHR,s1135-115
SSBK,s2324-115
SSFI,s3242-115
SSFI,s2123-115
SSHR,s1656-115
SSBK,s1499-115
HSHM,s2077-115
SSGA,s2077-115
SSEG,s282-115
SSHR,s2480-115
SSFI,s1804-115
SSCM,s3603-115
SSEV,s1332-115
SSCM,s3238-115
SSEV,s1934-115
SSBK,s2361-115
SSJU,s104-115
SSFI,s431-115
SSHR,s2658-115
SSCM,s2938-115
SSBK,s838-115
SSVA,s1325-115
SSEG,s724-115
SSEV,s859-115
SSGA,s3041-115
SSHR,s2212-115
SSCM,s153-115
SSGA,s2836-115
SSJU,s37-115
SSFI,s503-115
SSBK,s1949-115
SSJU,s1916-115
SSHR,s2517-115
SSHR,s3016-115
SSAS,s1086-115
SSJU,s647-115
SSRA,s2106-115
SSJU,s2625-115
SSHR,s854-115
SSCM,s2187-115
SSFI,s1977-115
SLIA,s1047-115
SSFI,s1348-115
SSHR,s2737-115
SSFI,s2253-115
SSCM,s3511-115
HSIF,s870-115
HSWM,s870-115
SSFI,s870-115
SSGA,s823-115
HSHM,s823-115
SSBK,s2313-115
SSHR,s553-115
SSGA,s584-115
SSFI,s2600-115
SSCM,s2061-115
SSEG,s1572-115
SSJU,s1085-115
SSJU,s119-115
SSFR,s2016-115
SSHR,s2004-115
SSFI,s1589-115
SSCM,s3-115
SSEG,s216-115
SSEG,s730-115
SSHR,s2003-115
HSHM,s887-115
SSGA,s887-115
SSFI,s2104-115
SSFI,s1191-115
SSEG,s685-115
SSCM,s118-115
SSFI,s85-115
SSEG,s3472-115
SSFI,s1307-115
SSHR,s2516-115
SSEG,s33-115
HSIF,s245-115
HSII,s245-115
SLIA,s245-115
HSII,s2515-115
SLIA,s2515-115
SSEV,s2519-115
SSAS,s2893-115
SSHR,s670-115
SSFI,s1903-115
SSEV,s2778-115
SSJU,s3271-115
SSEG,s2447-115
SSFI,s59-115
SSVA,s2402-115
SSHR,s1109-115
SSCM,s3149-115
SSJU,s3474-115
SSBK,s223-115
HSED,s2286-115
HSFA,s2286-115
SSFR,s2286-115
SSBK,s159-115
SSVA,s1072-115
SSBK,s588-115
SSEG,s2747-115
SSHR,s2203-115
SSJU,s3488-115
SSHR,s1242-115
SSJU,s2458-115
SSBK,s3164-115
SSSB,s2527-115
SSHR,s2700-115
SSGA,s2397-115
SSFI,s2671-115
SSEG,s1491-115
SSEG,s2337-115
SSFI,s372-115
SSJU,s2815-115
SSSB,s1853-115
SSEV,s2279-115
SSBK,s3518-115
SSEV,s1497-115
SSHR,s3530-115
SSHR,s1501-115
SSEG,s3571-115
SSCM,s1377-115
SSFI,s977-115
SSCM,s1450-115
SSAS,s2766-115
SSSB,s2679-115
HSGO,s899-115
HSVR,s899-115
SSVA,s899-115
HSHM,s1311-115
HSIF,s1311-115
HSFA,s1311-115
HSJU,s1311-115
SSJU,s1311-115
SSHR,s2888-115
SSCM,s2792-115
SSRA,s1931-115
SSVA,s2341-115
SSEV,s1695-115
SSGA,s1448-115
SSEV,s3727-115
SSCM,s2418-115
SSHR,s2532-115
SSEG,s49-115
SSJU,s1435-115
SSVA,s2239-115
HSHM,s1281-115
SSGA,s1281-115
SSHR,s221-115
SSAS,s1820-115
SSBK,s1463-115
SSCM,s3322-115
SSCM,s1418-115
SSJU,s827-115
SSEV,s368-115
SSEG,s3469-115
SSHR,s3742-115
SSGA,s919-115
SSEV,s1941-115
SSCM,s74-115
SLIA,s1870-115
SSEG,s837-115
SSJU,s1923-115
SSVA,s1635-115
SSFI,s1541-115
HSVR,s1873-115
SSVA,s1873-115
SSHR,s834-115
SSEG,s1987-115
SSBK,s1389-115
SSFI,s2924-115
SSFI,s1090-115
SSJU,s3118-115
SSHR,s1079-115
SSGA,s1157-115
SSJU,s2546-115
SSGA,s873-115
SSBK,s3682-115
SSRA,s1498-115
SSHR,s2775-115
SSVA,s784-115
SSBK,s1313-115
SSCM,s2842-115
SSHR,s3308-115
SSAS,s2987-115
SSRA,s2944-115
SSCM,s1666-115
SSBK,s1685-115
SSAS,s250-115
SSCM,s2812-115
SSBK,s3179-115
SSGA,s2296-115
SSFI,s1859-115
SSBK,s3334-115
SSHR,s2960-115
SSFI,s2802-115
SSFI,s3058-115
SSEG,s2078-115
SSJU,s739-115
HSPW,s3021-115
SSEV,s3021-115
SSFI,s732-115
SSHR,s2608-115
SSJU,s220-115
SSHR,s1043-115
SSHR,s2437-115
SSHR,s3152-115
SSEV,s2194-115
SSHR,s3467-115
SSVA,s788-115
HSII,s1586-115
SSCM,s1586-115
SSGA,s3399-115
SSHR,s1045-115
HSJU,s597-115
HSBU,s597-115
HSED,s597-115
SSHR,s597-115
HSFA,s447-115
SSFR,s447-115
SSJU,s3635-115
SSFI,s1673-115
SSFI,s1716-115
SSHR,s855-115
SSGA,s678-115
SSCM,s1968-115
SSFI,s1130-115
SSEG,s1455-115
SSBK,s2375-115
SSJU,s1781-115
SSHR,s545-115
SSHR,s3048-115
SSCM,s3094-115
HSHM,s1847-115
SSGA,s1847-115
HSHM,s2158-115
SSJU,s2158-115
SSEV,s1308-115
SSHR,s657-115
SSBK,s3574-115
SSFI,s811-115
SSFR,s474-115
SSEV,s3210-115
SSJU,s745-115
SSHR,s1652-115
SSJU,s1649-115
SSFI,s1849-115
SSJU,s2440-115
SSFI,s3228-115
SSEV,s1447-115
SSEG,s2649-115
SSAF,s2997-115
SSVA,s426-115
SSAF,s2050-115
SSFI,s2420-115
SSAP,s871-115
SSHR,s2438-115
SSFR,s1292-115
SSCM,s134-115
HSII,s396-115
SSCM,s396-115
HSIF,s1732-115
HSWM,s1732-115
SSFI,s1732-115
SSAS,s3043-115
SSFI,s262-115
SSJU,s3354-115
SSFI,s2898-115
SSHR,s1599-115
SSEG,s750-115
HSSY,s2497-115
HSAS,s2497-115
HSFA,s2497-115
SSFR,s2497-115
SSJU,s2837-115
SSCM,s965-115
SSJU,s2211-115
SSFI,s1343-115
SSFI,s1837-115
SSHR,s1370-115
SSJU,s3304-115
SSCM,s2639-115
SSEV,s3223-115
SSBK,s1315-115
SSFI,s666-115
SSFI,s492-115
SSBK,s1503-115
SSFI,s2453-115
SSEG,s2335-115
SSCM,s1520-115
SSHR,s2940-115
SSVA,s3269-115
SSHR,s3482-115
SSEG,s3505-115
SSEG,s3676-115
SSJU,s511-115
SSJU,s1084-115
SSFI,s1636-115
SSCM,s2537-115
SSGA,s3387-115
SSHR,s3506-115
SSHR,s3131-115
SSJU,s276-115
SSFR,s1287-115
HSJU,s867-115
SSJU,s867-115
SSEG,s99-115
SSBK,s1722-115
SSFR,s2482-115
SSCM,s1896-115
SSCM,s1561-115
SSBK,s575-115
SSHR,s3122-115
SSFI,s1480-115
SSAF,s3115-115
HSII,s995-115
SLIA,s995-115
SSJU,s3616-115
SSEG,s2776-115
SSJU,s1671-115
SSEV,s3015-115
SSHR,s3151-115
SSBK,s1831-115
SSHR,s1121-115
SSEG,s785-115
SSHR,s1350-115
SSRA,s360-115
SSEV,s1203-115
SSAF,s2978-115
SSEG,s1271-115
SSFI,s674-115
SSHR,s1077-115
SSAS,s3620-115
SSJU,s415-115
SSFI,s3545-115
SSHR,s3369-115
SSCM,s911-115
SSJU,s866-115
SSFI,s2653-115
SSHR,s2584-115
SSHR,s1183-115
SSAF,s2139-115
SSHR,s3795-115
SSGA,s3464-115
SSJU,s1241-115
SSHR,s2157-115
SSJU,s2345-115
SSJU,s2878-115
SSRA,s3090-115
SSEG,s733-115
SSVA,s1611-115
SSBK,s138-115
SSJU,s2571-115
SSVA,s1179-115
SSFI,s2033-115
SSGA,s78-115
SSEG,s1089-115
SSAF,s2487-115
SSFI,s2891-115
SSJU,s1917-115
SSHR,s2609-115
SSHR,s2255-115
SSFI,s523-115
SSEG,s267-115
SSHR,s3205-115
SSHR,s3099-115
SSBK,s2171-115
SSHR,s3061-115
SSHR,s1441-115
SSJU,s1614-115
SSEG,s2225-115
SSEG,s3167-115
SSCM,s1682-115
SSFI,s2613-115
SSCM,s2958-115
SSVA,s23-115
SSRA,s1783-115
SSFI,s2966-115
SSSB,s3148-115
SSFI,s497-115
SSFI,s852-115
SSFI,s3063-115
SSJU,s1811-115
SSVA,s2884-115
SSCM,s3183-115
SSAF,s1707-115
SSAF,s2839-115
SSHR,s404-115
SSFI,s1935-115
SSHR,s1509-115
SSAS,s1296-115
SSEG,s392-115
SSGA,s2706-115
SSFI,s3751-115
SSCM,s2556-115
SSJU,s2521-115
SSAF,s2555-115
SSFI,s455-115
SSFR,s623-115
SSHR,s3064-115
SSBK,s3128-115
SSHR,s2753-115
SSAF,s499-115
SSEV,s2586-115
SSJU,s2429-115
SSEG,s895-115
SSEG,s1446-115
SSHR,s1462-115
SSBK,s1326-115
SSFI,s300-115
SSHR,s244-115
SSRA,s1231-115
SSHR,s1413-115
SSHR,s1372-115
SSHR,s615-115
HSII,s1768-115
HSPW,s1768-115
HSSY,s1768-115
SSCM,s1768-115
SSFI,s3770-115
SSEG,s896-115
SSFR,s3336-115
SSSB,s2786-115
SSHR,s2507-115
SSGA,s362-115
SSJU,s534-115
SSRA,s1828-115
SSCM,s1686-115
SSFR,s3142-115
HSII,s2372-115
HSVR,s2372-115
SSVA,s2372-115
SSFI,s830-115
SSHR,s3428-115
HSII,s140-115
SLIA,s140-115
SSRA,s1929-115
SSCM,s2853-115
SSHR,s786-115
SSEG,s1556-115
SSEV,s822-115
SSGA,s1701-115
SSEG,s731-115
SSGA,s480-115
SSCM,s2179-115
SSCM,s1345-115
SSFI,s2132-115
SSHR,s2431-115
SSFI,s2681-115
SSHR,s3754-115
SSVA,s3507-115
SSEG,s1029-115
SSEG,s1142-115
SSFI,s93-115
SSHR,s2469-115
SSBK,s387-115
SSJU,s549-115
SSAF,s3042-115
SSEG,s1472-115
SSVA,s925-115
SSFI,s1293-115
SSAP,s1609-115
SSJU,s1134-115
SSJU,s1764-115
SSFI,s707-115
SSCM,s3277-115
SSGA,s56-115
SSBK,s3443-115
SSHR,s2680-115
SSFI,s1829-115
SLIA,s2154-115
SSEG,s3653-115
SSHR,s2231-115
SSAF,s2641-115
SSFI,s1640-115
SSJU,s2564-115
SSAS,s726-115
SLIA,s1895-115
SSGA,s2262-115
HSIF,s88-115
SSCM,s88-115
SSEG,s199-115
SSCM,s763-115
SSJU,s2577-115
SSBK,s1344-115
SSCM,s3432-115
SSHR,s3319-115
SSFI,s2923-115
HSII,s117-115
SSEG,s117-115
SSFI,s428-115
SSBK,s2756-115
SSHR,s443-115
SSVA,s609-115
SSVA,s336-115
SSVA,s844-115
SSCM,s3522-115
SSHR,s3802-115
SSHR,s747-115
SSEG,s529-115
SSHR,s1069-115
SSFI,s2897-115
SSVA,s24-115
HSIF,s490-115
SSEG,s490-115
SSHR,s438-115
SSFI,s3317-115
SSHR,s2665-115
SSEG,s131-115
SSJU,s3477-115
SSEV,s2760-115
SSEG,s2721-115
SSFR,s1580-115
SSFI,s1239-115
SSAF,s740-115
SSAF,s3113-115
SSFI,s3702-115
SSCM,s3232-115
SSFI,s3791-115
SSHR,s1176-115
SSFI,s2922-115
SSAS,s1434-115
SSCM,s964-115
SSVA,s2768-115
SSVA,s319-115
SSFI,s1564-115
SSEV,s1613-115
SSFI,s3497-115
SSFI,s482-115
SSVA,s2386-115
SSEG,s1993-115
SSFR,s1631-115
SSFI,s1724-115
SSRA,s3049-115
SSBK,s1066-115
SSFI,s3361-115
HSII,s432-115
SSEG,s432-115
SSHR,s848-115
SSHR,s2312-115
SSCM,s1785-115
SSCM,s755-115
SSCM,s1423-115
SSEV,s2771-115
SSBK,s3215-115
SSAF,s1805-115
HSIF,s2030-115
SSEG,s2030-115
SSJU,s2367-115
SSEG,s617-115
SSFR,s3486-115
SSFI,s1020-115
SSAS,s901-115
SSFR,s3549-115
SSHR,s3340-115
SSCM,s1634-115
SSCM,s1167-115
SSHR,s2934-115
SSHR,s1421-115
SSRA,s1569-115
SSAS,s84-115
SSGA,s3539-115
SSJU,s2389-115
SSHR,s1341-115
SSHR,s3568-115
SSFI,s2146-115
SLIA,s2146-115
SSFI,s704-115
SSHR,s2597-115
SSJU,s792-115
SSJU,s295-115
SSVA,s1619-115
SSEG,s936-115
SSGA,s2236-115
SSFI,s3221-115
SSGA,s3314-115
SSJU,s3032-115
SSCM,s3078-115
SSFI,s71-115
SSFI,s2032-115
HSPW,s1532-115
SSCM,s1532-115
SSVA,s57-115
SSHR,s2851-115
SSEG,s1457-115
SSAS,s3299-115
HSHM,s608-115
SSJU,s608-115
SSJU,s45-115
SSJU,s1006-115
SSHR,s1143-115
SSAF,s2964-115
SSJU,s303-115
SSVA,s1598-115
SSCM,s3655-115
SSFI,s1879-115
SSHR,s2406-115
SSGA,s2208-115
SSEG,s3673-115
SSFI,s1943-115
SSHR,s2138-115
HSII,s167-115
SSEG,s167-115
SSFI,s3566-115
SSEV,s2588-115
SSVA,s2485-115
SSFI,s1892-115
SSVA,s1098-115
SSEG,s357-115
SSVA,s283-115
SSCM,s1057-115
SSEV,s451-115
SSBK,s1810-115
SSBK,s2854-115
SSGA,s3437-115
SSJU,s30-115
SSHR,s1864-115
SLIA,s1770-115
SSJU,s3254-115
SSVA,s2906-115
SSGA,s990-115
SSGA,s271-115
HSVR,s1266-115
SSVA,s1266-115
SSJU,s643-115
SSAF,s2971-115
SSEG,s491-115
SSJU,s1458-115
SSFI,s1817-115
SSGA,s69-115
SSJU,s1107-115
SSEV,s2329-115
SSCM,s2422-115
SSJU,s1577-115
SSFI,s2826-115
SSEG,s214-115
SSCM,s1904-115
SSVA,s242-115
SSCM,s3471-115
SSAS,s2999-115
SSFR,s2781-115
SSEV,s2761-115
SSEV,s1214-115
SSVA,s1467-115
SSAF,s1025-115
SSHR,s1653-115
SSFI,s3357-115
SSFI,s817-115
SSRA,s2330-115
SSRA,s26-115
SSHR,s840-115
HSJU,s3170-115
SSJU,s3170-115
SSBU,s932-115
HSVR,s35-115
HSII,s35-115
SSEG,s35-115
SSFI,s694-115
SSAF,s3034-115
SSAS,s2094-115
SSJU,s211-115
SSEG,s1460-115
SSJU,s994-115
SSBK,s1591-115
SSRA,s1585-115
SSJU,s2724-115
HSJU,s2896-115
SSGA,s2896-115
SSAP,s3158-115
SSEV,s1863-115
SSBK,s1415-115
SSFI,s940-115
SSVA,s1951-115
SSRA,s1547-115
SSHR,s3083-115
SSVA,s1477-115
SSHR,s313-115
SSFI,s222-115
SSVA,s663-115
SSGA,s2832-115
SSFI,s780-115
SSFI,s3611-115
SSFI,s1549-115
SSJU,s51-115
HSPW,s1536-115
SSCM,s1536-115
SSEG,s2298-115
SSFI,s1535-115
SSHR,s2710-115
SSFI,s2677-115
SSCM,s572-115
SSAS,s1519-115
SSGA,s3085-115
SSJU,s1578-115
SSEG,s2889-115
SSFI,s3473-115
SSJU,s1339-115
SSEG,s316-115
SSFI,s397-115
SSFI,s959-115
SSJU,s328-115
SSBK,s1579-115
SSAS,s2797-115
SSEG,s3422-115
SSEG,s1483-115
SSJU,s2967-115
SSHR,s1667-115
SSJU,s3540-115
SSBK,s314-115
SSGA,s1932-115
SSJU,s2742-115
SSHR,s795-115
SSBK,s2417-115
SSFI,s191-115
SSCM,s2100-115
SSHR,s2554-115
SSFI,s2496-115
SSEG,s3245-115
SSFI,s2690-115
SSJU,s635-115
SSBK,s639-115
SSGA,s2580-115
SSCM,s3265-115
SSFI,s2370-115
SSJU,s2661-115
SSAS,s1515-115
SSHR,s1115-115
SSGA,s579-115
SLIA,s2489-115
SSEG,s3333-115
SSFR,s3378-115
SSEG,s768-115
SSEG,s613-115
SSJU,s1812-115
SSEV,s2663-115
SSGA,s3788-115
SSFI,s122-115
SSAS,s2949-115
SSEG,s1337-115
SSVA,s1261-115
SSGA,s342-115
SSHR,s256-115
SSFI,s2204-115
SSCM,s1410-115
SSFI,s3327-115
SSEG,s1027-115
SSFI,s284-115
SSAF,s2712-115
SSFR,s3247-115
SSGA,s2741-115
SSFI,s2410-115
HSII,s1116-115
HSED,s1116-115
SLIA,s1116-115
SSFI,s1409-115
SSBK,s2126-115
SSBK,s2147-115
SSFI,s2147-115
SSJU,s378-115
SSHR,s850-115
SSEG,s334-115
SSFR,s3368-115
SSJU,s1933-115
SSEV,s820-115
SSEV,s2448-115
SSCM,s277-115
SSHR,s2028-115
SSJU,s573-115
SSJU,s1216-115
SSHR,s2037-115
SSHR,s1351-115
SSCM,s3347-115
SSVA,s1161-115
SSHR,s3106-115
SSJU,s2495-115
SSEG,s2354-115
SSJU,s727-115
SSJU,s2471-115
SSFI,s2001-115
SSHR,s1985-115
SSJU,s72-115
SSHR,s2087-115
SSEG,s985-115
SSJU,s1034-115
SSFI,s1371-115
SSHR,s246-115
SSJU,s180-115
SSFI,s524-115
SSBK,s275-115
SSJU,s494-115
SSHR,s2076-115
SSAS,s498-115
SSVA,s706-115
SSGA,s960-115
SSFI,s1782-115
SSCM,s1971-115
SSJU,s2785-115
SSEV,s605-115
SSJU,s2466-115
SSBK,s365-115
SSCM,s2932-115
SSBK,s2155-115
SSHR,s2180-115
SSHR,s2271-115
SSFI,s1304-115
SSVA,s1871-115
SSCM,s3744-115
SSFI,s2387-115
SSCM,s2220-115
SSJU,s835-115
SSRA,s1821-115
SSHR,s1878-115
SSFI,s3465-115
SSHR,s147-115
SSBK,s836-115
SSAF,s3732-115
SSEG,s3534-115
SSFI,s2670-115
SSJU,s3498-115
SSEG,s483-115
SSFI,s48-115
SSEG,s677-115
SSVA,s75-115
SSFI,s1361-115
SSFI,s247-115
SSJU,s630-115
SSVA,s3313-115
SSGA,s760-115
SSHR,s1606-115
SSBK,s3575-115
SSEG,s1665-115
SSJU,s705-115
SSFI,s3342-115
SSJU,s662-115
SSRA,s298-115
SSFI,s1254-115
SSEG,s930-115
SSHR,s2443-115
SSRA,s3150-115
SSFR,s420-115
SSCM,s2955-115
SSCM,s3346-115
SSJU,s2-115
SSVA,s3184-115
SSFI,s769-115
SSFI,s3266-115
SSFI,s2115-115
SSFI,s794-115
SSHR,s2754-115
SSJU,s3123-115
SSCM,s3038-115
SSJU,s2645-115
HSHM,s500-115
SSGA,s500-115
SSVA,s1566-115
SSEG,s751-115
SSEV,s531-115
SSFI,s688-115
SSBK,s2544-115
SSJU,s179-115
SSHR,s1554-115
HSII,hres109-116
HSPW,hres109-116
HSIF,hres109-116
HSGO,hres109-116
HSWM,hres109-116
HSJU,hres109-116
HSBA,hres109-116
HSFA,hres109-116
HSAG,hres109-116
HSED,hres109-116
HSSY,hres109-116
HSGO,hres275-116
HSED,hres318-116
HSRU,hres294-116
HSVR,hres451-116
HSJU,hres66-116
HSED,hres66-116
HSIF,hres117-116
HSIF,hres366-116
HSRU,hres436-116
HSWM,hres59-116
HSIF,hres59-116
HSBA,hres328-116
HSAS,hres96-116
HSJU,hres469-116
HSGO,hres448-116
HSGO,hres33-116
HSJU,hres755-116
HSFA,hres688-116
HSVR,hres483-116
SSCM,s1900-115
SSFI,s1159-115
SSSB,s2020-115
SSCM,s2020-115
SSBK,s3720-115
SSCM,s3720-115
SSFI,s2378-115
SSFI,s3284-115
SSHR,s1628-115
SSHR,s528-115
SSEG,s481-115
SSJU,s3082-115
SSEG,s3176-115
SSJU,s642-115
SSJU,s1997-115
SSJU,s3300-115
SSJU,s1615-115
SSJU,s2144-115
SSFI,s359-115
SSHR,s456-115
SSBU,s641-115
SSGA,s2413-115
SSHR,s628-115
SSEG,s857-115
SSFI,s41-115
SSHR,s2122-115
SSBK,s952-115
SSEG,s734-115
SSFI,s1976-115
SSFI,s1970-115
SSJU,s2693-115
SSEV,s1731-115
SSAF,s1677-115
SSEG,s436-115
SSCM,s2506-115
SSHR,s916-115
SSFR,s2736-115
SSFI,s1044-115
SSJU,s3204-115
SSVA,s2184-115
SSCM,s3352-115
SSFI,s3067-115
SSAF,s2811-115
SLIA,s1942-115
SSHR,s3408-115
SSFI,s2540-115
SSHR,s1927-115
SSVA,s804-115
SSHR,s3077-115
SSBK,s3045-115
SSCM,s2244-115
SSJU,s927-115
SSHR,s1105-115
SSHR,s2726-115
SSEV,s1265-115
SSBK,s3734-115
SLIA,s664-115
SSVA,s3683-115
SSRA,s2240-115
SSBK,s3290-115
SSFI,s2197-115
SSBK,s3343-115
SSAP,s3108-115
SSGA,s3135-115
SSFI,s3503-115
SSHR,s527-115
SSFI,s1229-115
SSHR,s2465-115
SSFI,s682-115
SSEV,s3341-115
SSHR,s2081-115
SSAF,s2096-115
SSFI,s28-115
SSCM,s3551-115
HSED,s1028-115
SPAG,s1028-115
SSHR,s1028-115
SSHR,s1841-115
SSFI,s1210-115
SSJU,s128-115
SSCM,s1432-115
SSHR,s3775-115
SSEG,s507-115
SSGA,s1523-115
SSCM,s3367-115
SSFR,s2060-115
SSSB,s1961-115
SSBK,s1445-115
SSCM,s1915-115
SSVA,s113-115
HLIG,s141-115
HSFA,s141-115
HSPW,s141-115
HSAS,s141-115
HSSY,s141-115
SSCM,s141-115
SSCM,s2360-115
SSAS,s1387-115
SSFI,s3014-115
SSJU,s3132-115
SSVA,s2473-115
SSAF,s2624-115
SSHR,s2986-115
SSHR,s1295-115
SSHR,s1808-115
HSII,s1417-115
SSEV,s1417-115
SSJU,s52-115
SSFI,s1715-115
SSHR,s1101-115
SSFI,s1013-115
SSBK,s881-115
SSBU,s2818-115
SSEG,s2395-115
SSAF,s1402-115
SSVA,s2105-115
SSBK,s567-115
SSGA,s3244-115
SSFI,s476-115
SSSB,s1056-115
SSEG,s2290-115
SSEV,s3664-115
SSFI,s3462-115
HSPW,s756-115
HSII,s756-115
SSCM,s756-115
SSFI,s1674-115
SSGA,s2046-115
SSAP,s1603-115
SSCM,s1314-115
SSBK,s103-115
SSVA,s764-115
SSAS,s165-115
SSBK,s2500-115
SSJU,s2044-115
SSFI,s143-115
SSEG,s400-115
SSFI,s3526-115
SSVA,s2193-115
SSJU,s1040-115
SSHR,s489-115
SSFI,s869-115
SSGA,s2113-115
SSCM,s1702-115
SSAS,s3181-115
SSGA,s1559-115
SSGA,s317-115
SSEG,s401-115
SSCM,s1119-115
SSAS,s592-115
SSFR,s1018-115
SSJU,s3483-115
SSVA,s543-115
SSCM,s2773-115
SSVA,s1218-115
SSEG,s1490-115
SSAF,s322-115
SSAS,s2129-115
SSCM,s645-115
SSAS,s2088-115
SSFI,s1156-115
SSJU,s550-115
SSHR,s1246-115
SSFI,s243-115
SSRA,s3572-115
SSCM,s701-115
SSFI,s2214-115
SSHR,s3185-115
SSHR,s1762-115
SSGA,s126-115
SSHR,s1516-115
SSJU,s2794-115
HSJU,s1766-115
SSJU,s1766-115
SLIA,s1855-115
SSAS,s394-115
SSVA,s544-115
SSFR,s1055-115
SSCM,s947-115
SSEG,s2206-115
SSHR,s3110-115
SSEG,s926-115
SSFI,s3097-115
SSGA,s1973-115
SSBK,s366-115
HSII,s1322-115
SSCM,s1322-115
SSVA,s1094-115
SSHR,s954-115
SSFI,s1407-115
SSBK,s1642-115
SSBK,s2405-115
SSGA,s600-115
SSJU,s232-115
SSFR,s2551-115
SSAF,s2557-115
SSCM,s1632-115
SSFI,s252-115
SSFI,s6-115
SSJU,s1945-115
SSJU,s1994-115
SSJU,s1654-115
SSGA,s1830-115
SSEV,s1919-115
SSFI,s184-115
SSHR,s1999-115
SSHR,s3390-115
SSHR,s3337-115
SSGA,s676-115
SSHR,s3371-115
SSFI,s637-115
SSFI,s413-115
HSIF,s1015-115
HSVR,s1015-115
SSCM,s1015-115
SSVA,s1775-115
SSEV,s1211-115
SSHR,s1063-115
SSCM,s53-115
SSHR,s457-115
SSJU,s1212-115
SSEG,s1522-115
SSCM,s2717-115
SLIA,s2205-115
HSIF,s2553-115
HSWM,s2553-115
SSFI,s2553-115
SSVA,s3528-115
SSFI,s2005-115
SSBK,s2347-115
SSJU,s419-115
SSFR,s853-115
SSBK,s1284-115
SSFI,s1777-115
SSFI,s434-115
SSJU,s330-115
SSHR,s3286-115
SSHR,s2610-115
SSJU,s3174-115
SSEG,s1833-115
SSGA,s1823-115
SSHR,s3796-115
SSFI,s268-115
SSEV,s273-115
SSFI,s3582-115
SSEG,s509-115
SSJU,s2937-115
SSEG,s1363-115
SSJU,s1374-115
SSFI,s40-115
SSJU,s2903-115
SSEG,s3295-115
SSFI,s975-115
SSFI,s1102-115
SSEV,s2277-115
SSCM,s2666-115
SSEG,s385-115
SSSB,s770-115
SSCM,s770-115
SSCM,s2234-115
SSEG,s2858-115
SSVA,s514-115
SSEG,s213-115
SSHR,s3194-115
SSFI,s487-115
SLIA,s3060-115
SSGA,s1641-115
SSGA,s3707-115
SSRA,s589-115
SSHR,s294-115
SSEV,s517-115
SSGA,s1884-115
HSHM,s1884-115
SSCM,s3157-115
SSFI,s1162-115
SSGA,s721-115
SSHR,s185-115
SSEG,s1687-115
SSEG,s1030-115
SSFI,s1749-115
SSCM,s61-115
SSAF,s962-115
SSGA,s3050-115
SSAF,s3104-115
SSFI,s2912-115
SSEG,s1956-115
SSVA,s2117-115
SSBK,s3283-115
SSFI,s876-115
SSEV,s2381-115
SSHR,s3362-115
SSCM,s19-115
SSGA,s696-115
SSEG,s941-115
HSGO,s582-115
SSGA,s582-115
SSCM,s928-115
SSFI,s586-115
SSFI,s2687-115
SSFI,s1967-115
SSEV,s3381-115
SLIN,s133-115
SSHR,s889-115
SSBK,s2499-115
SSJU,s237-115
SSJU,s3214-115
SSFI,s290-115
SSHR,s2669-115
SSFI,s2425-115
SSEV,s1401-115
SSCM,s3348-115
SSJU,s3543-115
SSFI,s3559-115
SSBK,s1798-115
SSBK,s1368-115
SSEG,s884-115
SSCM,s2694-115
SSFI,s3246-115
SSEV,s453-115
SSFI,s176-115
SSCM,s228-115
SSEG,s2560-115
SSCM,s2343-115
SSSB,s540-115
SSFI,s540-115
SSFI,s2675-115
HSFA,hres160-116
HSRU,hres564-116
HSRU,hres765-116
HSVR,hres434-116
HSIF,hres147-116
HSRU,hres415-116
HSAS,hres269-116
HSVR,hres269-116
HSJU,hres163-116
HSIF,hres163-116
HSED,hres163-116
HSJU,hres285-116
HSFA,hres727-116
HSJU,hres81-116
HSIF,hres146-116
HSAG,hres775-116
HSII,hres775-116
HSRU,hres466-116
HSIF,hres356-116
HSJU,hres526-116
HSHA,hres526-116
HSRU,hres526-116
HSFA,hres310-116
HSFA,hres452-116
HSIF,hres549-116
HSJU,hres702-116
HSJU,hres170-116
HSHM,hres170-116
HSWM,hres170-116
HSJU,hres231-116
HSED,hres231-116
HSIF,hres290-116
HSFA,hres894-116
HSIF,hres714-116
HSRU,hres758-116
HSJU,hres489-116
HSVR,hres455-116
HSAS,hres455-116
HSIF,hres271-116
HSIF,hres161-116
HSJU,hres191-116
HSED,hres191-116
HSJU,hres465-116
HSJU,hres514-116
HSED,hres514-116
HSAS,hres39-116
HSVR,hres39-116
HSRU,hres257-116
HSGO,hres79-116
HSIF,hres179-116
HSGO,hres23-116
HSIF,hres602-116
HSGO,hres84-116
HSAP,hres84-116
HSIF,hres470-116
HSAS,hres511-116
HSJU,hres394-116
HSED,hres394-116
HSRU,hres355-116
HSHA,hres107-116
HSVR,hres100-116
HSED,hres100-116
HSGO,hres108-116
HSGO,hres54-116
HSAG,hres379-116
HSGO,hres369-116
HSFA,hres454-116
HSSY,hres153-116
HSJU,hres299-116
HSHM,hres299-116
HSED,hres402-116
HSII,hres403-116
HSAS,hres403-116
HSVR,hres403-116
HSED,hres119-116
HSJU,hres289-116
HSFA,hres289-116
HSBA,hres456-116
HSJU,hres41-116
HSFA,hres91-116
HSIF,hres478-116
HSFA,hres367-116
HSED,hres578-116
HSRU,hres430-116
HSBA,hres327-116
HSFA,hres259-116
HSRU,hres476-116
HSJU,hres272-116
HSJU,hres555-116
HSIF,hres555-116
HSIF,hconres52-116
HSJU,hconres20-116
HSVR,hconres13-116
HSJU,hr4330-116
HSHM,hr4330-116
HSFA,hr4330-116
SSVA,hr3749-116
HSVR,hr3749-116
HSVR,hr2340-116
SSGA,hr3670-116
HSHM,hr3670-116
SSHR,hr2639-116
HSED,hr2639-116
HSAG,hr4930-116
HSII,hr4930-116
HSIF,hr946-116
HSIF,hr1743-116
HSSY,hr1743-116
HSED,hr4019-116
SSCM,hr5567-116
HSIF,hr5567-116
HSVR,hr2677-116
HSGO,hr760-116
HSWM,hr1545-116
HSAG,hr3817-116
HSIF,hr3817-116
HSIF,hr1682-116
HSWM,hr1682-116
SSGA,hr4713-116
HSHM,hr4713-116
HSBA,hr2572-116
HSWM,hr1916-116
HSED,hr1916-116
HSWM,hr222-116
HSBA,hr5336-116
HSII,hr4901-116
HSIF,hr530-116
HSFA,hr3501-116
HSBA,hr3501-116
HSJU,hr3501-116
HSWM,hr4646-116
HSWM,hr2923-116
SSGA,hr5273-116
HSHM,hr5273-116
HSED,hr2651-116
HSED,hr1161-116
HSPW,hr1698-116
HSAS,hr2330-116
HSIF,hr819-116
HSIF,hr2463-116
HSED,hr2463-116
HSWM,hr2463-116
HSPW,hr5449-116
HSED,hr1129-116
HSED,hr1915-116
HSBU,hr1568-116
HSII,hr1568-116
SSCM,hr3409-116
HSPW,hr3409-116
HSFA,hr739-116
HSWM,hr302-116
HSGO,hr1022-116
HSHA,hr1022-116
HSII,hr2199-116
HSAP,hr195-116
HSJU,hr541-116
HSHM,hr541-116
HSVR,hr1119-116
HSII,hr1119-116
HSGO,hr1119-116
HSED,hr1119-116
HSBA,hr1119-116
HSWM,hr1119-116
HSIF,hr1119-116
HSJU,hr1119-116
HSII,hr642-116
HSIF,hr1644-116
HSII,hr4179-116
HSAS,hr4179-116
HSPW,hr4179-116
HSWM,hr898-116
SSHR,hr2075-116
HSIF,hr2075-116
HSJU,hr4510-116
HSJU,hr4836-116
HSIF,hr4836-116
SSJU,s1979-115
HSHA,s1050-115
HSBA,s1050-115
SSBK,s1050-115
SSJU,s281-115
SSFI,s3692-115
SSVA,s3355-115
SSFI,s2436-115
SSFI,s2875-115
SSEG,s590-115
SSJU,s1922-115
SSFI,s3079-115
SSEV,s3779-115
SSEG,s1646-115
SSHR,s2259-115
SSFI,s711-115
SSFI,s3660-115
SSBU,s2366-115
SSHR,s1188-115
SSHR,s196-115
SSEV,s375-115
SSCM,s2576-115
SSFI,s776-115
SSCM,s3264-115
SSFI,s803-115
SSAS,s667-115
SSHR,s1004-115
SSAF,s1921-115
SSEG,s3056-115
SSHR,s3218-115
SSCM,s2783-115
SSHR,s655-115
SSEV,s125-115
SSHR,s2317-115
SSFI,s2683-115
SSFI,s2051-115
HSGO,s2178-115
SSGA,s2178-115
SSHR,s2125-115
SSFI,s1299-115
SSFI,s1334-115
SSVA,s152-115
HSHM,s2023-115
SSCM,s2023-115
SSEV,s1398-115
SSEG,s1875-115
SSFI,s2446-115
SSFI,s2371-115
SSFI,s1925-115
SSBK,s2098-115
SSVA,s683-115
SSSB,s3553-115
HSHM,s904-115
SSJU,s904-115
SSBK,s2127-115
SSEG,s1959-115
SSBK,s3040-115
SSBK,s1058-115
SSFI,s1911-115
SSFI,s915-115
SSHR,s3685-115
SSHR,s2828-115
SSEG,s1073-115
SSCM,s3400-115
SSHR,s1694-115
SSFR,s2412-115
SSJU,s2195-115
SSFI,s76-115
HSHM,s708-115
SSGA,s708-115
SSCM,s3799-115
SSJU,s318-115
SSFI,s2691-115
SSHR,s2530-115
SSHR,s92-115
SSEV,s2461-115
SSBK,s1982-115
SSFI,s2704-115
SSJU,s1108-115
SSFI,s1383-115
SSCM,s3273-115
SSFI,s568-115
SSJU,s522-115
SSEV,s3192-115
SSHR,s1801-115
SSEG,s2102-115
SSGA,s2880-115
SSBK,s3070-115
SSEG,s966-115
SSBU,s1-115
SSJU,s2145-115
SSHR,s1774-115
HSGO,s1088-115
SSGA,s1088-115
SSAF,s2428-115
SSHR,s1658-115
SSJU,s1431-115
SSEG,s2297-115
SSEV,s2942-115
SSBK,s2885-115
SSFI,s2026-115
SSHR,s862-115
SSEG,s1602-115
HSJU,hres556-116
HSHM,hres556-116
HSSO,hres556-116
HSBA,hres556-116
HSWM,hres556-116
HSED,hres556-116
HSSY,hres556-116
HSGO,hres556-116
HLIG,hres556-116
HSHA,hres556-116
HSVR,hres413-116
HSFA,hres413-116
HSAS,hres413-116
HSAG,hres322-116
HSVR,hres152-116
HSFA,hres152-116
HSFA,hres395-116
HSFA,hres138-116
HSRU,hres172-116
HSFA,hres432-116
HSJU,hres400-116
HSFA,hres400-116
HSIF,hres606-116
HSAS,hres729-116
HSVR,hres729-116
HSRU,hres634-116
HSFA,hres190-116
HSIF,hres315-116
HSFA,hres752-116
HSFA,hres183-116
HSJU,hres183-116
HSFA,hres442-116
HSAS,hres442-116
HSII,hres250-116
HSRU,hres445-116
HSIF,hres587-116
HSIF,hres760-116
HSRU,hres708-116
HSWM,hres149-116
HSBU,hres149-116
HSFA,hres220-116
HLIG,hres576-116
HSJU,hres391-116
HSFA,hres106-116
HSAS,hres302-116
HSFA,hres302-116
HSIF,hres308-116
HSJU,hres288-116
HSII,hres288-116
HSAS,hres288-116
HSIF,hres288-116
HSPW,hres288-116
HSGO,hres288-116
HSWM,hres288-116
HSVR,hres270-116
HSAG,hres189-116
HSFA,hres189-116
HSGO,hres300-116
HSIF,hres388-116
HSED,hres388-116
HSFA,hres388-116
HSSM,hres730-116
HSIF,hres643-116
HSFA,hres441-116
HSIF,hres419-116
HSJU,hres464-116
HSFA,hres512-116
HSRU,hres102-116
HSFA,hres277-116
HSFA,hres672-116
HSIF,hres614-116
HSSY,hres614-116
HSJU,hres271-116
HSBA,hres206-116
HSFA,hres221-116
HSAS,hres126-116
HSAS,hres177-116
HSRU,hres695-116
HSFA,hres49-116
HSJU,hres499-116
HSIF,hres76-116
HSGO,hres254-116
HSED,hres312-116
HSRU,hres462-116
HSRU,hres293-116
HSBU,hres293-116
HSJU,hres747-116
HSIF,hres747-116
HSJU,hres641-116
HSII,hres641-116
HSAS,hres440-116
HSSO,hres157-116
HSFA,hres404-116
HSVR,hres404-116
HSED,hres35-116
HSAS,hres134-116
HSIF,hres242-116
HSJU,hres444-116
HSFA,hres444-116
HSRU,hres431-116
HSGO,hres78-116
HSII,hres555-116
HSWM,hres555-116
HSVR,hres555-116
HSED,hres555-116
HSBA,hres555-116
HSIF,hres16-116
HSIF,hres717-116
HSAS,hres468-116
HSFA,hres521-116
HSED,hres260-116
HSJU,hres698-116
HSVR,hres698-116
HSJU,hres255-116
HSIF,hres323-116
HSED,hres323-116
HSIF,hres317-116
HSFA,hres517-116
HSAS,hres361-116
HSAS,hres309-116
HSFA,hres309-116
HSGO,hres60-116
HSBA,hres77-116
HSAS,hres29-116
HSGO,hres353-116
HSED,hres480-116
HSIF,hres480-116
HSAS,hres219-116
HSFA,hres246-116
HSJU,hres246-116
HSSY,hres246-116
HSBA,hres246-116
HSIF,hres298-116
HSED,hres298-116
HSRU,hres660-116
HSIF,hres167-116
HSFA,hres167-116
HSED,hres176-116
HSJU,hres496-116
HSFA,hres575-116
HSIF,hres575-116
HSFA,hres296-116
HSAS,hres124-116
HSJU,hjres30-116
HSFA,hjres30-116
HSJU,hjres21-116
HSAP,hjres31-116
HSJU,hjres9-116
HSJU,hjres33-116
HSJU,hjres78-116
HSJU,hjres26-116
HSAP,hjres27-116
HSRU,hjres66-116
HSFA,hjres66-116
HSAP,hjres28-116
SSFR,sres171-116
SSFR,sres254-116
SSJU,sres91-116
SSFR,sres318-116
SSAS,sres24-116
SSJU,sres26-116
SSHR,sres149-116
SSJU,sres279-116
SSRA,sres55-116
SSVA,sres55-116
SSFR,sres96-116
SSHR,sres281-116
SSCM,sres306-116
SSHR,sres29-116
SSHR,sres116-116
SSFR,sres153-116
SSEG,sres372-116
SSHR,sres162-116
SSAS,sres160-116
SSAS,sres11-116
SSJU,sres233-116
SSJU,sres217-116
SSJU,sres102-116
SSVA,sres256-116
SSEG,sres128-116
SSEV,sres316-116
SSGA,sres280-116
SSFR,sres234-116
SSFR,sres34-116
SSGA,sres99-116
SSAP,sres66-116
SSFR,sres198-116
SSAF,sres208-116
HSIF,hr4510-116
HSSY,hr4347-116
HSGO,hr4347-116
HSPW,hr4347-116
HSAS,hr3041-116
HSPW,hr3210-116
SSBK,hr3620-116
HSBA,hr3620-116
HSPW,hr3481-116
HSWM,hr4284-116
HSII,hr312-116
HSWM,hr1008-116
HSRU,hr1008-116
HSJU,hr3311-116
SSGA,hr1307-116
HSBA,hr1307-116
HSSM,hr1307-116
HSPW,hr1307-116
HSII,hr1218-116
HSJU,hr76-116
HSIF,hr4296-116
HSED,hr4296-116
HSAS,hr2016-116
HSBA,hr2016-116
HSIF,hr4838-116
HSWM,hr4838-116
HSRU,hr1180-116
HSAP,hr1180-116
HSIF,hr1304-116
HSAS,hr2432-116
HSII,hr5046-116
HSPW,hr5255-116
HSPW,hr731-116
HSAG,hr4476-116
HSBA,hr4476-116
HSVR,hr3083-116
HSVR,hr3608-116
HSVR,hr2645-116
HSIF,hr2540-116
HSJU,hr1275-116
HSSY,hr1275-116
HSED,hr1275-116
HSGO,hr1275-116
HSVR,hr1275-116
HSHA,hr1275-116
SSVA,hr1199-116
HSVR,hr1199-116
HSJU,hr1931-116
HSHM,hr1931-116
HSAS,hr1931-116
HSWM,hr2297-116
HSIF,hr2701-116
HSIF,hr4461-116
HSGO,hr339-116
HSBA,hr5034-116
HSIF,hr3623-116
HSBA,hr3623-116
HSAP,hr3164-116
SSSB,hr5146-116
HSSM,hr5146-116
HSJU,hr1817-116
HSED,hr3782-116
HSBA,hr3629-116
HSED,hr2506-116
SSSB,hr4405-116
HSSM,hr4405-116
SSFR,hr4331-116
HSFA,hr4331-116
HSJU,hr4331-116
HSPW,hr3474-116
SSBK,hr281-116
HSBA,hr281-116
HSED,hr5249-116
HSED,hr3591-116
HSII,hr1128-116
HSIF,hr1128-116
HSBU,hr1128-116
HSIF,hr2638-116
HSBU,hr21-116
HSAP,hr21-116
HSIF,hr2061-116
HSWM,hr2061-116
HSIF,hr3223-116
HSSY,hr1029-116
HSII,hr1402-116
HSJU,hr3516-116
HSAG,hr4726-116
HSVR,hr4554-116
HSAS,hr910-116
HSFA,hr910-116
SSCM,hr2726-116
HSPW,hr2726-116
HSIF,hr4388-116
HSBA,hr2318-116
HSJU,hr372-116
HSAG,hr2607-116
HSII,hr2607-116
HSBA,hr2545-116
HSJU,hr765-116
HSHA,hr765-116
HSGO,hr765-116
HSRU,hr765-116
HSBU,hr765-116
HSAS,hr4295-116
HSII,hr5445-116
HSPW,hr4880-116
SSCM,hr1775-116
HSPW,hr1775-116
HLIG,hr2529-116
HSFA,hr2529-116
SSCM,hr1237-116
HSSY,hr1237-116
SSEV,hr535-116
HSPW,hr535-116
HSIF,hr535-116
HSFA,hr669-116
HSPW,hr3159-116
HSIF,hr1281-116
HSII,hr382-116
HSIF,hr3302-116
HSWM,hr3302-116
HSII,hr3824-116
SSBK,hr4863-116
HSBA,hr4863-116
HSIF,hr2447-116
HSWM,hr2447-116
HSGO,hr1051-116
HSWM,hr720-116
HSJU,hr1456-116
HSAG,hr1456-116
HSII,hr1456-116
HSIF,hr1456-116
HSBA,hr1456-116
HSED,hr4089-116
HSVR,hr698-116
HSIF,hr863-116
HSAS,hr2904-116
HSBA,hr2904-116
HSRU,hres28-116
HSAS,hres229-116
HSFA,hres326-116
HSWM,hres236-116
HSIF,hres592-116
HSSY,hres592-116
HSHA,hres14-116
HSRU,hres14-116
HSFA,hres238-116
HSAS,hres99-116
HSPW,hres756-116
HSJU,hres756-116
HSHA,hres756-116
HSIF,hres214-116
HSAS,hres214-116
HSFA,hres214-116
HSIF,hres337-116
HSIF,hjres74-116
HSWM,hjres74-116
HSJU,hjres7-116
HSJU,hjres53-116
HSJU,hjres4-116
HSJU,hjres8-116
HSED,hjres76-116
SSFR,hjres37-116
HSFA,hjres37-116
HSJU,hjres73-116
HSAP,hjres45-116
HSAP,hjres1-116
HSJU,hjres38-116
HSJU,hjres2-116
HSJU,hjres35-116
HSJU,hjres39-116
HSJU,hjres65-116
SSAS,hjres46-116
HSPW,hjres46-116
HSJU,hjres6-116
HSJU,hjres13-116
HSJU,hjres52-116
HSJU,hjres23-116
SSJU,hjres79-116
HSJU,hjres79-116
HSAS,sconres3-116
HSFA,sconres3-116
HSGO,sconres3-116
HSII,sconres3-116
SSEG,sconres3-116
HSHA,sconres6-116
SSBU,sconres12-116
SSFR,sconres29-116
SSGA,sconres15-116
SSFR,sconres2-116
SSFR,sconres10-116
HSGO,sconres31-116
SSCM,sconres5-116
SSHR,sconres18-116
SSEV,sconres22-116
SSBU,sconres11-116
SSFR,sconres16-116
SSRA,sres50-116
SSRA,sres42-116
SSAS,sres42-116
SSFI,sres78-116
SSHR,sres205-116
SSHR,sres273-116
SSFR,sres232-116
SSFR,sres458-116
SSAS,sres72-116
SSHR,sres154-116
SSFR,sres27-116
SSEV,sres59-116
SSJU,sres32-116
SSHR,sres339-116
SSAF,sres391-116
SSFR,sres277-116
SSJU,sres134-116
SSJU,sres85-116
SSFR,sres371-116
SSFR,sres150-116
SSFR,sres120-116
SSCM,sres345-116
SSJU,sres189-116
SSFR,sres337-116
SSFR,sres260-116
SSEG,sres411-116
SSRA,sres463-116
SSEG,sres315-116
SSHR,sres110-116
SSRA,sres49-116
SSGA,sres49-116
SSCM,sres259-116
HSWM,hconres55-116
HSIF,hconres55-116
HSIF,hconres65-116
HSRU,hconres68-116
HSPW,hconres37-116
HSWM,hconres7-116
HSAG,hconres7-116
HSWM,hconres41-116
HSAS,hconres43-116
HSPW,hconres36-116
HSFA,hconres15-116
HSFA,hconres39-116
HSED,hconres30-116
HSAS,hconres18-116
HSFA,hconres18-116
HSGO,hconres18-116
HSII,hconres18-116
HSAG,hconres71-116
HSFA,hconres71-116
HSFA,hconres23-116
HSJU,hconres17-116
HSHM,hconres17-116
HSAS,hconres49-116
HSJU,hconres24-116
SSFR,hconres83-116
HSFA,hconres83-116
HSJU,hconres5-116
HSFA,hconres5-116
HSWM,hconres2-116
HSRU,hconres2-116
HSED,hconres59-116
HSIF,hconres8-116
HSWM,hconres27-116
HSIF,hconres40-116
HSGO,hconres56-116
HSIF,hr5453-116
HSWM,hr5453-116
HSII,hr1321-116
HSAS,hr1019-116
HSHM,hr4237-116
HSGO,hr4237-116
HSED,hr3315-116
HSPW,hr3872-116
HSBA,hr3872-116
HSVR,hr3450-116
HSIF,hr380-116
HSJU,hr5289-116
HSWM,hr5289-116
HSIF,hr108-116
HSIF,hr4946-116
HSWM,hr4946-116
HSWM,hr1814-116
HSIF,hr1835-116
HSJU,hr2896-116
HSAS,hr2944-116
HSII,hr3977-116
HSIF,hr5530-116
HSVR,hr303-116
HSAS,hr303-116
HSWM,hr1043-116
HSIF,hr5326-116
HSWM,hr5326-116
HSJU,hr4789-116
HSIF,hr4379-116
HSPW,hr1170-116
HSWM,hr1170-116
HSED,hr1170-116
HSED,hr1054-116
HSGO,hr1054-116
HSVR,hr3866-116
HSJU,hr1344-116
HSIF,hr1344-116
HSWM,hr1344-116
HSJU,hr4255-116
HSED,hr672-116
HSGO,hr3579-116
HSVR,hr96-116
HSIF,hr2683-116
HSJU,hr717-116
HSJU,hr196-116
HSHA,hr650-116
HSJU,hr4359-116
HSJU,hr1324-116
HSPW,hr3208-116
HSED,hr3208-116
HSVR,hr3277-116
SSJU,hr4803-116
HSJU,hr4803-116
HSJU,hr4311-116
HSWM,hr219-116
HSVR,hr3523-116
HSII,hr3523-116
HSIF,hr3523-116
HSAS,hr3523-116
HSGO,hr3523-116
HSWM,hr3523-116
HSJU,hr3222-116
HSJU,hr2071-116
HSWM,hr4926-116
HSIF,hr1398-116
HSWM,hr1398-116
HSBU,hr1946-116
HSHA,hr1946-116
HSJU,hr1164-116
SSFR,hr2153-116
HSFA,hr2153-116
HSAG,hr4033-116
HSII,hr4033-116
HSIF,hr4033-116
HSPW,hr4033-116
HSWM,hr4033-116
HSBU,hr4033-116
HSII,hr29-116
HSJU,hr29-116
HSWM,hr4671-116
HSIF,hr4671-116
HSPW,hr5109-116
HSAG,hr961-116
HSIF,hr961-116
HSAS,hr2598-116
HSED,hr2312-116
HSAS,hr1746-116
HSGO,hr1255-116
HSAS,hr442-116
HSBA,hr442-116
HSED,hr1733-116
HSWM,hr2993-116
HSWM,hr1366-116
HSED,hr4497-116
SSGA,hr4971-116
HSGO,hr4971-116
SSJU,hr1663-116
HSJU,hr1663-116
HSJU,hr2261-116
HSIF,hr2119-116
HSIF,hr3145-116
HSIF,hr3427-116
SSHR,hr4564-116
HSIF,hr4564-116
HSWM,hr1507-116
HSED,hr3125-116
HSIF,hr3296-116
HSWM,hr3296-116
HSED,hr3296-116
HSBA,hr5599-116
HSJU,hr4872-116
HSII,hr2406-116
HSAS,hr2406-116
HSVR,hr2406-116
HSGO,hr2406-116
HSJU,hr4292-116
HSIF,hr4676-116
HSWM,hr4676-116
HSIF,hr1602-116
HSIF,hr1394-116
HSWM,hr1394-116
HSWM,hr2690-116
HSII,hr1067-116
HSAG,hr562-116
HSVR,hr562-116
HSJU,hr2737-116
HSVR,hr2568-116
HSED,hr1154-116
SSFR,hr4508-116
HSFA,hr4508-116
SSBK,hr2162-116
HSBA,hr2162-116
HSJU,hr1012-116
HSGO,hr2158-116
HSBU,hr648-116
HSAP,hr648-116
HSJU,hr3572-116
HSBA,hr2930-116
HSJU,hr511-116
HSIF,hr3637-116
HSWM,hr3943-116
HSIF,hr5564-116
HSED,hr3322-116
HSJU,hr1996-116
HSGO,hr92-116
HSHA,hr92-116
HSJU,hr1298-116
HSED,hr1298-116
HSIF,hr4553-116
HSVR,hr2997-116
HSBA,hr2578-116
HSAS,hr620-116
HSWM,hr856-116
HSIF,hr856-116
HSII,hr1578-116
HSHM,hr1578-116
HSGO,hr164-116
HSHA,hr164-116
HSIF,hr327-116
HSED,hr3097-116
HSBA,hr3621-116
HSAG,hr4895-116
HSWM,hr1625-116
HSHA,hr290-116
HSWM,hr290-116
HSWM,hr2864-116
SSBK,hr2613-116
HSBA,hr2613-116
HSED,hr4240-116
HSAG,hr5218-116
HSII,hr5218-116
HSWM,hr5271-116
HSJU,hr2585-116
HSFA,hr2876-116
HSED,hr5528-116
HSVR,hr4086-116
HSAS,hr4086-116
HSED,hr488-116
HSWM,hr446-116
HSPW,hr3091-116
HSSY,hr3091-116
HSIF,hr4397-116
HSED,hr4397-116
HSIF,hr466-116
HSFA,hr1033-116
HSII,hr418-116
HSIF,hr4899-116
HSWM,hr766-116
HSGO,hr766-116
SSEG,hr362-116
HSIF,hr362-116
HSIF,hr4691-116
HSED,hr4637-116
HSGO,hr5270-116
HSGO,hr1604-116
HSJU,hr33-116
HSIF,hr1934-116
HSBU,hr638-116
HSRU,hr638-116
SSEV,hr831-116
HSPW,hr831-116
HSJU,hr1339-116
HSBA,hr471-116
SSHR,hr2271-116
HSIF,hr2271-116
HSIF,hr4701-116
HSWM,hr4701-116
HSWM,hr3323-116
HSIF,hr1332-116
HSAS,hr1332-116
HSHA,hr1332-116
HSBU,hr1332-116
HSRU,hr1332-116
HSED,hr1332-116
HSGO,hr1332-116
HSJU,hr1332-116
HSWM,hr1332-116
HSHM,hr2160-116
HSJU,hr1514-116
HSII,hr1514-116
HSIF,hr2902-116
HSII,hr2031-116
HSED,hr982-116
HSWM,hr982-116
HSWM,hr3803-116
HSJU,hr87-116
HSRU,hr87-116
HSJU,hr4556-116
HSJU,hr3319-116
SSGA,hr135-116
HSGO,hr135-116
HSAG,hr3987-116
HSBA,hr3987-116
HSSY,hr4733-116
HSIF,hr3379-116
HSJU,hr2708-116
HSPW,hr2458-116
HSHM,hr705-116
SSRA,hr2722-116
HSSY,hr2722-116
HSHA,hr2722-116
HSIF,hr3819-116
HSAP,hr1124-116
SSFI,hr525-116
HSWM,hr525-116
HSIF,hr525-116
HSWM,hr5523-116
HSAG,hr3507-116
HSIF,hr3507-116
HSWM,hr3507-116
HSED,hr3117-116
HSHM,hr3459-116
HSAG,hr3459-116
HSII,hr3459-116
HSIF,hr3459-116
HSPW,hr3459-116
HSBA,hr3459-116
HSPW,hr3854-116
HSWM,hr3672-116
HSII,hr3747-116
HSIF,hr3747-116
HSPW,hr3747-116
HSED,hr792-116
HSFA,hr4722-116
SSRA,hr4990-116
HSHA,hr4990-116
HSSY,hr4990-116
HSVR,hr1482-116
HSAP,hr2839-116
SSFR,hr1850-116
HSFA,hr1850-116
HSBA,hr1850-116
HSED,hr2632-116
HSVR,hr637-116
HSJU,hr4131-116
HSIF,hr4131-116
HSWM,hr284-116
HSJU,hr4116-116
HSWM,hr4509-116
HSPW,hr1720-116
HSRU,hr1720-116
HSFA,hr1720-116
HSGO,hr1073-116
HSAG,hr5349-116
HSII,hr1333-116
HSIF,hr2355-116
HSED,hr3291-116
HSIF,hr3262-116
HSPW,hr3262-116
HSED,hr1485-116
HSBA,hr1387-116
HSED,hr2036-116
HSII,hr1979-116
HSIF,hr2710-116
HSWM,hr2710-116
HSIF,hr2248-116
HSFA,hr2248-116
HSED,hr1637-116
HSHA,hr1637-116
HSBA,hr5050-116
HSBA,hr3871-116
SSGA,hr4432-116
HSHM,hr4432-116
HSIF,hr3570-116
SSEV,hr1620-116
HSPW,hr1620-116
HSED,hr582-116
HSIF,hr913-116
HSIF,hr1954-116
HSII,hr2733-116
HSJU,hr2733-116
HSIF,hr5518-116
HSII,hr1023-116
SSGA,hr1063-116
HSGO,hr1063-116
HSIF,hr5015-116
HSWM,hr942-116
HSJU,hr4568-116
HSED,hr4706-116
HSWM,hr5161-116
HSGO,hr2204-116
HSAS,hr2171-116
SSHR,hr1646-116
HSSY,hr1646-116
HSIF,hr1646-116
HSIF,hr818-116
SSVA,hr4305-116
HSVR,hr4305-116
HSVR,hr5241-116
HSAS,hr5241-116
HSBA,hr1402-116
HSVR,hr2201-116
HSPW,hr1562-116
HSWM,hr5393-116
HSIF,hr3829-116
HSFA,hr3829-116
HSIF,hr3558-116
HSJU,hr2517-116
HSGO,hr2517-116
HSII,hr2945-116
HSAS,hr2945-116
HSJU,hr1627-116
HSJU,hr1210-116
HSJU,hr2820-116
HSJU,hr1112-116
SSVA,hr3530-116
HSVR,hr3530-116
HSJU,hr3553-116
HSSM,hr2603-116
HSGO,hr1858-116
HSIF,hr5017-116
HSPW,hr577-116
HSRU,hr577-116
HSGO,hr577-116
HSHA,hr577-116
SSBK,hr1122-116
HSBA,hr1122-116
HSIF,hr3127-116
HSWM,hr3127-116
HSVR,hr1722-116
HSWM,hr1906-116
HSJU,hr2452-116
HSII,hr2452-116
HSIF,hr2452-116
HSHA,hr2452-116
HSED,hr2452-116
HSWM,hr2452-116
HSED,hr1672-116
HSIF,hr4519-116
HSII,hr4831-116
HSWM,hr1516-116
HSIF,hr3434-116
HSWM,hr3051-116
HSJU,hr3252-116
HSFA,hr3252-116
HSIF,hr1282-116
HSPW,hr5431-116
HSAG,hr3771-116
HSII,hr3771-116
HSIF,hr3771-116
HSFA,hr3771-116
HSWM,hr1987-116
HSED,hr2421-116
HSII,hr244-116
HSBA,hr470-116
HSSY,hr3297-116
HSII,hr3297-116
HSJU,hr4226-116
HSIF,hr3240-116
HSVR,hr299-116
HSED,hr653-116
HSJU,hr1408-116
HSIF,hr3973-116
HSII,hr1222-116
HSJU,hr611-116
HSWM,hr1558-116
HSBU,hr4959-116
HSRU,hr4959-116
HSHA,hr1624-116
HSII,hr4093-116
HSSY,hr4093-116
HSBA,hr4664-116
SSCM,hr1289-116
HSIF,hr1289-116
HSWM,hr4549-116
HSIF,hr3966-116
HSWM,hr3966-116
HSRU,hr3966-116
HSED,hr3966-116
HSAG,hr5486-116
HSIF,hr5486-116
HSAS,hr3045-116
HSJU,hr1021-116
HSII,hr558-116
HSJU,hr883-116
HSWM,hr158-116
HSHA,hr3873-116
HSPW,hr5423-116
HSVR,hr5447-116
HSHA,hr679-116
HSIF,hr1391-116
HSIF,hr3853-116
HSGO,hr3509-116
HSED,hr1995-116
HSAS,hr3137-116
HSWM,hr1967-116
HSVR,hr2994-116
HSPW,hr892-116
HSIF,hr1981-116
HSVR,hr688-116
HSGO,hr688-116
HSIF,hr5144-116
HSWM,hr5144-116
HSED,hr5144-116
HSBA,hr1908-116
HSIF,hr171-116
HSHM,hr3320-116
HSED,hr4342-116
HSBA,hr1832-116
HSFA,hr2123-116
SSGA,hr1306-116
HSPW,hr1306-116
SSEG,hr3465-116
HSII,hr3465-116
HSPW,hr3388-116
HSED,hr662-116
HSHA,hr4464-116
HSWM,hr908-116
HSIF,hr2283-116
HSWM,hr2283-116
HSSY,hr3100-116
HSED,hr4584-116
HSIF,hr3375-116
HSVR,hr730-116
HSIF,hr3925-116
HSAS,hr1094-116
HSED,hr1094-116
HSED,hr3369-116
HSBA,hr3622-116
HSII,hr357-116
HSJU,hr606-116
HSWM,hr606-116
HSJU,hr175-116
SSVA,hr4852-116
HSVR,hr4852-116
HSIF,hr5216-116
HSWM,hr5216-116
HSIF,hr2428-116
SSFR,hr31-116
HSJU,hr31-116
HSBA,hr31-116
HSFA,hr31-116
HSED,hr170-116
HSED,hr4259-116
HSWM,hr5293-116
HSIF,hr5544-116
HSAS,hr1403-116
HSIF,hr1157-116
HSIF,hr3256-116
HSHM,hr3256-116
HSWM,hr2007-116
HSIF,hr2876-116
HSAP,hr858-116
HSPW,hr5106-116
HSBA,hr990-116
HSIF,hr990-116
HSJU,hr1684-116
HSIF,hr3984-116
SSFR,hr4802-116
HSFA,hr4802-116
HSAG,hr1372-116
HSWM,hr1372-116
HSSY,hr1372-116
HSFA,hr1372-116
HSIF,hr2689-116
HSAS,hr2689-116
HSGO,hr2689-116
SSFI,hr5430-116
SSCM,hr5430-116
SSBU,hr5430-116
SSEV,hr5430-116
SSFR,hr5430-116
SSHR,hr5430-116
SSAP,hr5430-116
HSGO,hr5430-116
HSIF,hr5430-116
HSAG,hr5430-116
HSBA,hr5430-116
HSPW,hr5430-116
HSBU,hr5430-116
HSJU,hr5430-116
HSFA,hr5430-116
HSII,hr5430-116
HSED,hr5430-116
HSWM,hr5430-116
HSVR,hr3640-116
HSWM,hr5296-116
HSIF,hr1959-116
HSGO,hr3499-116
HSII,hr356-116
HSBU,hr1429-116
HSAP,hr1429-116
HSIF,hr1603-116
HSED,hr1603-116
HSWM,hr4887-116
HSWM,hr1290-116
HSVR,hr846-116
HSJU,hr2857-116
HSAP,hr264-116
HSBA,hr189-116
HSJU,hr4488-116
SSFR,hr1771-116
HSFA,hr1771-116
SSSB,hr190-116
HSSM,hr190-116
HSPW,hr5427-116
HSJU,hr3991-116
HSIF,hr4629-116
HSWM,hr4629-116
HSED,hr1864-116
HSIF,hr5257-116
HSWM,hr457-116
HSHA,hr1968-116
HSBA,hr1968-116
HSED,hr827-116
HSHA,hr273-116
HSWM,hr273-116
HSWM,hr2073-116
HSIF,hr3656-116
HSJU,hr3656-116
HSBA,hr1910-116
HSWM,hr188-116
HSJU,hr1999-116
HSSM,hr3633-116
HSIF,hr3677-116
HSII,hr1240-116
HSBA,hr1286-116
HSIF,hr2909-116
HSSY,hr2909-116
HSIF,hr4700-116
HSPW,hr4700-116
HSED,hr1896-116
HSII,hr1650-116
SSGA,hr2539-116
HSHM,hr2539-116
HSIF,hr3165-116
HSED,hr3165-116
HSWM,hr3165-116
HSIF,hr4127-116
HSIF,hr3453-116
HSED,hr3453-116
HSWM,hr3453-116
HSIF,hr2668-116
HSAS,hr3038-116
HSSY,hr3038-116
HSWM,hr1028-116
HSHA,hr1028-116
HSGO,hr1028-116
HSGO,hr2575-116
HSGO,hr67-116
HSBA,hr5185-116
HSGO,hr26-116
HSHA,hr26-116
HSVR,hr3815-116
HSII,hr3815-116
HSIF,hr3815-116
HSAS,hr3815-116
HSWM,hr3815-116
HSBA,hr3815-116
HSGO,hr3815-116
HSII,hr2485-116
HSII,hr283-116
HSED,hr779-116
HSAP,hr3055-116
HSSY,hr4656-116
HSVR,hr3517-116
HSAS,hr3517-116
HSBA,hr5332-116
HSVR,hr1997-116
HSIF,hr5076-116
HSWM,hr5076-116
HSVR,hr663-116
HSAS,hr663-116
HSIF,hr1730-116
HSVR,hr4588-116
SSFI,hr1375-116
HSIF,hr1375-116
HSWM,hr1375-116
HSAG,hr3444-116
HSAP,hr3444-116
HSED,hr3444-116
SSBK,hr624-116
HSBA,hr624-116
HSED,hr2653-116
HSAS,hr2759-116
HSED,hr4371-116
HSIF,hr5022-116
HSVR,hr1599-116
HSSY,hr4166-116
HSPW,hr4166-116
HSWM,hr4953-116
HSJU,hr4939-116
HSJU,hr2812-116
SSHR,hr2519-116
HSIF,hr2519-116
HSJU,hr4018-116
HSAG,hr1276-116
HSII,hr1276-116
HSIF,hr422-116
HSII,hr2531-116
HSJU,hr2410-116
HSAG,hr2410-116
HSWM,hr2410-116
HSWM,hr4420-116
HSAS,hr1090-116
HSGO,hr1090-116
HSAS,hr814-116
HSGO,hr814-116
SSBK,hr3702-116
HSBA,hr3702-116
HSAP,hr3702-116
HSED,hr2279-116
HSPW,hr5175-116
HSIF,hr5175-116
HSAS,hr2555-116
HSBA,hr3664-116
HSWM,hr3664-116
HSIF,hr2377-116
HSAG,hr580-116
HSII,hr580-116
SSBK,hr3625-116
HSBA,hr3625-116
HSIF,hr2375-116
HSJU,hr2375-116
HSVR,hr2102-116
HSWM,hr3759-116
HSRU,hr3759-116
HSFA,hr3759-116
HSJU,hr232-116
HSWM,hr232-116
HSBA,hr232-116
HSAS,hr553-116
HSJU,hr5229-116
HSED,hr5229-116
HSWM,hr1660-116
HSJU,hr1069-116
HSIF,hr1114-116
HSWM,hr2209-116
HSJU,hr157-116
SSFR,hr1704-116
HSFA,hr1704-116
HSHA,hr3403-116
HSJU,hr3403-116
HSIF,hr173-116
HSGO,hr1203-116
HSWM,hr2472-116
HSGO,hr2472-116
HSII,hr1334-116
HSAP,hr5275-116
HSED,hr3667-116
HSJU,hr568-116
HSWM,hr3575-116
HSSY,hr3575-116
HSWM,hr1793-116
HSWM,hr2976-116
HSHA,hr1613-116
HSWM,hr5481-116
HSAS,hr2762-116
HSIF,hr4489-116
HSBA,hr1018-116
HSVR,hr2898-116
HSVR,hr1749-116
HSAS,hr1249-116
HSFA,hr1249-116
HSJU,hr4272-116
HSWM,hr4571-116
HSAS,hr613-116
HSIF,hr4004-116
HSVR,hr1718-116
HSPW,hr3156-116
HSIF,hr584-116
HSAS,hr700-116
HSED,hr4216-116
HSHA,hr4612-116
HSIF,hr1046-116
HSWM,hr1046-116
SSBK,hr2514-116
HSWM,hr2514-116
HSBA,hr2514-116
HSJU,hr1895-116
HSIF,hr1895-116
HSBA,hr1895-116
HSWM,hr1895-116
HSED,hr3130-116
HSIF,hr5232-116
HSIF,hr3644-116
HSWM,hr3644-116
HSJU,hr5265-116
HSFA,hr5265-116
HSJU,hr2842-116
HSHM,hr2842-116
HSIF,hr2095-116
HSPW,hr3324-116
HSII,hr307-116
HSIF,hr4128-116
HSIF,hr4063-116
HSWM,hr4063-116
HSED,hr3334-116
HSJU,hr215-116
HSBA,hr4501-116
HSIF,hr1329-116
HSBA,hr3685-116
SSBK,hr4067-116
HSBA,hr4067-116
HSED,hr3192-116
HSII,hr453-116
HSBA,hr1219-116
HSWM,hr1219-116
HSII,hr3510-116
SSEG,hr4447-116
HSED,hr5241-116
HSPW,hr3184-116
HSVR,hr2931-116
HSIF,hr4619-116
HSWM,hr4619-116
HSJU,hr3102-116
HSWM,hr3102-116
HSED,hr3102-116
HSII,hr3424-116
HSIF,hr1419-116
HSSY,hr2448-116
HSAP,hr350-116
SSJU,hr4812-116
HSJU,hr4812-116
HSIF,hr4812-116
HSIF,hr5410-116
HSJU,hr98-116
HSGO,hr151-116
HSAS,hr3840-116
HSJU,hr4062-116
HSED,hr4965-116
SSCM,hr3469-116
HSHM,hr3469-116
HSPW,hr2475-116
HSIF,hr275-116
HSWM,hr275-116
HSJU,hr2374-116
HSWM,hr3992-116
HSIF,hr1887-116
HSJU,hr4442-116
HSWM,hr675-116
HSGO,hr2903-116
HSWM,hr4857-116
HSIF,hr4006-116
HSBA,hr4783-116
SSBK,hr4344-116
HSBA,hr4344-116
HSII,hr291-116
HSWM,hr986-116
HSIF,hr986-116
HSWM,hr868-116
HSWM,hr1508-116
HSGO,hr2382-116
HSII,hr1048-116
HSPW,hr4309-116
HSED,hr2831-116
HSJU,hr1519-116
HSAG,hr1519-116
HSPW,hr1519-116
HSBA,hr1519-116
HSED,hr1519-116
HSSM,hr1519-116
HSWM,hr3832-116
HSJU,hr4082-116
HSII,hr1147-116
HSED,hr1395-116
HSWM,hr2990-116
HSAS,hr3015-116
HSWM,hr3967-116
SSJU,hr450-116
HSJU,hr450-116
HSVR,hr1810-116
HSAS,hr1810-116
HSED,hr1810-116
HSWM,hr1810-116
HSBA,hr1810-116
HSJU,hr783-116
HSVR,hr2629-116
SSJU,hr549-116
HSJU,hr549-116
HSIF,hr4484-116
HSED,hr4484-116
HSPW,hr879-116
HSBA,hr5547-116
HSIF,hr3030-116
HSWM,hr3030-116
HSIF,hr4982-116
HSWM,hr1711-116
HSED,hr3891-116
SSBK,hr1815-116
HSBA,hr1815-116
SSFR,hr4636-116
HSFA,hr4636-116
HSPW,hr977-116
HSII,hr548-116
HSIF,hr3849-116
HSII,hr1353-116
HSWM,hr177-116
HSBA,hr4320-116
HSWM,hr3587-116
SSJU,hr1423-116
HSJU,hr1423-116
HSIF,hr3981-116
HSAG,hr3981-116
HSJU,hr4207-116
HSVR,hr2798-116
HSRU,hr2996-116
HSWM,hr2996-116
HSWM,hr1851-116
HSHM,hr4482-116
HSAG,hr4482-116
SSCM,hr2211-116
HSIF,hr2211-116
HSFA,hr145-116
SSJU,hr4-116
HSJU,hr4-116
HSSY,hr2659-116
SSVA,hr2227-116
HSVR,hr2227-116
HSII,hr368-116
HSWM,hr2498-116
HSPW,hr2237-116
HSIF,hr3105-116
HSII,hr2405-116
HSJU,hr2471-116
HSWM,hr1452-116
HSIF,hr369-116
HSPW,hr180-116
HSWM,hr180-116
HSIF,hr2154-116
HSVR,hr3112-116
HSAS,hr3112-116
HSED,hr3112-116
HSIF,hr3057-116
HSWM,hr4072-116
HSVR,hr2223-116
HSWM,hr1052-116
HSIF,hr1052-116
HSPW,hr5499-116
HSIF,hr1970-116
HSWM,hr1970-116
HSJU,hr1493-116
HSGO,hr1493-116
HSBA,hr1493-116
HSFA,hr1493-116
HSIF,hr4913-116
HSWM,hr4913-116
HSIF,hr634-116
HSVR,hr127-116
HSIF,hr127-116
HSJU,hr127-116
HSJU,hr989-116
HSED,hr989-116
HSSY,hr3828-116
HSII,hr4741-116
HSIF,hr4741-116
HSJU,hr1228-116
HSJU,hr952-116
HSBA,hr5330-116
HSWM,hr545-116
HSGO,hr545-116
HSIF,hr3605-116
HSJU,hr2911-116
HSBA,hr4491-116
HSJU,hr4202-116
SSJU,hr3525-116
HSHM,hr3525-116
HSJU,hr1671-116
HSBA,hr166-116
HSWM,hr1251-116
HSII,hr4348-116
HSAS,hr3727-116
HSIF,hr1544-116
HSIF,hr1367-116
HSBA,hr4492-116
HSIF,hr3447-116
SSBK,hr4270-116
HSFA,hr4270-116
HSBU,hr1172-116
HSHA,hr1172-116
HSGO,hr1172-116
HSAP,hr1172-116
HSPW,hr3167-116
HSBA,hr3167-116
HSBA,hr3088-116
HSJU,hr1741-116
HSII,hr1741-116
HSIF,hr1741-116
HSBA,hr1741-116
HSII,hr1317-116
HSPW,hr1317-116
HSBA,hr1317-116
HSGO,hr1317-116
HSSY,hr1317-116
HSIF,hr1315-116
HSED,hr1315-116
HSED,hr3489-116
HSBA,hr123-116
HSJU,hr3665-116
HSPW,hr3758-116
HSJU,hr2093-116
HSIF,hr2093-116
HSPW,hr2093-116
HSGO,hr1736-116
HSBA,hr2650-116
HSIF,hr5640-116
HSBA,hr1285-116
HSWM,hr3473-116
SSGA,hr247-116
HSGO,hr247-116
SSGA,hr2476-116
HSHM,hr2476-116
HSPW,hr2793-116
HSFA,hr2456-116
HSPW,hr5117-116
HSED,hr5205-116
HSVR,hr3221-116
HSIF,hr1323-116
HSWM,hr1323-116
HSIF,hr1409-116
HSWM,hr1409-116
HSGO,hr1409-116
HSIF,hr2439-116
HSWM,hr2439-116
HSPW,hr4547-116
HSJU,hr1397-116
SSBK,hr4351-116
HSBA,hr4351-116
HSII,hr5153-116
HSGO,hr1484-116
HSWM,hr949-116
HSED,hr1994-116
HSWM,hr1994-116
HSJU,hr269-116
HSVR,hr269-116
HSHM,hr269-116
HSIF,hr269-116
SSEG,hr2546-116
HSII,hr2546-116
HSWM,hr2219-116
SSHR,hr2528-116
HSSY,hr2528-116
HSFA,hr2881-116
HSIF,hr2881-116
HSED,hr5283-116
HSJU,hr250-116
HSED,hr250-116
HSWM,hr250-116
HSIF,hr1342-116
HSED,hr1861-116
HSJU,hr1522-116
HSIF,hr3890-116
HSIF,hr2608-116
HSIF,hr1277-116
HSWM,hr1277-116
HSJU,hr1262-116
HSGO,hr5125-116
HSJU,hr1761-116
HSFA,hr2836-116
HSED,hr1592-116
HSJU,hr4022-116
HSAS,hr4022-116
HSJU,hr3735-116
HSIF,hr4048-116
HSIF,hr1009-116
HSIF,hr4538-116
HSGO,hr2530-116
HSWM,hr2624-116
HSSM,hr5348-116
HSIF,hr4158-116
HSII,hr2438-116
HSJU,hr2438-116
HSRU,hr1853-116
HSGO,hr1853-116
HSIF,hr3325-116
HSAG,hr3705-116
HSII,hr2050-116
HSIF,hr2050-116
HSPW,hr2050-116
HSJU,hr4170-116
HSIF,hr4170-116
HSJU,hr3063-116
HSAS,hr2937-116
HSIF,hr5448-116
HSIF,hr2917-116
HSED,hr2917-116
HSPW,hr370-116
HSIF,hr370-116
HSAS,hr248-116
HSWM,hr1035-116
HSGO,hr1035-116
HSIF,hr1035-116
HSWM,hr2774-116
HSII,hr3755-116
HSHA,hr1178-116
HSAP,hr1178-116
HSRU,hr5083-116
HSBU,hr5083-116
HSBA,hr5083-116
HSWM,hr5083-116
HSED,hr2728-116
HSJU,hr3118-116
HSGO,hr3118-116
HSHA,hr3118-116
HSPW,hr1701-116
HSGO,hr1701-116
HSJU,hr2179-116
HSII,hr2854-116
HSVR,hr1713-116
HSAG,hr1919-116
HSED,hr2808-116
HSED,hr849-116
SSVA,hr1615-116
HSVR,hr1615-116
HSSM,hr1615-116
HSPW,hr3205-116
HSED,hr3205-116
HSII,hr2588-116
HSIF,hr2588-116
SSEV,hr866-116
HSPW,hr866-116
HSED,hr2966-116
HSVR,hr1092-116
HSAS,hr1092-116
SSHR,hr2480-116
HSED,hr2480-116
SSFI,hr3935-116
HSIF,hr3935-116
HSIF,hr3929-116
HSIF,hr4321-116
HSWM,hr4321-116
HSBA,hr4321-116
HSHM,hr3484-116
HSII,hr4208-116
HSII,hr1014-116
HSJU,hr2922-116
HSIF,hr2922-116
HSWM,hr2922-116
HSED,hr2922-116
HSBU,hr2922-116
HSWM,hr4530-116
HSIF,hr5321-116
HSED,hr1899-116
HSED,hr3150-116
HSJU,hr3200-116
HSIF,hr1960-116
HSWM,hr1960-116
HSIF,hr2408-116
HSWM,hr2408-116
HSAP,hr622-116
HSED,hr7-116
SSHR,hr3539-116
HSIF,hr3539-116
SSGA,hr2151-116
HSGO,hr2151-116
HSBA,hr3289-116
HSJU,hr3289-116
HSED,hr4206-116
HSJU,hr719-116
HSGO,hr597-116
HSJU,hr3285-116
HSWM,hr3274-116
HSED,hr1878-116
HSAS,hr2388-116
HSRU,hr2388-116
HSJU,hr2933-116
HSAG,hr2933-116
HSPW,hr2462-116
HSBA,hr2462-116
HSJU,hr2274-116
HSVR,hr2274-116
HSPW,hr2274-116
HSSY,hr2274-116
HSIF,hr1559-116
HSHA,hr118-116
HSWM,hr950-116
HSGO,hr950-116
HSII,hr1162-116
HSED,hr2335-116
SSHR,hr4078-116
HSIF,hr4078-116
HSPW,hr169-116
HSVR,hr1183-116
HSAS,hr1183-116
HSIF,hr1183-116
HSWM,hr1183-116
HSHA,hr3686-116
HSIF,hr2975-116
HSWM,hr1804-116
HSPW,hr880-116
HSWM,hr880-116
HSPW,hr3616-116
HSAS,hr1462-116
HSIF,hr1533-116
HSWM,hr1533-116
HSED,hr1724-116
HSIF,hr5434-116
HSWM,hr515-116
HSJU,hr2750-116
HSVR,hr2750-116
SSFI,hr3884-116
HSGO,hr3884-116
HSII,hr3884-116
HSSM,hr3884-116
HSWM,hr3884-116
HSED,hr3884-116
HSAG,hr3884-116
HSIF,hr3884-116
HSJU,hr3884-116
HSIF,hr2464-116
HSIF,hr5416-116
HSPW,hr5416-116
HSAG,hr5416-116
HSWM,hr5416-116
HSBA,hr5416-116
HSVR,hr3178-116
HSAS,hr3178-116
HSIF,hr461-116
HSIF,hr1948-116
HSWM,hr1948-116
HSIF,hr2715-116
HSGO,hr4382-116
HSIF,hr5000-116
HSED,hr4107-116
HSII,hr1168-116
HSPW,hr1168-116
HSWM,hr1168-116
HSJU,hr1168-116
HSFA,hr1168-116
HSGO,hr1168-116
HSSY,hr1168-116
HSBA,hr1168-116
HSIF,hr1168-116
HSED,hr1168-116
SSHR,hr1230-116
HSED,hr1230-116
HSII,hr1031-116
HSPW,hr664-116
HSBA,hr2065-116
HSWM,hr2065-116
HSED,hr2065-116
SSEG,hr434-116
HSII,hr434-116
HSJU,hr4256-116
HSJU,hr2537-116
HSVR,hr3652-116
HSIF,hr2788-116
HSWM,hr2788-116
HSWM,hr1852-116
HSED,hr1777-116
HSBA,hr1978-116
HSJU,hr5327-116
HSII,hr1834-116
HSBA,hr2753-116
HSIF,hr3654-116
HSWM,hr3654-116
HSJU,hr965-116
HSIF,hr965-116
HSWM,hr5089-116
HSWM,hr2177-116
HSHA,hr1422-116
HSPW,hr1822-116
HSHA,hr4055-116
HSSY,hr3744-116
HSFA,hr4097-116
HSVR,hr1750-116
HSVR,hr2557-116
SSFI,hr2115-116
HSIF,hr2115-116
HSWM,hr2115-116
HSVR,hr713-116
HSPW,hr4376-116
HSRU,hr4376-116
HSVR,hr154-116
HSJU,hr4192-116
HSSY,hr3014-116
HSSM,hr3014-116
HSAS,hr3014-116
HSSY,hr2019-116
HSIF,hr3079-116
HSWM,hr1977-116
HSPW,hr2776-116
HSJU,hr3376-116
HSHA,hr1681-116
HSII,hr2352-116
HSPW,hr2352-116
HSSY,hr2352-116
HSBU,hr268-116
HSAP,hr268-116
HSVR,hr3495-116
HSIF,hr2597-116
HSSY,hr2597-116
HSAS,hr2495-116
HSSY,hr2495-116
HSIF,hr2602-116
HSIF,hr251-116
HSHM,hr251-116
HSWM,hr366-116
HSIF,hr366-116
HSAS,hr1714-116
HSFA,hr3960-116
HSWM,hr576-116
HSIF,hr576-116
HSII,hr139-116
HSVR,hr2138-116
HSWM,hr3301-116
HSJU,hr2418-116
HSHA,hr5196-116
HSWM,hr1376-116
HSII,hr670-116
HSWM,hr652-116
HSIF,hr652-116
HSJU,hr2837-116
SLIA,hr317-116
HSII,hr317-116
HSAS,hr3186-116
HSWM,hr1735-116
HSGO,hr917-116
HSPW,hr4032-116
HSJU,hr2348-116
HSIF,hr1264-116
HSWM,hr1264-116
HSIF,hr4934-116
HSAS,hr3176-116
HSPW,hr393-116
HSII,hr2711-116
HSIF,hr2711-116
HSJU,hr1025-116
HSGO,hr1025-116
HSFA,hr1025-116
HSIF,hr4455-116
HSWM,hr4455-116
HSSY,hr4447-116
HSIF,hr4447-116
HSBA,hr3951-116
SSEG,hr1049-116
HSII,hr1049-116
HSHM,hr2621-116
HSED,hr2076-116
HSWM,hr4897-116
HSJU,hr5080-116
HSFA,hr5080-116
SSJU,hr1418-116
HSJU,hr1418-116
HSED,hr4396-116
HSIF,hr808-116
HSWM,hr808-116
HSED,hr5147-116
HSED,hr2039-116
HSED,hr4660-116
HSED,hr63-116
HSBA,hr5294-116
HSED,hr5294-116
HSPW,hr3387-116
HSVR,hr3582-116
HSIF,hr4686-116
HSPW,hr4686-116
HSWM,hr655-116
HSHA,hr5464-116
HSIF,hr2411-116
HSIF,hr4652-116
HSWM,hr4652-116
HSGO,hr161-116
HSIF,hr2693-116
HSWM,hr2693-116
HSIF,hr2601-116
HSVR,hr1963-116
HSIF,hr1767-116
HSJU,hr1506-116
HSIF,hr1506-116
HSIF,hr3113-116
HSGO,hr3113-116
HSGO,hr51-116
HSRU,hr51-116
HSIF,hr2262-116
HSED,hr2262-116
HSED,hr3049-116
HSWM,hr1490-116
HSED,hr1490-116
HSJU,hr99-116
HSII,hr1166-116
HSPW,hr1166-116
HSIF,hr1166-116
HSSY,hr1166-116
HSIF,hr3836-116
HSAG,hr1550-116
HSII,hr1550-116
HSJU,hr869-116
HSJU,hr4963-116
HSIF,hr4963-116
HSPW,hr2542-116
HSSY,hr2542-116
HSJU,hr1072-116
SSHR,hr2166-116
HSFA,hr2166-116
HSAS,hr2166-116
HLIG,hr2166-116
HSII,hr4512-116
HSVR,hr685-116
HSAS,hr238-116
HSED,hr1766-116
HSII,hr2473-116
HSED,hr3468-116
HSWM,hr1041-116
HSSY,hr5260-116
HSII,hr5260-116
HSAS,hr5260-116
HSJU,hr1288-116
HSBA,hr800-116
HSSY,hr3609-116
HSAG,hr272-116
HSJU,hr272-116
SSGA,hr1654-116
HSBU,hr1654-116
HSGO,hr1654-116
HSWM,hr1479-116
HSJU,hr2167-116
HSFA,hr2167-116
HSII,hr5366-116
HSII,hr665-116
HSJU,hr2674-116
HSWM,hr1993-116
HSED,hr1993-116
HSWM,hr878-116
HSFA,hr3843-116
HSBA,hr3843-116
HSJU,hr959-116
HSJU,hr140-116
HSIF,hr105-116
SSFR,hr596-116
HSFA,hr596-116
HSHA,hr2592-116
HSJU,hr1078-116
HSVR,hr1078-116
HSAS,hr1078-116
HSJU,hr4460-116
HSIF,hr4460-116
HSWM,hr4460-116
HSBA,hr4460-116
HSED,hr4460-116
HSGO,hr4460-116
HSFA,hr3289-116
HSIF,hr3652-116
HSBA,hr3652-116
HSAS,hr3652-116
HSSM,hr3652-116
HSED,hr3652-116
HSAG,hr3652-116
HSED,hr1174-116
HSWM,hr2806-116
HSVR,hr333-116
HSAS,hr333-116
HSAS,hr344-116
HSBA,hr472-116
HSJU,hr1882-116
HSIF,hr1882-116
HSPW,hr1882-116
HSWM,hr1882-116
HSBA,hr1882-116
HSED,hr1882-116
HSIF,hr4628-116
HSWM,hr4628-116
HSJU,hr3212-116
HSFA,hr3212-116
HSVR,hr433-116
HSPW,hr2220-116
HSAG,hr872-116
HSPW,hr872-116
HSSY,hr872-116
HSII,hr872-116
HSIF,hr5365-116
HSBA,hr4233-116
HSVR,hr3231-116
HSIF,hr3760-116
HSGO,hr3760-116
HSHA,hr3760-116
HSJU,hr3760-116
HSWM,hr3760-116
HSED,hr3760-116
HSED,hr1076-116
HSAS,hr1076-116
HSJU,hr1076-116
HSHA,hr1076-116
HSGO,hr1076-116
HSAS,hr1779-116
HSVR,hr1779-116
HSPW,hr228-116
HSJU,hr2670-116
SSFR,hr3190-116
HSFA,hr3190-116
HSWM,hr3190-116
HSBA,hr3190-116
HSJU,hr3190-116
HSAS,hr3190-116
HSGO,hr1195-116
HSII,hr2871-116
SSCM,hr3246-116
HSHM,hr3246-116
HSJU,hr4903-116
HSBA,hr969-116
HSIF,hr2664-116
HSPW,hr2664-116
HSGO,hr782-116
SSEV,hr1331-116
HSPW,hr1331-116
HSIF,hr64-116
HSAS,hr3046-116
HSII,hr3846-116
HSJU,hr3846-116
HSFA,hr3846-116
HSGO,hr4774-116
HSWM,hr1874-116
HSIF,hr5242-116
HSGO,hr2027-116
HSIF,hr5304-116
HSIF,hr1152-116
HSED,hr1583-116
HSII,hr1347-116
HSJU,hr4796-116
HSAG,hr1184-116
HSPW,hr1184-116
HSII,hr1184-116
HSIF,hr1943-116
HSED,hr3108-116
HSWM,hr2718-116
HSJU,hr3775-116
HSJU,hr850-116
HSRU,hr850-116
HSBU,hr850-116
HSGO,hr850-116
HSAS,hr2254-116
HSED,hr3689-116
HSRU,hr834-116
HSHA,hr834-116
HSGO,hr834-116
HSAP,hr834-116
HSIF,hr3789-116
HSED,hr5308-116
HSBA,hr4918-116
HSIF,hr3162-116
HSED,hr5325-116
HSIF,hr5243-116
HSED,hr5243-116
HSBA,hr4523-116
HSWM,hr4117-116
HSBA,hr4064-116
HSSY,hr3574-116
HSJU,hr2817-116
HSJU,hr1233-116
HSHM,hr1233-116
HSJU,hr4174-116
HSWM,hr3126-116
HSED,hr5104-116
HSWM,hr764-116
HSRU,hr764-116
HSII,hr4520-116
HSIF,hr4520-116
HSPW,hr4520-116
HSAG,hr4520-116
HSSY,hr4520-116
HSED,hr4520-116
HSWM,hr4520-116
HSWM,hr5494-116
HSIF,hr4618-116
HSWM,hr4618-116
HSGO,hr1016-116
HSAG,hr4211-116
HSIF,hr4575-116
HSWM,hr4575-116
HSED,hr4575-116
HSED,hr4645-116
HSVR,hr1030-116
HSIF,hr5382-116
HSGO,hr3019-116
HSJU,hr4187-116
HSAS,hr2400-116
HSSY,hr2400-116
HSBU,hr2400-116
HSII,hr5493-116
HSIF,hr1597-116
HSWM,hr5446-116
HSIF,hr978-116
HSIF,hr3053-116
SLIA,hr1964-116
HSII,hr1964-116
HSIF,hr3900-116
HSBA,hr3258-116
HSWM,hr5392-116
SSCM,hr3694-116
HSHM,hr3694-116
HSWM,hr2266-116
HSWM,hr807-116
HSIF,hr1006-116
HSBA,hr2445-116
HSWM,hr2169-116
HSAS,hr2794-116
HSIF,hr4459-116
HSGO,hr4459-116
HSWM,hr4276-116
HSHM,hr4276-116
HSBA,hr3642-116
HSED,hr1066-116
HSWM,hr5042-116
HSWM,hr957-116
SSSB,hr226-116
HSSM,hr226-116
HSWM,hr2977-116
HSHA,hr2977-116
HSBU,hr2157-116
HSAP,hr2157-116
HSAS,hr618-116
HLIG,hr618-116
HSFA,hr618-116
HSJU,hr1450-116
HSWM,hr723-116
HSRU,hr723-116
HSAG,hr4642-116
HSIF,hr4642-116
HSWM,hr1297-116
HSSY,hr5470-116
HSAG,hr890-116
HSPW,hr890-116
HSED,hr4578-116
HLIG,hr3679-116
HSSY,hr3679-116
HSWM,hr5043-116
HSJU,hr2783-116
HSWM,hr1070-116
HSWM,hr1431-116
HSVR,hr3350-116
HSIF,hr4631-116
HSBU,hr4631-116
HSWM,hr4631-116
HSPW,hr2396-116
HSBU,hr2396-116
HSED,hr1309-116
HSPW,hr4306-116
HSIF,hr5039-116
HSWM,hr5039-116
SSGA,hr1253-116
HSGO,hr1253-116
HSIF,hr4070-116
HSWM,hr4070-116
HSSM,hr1432-116
HSBA,hr1432-116
HSVR,hr578-116
HSHM,hr1232-116
HSED,hr4098-116
HSIF,hr2605-116
HSJU,hr2098-116
HSVR,hr2098-116
HSAS,hr2098-116
SSCM,hr5139-116
HSJU,hr5139-116
HSPW,hr5139-116
HSIF,hr2431-116
HSPW,hr4007-116
HSIF,hr1742-116
HSSY,hr1742-116
HSPW,hr1755-116
HSRU,hr1755-116
HSFA,hr1755-116
HSII,hr537-116
SSVA,hr4356-116
HSVR,hr4356-116
HSIF,hr1384-116
HSAS,hr1384-116
HSWM,hr1384-116
HSGO,hr1384-116
HSRU,hr1384-116
HSED,hr1384-116
HSPW,hr4759-116
SSGA,hr639-116
HSPW,hr639-116
HSED,hr5425-116
HSPW,hr2926-116
HSFA,hr4986-116
HSAG,hr2125-116
HSWM,hr1560-116
HSII,hr572-116
HSWM,hr2137-116
HSII,hr2030-116
HSIF,hr1710-116
HSWM,hr1710-116
HSSM,hr2022-116
HSAS,hr2022-116
HSGO,hr2022-116
HSGO,hr5099-116
HSIF,hr3707-116
HSIF,hr2760-116
HSII,hr958-116
HSIF,hr958-116
HSED,hr958-116
HSED,hr4108-116
HSGO,hr794-116
HSJU,hr3454-116
HSJU,hr119-116
HSWM,hr2772-116
HSJU,hr168-116
HSII,hr1445-116
HSAS,hr1801-116
HSPW,hr1549-116
SSCM,hr5035-116
HSIF,hr5035-116
HSWM,hr4263-116
HSFA,hr4263-116
HSVR,hr1341-116
HSPW,hr5292-116
HSIF,hr207-116
HSPW,hr5500-116
HSIF,hr1788-116
HSWM,hr1788-116
HSBU,hr4035-116
HSRU,hr4035-116
HSII,hr2642-116
HSIF,hr2231-116
HSJU,hr706-116
HSWM,hr706-116
HSHA,hr706-116
HSGO,hr706-116
HSPW,hr632-116
HSHA,hr983-116
HSGO,hr983-116
HSED,hr983-116
HSJU,hr1725-116
HSJU,hr3508-116
HSPW,hr3508-116
HSAS,hr3508-116
HSBA,hr3508-116
HSFA,hr3508-116
HSIF,hr4910-116
SSBK,hr2852-116
HSBA,hr2852-116
HSFA,hr1471-116
HSPW,hr2723-116
HSWM,hr2723-116
HSPW,hr3500-116
HSGO,hr780-116
HSWM,hr1260-116
HSJU,hr5133-116
HSJU,hr3923-116
HSIF,hr3923-116
HSJU,hr4398-116
HSPW,hr2328-116
HSIF,hr2328-116
HSSY,hr435-116
HSIF,hr435-116
HSJU,hr435-116
HSIF,hr2552-116
HSWM,hr2552-116
HSJU,hr1950-116
HSWM,hr5380-116
SSHR,hr2507-116
HSIF,hr2507-116
SSGA,hr2083-116
HSHM,hr2083-116
HSII,hr496-116
SSEG,hr2114-116
HSIF,hr2114-116
HSJU,hr4600-116
HSIF,hr3604-116
HSFA,hr4463-116
HSIF,hr1556-116
HSWM,hr1791-116
HSJU,hr2841-116
HSFA,hr2841-116
HSWM,hr1082-116
HSED,hr1082-116
HSIF,hr1082-116
HSWM,hr4349-116
SSAP,hr265-116
HSAP,hr265-116
SSGA,hr3106-116
HSJU,hr3106-116
HSHM,hr3106-116
HSII,hr3370-116
HSAP,hr3370-116
HSAS,hr2756-116
HSAG,hr5040-116
HSII,hr5040-116
HSJU,hr5466-116
HSIF,hr573-116
HSIF,hr4144-116
HSWM,hr3744-116
HSIF,hr2143-116
HSWM,hr2143-116
HSED,hr3096-116
HSWM,hr5155-116
HSJU,hr4080-116
SSCM,hr737-116
HSII,hr737-116
HSVR,hr2736-116
HSIF,hr3810-116
SSVA,hr3224-116
HSVR,hr3224-116
HSFA,hr5063-116
HSAS,hr5063-116
HSIF,hr5400-116
HSBU,hr5400-116
HSRU,hr5400-116
HSAS,hr2091-116
HSBU,hr1707-116
HSWM,hr1707-116
HSED,hr1707-116
HSED,hr3578-116
HSII,hr1047-116
HSJU,hr686-116
HSPW,hr5152-116
HSIF,hr5193-116
HSVR,hr712-116
HSAS,hr2371-116
HSIF,hr2371-116
HSWM,hr2371-116
HSII,hr4495-116
HSIF,hr4495-116
HSGO,hr3551-116
HSWM,hr2870-116
HSAS,hr1017-116
HSVR,hr2884-116
HSPW,hr2838-116
HSIF,hr3416-116
HSAS,hr3416-116
HSWM,hr3416-116
SLIA,hr375-116
HSII,hr375-116
HSGO,hr209-116
HSII,hr3655-116
HSED,hr2567-116
HSSM,hr1649-116
HSWM,hr4711-116
HSWM,hr2284-116
HSPW,hr881-116
HSIF,hr1879-116
HSWM,hr3833-116
HSED,hr3833-116
HSWM,hr3594-116
SSVA,hr2385-116
HSVR,hr2385-116
HSBA,hr5116-116
HSBA,hr4403-116
SSHR,hr4866-116
HSIF,hr4866-116
HSVR,hr497-116
HSWM,hr2481-116
HSJU,hr1501-116
HSED,hr3668-116
HSGO,hr778-116
HSJU,hr3214-116
HSVR,hr2681-116
HSGO,hr2003-116
HSFA,hr1857-116
HSII,hr2264-116
HSWM,hr2264-116
HSFA,hr2264-116
HSWM,hr4274-116
HSJU,hr167-116
HSIF,hr456-116
HSII,hr3596-116
HSAG,hr3737-116
HSIF,hr3737-116
HSWM,hr3737-116
HSII,hr1904-116
HSVR,hr1658-116
HSIF,hr3001-116
HSPW,hr3001-116
HSII,hr614-116
HSWM,hr2356-116
HSIF,hr3475-116
HSWM,hr2593-116
HSED,hr2294-116
HSPW,hr3480-116
HSJU,hr2813-116
HSAP,hr371-116
HSJU,hr590-116
HSPW,hr3822-116
SSGA,hr1446-116
HSII,hr1446-116
HSGO,hr1446-116
HSED,hr4327-116
SSFR,hr2327-116
HSFA,hr2327-116
HSPW,hr795-116
HSIF,hr795-116
SSCM,hr425-116
HSSY,hr425-116
HSRU,hr394-116
HSHA,hr394-116
HSWM,hr5114-116
HSGO,hr5114-116
HSIF,hr2862-116
HSIF,hr2155-116
HSHA,hr2652-116
HSIF,hr1421-116
HSED,hr2654-116
HSWM,hr2654-116
SSFI,hr1781-116
HSWM,hr1781-116
HSIF,hr1781-116
HSED,hr3921-116
HSIF,hr5082-116
HSWM,hr5082-116
HSWM,hr2965-116
HSII,hr3157-116
HSWM,hr3157-116
HSBA,hr2364-116
HSJU,hr1296-116
SSFI,hr2477-116
HSIF,hr2477-116
HSWM,hr2477-116
HSIF,hr2183-116
HSWM,hr2183-116
HSBA,hr5319-116
HSIF,hr2626-116
HSII,hr2626-116
HSPW,hr2626-116
HSVR,hr566-116
HSII,hr2741-116
HSIF,hr2741-116
HSPW,hr2741-116
HSED,hr2741-116
HSWM,hr2741-116
HSSY,hr2741-116
HSWM,hr217-116
HSIF,hr5005-116
HSFA,hr1795-116
HSAS,hr1795-116
HSJU,hr305-116
HSED,hr5372-116
HSVR,hr203-116
HSVR,hr2556-116
HSGO,hr5399-116
HSIF,hr1224-116
HSBA,hr1224-116
HSED,hr1224-116
HSHA,hr1224-116
HSGO,hr1224-116
HSED,hr3485-116
SSHR,hr1309-116
HSWM,hr1309-116
HSIF,hr1309-116
HSJU,hr1612-116
HSHM,hr1612-116
HSSO,hr1612-116
HSGO,hr1612-116
HSBA,hr1612-116
HSWM,hr1612-116
HLIG,hr1612-116
HSSY,hr1612-116
HSHA,hr1612-116
HSVR,hr2200-116
SSGA,hr3526-116
HSHM,hr3526-116
HSPW,hr2692-116
HSIF,hr4400-116
HSWM,hr4400-116
HSIF,hr3022-116
HSED,hr2321-116
HSED,hr1956-116
HSII,hr4318-116
HSED,hr4318-116
HSJU,hr4322-116
HSIF,hr4322-116
HSIF,hr3054-116
HSJU,hr810-116
HSHM,hr810-116
HLIG,hr810-116
HSFA,hr810-116
HSJU,hr1120-116
HSAG,hr1120-116
HSII,hr1120-116
HSIF,hr1120-116
HSWM,hr1120-116
HSFA,hr144-116
HSWM,hr2245-116
HSFA,hr2245-116
HSII,hr2245-116
HSIF,hr1385-116
HSIF,hr2222-116
SSBK,hr1690-116
HSBA,hr1690-116
HSBA,hr388-116
SLIA,hr759-116
HSII,hr759-116
HSJU,hr798-116
SSGA,hr876-116
HSPW,hr876-116
HSFA,hr4209-116
HSWM,hr2770-116
HSIF,hr1601-116
HSED,hr2503-116
HSPW,hr436-116
HSII,hr436-116
HSIF,hr436-116
HSWM,hr860-116
HSIF,hr860-116
HSED,hr860-116
HSVR,hr3527-116
HSIF,hr4486-116
HSIF,hr4291-116
HSED,hr4291-116
HSBA,hr4291-116
HSBA,hr3151-116
HSBU,hr3151-116
HSWM,hr3151-116
HSJU,hr1013-116
HSHM,hr1013-116
HSWM,hr1013-116
HSJU,hr2232-116
HSHM,hr1639-116
HSED,hr3422-116
HSJU,hr2561-116
HSFA,hr2561-116
HSJU,hr3764-116
HSFA,hr3104-116
HSED,hr2026-116
HSIF,hr3780-116
HSJU,hr581-116
HSJU,hr1528-116
HSBU,hr3742-116
HSII,hr3742-116
HSVR,hr955-116
HSAS,hr955-116
HSED,hr5191-116
HSPW,hr4823-116
HSFA,hr1305-116
HSII,hr1305-116
HSIF,hr5025-116
HSJU,hr5025-116
SSJU,hr4225-116
HSJU,hr4225-116
HSPW,hr658-116
HSWM,hr658-116
HSBA,hr658-116
HSIF,hr658-116
HSJU,hr5219-116
HSAS,hr2354-116
HSFA,hr2354-116
HSIF,hr2573-116
HSWM,hr2573-116
HSED,hr5312-116
SSJU,hr1123-116
HSJU,hr1123-116
HSIF,hr2508-116
HSWM,hr2508-116
HSAS,hr2942-116
HSVR,hr2942-116
HSIF,hr3021-116
HSWM,hr3021-116
HSPW,hr1214-116
HSBA,hr1214-116
HSED,hr3149-116
HSJU,hr874-116
SSCM,hr1716-116
HSSY,hr1716-116
HSWM,hr3934-116
HSJU,hr3947-116
HSIF,hr3947-116
HSAS,hr3947-116
HSWM,hr3947-116
HSGO,hr3947-116
HSPW,hr4591-116
HSGO,hr3348-116
HSWM,hr3037-116
HSWM,hr5375-116
SSEG,hr823-116
HSII,hr823-116
HSIF,hr4641-116
HSED,hr5236-116
HSHA,hr1272-116
HSII,hr3681-116
HSAG,hr3681-116
HSPW,hr3681-116
HSIF,hr3681-116
HSIF,hr4271-116
HSIF,hr2044-116
HSPW,hr2044-116
HSSY,hr2044-116
HSJU,hr3081-116
HSGO,hr3326-116
HSHA,hr3326-116
HSIF,hr280-116
HSGO,hr710-116
HSIF,hr5473-116
HSWM,hr5473-116
HSWM,hr5240-116
HSJU,hr1588-116
HSIF,hr1588-116
HSJU,hr2913-116
HSWM,hr2913-116
HSGO,hr2913-116
HSBA,hr2913-116
HSFA,hr2913-116
SSHR,hr2281-116
HSJU,hr2281-116
HSIF,hr2281-116
HSWM,hr1185-116
HSVR,hr445-116
HSBA,hr3279-116
HSAG,hr3809-116
HSED,hr3809-116
HSVR,hr4051-116
HSAG,hr4051-116
HSII,hr4051-116
HSIF,hr4051-116
HSFA,hr4051-116
HSSY,hr4051-116
HSED,hr4051-116
HSBA,hr4051-116
HSPW,hr4051-116
HSWM,hr4051-116
SSHR,hr987-116
HSBU,hr987-116
HSIF,hr987-116
HSBA,hr963-116
HSIF,hr3534-116
HSWM,hr3534-116
HSAS,hr112-116
HLIG,hr112-116
HSBA,hr1039-116
HSBA,hr5300-116
SSFR,hr920-116
HSFA,hr920-116
HSJU,hr3795-116
HSJU,hr2887-116
HSGO,hr3703-116
HSAS,hr3175-116
HSPW,hr1697-116
HSJU,hr517-116
HSAP,hr374-116
HSIF,hr2764-116
HSBA,hr3862-116
HSIF,hr5333-116
HSWM,hr5333-116
HSWM,hr2040-116
SSEG,hr683-116
HSJU,hr683-116
HSWM,hr754-116
HSGO,hr2028-116
HLIG,hr2028-116
HSFA,hr2028-116
HSAS,hr2028-116
HSJU,hr1683-116
HSIF,hr2111-116
SSGA,hr3314-116
HSGO,hr3314-116
HSAS,hr2811-116
HSVR,hr1721-116
HSIF,hr5429-116
HSHM,hr2130-116
HSPW,hr2130-116
HSHM,hr4928-116
HSFA,hr4928-116
HSHA,hr4928-116
HSED,hr4928-116
HSJU,hr4928-116
SSBK,hr5322-116
HSBA,hr5322-116
HSSM,hr5322-116
HLIG,hr2987-116
HSFA,hr2987-116
HSAS,hr2987-116
SSSB,hr5078-116
HSBA,hr3614-116
HSJU,hr131-116
SSJU,hr3239-116
HSHM,hr3239-116
HSJU,hr3239-116
HSWM,hr5202-116
HSED,hr5202-116
HSED,hr3487-116
HSIF,hr2085-116
HSIF,hr833-116
HSJU,hr5405-116
HSHM,hr5405-116
HSII,hr2685-116
HSWM,hr2685-116
HSWM,hr1961-116
HSWM,hr5165-116
HSAS,hr1638-116
SSBK,hr974-116
HSBA,hr974-116
HSVR,hr4748-116
HSJU,hr659-116
HSWM,hr536-116
SSGA,hr1608-116
HSBU,hr1608-116
HSWM,hr1608-116
HSGO,hr1608-116
HSBA,hr1712-116
HSWM,hr1712-116
HSIF,hr4385-116
HSII,hr755-116
HSGO,hr2429-116
HSIF,hr3693-116
HSBA,hr3693-116
HSFA,hr4092-116
HSED,hr4220-116
HSSY,hr3308-116
HSED,hr3308-116
HSWM,hr2086-116
HSJU,hr2700-116
HSIF,hr2700-116
HSJU,hr2821-116
HSAG,hr2491-116
HSII,hr2491-116
HSIF,hr4178-116
HSWM,hr4178-116
HSPW,hr2792-116
HSED,hr3472-116
HSJU,hr1927-116
HSIF,hr2643-116
HSAG,hr1491-116
HSIF,hr1491-116
HSBA,hr1491-116
HSJU,hr4164-116
HSIF,hr2000-116
HSWM,hr2000-116
HSWM,hr510-116
HSIF,hr3431-116
HSWM,hr3431-116
HSWM,hr2742-116
HSFA,hr2097-116
HSII,hr934-116
HSIF,hr884-116
HSWM,hr884-116
HSED,hr1532-116
HSAG,hr4057-116
HSII,hr4057-116
HSAS,hr2255-116
SSCM,hr1328-116
HSIF,hr1328-116
HSIF,hr1744-116
HSSY,hr1744-116
HSJU,hr1499-116
HSIF,hr1499-116
HSIF,hr1692-116
HSWM,hr1692-116
HSGO,hr1692-116
HSIF,hr5482-116
HSAS,hr2949-116
HSFA,hr2949-116
HSJU,hr2057-116
HSWM,hr2053-116
HSBA,hr741-116
SSGA,hr1593-116
HSHM,hr1593-116
HSIF,hr2802-116
HSWM,hr3650-116
HSPW,hr2830-116
HSJU,hr1655-116
HSIF,hr1655-116
HSJU,hr4030-116
HSIF,hr4667-116
HSAG,hr3794-116
HSII,hr3794-116
HSIF,hr3255-116
HSED,hr3255-116
HSAS,hr5543-116
HSFA,hr5543-116
HSII,hr2536-116
HSIF,hr2536-116
HSBU,hr2536-116
HSAP,hr2536-116
HSHA,hr2536-116
HSRU,hr2536-116
HSJU,hr2536-116
HSWM,hr2536-116
HSED,hr2536-116
HSAS,hr3132-116
SSEG,hr1420-116
HSIF,hr1420-116
HSED,hr1439-116
HSBU,hr2697-116
HSED,hr2697-116
HSVR,hr5364-116
HSII,hr5364-116
HSIF,hr5364-116
HSGO,hr5364-116
HSAS,hr5364-116
HSWM,hr5364-116
HSFA,hr889-116
HSAS,hr889-116
HSJU,hr3545-116
HSED,hr4223-116
SSJU,hr3878-116
HSJU,hr3878-116
HSIF,hr3878-116
HSVR,hr2359-116
HSIF,hr1425-116
HSHA,hr4054-116
HSWM,hr2828-116
HSGO,hr2828-116
HSJU,hr2384-116
HSVR,hr2384-116
HSAS,hr2384-116
HSHM,hr4217-116
HSWM,hr1175-116
HSII,hr2492-116
HSPW,hr3923-116
HSII,hr3923-116
HSIF,hr5172-116
HSWM,hr5172-116
HSJU,hr3554-116
HSIF,hr3554-116
HSIF,hr3392-116
HSIF,hr1301-116
HSWM,hr1301-116
HSIF,hr2136-116
HSAG,hr243-116
HSII,hr243-116
HSJU,hr2565-116
HSIF,hr2565-116
HSAS,hr2565-116
HLIG,hr2565-116
HSGO,hr2565-116
HSFA,hr2565-116
HSWM,hr2565-116
HSPW,hr4386-116
HSIF,hr4386-116
HSWM,hr4386-116
HSIF,hr1370-116
HSWM,hr1370-116
HSII,hr4828-116
HSPW,hr4828-116
SSFR,hr2116-116
HSFA,hr2116-116
SSFR,hr3352-116
HSFA,hr3352-116
HSIF,hr3276-116
SSHR,hr647-116
HSIF,hr647-116
HSJU,hr2569-116
HSII,hr2569-116
HSIF,hr2569-116
HSAS,hr3313-116
HSIF,hr2301-116
HSJU,hr3512-116
HSED,hr3512-116
SSBK,hr4335-116
HSBA,hr4335-116
HSED,hr3391-116
HSED,hr2120-116
HSWM,hr2120-116
HSII,hr286-116
HSIF,hr534-116
HSPW,hr4808-116
HSBA,hr4808-116
HSWM,hr4808-116
SSRA,hr2420-116
HSII,hr2420-116
HSPW,hr2420-116
HSHA,hr2420-116
HSJU,hr3420-116
HSAS,hr3420-116
SSSB,hr206-116
HSSY,hr206-116
HSSM,hr206-116
HSGO,hr790-116
HSWM,hr1108-116
HSPW,hr1108-116
HSIF,hr4856-116
HSHM,hr4856-116
HSPW,hr4856-116
HSHA,hr1626-116
HSGO,hr1626-116
HSWM,hr3251-116
HSED,hr811-116
HSBA,hr3141-116
HSIF,hr3408-116
HSWM,hr3408-116
HSAS,hr3658-116
HSIF,hr3080-116
HSSM,hr5078-116
HSAS,hr3227-116
HSAG,hr2099-116
HSII,hr2099-116
HSBU,hr1077-116
SSEG,hr2181-116
HSII,hr2181-116
HSIF,hr3956-116
HSIF,hr1888-116
HSIF,hr826-116
HSBA,hr826-116
HSFA,hr826-116
HSVR,hr2823-116
HSPW,hr1890-116
HSJU,hr197-116
HSWM,hr285-116
SSJU,hr494-116
HSJU,hr494-116
HSJU,hr3284-116
HSVR,hr3867-116
HSAS,hr1231-116
HSFA,hr1231-116
HSED,hr4301-116
HSIF,hr1131-116
HSED,hr4146-116
HSBA,hr4966-116
HSBA,hr3154-116
HSSY,hr3597-116
HSIF,hr383-116
HSED,hr1662-116
HSWM,hr900-116
HSIF,hr900-116
SSFR,hr598-116
HSFA,hr598-116
HSJU,hr598-116
HSWM,hr598-116
HSED,hr761-116
HSAS,hr3216-116
HSHA,hr4114-116
HSED,hr1153-116
HSGO,hr294-116
HSVR,hr2435-116
HSJU,hr3738-116
HSIF,hr4175-116
HSED,hr3827-116
HSIF,hr2665-116
HSII,hr2665-116
HSPW,hr2665-116
HSJU,hr649-116
HLIG,hr649-116
HSFA,hr649-116
HSAP,hr797-116
HSIF,hr1897-116
HSED,hr1897-116
HSWM,hr1897-116
HSHM,hr1-116
HSSO,hr1-116
HSBA,hr1-116
HSWM,hr1-116
HSED,hr1-116
HSSY,hr1-116
HSGO,hr1-116
HSJU,hr1-116
HLIG,hr1-116
HSHA,hr1-116
HSII,hr37-116
HSII,hr871-116
HSIF,hr3410-116
HSBA,hr2176-116
HSII,hr2834-116
HSIF,hr1845-116
HSBA,hr1909-116
HSBA,hr2079-116
HSED,hr4222-116
HSJU,hr2713-116
HSFA,hr2713-116
HSED,hr2571-116
HSGO,hr24-116
HSVR,hr1647-116
HSJU,hr1283-116
HSHM,hr1283-116
HSRU,hr1283-116
HSJU,hr608-116
HSED,hr608-116
HSAG,hr1337-116
HSAP,hr271-116
HSVR,hr4589-116
HSJU,hr1351-116
HSII,hr474-116
HSJU,hr569-116
HSPW,hr1515-116
HSBU,hr4378-116
HSAP,hr4378-116
HSHA,hr736-116
HSGO,hr736-116
HSVR,hr2948-116
HSIF,hr1478-116
HSAP,hr266-116
HSII,hr3237-116
HSIF,hr4027-116
HSWM,hr1796-116
SSEG,hr205-116
HSII,hr205-116
HSAG,hr4149-116
HSIF,hr4149-116
HSPW,hr4149-116
HSSY,hr4149-116
HSIF,hr3698-116
HSIF,hr2014-116
HSWM,hr4685-116
HSII,hr2215-116
HSVR,hr941-116
HSII,hr417-116
HSJU,hr417-116
HSWM,hr506-116
HSJU,hr506-116
HSIF,hr506-116
SSFR,hr2615-116
HSJU,hr2615-116
HSFA,hr2615-116
SSGA,hr150-116
HSGO,hr150-116
HSJU,hr2426-116
HSED,hr2006-116
HSJU,hr3848-116
HSED,hr3848-116
HSBA,hr3848-116
HSWM,hr3848-116
HSHM,hr546-116
HSWM,hr546-116
HSJU,hr3076-116
HSIF,hr4161-116
HSWM,hr4161-116
HSIF,hr2906-116
HSJU,hr4368-116
HSSY,hr4368-116
HSJU,hr5181-116
HSPW,hr1821-116
HSIF,hr2577-116
HSGO,hr3271-116
HSHA,hr3271-116
HSVR,hr3788-116
HSII,hr4346-116
HSAS,hr3093-116
HSIF,hr3593-116
HSPW,hr3593-116
HSED,hr4172-116
HSWM,hr25-116
SSBK,hr4841-116
HSBA,hr4841-116
HSBU,hr259-116
HSIF,hr259-116
HSHA,hr3201-116
HSHM,hr3990-116
HSAP,hr2968-116
HSWM,hr2291-116
HSPW,hr5145-116
HSAG,hr1189-116
HSJU,hr1189-116
HSII,hr4435-116
HSII,hr3195-116
HSIF,hr4439-116
HSBA,hr1038-116
HSED,hr1782-116
HSIF,hr3062-116
HSWM,hr3062-116
HSSY,hr3306-116
HSGO,hr3306-116
HSGO,hr1734-116
HSIF,hr4998-116
SSBK,hr1595-116
HSJU,hr1595-116
HSBA,hr1595-116
HSIF,hr3772-116
HSWM,hr3772-116
HSWM,hr3532-116
HSFA,hr3532-116
HSAS,hr1792-116
HSIF,hr4583-116
HSWM,hr4583-116
SSSB,hr116-116
HSSM,hr116-116
SSSB,hr4406-116
HSSM,hr4406-116
HSIF,hr3975-116
HSIF,hr3003-116
HSPW,hr4819-116
HSIF,hr4143-116
HSBA,hr4143-116
HSFA,hr4143-116
SSGA,hr4358-116
HSPW,hr4358-116
HSJU,hr601-116
HSVR,hr601-116
HSIF,hr601-116
HSFA,hr2343-116
HSVR,hr3103-116
HSJU,hr3552-116
HSPW,hr633-116
HSIF,hr594-116
SSFR,hr1837-116
HSFA,hr1837-116
HSJU,hr1837-116
HSAG,hr1837-116
HSHM,hr1837-116
HSPW,hr1837-116
HSIF,hr1837-116
HSVR,hr1837-116
HSSY,hr1837-116
HSAS,hr1837-116
HSHA,hr1596-116
HSWM,hr3330-116
HSJU,hr5072-116
HSPW,hr5072-116
HSBA,hr5072-116
HSWM,hr3298-116
SSVA,hr3996-116
HSVR,hr3996-116
HSII,hr3585-116
HSJU,hr5507-116
HSWM,hr338-116
HSGO,hr338-116
HSWM,hr4518-116
HSJU,hr5251-116
HSPW,hr5251-116
HSAS,hr3191-116
HSPW,hr3020-116
HSFA,hr3020-116
HSIF,hr1379-116
HSWM,hr1379-116
HSED,hr1379-116
HSII,hr4364-116
SSEG,hr1760-116
HSIF,hr1760-116
HSFA,hr643-116
HSBA,hr5244-116
HSWM,hr3452-116
HSIF,hr2063-116
HSIF,hr2850-116
HSVR,hr3813-116
HSIF,hr2669-116
SSGA,hr3669-116
HSHM,hr3669-116
HSWM,hr1010-116
HSIF,hr1010-116
HSWM,hr4186-116
HSED,hr5363-116
HSGO,hr454-116
HSFA,hr2024-116
HSWM,hr897-116
HSJU,hr493-116
HSIF,hr4560-116
HSJU,hr2443-116
HSJU,hr743-116
HSED,hr743-116
HSVR,hr2886-116
HSAS,hr2886-116
HSVR,hr3012-116
HSWM,hr2825-116
HSWM,hr218-116
HSIF,hr1633-116
HSSY,hr1633-116
HSWM,hr2521-116
HSIF,hr2088-116
HSIF,hr4010-116
HSWM,hr4010-116
HSHA,hr1631-116
HSGO,hr1631-116
HSHA,hr4261-116
SSCM,hr4227-116
HSIF,hr4227-116
HSWM,hr2042-116
SSGA,hr3941-116
HSGO,hr3941-116
HSWM,hr1148-116
HSJU,hr4850-116
HSIF,hr4850-116
HSII,hr4236-116
HSVR,hr2941-116
HSAS,hr2941-116
HSHM,hr4101-116
HSAG,hr4101-116
HSII,hr4101-116
HSPW,hr4101-116
HSIF,hr4101-116
HSSM,hr4101-116
HSBA,hr4101-116
HSED,hr4101-116
HSIF,hr4870-116
HSBA,hr4328-116
HSIF,hr5115-116
HSWM,hr3116-116
HSED,hr912-116
HSJU,hr3303-116
HSAS,hr2249-116
SSVA,hr840-116
HSVR,hr840-116
HSJU,hr4000-116
HSHA,hr4000-116
SSEG,hr255-116
HSII,hr255-116
HSIF,hr4655-116
HSWM,hr4655-116
HSJU,hr4324-116
HSVR,hr2191-116
HSII,hr4723-116
HSAG,hr4723-116
HSFA,hr4723-116
HSWM,hr4849-116
HSIF,hr2771-116
HSWM,hr2771-116
HSJU,hr1521-116
HSGO,hr1521-116
HSHA,hr1521-116
HSBA,hr1521-116
HSWM,hr1521-116
HSED,hr1521-116
HSAS,hr2880-116
HSII,hr644-116
HSJU,hr5150-116
HSBU,hr5150-116
HSBA,hr5150-116
HSSO,hr5150-116
HSHA,hr5150-116
HSRU,hr5150-116
HSGO,hr5150-116
HSGO,hr3027-116
HSJU,hr3027-116
HSWM,hr3027-116
HSED,hr3027-116
HSJU,hr555-116
HSIF,hr555-116
HSBA,hr3948-116
HSJU,hr931-116
HSAS,hr563-116
HSIF,hr3630-116
HSWM,hr5201-116
HSIF,hr5201-116
HSGO,hr1687-116
HSIF,hr2455-116
HSHM,hr365-116
HSGO,hr2544-116
HSAS,hr1293-116
HSPW,hr1293-116
HSJU,hr4440-116
HSJU,hr5287-116
HSBA,hr5287-116
HSED,hr5287-116
SSHR,hr4712-116
HSIF,hr4712-116
HSED,hr4414-116
SSFR,hr854-116
HSFA,hr854-116
HSIF,hr4543-116
HSPW,hr3488-116
HSWM,hr5419-116
HSBU,hr2584-116
SSVA,hr3798-116
HSVR,hr3798-116
HSBA,hr132-116
HSPW,hr46-116
HSWM,hr46-116
HSVR,hr46-116
HSIF,hr585-116
HSWM,hr2702-116
SSVA,hr4771-116
HSVR,hr4771-116
HSBA,hr2391-116
HSAG,hr4714-116
HSBU,hr4714-116
HSII,hr2156-116
SSHR,hr2468-116
HSIF,hr2468-116
SSFR,hr526-116
HSFA,hr526-116
HSJU,hr526-116
HSPW,hr1497-116
HSWM,hr4728-116
HSII,hr3405-116
SSHR,hr501-116
HSIF,hr501-116
HSWM,hr2622-116
HSIF,hr3778-116
HSED,hr3778-116
HSRU,hr2021-116
HSBU,hr2021-116
HSPW,hr2799-116
HSED,hr640-116
HSWM,hr640-116
HSIF,hr3520-116
HSWM,hr3077-116
HSJU,hr77-116
HSBA,hr2763-116
SSCM,hr2610-116
HSIF,hr2610-116
HSIF,hr117-116
HSWM,hr2238-116
HSJU,hr4203-116
HSPW,hr927-116
HSBA,hr927-116
HSED,hr1488-116
HSIF,hr711-116
HSPW,hr5401-116
HSII,hr337-116
HSVR,hr1758-116
SSHR,hr4979-116
HSSY,hr4979-116
HSWM,hr5339-116
HSII,hr30-116
HSHM,hr48-116
HSJU,hr48-116
HSHM,hr4102-116
HSHA,hr4426-116
HSFA,hr204-116
HSJU,hr2020-116
HSIF,hr2020-116
HSAG,hr1651-116
HSIF,hr5230-116
HSED,hr873-116
HSIF,hr1498-116
HSWM,hr3905-116
HSVR,hr2885-116
HSIF,hr4666-116
HSWM,hr4666-116
HSII,hr3541-116
HSPW,hr1764-116
HSIF,hr3573-116
HSAG,hr3183-116
HSGO,hr3816-116
HSVR,hr54-116
HSIF,hr1510-116
HSWM,hr1510-116
HSJU,hr575-116
HSGO,hr575-116
HSJU,hr1430-116
HSED,hr1430-116
HSED,hr4334-116
HSJU,hr2278-116
HSGO,hr2950-116
SSBK,hr5003-116
HSBA,hr5003-116
HSIF,hr3865-116
HSWM,hr1247-116
HSED,hr1247-116
HSPW,hr4931-116
HSBA,hr4931-116
SLIN,hr3494-116
HSWM,hr3494-116
HLIG,hr3494-116
HSJU,hr3265-116
HSGO,hr1719-116
HSAG,hr2081-116
HSFA,hr3373-116
SSHR,hr2694-116
HSJU,hr2694-116
HSGO,hr2694-116
HSHA,hr2694-116
HSED,hr2694-116
SSEG,hr360-116
HSIF,hr360-116
HSWM,hr3300-116
HSIF,hr2417-116
HSPW,hr2218-116
HSED,hr2218-116
HSWM,hr1838-116
HSFA,hr554-116
HSJU,hr1614-116
HSIF,hr1614-116
HSAG,hr2625-116
HSED,hr2625-116
HSIF,hr4792-116
HSAS,hr5238-116
HSIF,hr1386-116
HSWM,hr4927-116
HSAS,hr3724-116
HSII,hr925-116
HSHA,hr1217-116
HSGO,hr2433-116
HSIF,hr4232-116
HSJU,hr3942-116
HSBA,hr2999-116
HSIF,hr3978-116
HSSY,hr3978-116
HSWM,hr4506-116
HSAP,hr815-116
HSIF,hr104-116
HSAG,hr4881-116
HSIF,hr4881-116
SSVA,hr1424-116
HSVR,hr1424-116
HSHA,hr1535-116
HSIF,hr4159-116
HSWM,hr4159-116
HSED,hr4159-116
HSJU,hr2635-116
HSVR,hr2635-116
HSVR,hr2333-116
HSVR,hr3147-116
HSSY,hr3203-116
HSBA,hr234-116
HSAS,hr2954-116
HSII,hr2640-116
HSED,hr2562-116
HSVR,hr2401-116
HSAS,hr2401-116
HSIF,hr2401-116
HSBU,hr2401-116
HSIF,hr2699-116
HSII,hr2699-116
HSAS,hr2699-116
HSRU,hr2699-116
HSBU,hr2699-116
HSAG,hr3952-116
HSPW,hr1849-116
HSJU,hr2336-116
HSWM,hr2096-116
HSJU,hr3989-116
HSIF,hr1265-116
HSWM,hr1265-116
HSPW,hr4905-116
HSII,hr2317-116
SSGA,hr1437-116
HSHM,hr1437-116
HSIF,hr431-116
HSJU,hr2658-116
HSJU,hr3060-116
HSIF,hr3060-116
HSPW,hr3060-116
HSHM,hr3060-116
HSBA,hr3060-116
HSED,hr3060-116
HSSM,hr3060-116
HSII,hr426-116
HSIF,hr3502-116
HSED,hr3502-116
HSGO,hr3502-116
HSWM,hr3502-116
HSIF,hr4945-116
HSWM,hr4945-116
HSJU,hr2522-116
HSHM,hr2522-116
HSPW,hr2522-116
HSAG,hr2522-116
HSWM,hr2522-116
HSFA,hr2522-116
SSBK,hr550-116
HSBA,hr550-116
HSPW,hr5256-116
HSIF,hr5256-116
HSED,hr3519-116
HSGO,hr824-116
HSAP,hr824-116
HSJU,hr4814-116
HSIF,hr4814-116
HSIF,hr1686-116
HSJU,hr2687-116
HSAG,hr316-116
HSII,hr316-116
HSPW,hr4266-116
HSSY,hr4266-116
HSIF,hr2087-116
HSWM,hr2087-116
HSPW,hr2470-116
HSIF,hr1024-116
SSBK,hr2513-116
HSBA,hr2513-116
HSGO,hr4854-116
HSWM,hr4854-116
HSAP,hr421-116
HSWM,hr1938-116
HSII,hr2369-116
HSIF,hr1901-116
HSWM,hr1901-116
HSIF,hr3306-116
HSAS,hr3306-116
HSED,hr1010-116
HSWM,hr2746-116
HSII,hr1708-116
HSJU,hr3874-116
HSFA,hr3874-116
SSCM,hr4704-116
HSSY,hr4704-116
HSJU,hr704-116
HSWM,hr704-116
HSGO,hr704-116
HSFA,hr704-116
HSBA,hr704-116
HSSY,hr2393-116
HSED,hr4113-116
SSGA,hr1582-116
HSBU,hr1582-116
HSGO,hr1582-116
HSVR,hr2094-116
HSFA,hr921-116
SSGA,hr1313-116
HSHM,hr1313-116
HSJU,hr2187-116
HSHM,hr4892-116
HSSY,hr4230-116
HSAG,hr1002-116
HSJU,hr777-116
HSWM,hr651-116
HSWM,hr2314-116
HSIF,hr4621-116
HSVR,hr2221-116
HSJU,hr3563-116
HSJU,hr125-116
HSJU,hr820-116
HSIF,hr3169-116
HSII,hr2918-116
SSVA,hr561-116
HSVR,hr561-116
HSAS,hr3084-116
HSWM,hr725-116
HSIF,hr2077-116
HSFA,hr2077-116
HSJU,hr5086-116
HSGO,hr5086-116
HSBA,hr5086-116
HSFA,hr5086-116
HSII,hr5552-116
HSBU,hr1132-116
HSPW,hr1132-116
HSED,hr5285-116
HSJU,hr1670-116
HSED,hr1075-116
HSJU,hr4490-116
HSIF,hr5443-116
HSJU,hr956-116
HSII,hr967-116
HSIF,hr3293-116
HSPW,hr3293-116
HSBA,hr2684-116
HSBA,hr3111-116
SSCM,hr3691-116
HSHM,hr3691-116
HSJU,hr4053-116
HSWM,hr4053-116
HSHA,hr4053-116
HSJU,hr5210-116
HSFA,hr5210-116
HSBU,hr5210-116
HSWM,hr5210-116
SSHR,hr728-116
HSIF,hr728-116
HSJU,hr2895-116
HSJU,hr5478-116
HSJU,hr282-116
HSBA,hr5318-116
HSII,hr5113-116
HSIF,hr5113-116
HSSY,hr5113-116
HSSM,hr1648-116
HSVR,hr2803-116
HSIF,hr2803-116
HSAS,hr2803-116
HSGO,hr2803-116
HSPW,hr1669-116
HSWM,hr2326-116
HSAS,hr2326-116
HSVR,hr2326-116
HSIF,hr5006-116
HSJU,hr1885-116
HSGO,hr1885-116
HSIF,hr5199-116
HSII,hr1813-116
SSBK,hr2515-116
HSBA,hr2515-116
SSHR,hr1966-116
HSIF,hr1966-116
HSAS,hr1966-116
HSVR,hr1966-116
HSII,hr4299-116
HSAS,hr3802-116
HSGO,hr3802-116
HSWM,hr1444-116
HSED,hr3267-116
HSIF,hr4024-116
HSJU,hr2648-116
HSAG,hr1042-116
HSIF,hr4663-116
HSWM,hr4663-116
HSED,hr4968-116
HSIF,hr5444-116
HSJU,hr2867-116
HSED,hr3515-116
HSIF,hr3812-116
SSHR,hr36-116
HSSY,hr36-116
HSHM,hr5394-116
HSGO,hr5394-116
HSJU,hr5004-116
HSGO,hr5004-116
HSHA,hr5004-116
HSED,hr5004-116
HSIF,hr2387-116
HSII,hr4028-116
HSJU,hr2938-116
HSIF,hr3215-116
HSWM,hr3215-116
HSJU,hr2425-116
HSPW,hr2425-116
HSII,hr252-116
HSPW,hr1517-116
HSJU,hr5122-116
HSAS,hr3226-116
HSBA,hr3155-116
SSVA,hr4360-116
HSVR,hr4360-116
HSIF,hr3869-116
HSAG,hr4283-116
HSIF,hr4283-116
HSIF,hr2069-116
HSWM,hr2069-116
HSIF,hr4955-116
HSII,hr1135-116
HSIF,hr1135-116
HSBU,hr1135-116
HSPW,hr839-116
HSVR,hr1527-116
HSWM,hr1117-116
HSIF,hr2778-116
HSED,hr2778-116
HSGO,hr2778-116
HSWM,hr2778-116
HSED,hr1007-116
HSWM,hr1007-116
HSVR,hr749-116
SSSB,hr5130-116
HSSM,hr5130-116
HSSY,hr680-116
HSGO,hr1254-116
HSJU,hr2233-116
HSWM,hr3294-116
HSFA,hr4868-116
HSII,hr3471-116
HSIF,hr1551-116
HSWM,hr1551-116
HSJU,hr2070-116
HSJU,hr822-116
HSIF,hr5381-116
HSIF,hr1955-116
HSWM,hr1955-116
HSJU,hr770-116
HSHM,hr3851-116
HSIF,hr3851-116
SSBK,hr4458-116
HSBA,hr4458-116
HSPW,hr5111-116
SSGA,hr2246-116
HSGO,hr2246-116
HSSY,hr3358-116
HSED,hr1486-116
HSAS,hr3266-116
HSBA,hr953-116
HSGO,hr953-116
HSBA,hr1173-116
HSVR,hr3189-116
HSJU,hr1057-116
HSWM,hr1263-116
HSWM,hr5342-116
HSSY,hr1314-116
HSII,hr1314-116
SSFR,hr1819-116
HSFA,hr1819-116
SSBK,hr1414-116
HSBA,hr1414-116
HSVR,hr2628-116
HSBA,hr3018-116
HSGO,hr2265-116
HSJU,hr4614-116
HSPW,hr4614-116
HSII,hr4340-116
HSIF,hr4669-116
HSWM,hr4669-116
HSVR,hr1155-116
HSII,hr1572-116
HSAG,hr1572-116
HSIF,hr1848-116
HSED,hr1848-116
HSED,hr4674-116
HSAP,hr397-116
HSED,hr397-116
HSWM,hr397-116
HSWM,hr3478-116
HSJU,hr4498-116
HSWM,hr4498-116
HSGO,hr3577-116
SSCM,hr583-116
HSIF,hr583-116
HSJU,hr156-116
HSIF,hr156-116
HSJU,hr124-116
HSPW,hr529-116
HSWM,hr5066-116
HSGO,hr5329-116
HSVR,hr2184-116
HSPW,hr1159-116
HSIF,hr1159-116
HSSY,hr1159-116
HSGO,hr964-116
HSPW,hr4338-116
HSED,hr3838-116
HSJU,hr4873-116
HSFA,hr4873-116
HSII,hr183-116
HSII,hr4269-116
HSSY,hr4269-116
HSAG,hr4269-116
HSJU,hr4916-116
HSBA,hr4916-116
HSED,hr4916-116
HSWM,hr4916-116
HSED,hr2775-116
HSJU,hr4176-116
HSWM,hr3876-116
HSVR,hr1918-116
HSBU,hr5350-116
HSED,hr5350-116
HSBA,hr4076-116
HSPW,hr392-116
HSED,hr2818-116
HSPW,hr3896-116
HSJU,hr1740-116
HSGO,hr1740-116
HSWM,hr1740-116
HSWM,hr1932-116
HSPW,hr2541-116
HSWM,hr2541-116
HSIF,hr1763-116
HSWM,hr1763-116
HSAS,hr5182-116
SSFR,hr221-116
HSFA,hr221-116
HSIF,hr1096-116
HSJU,hr130-116
SSGA,hr449-116
HSJU,hr449-116
HSHM,hr449-116
HSII,hr4341-116
HSIF,hr1846-116
HSWM,hr1846-116
SSBK,hr4634-116
HSBA,hr4634-116
SSGA,hr4761-116
HSWM,hr4761-116
HSHM,hr4761-116
HSBA,hr926-116
HSII,hr684-116
SSBK,hr1500-116
HSED,hr1500-116
HSBA,hr1500-116
HSBA,hr3895-116
HSED,hr5607-116
HSED,hr3718-116
HSWM,hr2940-116
HSVR,hr3504-116
HSWM,hr4689-116
HSII,hr935-116
HSWM,hr935-116
HSAG,hr2509-116
HSII,hr2509-116
HSIF,hr4699-116
HSAP,hr791-116
SSHR,hr1109-116
HSIF,hr1109-116
HSPW,hr5119-116
HSBA,hr1310-116
HSJU,hr1468-116
HSWM,hr1468-116
HSBA,hr1468-116
HSED,hr1468-116
HSPW,hr3781-116
HSJU,hr3180-116
HSIF,hr3180-116
HSED,hr3180-116
HSVR,hr4137-116
HSIF,hr1188-116
HSJU,hr3660-116
HSRU,hr3660-116
HSII,hr3458-116
HSAG,hr3458-116
HSIF,hr3458-116
HSAS,hr3458-116
HSPW,hr3458-116
HSAG,hr1406-116
HSJU,hr2217-116
HSAP,hr2217-116
HSIF,hr4039-116
HSPW,hr4039-116
HSFA,hr4039-116
HSED,hr3630-116
HSAS,hr3588-116
HSIF,hr5415-116
HSBA,hr3701-116
HSJU,hr110-116
SLIA,hr4957-116
HSII,hr4957-116
HSHM,hr1975-116
HSIF,hr1975-116
HSGO,hr1975-116
HSBA,hr830-116
HSJU,hr1363-116
HSHA,hr1363-116
SSFR,hr1477-116
HSFA,hr1477-116
HSJU,hr1477-116
HSIF,hr5141-116
HSPW,hr4780-116
HSIF,hr3254-116
HSPW,hr3254-116
HSIF,hr1839-116
HSIF,hr4597-116
HSWM,hr4597-116
HSVR,hr4416-116
HSIF,hr4416-116
HSBA,hr4416-116
HSFA,hr3233-116
HSAS,hr3233-116
HSAS,hr2869-116
HSWM,hr2730-116
HSFA,hr2149-116
HSWM,hr2059-116
HSJU,hr1951-116
HSJU,hr4730-116
HSJU,hr4189-116
HSIF,hr4855-116
HSIF,hr3011-116
HSPW,hr3011-116
HSFA,hr1256-116
HLIG,hr1256-116
HSGO,hr1256-116
HSED,hr5092-116
HSIF,hr2457-116
HSED,hr2457-116
HSAS,hr2395-116
HSJU,hr4718-116
HSHM,hr4718-116
HSHA,hr4718-116
HSED,hr2486-116
HSIF,hr1689-116
HSPW,hr1689-116
HSWM,hr1689-116
HSGO,hr1111-116
HSJU,hr3435-116
HSBU,hr3401-116
HSAP,hr3401-116
HSSY,hr1261-116
HSII,hr1261-116
SSGA,hr1235-116
HSGO,hr1235-116
HSSM,hr2344-116
HSWM,hr588-116
HSJU,hr588-116
HSHA,hr588-116
HSED,hr588-116
HSBA,hr588-116
HSGO,hr588-116
HSBA,hr1666-116
HSFA,hr2068-116
HSED,hr2563-116
HSIF,hr4900-116
HSWM,hr4900-116
HSIF,hr3676-116
HSWM,hr1241-116
HSAS,hr2253-116
HSIF,hr1354-116
HSWM,hr1354-116
HSED,hr3761-116
HSAP,hr419-116
HSBA,hr3886-116
HSPW,hr2616-116
HSJU,hr5331-116
HSHA,hr5331-116
HSGO,hr5331-116
HSBA,hr5331-116
HSWM,hr5331-116
HSED,hr5331-116
HSIF,hr5615-116
HSJU,hr1871-116
HSWM,hr591-116
HSJU,hr903-116
HSRU,hr903-116
HSII,hr1621-116
HSPW,hr1511-116
HSJU,hr4390-116
HSAG,hr230-116
HSIF,hr230-116
HSED,hr4586-116
HSJU,hr1186-116
HSIF,hr3439-116
HSWM,hr3439-116
HSBA,hr2479-116
HSGO,hr2004-116
HSII,hr4444-116
HSAG,hr3048-116
HSII,hr3048-116
HSIF,hr1873-116
HSWM,hr1873-116
HSIF,hr973-116
HSVR,hr1126-116
HSJU,hr3799-116
HSAS,hr853-116
HSBA,hr3958-116
HSIF,hr3962-116
HSPW,hr3962-116
HSGO,hr3962-116
HSBU,hr3962-116
HSBA,hr3962-116
HSSY,hr3962-116
HSIF,hr2630-116
HSED,hr2888-116
HSED,hr1591-116
HSHA,hr4315-116
HSIF,hr478-116
HSJU,hr2054-116
HSPW,hr2164-116
HSBA,hr3821-116
HSAS,hr3181-116
HSAS,hr1258-116
HSAG,hr1417-116
HSIF,hr1417-116
HSPW,hr1417-116
HSWM,hr1417-116
SSEG,hr1138-116
HSIF,hr1138-116
HSJU,hr2300-116
HSED,hr2300-116
HSWM,hr3708-116
HSJU,hr2368-116
HSII,hr3250-116
HSWM,hr5351-116
HSGO,hr4809-116
SSGA,hr2548-116
HSBA,hr2548-116
HSPW,hr2548-116
HSED,hr2721-116
HSWM,hr1093-116
HSIF,hr1093-116
HSIF,hr4811-116
HSHM,hr43-116
HSJU,hr3918-116
HSHM,hr3918-116
HSBA,hr3918-116
HSJU,hr1726-116
HSAS,hr2252-116
HSWM,hr5164-116
HSAG,hr4037-116
HSBA,hr4037-116
HSJU,hr3731-116
HSWM,hr3731-116
HSAG,hr3731-116
HSFA,hr3731-116
HSHM,hr3731-116
SSSB,hr2345-116
HSSM,hr2345-116
HSPW,hr487-116
HSIF,hr3417-116
HSWM,hr3417-116
SSEG,hr1088-116
HSII,hr1088-116
HSIF,hr4014-116
HSII,hr1937-116
HSED,hr1937-116
HSHA,hr645-116
HSWM,hr1349-116
HSIF,hr2043-116
HSWM,hr2043-116
HSAS,hr3626-116
HSFA,hr3626-116
HSII,hr1435-116
HSED,hr398-116
HSHM,hr85-116
HSJU,hr85-116
HSAP,hr85-116
HSED,hr85-116
HSBA,hr85-116
HSFA,hr85-116
HSWM,hr85-116
HSED,hr3368-116
HSWM,hr3368-116
HSGO,hr2586-116
SSEV,hr3399-116
HSII,hr3399-116
HSVR,hr1674-116
HSIF,hr447-116
HSWM,hr865-116
HSED,hr865-116
HSED,hr832-116
HSWM,hr593-116
HSJU,hr2347-116
HSPW,hr3959-116
HSED,hr3959-116
HSIF,hr2510-116
HSWM,hr2510-116
HSWM,hr788-116
HSII,hr788-116
HSBA,hr5180-116
HSJU,hr1399-116
HSWM,hr1399-116
HSED,hr1399-116
HSPW,hr414-116
HSBA,hr5135-116
HSSY,hr3723-116
HSII,hr3723-116
HSED,hr5041-116
SSHR,hr1570-116
HSIF,hr1570-116
HSWM,hr1570-116
HSBA,hr2504-116
HSED,hr3513-116
HSPW,hr2206-116
HSWM,hr1940-116
HSWM,hr5007-116
HSSY,hr4481-116
HSPW,hr5107-116
HSWM,hr3877-116
HSRU,hr3877-116
HSBU,hr3877-116
HSAS,hr2814-116
HSJU,hr1156-116
HSED,hr2848-116
HSIF,hr1584-116
HSJU,hr2935-116
HSIF,hr2935-116
HSED,hr5374-116
HSSY,hr5374-116
SSHR,hr2117-116
HSIF,hr2117-116
HSVR,hr1752-116
HSJU,hr939-116
HSIF,hr1880-116
HSFA,hr1880-116
HSAP,hr2960-116
HSII,hr1416-116
HSIF,hr1416-116
HSED,hr3086-116
HSJU,hr5383-116
HSFA,hr2194-116
SSFR,hr951-116
HSFA,hr951-116
HSIF,hr2282-116
HSWM,hr2282-116
SSCM,hr988-116
HSII,hr988-116
HSSY,hr988-116
HSJU,hr4732-116
HSIF,hr4732-116
HSFA,hr4732-116
HSII,hr4494-116
HSIF,hr296-116
HSSM,hr231-116
HSWM,hr231-116
HSED,hr231-116
HSIF,hr427-116
HSBA,hr5001-116
SSFR,hr2037-116
HSFA,hr2037-116
HSJU,hr2037-116
HLIG,hr2037-116
HSIF,hr3753-116
HSWM,hr3753-116
HSPW,hr5105-116
HSFA,hr1055-116
HSVR,hr3932-116
HSGO,hr2553-116
HSIF,hr4821-116
HSAG,hr4297-116
HSJU,hr1772-116
HSIF,hr2720-116
HSED,hr2720-116
HSED,hr2259-116
HSJU,hr4978-116
HSIF,hr4978-116
HSJU,hr2662-116
HSIF,hr4769-116
HSWM,hr4769-116
SSHR,hr276-116
HSED,hr276-116
HSIF,hr3613-116
HSJU,hr1045-116
HSWM,hr3462-116
HSJU,hr2873-116
HSIF,hr1480-116
HSSY,hr1480-116
HSJU,hr4099-116
HSWM,hr4438-116
HSWM,hr4017-116
SSEG,hr617-116
HSVR,hr617-116
HSSY,hr617-116
HSIF,hr2170-116
HSSY,hr2170-116
HSAG,hr579-116
HSII,hr579-116
HSED,hr1798-116
HSWM,hr1798-116
HSED,hr4859-116
HSJU,hr3199-116
HSIF,hr1816-116
SSEV,hr2427-116
HSII,hr2427-116
HSGO,hr750-116
HSWM,hr789-116
HSIF,hr789-116
SSBK,hr2534-116
HSBA,hr2534-116
HSGO,hr1316-116
HSSY,hr3610-116
HSIF,hr4336-116
HSJU,hr3241-116
HSWM,hr3241-116
HSWM,hr5368-116
HSED,hr5368-116
HSJU,hr20-116
HSIF,hr20-116
HSWM,hr20-116
HSIF,hr1143-116
SSCM,hr1665-116
HSSY,hr1665-116
HSWM,hr2991-116
HSJU,hr2991-116
HSII,hr2579-116
HSVR,hr3535-116
HSVR,hr1005-116
SSSB,hr748-116
HSWM,hr748-116
HSGO,hr2188-116
HSED,hr2188-116
HSII,hr756-116
HSJU,hr1866-116
HSIF,hr4468-116
HSWM,hr4468-116
HSIF,hr4763-116
HSPW,hr2939-116
HSED,hr2747-116
HSBA,hr2899-116
HSJU,hr3729-116
HSHM,hr3729-116
HSFA,hr3729-116
HSAP,hr3729-116
HSIF,hr1343-116
HSVR,hr1628-116
HSIF,hr2092-116
HSIF,hr3129-116
HSWM,hr2704-116
HSIF,hr996-116
HSWM,hr996-116
HSJU,hr3451-116
HSII,hr5173-116
HSAS,hr5173-116
HSGO,hr3333-116
HSIF,hr4548-116
HSII,hr2551-116
HSPW,hr3612-116
HSAS,hr3087-116
SSGA,hr3710-116
HSHM,hr3710-116
HSIF,hr2596-116
HSVR,hr1988-116
HSBA,hr1988-116
HSVR,hr2493-116
HSGO,hr3528-116
HSIF,hr4782-116
HSHM,hr4782-116
HSIF,hr5262-116
HSWM,hr5262-116
HSJU,hr2055-116
HSAG,hr2055-116
HSII,hr2055-116
HSIF,hr2055-116
HSPW,hr2055-116
HSBA,hr2055-116
HSFA,hr2055-116
HSSY,hr2055-116
HSED,hr2055-116
SLIA,hr91-116
HSII,hr91-116
HSAS,hr2953-116
HSHA,hr5075-116
HSGO,hr5075-116
HSED,hr5075-116
SSHR,hr4861-116
HSIF,hr4861-116
HSED,hr3562-116
SSSB,hr227-116
HSSM,hr227-116
HSBA,hr5132-116
HSED,hr3522-116
HSIF,hr1765-116
HSWM,hr1765-116
HSVR,hr2943-116
HSBA,hr4544-116
HSHA,hr3529-116
HSIF,hr3107-116
HSWM,hr3107-116
HSJU,hr2877-116
HSED,hr3135-116
SSFI,hr2339-116
HSIF,hr2339-116
SSHR,hr5469-116
SSEV,hr66-116
HSPW,hr66-116
HSIF,hr4536-116
HSED,hr2958-116
HSGO,hr1463-116
HSJU,hr5225-116
HSJU,hr5301-116
HSWM,hr3078-116
HSED,hr1229-116
HSAP,hr847-116
HSIF,hr1586-116
HSED,hr1586-116
HSJU,hr2801-116
HSIF,hr3002-116
HSJU,hr4052-116
HSWM,hr1985-116
HSIF,hr4906-116
HSWM,hr4906-116
HSED,hr1554-116
HSBA,hr3618-116
HSII,hr201-116
SSJU,hr507-116
HSJU,hr507-116
HSED,hr507-116
HSPW,hr2739-116
HSBA,hr1756-116
HSHM,hr1598-116
HSJU,hr19-116
HSIF,hr19-116
HSWM,hr19-116
HSIF,hr2874-116
HSED,hr2874-116
HSWM,hr2874-116
HSJU,hr1531-116
SSVA,hr2334-116
HSVR,hr2334-116
HSWM,hr1294-116
HSJU,hr2786-116
HSVR,hr1962-116
HSIF,hr4138-116
HSWM,hr4138-116
HSHM,hr3787-116
HSIF,hr4221-116
HSED,hr4221-116
HSIF,hr2755-116
HSPW,hr2755-116
HSJU,hr2029-116
HSII,hr2029-116
HSWM,hr1194-116
HSII,hr3919-116
HSSY,hr3919-116
HSIF,hr5279-116
HSVR,hr2934-116
HSJU,hr3599-116
HSIF,hr692-116
HSWM,hr692-116
HSED,hr692-116
HSII,hr1216-116
HSED,hr3647-116
HLIG,hr2214-116
HSAG,hr4684-116
HSSY,hr4684-116
HSED,hr4684-116
HSWM,hr2655-116
HSJU,hr2422-116
HSWM,hr2381-116
HSWM,hr1922-116
SSCM,hr4779-116
HSIF,hr4779-116
HSIF,hr4649-116
HSWM,hr4649-116
HSBA,hr1661-116
HSBA,hr4008-116
HSII,hr877-116
HSJU,hr1097-116
HSIF,hr3414-116
HSWM,hr3414-116
SSVA,hr4625-116
HSVR,hr4625-116
HSIF,hr4810-116
HSIF,hr3029-116
HSWM,hr3029-116
SSJU,hr1044-116
HSJU,hr1044-116
HSAS,hr3065-116
HSSY,hr3321-116
HSII,hr341-116
SSRA,hr1980-116
HSPW,hr1980-116
HSII,hr1980-116
HSHA,hr1980-116
HSIF,hr4973-116
HSGO,hr4973-116
HSJU,hr44-116
HSIF,hr2150-116
HSWM,hr2150-116
HSJU,hr1737-116
HSPW,hr1737-116
HSED,hr1737-116
HSWM,hr1737-116
HSBA,hr1737-116
HSVR,hr4096-116
HSIF,hr5097-116
HSIF,hr5036-116
HSIF,hr3912-116
HSWM,hr3912-116
HSED,hr804-116
HSIF,hr1754-116
HSVR,hr5045-116
HSII,hr4804-116
HSPW,hr3628-116
HSIF,hr721-116
SSFR,hr4864-116
HSFA,hr4864-116
HSJU,hr5515-116
HSVR,hr1133-116
HSGO,hr210-116
HSIF,hr909-116
HSJU,hr6-116
HSED,hr6-116
HSWM,hr4540-116
HSBA,hr907-116
HSJU,hr1287-116
HSGO,hr812-116
HSIF,hr1607-116
HSII,hr3814-116
HSII,hr278-116
SSVA,hr2109-116
HSVR,hr2109-116
HSAG,hr3182-116
HSBA,hr3182-116
HSWM,hr2878-116
HSVR,hr1807-116
HSII,hr2956-116
HSWM,hr5306-116
SSGA,hr1589-116
HSHM,hr1589-116
HSVR,hr1585-116
HSII,hr1585-116
HSED,hr1585-116
HSWM,hr1585-116
HSBA,hr1585-116
HSIF,hr1585-116
HSJU,hr1585-116
HSAG,hr2442-116
HSWM,hr322-116
HSIF,hr2929-116
HSAG,hr1221-116
HSIF,hr1840-116
HSWM,hr1840-116
HSJU,hr2146-116
HSGO,hr3830-116
HSJU,hr509-116
HSED,hr5592-116
HSIF,hr4537-116
HSJU,hr3270-116
HSWM,hr1244-116
HSED,hr4639-116
SSCM,hr543-116
HSPW,hr543-116
HSAG,hr3101-116
HSED,hr3101-116
HSWM,hr4469-116
HSIF,hr2064-116
HSWM,hr2064-116
HSIF,hr1220-116
HSIF,hr1824-116
HSIF,hr2035-116
HSWM,hr937-116
HSIF,hr937-116
HSAG,hr4496-116
HSJU,hr120-116
HSJU,hr40-116
HSBA,hr4592-116
HSJU,hr1145-116
HSII,hr1806-116
HSJU,hr4009-116
HSED,hr4009-116
HSAP,hr4516-116
HSII,hr4173-116
HSII,hr3697-116
HSII,hr5102-116
HSAS,hr5102-116
HSSY,hr5102-116
HSRU,hr3477-116
HSWM,hr3477-116
HSJU,hr641-116
HSWM,hr641-116
HSJU,hr5174-116
HSAG,hr5174-116
HSIF,hr5174-116
HSBA,hr5174-116
HSWM,hr5174-116
HSED,hr5174-116
HSJU,hr3606-116
HSWM,hr1786-116
HSJU,hr1566-116
HSJU,hr2749-116
HSED,hr2749-116
HSJU,hr4081-116
HSII,hr1312-116
HSJU,hr671-116
HSJU,hr1942-116
HLIG,hr1942-116
HSHA,hr3138-116
HSBA,hr3138-116
HSWM,hr3299-116
HSED,hr4083-116
HSJU,hr784-116
HSVR,hr1826-116
HSVR,hr2972-116
SSBK,hr758-116
HSBA,hr758-116
HSWM,hr3398-116
HSGO,hr270-116
HSIF,hr2905-116
HSWM,hr2905-116
HSED,hr2706-116
HSBA,hr2631-116
HSED,hr3089-116
HSGO,hr2612-116
HSJU,hr2319-116
HSIF,hr2074-116
HSIF,hr4088-116
HSPW,hr4088-116
HSBU,hr4088-116
HSWM,hr4088-116
HSIF,hr1393-116
HSWM,hr1393-116
HSIF,hr4393-116
HSPW,hr5059-116
HSED,hr4738-116
HSWM,hr3466-116
HSAG,hr2897-116
HSSY,hr2202-116
HSJU,hr2373-116
HSFA,hr602-116
HSJU,hr616-116
HSIF,hr2011-116
HSII,hr2250-116
HSGO,hr224-116
HSIF,hr2600-116
HSAP,hr1983-116
HSWM,hr2840-116
HSAP,hr301-116
HSJU,hr775-116
HSWM,hr775-116
HSVR,hr1001-116
HSWM,hr430-116
HSAG,hr1368-116
HSJU,hr1778-116
HSED,hr1778-116
HSVR,hr3228-116
HSAS,hr3567-116
HSJU,hr1694-116
HSHA,hr1694-116
SSJU,hr5309-116
HSED,hr5309-116
HSJU,hr5309-116
SSCM,hr2051-116
HSBU,hr2051-116
HSSY,hr2051-116
HSAG,hr4813-116
HSBA,hr4813-116
HSJU,hr3312-116
HSED,hr4475-116
HSIF,hr5198-116
SSFR,hr97-116
HSFA,hr97-116
HSIF,hr3248-116
HSWM,hr1679-116
HSWM,hr521-116
HSFA,hr1098-116
HSPW,hr855-116
HSIF,hr3264-116
HSIF,hr4354-116
HSGO,hr4354-116
HSVR,hr1448-116
HSWM,hr3316-116
HSJU,hr147-116
HSIF,hr5527-116
HSPW,hr42-116
HSHM,hr42-116
HSPW,hr2955-116
HSJU,hr885-116
HSGO,hr1784-116
HSHA,hr1784-116
HSED,hr1784-116
HSJU,hr2843-116
HSAG,hr2843-116
HSII,hr2843-116
HSPW,hr2843-116
HSIF,hr2843-116
HSSM,hr2843-116
HSII,hr5390-116
HSFA,hr2407-116
HSII,hr4059-116
HSAS,hr3611-116
HSSY,hr3611-116
HSII,hr1492-116
HSVR,hr3036-116
HSWM,hr2163-116
HSWM,hr22-116
HSJU,hr2379-116
HSJU,hr2415-116
HSHM,hr2415-116
HSIF,hr805-116
HSIF,hr4832-116
HSPW,hr4832-116
HSWM,hr4832-116
HSVR,hr1200-116
HSBA,hr1257-116
HSVR,hr2308-116
HSPW,hr3779-116
HSGO,hr1299-116
HSHM,hr3719-116
HSJU,hr2719-116
HSIF,hr2719-116
HSED,hr2719-116
HSWM,hr2719-116
HSGO,hr2719-116
HSHA,hr138-116
HSIF,hr345-116
HSWM,hr3479-116
HSWM,hr216-116
SSBK,hr4300-116
HSBA,hr4300-116
HSJU,hr4140-116
HSVR,hr2777-116
HSIF,hr2777-116
HSWM,hr2777-116
HSED,hr1197-116
HSIF,hr9-116
HSFA,hr9-116
HSAS,hr2342-116
HSGO,hr2342-116
HSWM,hr410-116
HSJU,hr4935-116
HSED,hr3068-116
HSII,hr3068-116
HSVR,hr3826-116
HSIF,hr1226-116
HSJU,hr528-116
HSBA,hr528-116
HSWM,hr940-116
HSRU,hr940-116
HSED,hr103-116
HSED,hr4391-116
HSJU,hr153-116
HSGO,hr153-116
HSVR,hr1944-116
HSJU,hr1325-116
HSJU,hr121-116
HSIF,hr2646-116
HSVR,hr1360-116
HSAP,hr3931-116
HSJU,hr2038-116
HSWM,hr513-116
HSAG,hr923-116
HSBA,hr923-116
HSSY,hr1678-116
HSAS,hr1678-116
HLIG,hr1678-116
HSED,hr1678-116
HSAS,hr2501-116
HSIF,hr2501-116
HSGO,hr2501-116
HSWM,hr2501-116
HSAG,hr5091-116
HSII,hr5091-116
HSPW,hr5091-116
HSIF,hr4056-116
HSWM,hr4056-116
HSIF,hr1362-116
HSIF,hr514-116
HSIF,hr2815-116
HSIF,hr5057-116
HSWM,hr5057-116
HSPW,hr5498-116
HSED,hr5498-116
SSBK,hr1876-116
HSBA,hr1876-116
HSPW,hr489-116
HSAS,hr489-116
HSJU,hr489-116
HSWM,hr489-116
HSVR,hr1271-116
HSHA,hr668-116
HSGO,hr5018-116
HSAS,hr463-116
HSII,hr2189-116
HSIF,hr2644-116
HSED,hr4212-116
HSBU,hr4907-116
HSRU,hr4907-116
HSGO,hr4907-116
HSAG,hr420-116
HSII,hr420-116
HSIF,hr420-116
HSJU,hr420-116
HSWM,hr420-116
HSWM,hr3249-116
HSPW,hr4952-116
HSAS,hr3148-116
SSFR,hr753-116
HSFA,hr753-116
HSBA,hr2305-116
HSHM,hr4020-116
HSVR,hr444-116
SSCM,hr4373-116
HSSY,hr4373-116
HSJU,hr1266-116
HSII,hr2611-116
HSAG,hr2611-116
HSIF,hr2581-116
HSWM,hr2581-116
HSII,hr1776-116
HSBA,hr3928-116
HSWM,hr1868-116
HSJU,hr2329-116
HSAS,hr3746-116
HSVR,hr3746-116
HSVR,hr2372-116
HSJU,hr1574-116
HSIF,hr3580-116
SSBK,hr2290-116
HSBA,hr2290-116
HSBU,hr1982-116
HSBA,hr1982-116
HSED,hr1225-116
HSII,hr1225-116
HSJU,hr2698-116
HSBA,hr2743-116
HSBA,hr609-116
HSWM,hr4545-116
HSBA,hr4545-116
HSIF,hr5031-116
HSWM,hr2901-116
SSEG,hr1941-116
HSII,hr1941-116
HSWM,hr589-116
HSVR,hr2617-116
HSAS,hr2617-116
HSIF,hr674-116
HSPW,hr1748-116
HSJU,hr155-116
HSWM,hr155-116
HSWM,hr3098-116
HSPW,hr5231-116
HSBA,hr1706-116
HSFA,hr1706-116
HSED,hr3220-116
HSIF,hr4665-116
HSWM,hr4665-116
HSII,hr1149-116
HSWM,hr3538-116
HSII,hr3115-116
HSWM,hr5160-116
HSED,hr2494-116
HSJU,hr1949-116
HSRU,hr3930-116
HSBU,hr3930-116
HSPW,hr5195-116
HSJU,hr1087-116
HSIF,hr4527-116
HSWM,hr4527-116
HSGO,hr4595-116
HSIF,hr2636-116
HSFA,hr2636-116
HSED,hr2636-116
HSSY,hr2636-116
HSIF,hr4177-116
HSAG,hr2809-116
HSPW,hr2623-116
HSPW,hr2453-116
HSBU,hr1856-116
HSBA,hr1856-116
HSII,hr4026-116
HSWM,hr4829-116
HSWM,hr3436-116
HSIF,hr3436-116
HSIF,hr4243-116
HSIF,hr5626-116
HSIF,hr4045-116
HSPW,hr4045-116
HSED,hr4045-116
HSJU,hr4045-116
HSWM,hr4045-116
HSII,hr482-116
HSHA,hr2135-116
HSVR,hr326-116
HSIF,hr326-116
HSFA,hr326-116
HSED,hr4607-116
HSGO,hr605-116
HSJU,hr744-116
HSED,hr2992-116
HSGO,hr932-116
HSIF,hr932-116
SSEG,hr762-116
HSIF,hr762-116
HSJU,hr3714-116
HSED,hr3714-116
HSJU,hr5376-116
HSGO,hr787-116
HSII,hr459-116
HSVR,hr2399-116
HSBA,hr2399-116
HSPW,hr3531-116
HSED,hr4148-116
HSVR,hr1947-116
HSWM,hr2679-116
HSSM,hr128-116
HSPW,hr3040-116
SSHR,hr4372-116
HSSY,hr4372-116
HSIF,hr437-116
SSBK,hr2409-116
HSBA,hr2409-116
HSII,hr310-116
HSBU,hr1428-116
HSAP,hr1428-116
HSIF,hr2078-116
HSAS,hr3166-116
HSII,hr2459-116
HSAS,hr1653-116
HSFA,hr1653-116
HSFA,hr2060-116
HSAS,hr2060-116
HSHM,hr1062-116
HSED,hr3035-116
HSJU,hr2212-116
HSIF,hr4708-116
HSRU,hr5220-116
HSBU,hr5220-116
HSWM,hr1680-116
HSIF,hr5281-116
HSIF,hr1101-116
HSWM,hr1753-116
HSSY,hr336-116
HSJU,hr336-116
HSAS,hr336-116
HSBA,hr336-116
HSFA,hr336-116
HSIF,hr5221-116
HSVR,hr3636-116
HSIF,hr4453-116
HSWM,hr4453-116
HSJU,hr490-116
HSBA,hr715-116
SSGA,hr3675-116
HSHM,hr3675-116
HSED,hr3497-116
SSEG,hr1373-116
HSII,hr1373-116
HSED,hr2107-116
HSFA,hr295-116
HSIF,hr5469-116
SSJU,hr3797-116
HSJU,hr3797-116
HSIF,hr3797-116
HSII,hr1179-116
HSJU,hr2012-116
HSIF,hr2012-116
HSED,hr1903-116
HSIF,hr3371-116
HSJU,hr1933-116
HSJU,hr5227-116
HSHM,hr5227-116
HSHM,hr2214-116
HSFA,hr2214-116
HSJU,hr2214-116
HSBA,hr4565-116
SSVA,hr4183-116
HSVR,hr4183-116
HSAS,hr3576-116
HSFA,hr3576-116
HSVR,hr628-116
HSAS,hr2450-116
HSWM,hr1027-116
HSJU,hr2865-116
HSII,hr825-116
SSJU,hr5546-116
HSJU,hr5546-116
HSIF,hr359-116
HSBA,hr3641-116
HSJU,hr8-116
HSAP,hr2779-116
SSAP,hr2779-116
HSIF,hr4399-116
HSAS,hr2056-116
HSVR,hr2056-116
HSIF,hr5565-116
HSED,hr1080-116
HSGO,hr39-116
HSED,hr899-116
HSIF,hr3235-116
HSWM,hr3235-116
HSVR,hr2916-116
HSII,hr79-116
HSBA,hr1731-116
HSIF,hr4650-116
HSWM,hr4650-116
SSVA,hr95-116
HSVR,hr95-116
SSBK,hr502-116
HSIF,hr502-116
HSBA,hr502-116
HSJU,hr3033-116
HSGO,hr3260-116
HSHA,hr3260-116
HSVR,hr2866-116
HSED,hr4395-116
HSED,hr3070-116
HSAG,hr3969-116
HSII,hr3969-116
HSIF,hr3969-116
HSPW,hr3969-116
HSSY,hr3969-116
HSFA,hr3969-116
HSWM,hr3969-116
HSVR,hr1925-116
HSVR,hr2924-116
HSED,hr4561-116
SSBK,hr3619-116
HSBA,hr3619-116
HSJU,hr4974-116
HSIF,hr4974-116
HSGO,hr4412-116
HSVR,hr2752-116
SSCM,hr2397-116
HSSY,hr2397-116
HSII,hr695-116
HSBA,hr5197-116
SSVA,hr4920-116
HSVR,hr4920-116
SSEG,hr1146-116
HSII,hr1146-116
HSAS,hr859-116
SSGA,hr3413-116
HSHM,hr3413-116
HSIF,hr4620-116
HSWM,hr4620-116
SSBK,hr5315-116
HSBA,hr5315-116
HSHA,hr137-116
HSSY,hr1709-116
HSAP,hr1605-116
HSWM,hr1605-116
HSED,hr1605-116
SSEG,hr722-116
HSII,hr722-116
HSJU,hr1454-116
HSWM,hr2147-116
HSJU,hr3496-116
HSED,hr882-116
HSSY,hr1668-116
HSGO,hr1668-116
HSIF,hr4661-116
HSWM,hr4661-116
HSED,hr2129-116
HSBA,hr3490-116
HSJU,hr223-116
HSBA,hr3407-116
HSPW,hr3904-116
HSED,hr3904-116
HSIF,hr1841-116
SSSB,hr5065-116
HSSM,hr5065-116
HSJU,hr930-116
HSAG,hr2661-116
HSIF,hr2661-116
HSIF,hr3136-116
HSIF,hr1358-116
HSWM,hr1358-116
HSII,hr5548-116
HSWM,hr5548-116
HSGO,hr191-116
HSHA,hr191-116
HSAG,hr4521-116
HSGO,hr732-116
HSED,hr3-116
HSWM,hr3-116
HSIF,hr3-116
HSJU,hr816-116
HSIF,hr4013-116
HSWM,hr4013-116
SSGA,hr4739-116
HSWM,hr4739-116
HSHM,hr4739-116
HSWM,hr2089-116
HSAG,hr292-116
HSII,hr292-116
HSII,hr3043-116
SSAP,hr3351-116
HSAP,hr3351-116
HSED,hr2768-116
HSII,hr527-116
HSIF,hr1920-116
HSII,hr1747-116
HSWM,hr2985-116
HSIF,hr1675-116
HSHA,hr746-116
HSII,hr1026-116
HSBU,hr1026-116
SSBK,hr1923-116
HSBA,hr1923-116
HSIF,hr4678-116
HSIF,hr1243-116
HSJU,hr3381-116
HSED,hr3381-116
HSWM,hr3061-116
HSIF,hr5120-116
HSPW,hr5120-116
HSGO,hr5264-116
HSBU,hr5264-116
HSJU,hr2731-116
HSFA,hr5267-116
HSPW,hr4374-116
SSBK,hr4029-116
HSBA,hr4029-116
HSBA,hr3885-116
HSIF,hr2041-116
HSED,hr3366-116
HSIF,hr2165-116
HSII,hr2748-116
HSED,hr781-116
HSWM,hr1869-116
HSJU,hr4599-116
HSBA,hr4599-116
HSWM,hr5409-116
HSII,hr1335-116
HSJU,hr2925-116
HSHM,hr2925-116
HSHM,hr452-116
HSWM,hr4280-116
HSII,hr309-116
HSII,hr279-116
HSIF,hr1502-116
HSWM,hr1068-116
HSGO,hr354-116
SSEG,hr943-116
HSED,hr943-116
HSPW,hr367-116
HSAP,hr367-116
HSBA,hr3745-116
HSBA,hr4254-116
HSGO,hr2478-116
HSPW,hr690-116
HSIF,hr330-116
HSFA,hr330-116
HSIF,hr3773-116
HSPW,hr3773-116
SSGA,hr1847-116
HSGO,hr1847-116
HSIF,hr2010-116
SSGA,hr4753-116
HSHM,hr4753-116
HSWM,hr4795-116
HSPW,hr3632-116
HSAP,hr1580-116
HSFA,hr1580-116
HSJU,hr60-116
HSWM,hr2560-116
HSBA,hr3355-116
HSIF,hr2800-116
SSGA,hr1079-116
HSGO,hr1079-116
HSHM,hr5468-116
HSBA,hr469-116
HSWM,hr2103-116
HSII,hr1091-116
HSIF,hr5212-116
HSWM,hr5212-116
HSBU,hr5055-116
HSRU,hr5055-116
HSWM,hr4980-116
HSJU,hr656-116
HSWM,hr3999-116
HSWM,hr1872-116
HSIF,hr4690-116
HSSY,hr3607-116
HSAG,hr922-116
HSBA,hr922-116
HSIF,hr1426-116
HSJU,hr1745-116
HSIF,hr1346-116
HSWM,hr1346-116
HSII,hr1606-116
HSWM,hr2210-116
HSAG,hr5436-116
HSJU,hr1151-116
HSVR,hr1151-116
HSIF,hr1151-116
HSIF,hr2995-116
HSVR,hr485-116
HSHA,hr1534-116
HSGO,hr1534-116
HSJU,hr714-116
HSGO,hr111-116
SSFR,hr3763-116
HSFA,hr3763-116
HSJU,hr2404-116
HSAG,hr2404-116
HSIF,hr2404-116
HSBA,hr2404-116
HSWM,hr2404-116
HSFA,hr2404-116
HSWM,hr1907-116
HSED,hr1907-116
HSIF,hr249-116
HSED,hr1434-116
HSWM,hr1434-116
HSIF,hr2827-116
HSRU,hr3673-116
HSWM,hr3673-116
HSGO,hr4454-116
HSED,hr4964-116
HSWM,hr4964-116
HSJU,hr838-116
HSVR,hr3357-116
HSGO,hr3357-116
HSII,hr5127-116
HSIF,hr2337-116
HSGO,hr2337-116
HSRU,hr3269-116
HSGO,hr3269-116
HSII,hr401-116
HSIF,hr2860-116
HSWM,hr673-116
HSGO,hr673-116
HSVR,hr2676-116
HSIF,hr3586-116
HSJU,hr821-116
HSJU,hr4594-116
HSIF,hr2235-116
HSWM,hr2235-116
HSIF,hr2013-116
HSJU,hr2413-116
HSVR,hr1553-116
HSAS,hr1553-116
HSWM,hr1553-116
HSGO,hr1553-116
HSJU,hr5395-116
HSED,hr5314-116
HSJU,hr2835-116
HSIF,hr2835-116
HSBA,hr2835-116
HSIF,hr3924-116
HSWM,hr3924-116
HSAS,hr2500-116
HSVR,hr464-116
SSGA,hr136-116
HSGO,hr136-116
HSPW,hr5096-116
HSBA,hr508-116
HSVR,hr610-116
HSPW,hr2205-116
HSVR,hr1163-116
HSWM,hr1739-116
HSPW,hr2460-116
HSIF,hr4100-116
HSWM,hr4100-116
HSWM,hr2313-116
HSIF,hr2951-116
HSWM,hr2951-116
HSJU,hr1412-116
HSJU,hr2634-116
HSVR,hr592-116
HSII,hr1976-116
HSIF,hr2048-116
HSII,hr402-116
HSJU,hr2796-116
HSED,hr3354-116
HSED,hr2875-116
HSVR,hr747-116
HSIF,hr1693-116
HSII,hr1664-116
HSIF,hr5263-116
HSWM,hr1973-116
HSGO,hr4147-116
HSSM,hr2258-116
HSED,hr2258-116
HSWM,hr2258-116
HSFA,hr1134-116
HSJU,hr3740-116
HSIF,hr3740-116
HSED,hr3740-116
HSHM,hr5209-116
HSAS,hr311-116
HSFA,hr2861-116
HSBA,hr3146-116
HSJU,hr2483-116
HSWM,hr2483-116
HSAS,hr2483-116
HLIG,hr2483-116
HSGO,hr2483-116
HSBA,hr2483-116
HSFA,hr2483-116
HSIF,hr2705-116
HSPW,hr2705-116
HSWM,hr2705-116
HSHA,hr5129-116
HSED,hr2367-116
HSSY,hr5428-116
HSJU,hr407-116
HSIF,hr3927-116
HSED,hr1458-116
HSIF,hr4401-116
HSPW,hr5118-116
HSIF,hr2015-116
SSFR,hr1616-116
HSFA,hr1616-116
HSED,hr1074-116
HSIF,hr55-116
HSIF,hr1884-116
HSWM,hr1884-116
HSED,hr1884-116
HSWM,hr2207-116
HSIF,hr448-116
HSWM,hr448-116
HSHA,hr3770-116
HSWM,hr2912-116
SSFR,hr192-116
HSFA,hr192-116
HSJU,hr1787-116
HSVR,hr5522-116
HSED,hr2787-116
SSAP,hr267-116
HSAP,hr267-116
HSVR,hr100-116
HSWM,hr5258-116
HSPW,hr358-116
HSII,hr358-116
HSIF,hr3835-116
HSWM,hr3835-116
HSPW,hr1139-116
HSWM,hr2256-116
SSFR,hr2229-116
HSFA,hr2229-116
HSJU,hr3954-116
HSIF,hr1854-116
HSAS,hr2767-116
HSBA,hr3939-116
HSED,hr2872-116
HSII,hr5186-116
HSIF,hr1361-116
HSGO,hr1361-116
HSIF,hr708-116
HSAG,hr5217-116
HSII,hr5217-116
HSPW,hr5217-116
HSSY,hr5217-116
HSGO,hr5297-116
HSED,hr1935-116
HSVR,hr23-116
SSHR,hr3598-116
HSED,hr3598-116
HSIF,hr3415-116
HSWM,hr3415-116
HSIF,hr1860-116
HSED,hr4061-116
HSIF,hr1345-116
HSWM,hr1345-116
HSIF,hr2680-116
HSVR,hr2791-116
HSSY,hr3915-116
HSJU,hr948-116
HSBA,hr4242-116
HSJU,hr2148-116
HSVR,hr2148-116
HSGO,hr2148-116
HSHA,hr2148-116
HSED,hr2148-116
HSIF,hr4764-116
HSII,hr486-116
HSWM,hr476-116
HSBU,hr4248-116
HSII,hr4248-116
HSBA,hr3561-116
SSFI,hr4996-116
HSIF,hr4996-116
HSVR,hr3700-116
HSED,hr2168-116
HSBA,hr342-116
HSIF,hr1209-116
SSRA,hr1623-116
HSHA,hr1623-116
SSEG,hr34-116
HSSY,hr34-116
HSVR,hr1377-116
HSVR,hr3897-116
HSPW,hr3383-116
HSBU,hr1280-116
HSAP,hr1280-116
HSPW,hr2208-116
HSED,hr1685-116
SSBK,hr3050-116
HSBA,hr3050-116
HSIF,hr2784-116
SSCM,hr693-116
HSIF,hr693-116
HSWM,hr1540-116
SSCM,hr1140-116
HSHM,hr1140-116
HSGO,hr1140-116
HSJU,hr3328-116
HSBA,hr149-116
SSFI,hr991-116
HSWM,hr991-116
HSIF,hr4687-116
HSPW,hr4687-116
HSAG,hr4687-116
HSSY,hr4687-116
HSJU,hr3486-116
HSGO,hr3486-116
HSBA,hr1957-116
HSWM,hr1957-116
HSSY,hr4091-116
HSIF,hr2891-116
HSWM,hr4716-116
HSJU,hr3617-116
HSGO,hr3617-116
HSPW,hr3663-116
HSGO,hr2341-116
HSII,hr5489-116
HSAG,hr3225-116
HSII,hr3225-116
HSWM,hr2716-116
HSSY,hr5450-116
HSJU,hr2660-116
HSHM,hr2660-116
HSSY,hr2660-116
HSFA,hr2660-116
HLIG,hr2660-116
HSHA,hr2660-116
HSJU,hr4408-116
HSHM,hr3699-116
HSII,hr1326-116
HSJU,hr1326-116
HSAG,hr1326-116
HSPW,hr1326-116
HSAP,hr1326-116
HSPW,hr5112-116
HSBA,hr2005-116
HSED,hr2005-116
HSII,hr4142-116
HSIF,hr4142-116
HSPW,hr4142-116
HSBA,hr4142-116
HSSY,hr4142-116
HSED,hr4142-116
HSAG,hr4142-116
HSWM,hr4142-116
HSJU,hr997-116
HSED,hr997-116
HSWM,hr4095-116
SSGA,hr1064-116
HSGO,hr1064-116
HSIF,hr5010-116
HSED,hr5010-116
HSAS,hr5010-116
HSGO,hr5010-116
HSWM,hr5010-116
HSED,hr2001-116
HSBA,hr2001-116
HSIF,hr2293-116
HSWM,hr2293-116
HSAP,hr2740-116
HSJU,hr745-116
HSGO,hr745-116
HSHA,hr3395-116
HSAS,hr3143-116
HSED,hr3179-116
HSJU,hr4075-116
SSGA,hr1892-116
HSHM,hr1892-116
HSIF,hr4938-116
HSWM,hr4938-116
SSCM,hr451-116
HSIF,hr451-116
HSHA,hr1790-116
HSIF,hr5442-116
HSWM,hr5442-116
HSWM,hr3709-116
SSJU,hr5053-116
HSJU,hr5053-116
HSWM,hr2108-116
HSAS,hr3174-116
SSSB,hr4407-116
HSSM,hr4407-116
HSBA,hr4047-116
HSIF,hr2822-116
HSGO,hr391-116
HSIF,hr3278-116
HSIF,hr4768-116
HSWM,hr4768-116
SSHR,hr539-116
HSSM,hr539-116
HSSY,hr539-116
HSAG,hr2979-116
HSHM,hr2979-116
HSBA,hr2979-116
HSJU,hr2979-116
HLIG,hr2979-116
HSAS,hr2979-116
HSFA,hr2979-116
HSIF,hr3219-116
HSGO,hr3219-116
HSAS,hr3219-116
HSED,hr3219-116
HSWM,hr293-116
HSIF,hr293-116
HSJU,hr293-116
HSPW,hr3898-116
HSJU,hr1799-116
SSFR,hr3460-116
HSFA,hr3460-116
HSVR,hr3072-116
HSAS,hr3072-116
HSAS,hr3400-116
HSHA,hr734-116
HSAS,hr3801-116
HSJU,hr864-116
HSII,hr864-116
HSIF,hr5335-116
HSWM,hr5335-116
HSGO,hr50-116
SSEV,hr1768-116
HSIF,hr1768-116
HSAG,hr689-116
HSHA,hr1020-116
HSVR,hr2982-116
HSED,hr4787-116
HSSY,hr378-116
HSHA,hr378-116
HSJU,hr300-116
HSRU,hr300-116
HSBU,hr300-116
HSGO,hr300-116
HSAS,hr3309-116
HSWM,hr1974-116
HSPW,hr4919-116
HSIF,hr4709-116
HSVR,hr1125-116
HSJU,hr2402-116
HSJU,hr600-116
HSPW,hr2449-116
HSWM,hr918-116
HSPW,hr3261-116
HSIF,hr4632-116
HSWM,hr4632-116
HSIF,hr3361-116
HSJU,hr3906-116
SSGA,hr2203-116
HSWM,hr2203-116
HSJU,hr2203-116
HSHM,hr2203-116
HSAS,hr914-116
HSAS,hr3467-116
HSIF,hr4462-116
HSSY,hr4462-116
HSII,hr733-116
HSIF,hr2682-116
SSCM,hr4500-116
HSFA,hr4500-116
HSIF,hr4500-116
HSPW,hr1374-116
HSVR,hr2230-116
HSAG,hr4773-116
HSWM,hr101-116
HSWM,hr3971-116
HSVR,hr1924-116
HSED,hr3712-116
HSBA,hr1441-116
HSFA,hr1441-116
HSBU,hr1084-116
HSED,hr1084-116
HSWM,hr1084-116
HSFA,hr1004-116
HSAS,hr1004-116
HSIF,hr3461-116
HSWM,hr3461-116
HSHA,hr3687-116
HSAS,hr1086-116
HSHA,hr1396-116
HSBA,hr1396-116
HSIF,hr1836-116
HSPW,hr5110-116
HSHM,hr3524-116
HSJU,hr3524-116
HSAG,hr3524-116
HSWM,hr3524-116
HSBA,hr3524-116
HLIG,hr3524-116
HSAS,hr3524-116
HSED,hr3524-116
HSFA,hr3524-116
HSIF,hr2967-116
HSBA,hr2967-116
HSED,hr2967-116
HSWM,hr2967-116
HSIF,hr776-116
SSJU,hr202-116
HSGO,hr202-116
HSIF,hr2591-116
HSJU,hr2957-116
HSIF,hr4698-116
HSPW,hr2795-116
HSAS,hr2795-116
HSAG,hr2795-116
HSII,hr2795-116
HSIF,hr5239-116
HSWM,hr4805-116
HSJU,hr2851-116
HSIF,hr3280-116
HSED,hr4615-116
HSGO,hr5214-116
HSHA,hr93-116
HSJU,hr1116-116
HSAS,hr2727-116
HSFA,hr2727-116
HSFA,hr2829-116
HSJU,hr3069-116
HSHM,hr3069-116
HSIF,hr3069-116
HSPW,hr3069-116
HSWM,hr3069-116
HSBA,hr3069-116
HSED,hr3069-116
HSED,hr68-116
HSBA,hr1610-116
HSJU,hr4199-116
HSIF,hr4199-116
HSJU,hr4474-116
HSAS,hr5169-116
HSBA,hr4231-116
SSJU,hr752-116
HSJU,hr752-116
HSII,hr403-116
HSIF,hr4449-116
HSHM,hr4293-116
HSPW,hr4293-116
HSWM,hr556-116
HSJU,hr35-116
HSIF,hr3327-116
HSWM,hr3327-116
HSIF,hr2757-116
HSWM,hr2757-116
HSIF,hr4126-116
HSWM,hr4126-116
HSJU,hr2251-116
HSIF,hr1201-116
HLIG,hr1201-116
HSSY,hr1201-116
HSFA,hr1201-116
HSAS,hr1201-116
HSII,hr1475-116
HSJU,hr960-116
HSBA,hr960-116
HSAG,hr5064-116
HSHM,hr5064-116
HSPW,hr1673-116
HSIF,hr1390-116
HSWM,hr1390-116
HSWM,hr3404-116
HSBA,hr1865-116
HSJU,hr4141-116
HSIF,hr4141-116
HSJU,hr4605-116
HSII,hr4605-116
HSIF,hr1643-116
HSJU,hr3994-116
HSIF,hr3994-116
HSBA,hr2833-116
HSED,hr2833-116
HSAS,hr351-116
SSGA,hr2932-116
HSPW,hr2932-116
HSHM,hr2932-116
HSWM,hr1436-116
HSAG,hr179-116
HSII,hr179-116
HSPW,hr5462-116
HSJU,hr4155-116
HSIF,hr3888-116
HSHA,hr4452-116
HSGO,hr4452-116
HSED,hr4452-116
HSBA,hr799-116
HSWM,hr4002-116
HSIF,hr4215-116
HSIF,hr4633-116
HSIF,hr1518-116
HSWM,hr1518-116
HSBA,hr1862-116
HSED,hr4193-116
HLIG,hr5396-116
HSJU,hr5396-116
HSBA,hr5187-116
HSJU,hr571-116
HSFA,hr571-116
HSWM,hr3429-116
HSIF,hr3429-116
HSAS,hr3429-116
SSBK,hr3624-116
HSBA,hr3624-116
SSJU,hr565-116
HSJU,hr565-116
HSIF,hr1115-116
HSJU,hr4692-116
HSWM,hr4692-116
HSGO,hr4692-116
HSBA,hr4692-116
HSFA,hr4692-116
HSJU,hr687-116
HSJU,hr4264-116
HSAS,hr4264-116
HSIF,hr2084-116
HSPW,hr5234-116
HSIF,hr2594-116
HSWM,hr2594-116
HSIF,hr3109-116
SSEG,hr1487-116
HSII,hr1487-116
SSBU,hr2440-116
HSBU,hr2440-116
HSPW,hr2440-116
HSJU,hr4015-116
HSGO,hr4015-116
HSHA,hr4015-116
HSED,hr4015-116
HSED,hr3389-116
HSWM,hr3389-116
HSJU,hr49-116
HSIF,hr3834-116
HSHA,hr3834-116
HSIF,hr3393-116
HSGO,hr2190-116
SSCM,hr3172-116
HSIF,hr3172-116
HSIF,hr1575-116
HSIF,hr4932-116
HSWM,hr4932-116
HSGO,hr2543-116
HSWM,hr2543-116
HSWM,hr5011-116
HSWM,hr3017-116
HSIF,hr5121-116
HSGO,hr5121-116
SSFR,hr328-116
HSFA,hr328-116
HSED,hr3986-116
HSIF,hr945-116
HSWM,hr945-116
HSIF,hr938-116
HSED,hr2311-116
HSPW,hr3521-116
HSGO,hr1496-116
HSVR,hr2816-116
HSAG,hr2859-116
HSIF,hr2062-116
HSPW,hr462-116
HSIF,hr172-116
HSRU,hr1193-116
HSAS,hr1193-116
HSFA,hr1193-116
HSWM,hr1757-116
HSIF,hr2113-116
HSWM,hr2113-116
SSHR,hr2781-116
HSIF,hr2781-116
HSPW,hr851-116
HSII,hr1727-116
HSWM,hr1727-116
HSVR,hr2947-116
HSAS,hr2947-116
HSHA,hr906-116
HSBA,hr906-116
HSGO,hr377-116
HSIF,hr3170-116
HSIF,hr4244-116
HSIF,hr2599-116
HSIF,hr3443-116
HSJU,hr5026-116
HSED,hr1389-116
HSED,hr2186-116
HSED,hr3926-116
SSCM,hr3318-116
HSHM,hr3318-116
HSVR,hr3995-116
HSGO,hr3995-116
HSIF,hr2386-116
HSJU,hr2988-116
HSED,hr2988-116
HSIF,hr2564-116
HSED,hr2564-116
HSWM,hr2564-116
HSJU,hr1236-116
HSED,hr4608-116
HSIF,hr1818-116
HSFA,hr361-116
HLIG,hr3412-116
HSHA,hr3412-116
HSWM,hr208-116
HSED,hr2315-116
HSAG,hr4767-116
HSBA,hr4767-116
HSPW,hr5508-116
HSED,hr3197-116
HSPW,hr1137-116
HSIF,hr2376-116
HSJU,hr2376-116
HSAS,hr491-116
HSJU,hr38-116
HSIF,hr4425-116
HSWM,hr4425-116
HSIF,hr2296-116
HSJU,hr146-116
HSED,hr3418-116
HSIF,hr3911-116
HSWM,hr3911-116
HSED,hr2484-116
HSWM,hr2484-116
HSIF,hr3073-116
HSJU,hr5385-116
HSIF,hr4640-116
HSIF,hr4229-116
SSBK,hr56-116
HSBA,hr56-116
HSHA,hr3236-116
SSGA,hr1984-116
HSPW,hr1984-116
HSIF,hr4249-116
HSED,hr2161-116
HSIF,hr465-116
HSJU,hr465-116
SSSB,hr4387-116
HSSM,hr4387-116
HSHM,hr2383-116
HSFA,hr2280-116
HSAS,hr2280-116
SSCM,hr5126-116
HSII,hr5126-116
HSED,hr3463-116
HSED,hr2190-116
SSFR,hr1359-116
HSFA,hr1359-116
HSJU,hr3666-116
HSIF,hr3666-116
HSII,hr1050-116
HSII,hr5435-116
HSAG,hr5435-116
HSED,hr5435-116
HSII,hr2961-116
HSGO,hr4559-116
SSGA,hr5062-116
HSGO,hr5062-116
HSWM,hr4651-116
HSBA,hr5013-116
HSIF,hr4145-116
HSED,hr4145-116
HSAG,hr4820-116
SSBK,hr5084-116
HSBA,hr5084-116
HSWM,hr2810-116
HSWM,hr2131-116
HSIF,hr2131-116
HSAS,hr2419-116
HSFA,hr2419-116
HSBA,hr5021-116
HSWM,hr3550-116
HSIF,hr3631-116
HSWM,hr2921-116
HSJU,hr5412-116
HSIF,hr5412-116
HSPW,hr5412-116
HSED,hr5412-116
HSJU,hr1011-116
HSED,hr3808-116
SSJU,hr5-116
HSHA,hr5-116
HSGO,hr5-116
HSBA,hr5-116
HSED,hr5-116
HSJU,hr5-116
HSVR,hr4165-116
HSWM,hr4598-116
SSHR,hr1520-116
HSIF,hr1520-116
HSJU,hr3564-116
HSII,hr5302-116
HSPW,hr5426-116
HSVR,hr1577-116
HSWM,hr1118-116
HSJU,hr1642-116
HSFA,hr1642-116
HSIF,hr2349-116
HSED,hr2349-116
HSAP,hr696-116
HSJU,hr1136-116
HSPW,hr843-116
HSIF,hr4106-116
HSBA,hr1509-116
HSVR,hr4710-116
HSBA,hr4710-116
HSAS,hr4710-116
HSWM,hr5534-116
HSIF,hr5534-116
HSWM,hr4130-116
HSAS,hr2892-116
HSVR,hr2487-116
HSJU,hr971-116
HSWM,hr801-116
HSED,hr4724-116
HSIF,hr3957-116
HSWM,hr3957-116
HSED,hr2441-116
HSED,hr1319-116
HSED,hr399-116
HSBA,hr1805-116
HSJU,hr3882-116
SSFR,hr2744-116
HSFA,hr2744-116
HSJU,hr163-116
HSHA,hr163-116
HSWM,hr1992-116
HSIF,hr763-116
HSFA,hr763-116
HSWM,hr763-116
HSJU,hr2732-116
HSIF,hr2732-116
HSJU,hr1327-116
SSHR,hr2474-116
HSED,hr2474-116
HSIF,hr1789-116
HSIF,hr2570-116
HSPW,hr2570-116
HSVR,hr4154-116
HSJU,hr4218-116
HSBA,hr500-116
HSWM,hr861-116
HSIF,hr861-116
HSIF,hr5438-116
HSWM,hr5438-116
HSIF,hr3433-116
HSWM,hr3433-116
HSII,hr3671-116
HSHA,hr5456-116
HSGO,hr5456-116
HSED,hr5456-116
HSHM,hr480-116
HSBA,hr4074-116
HSPW,hr3193-116
HSIF,hr2298-116
SSVA,hr2196-116
HSVR,hr2196-116
HLIG,hr1081-116
HSFA,hr1081-116
HSED,hr4381-116
HSWM,hr4011-116
HSJU,hr1738-116
HSFA,hr1738-116
HSED,hr3229-116
HSIF,hr4457-116
HSWM,hr4457-116
HSED,hr4457-116
HSIF,hr2139-116
HSPW,hr2139-116
HSWM,hr4040-116
HSIF,hr1530-116
HSWM,hr1530-116
HSWM,hr5259-116
HSAG,hr4250-116
HSII,hr1803-116
HSPW,hr4273-116
HSIF,hr5138-116
HSED,hr5138-116
SSCM,hr1921-116
HSSY,hr1921-116
HSHA,hr2353-116
HSED,hr4213-116
HSIF,hr1371-116
HSBA,hr2338-116
HSED,hr4308-116
HSII,hr3161-116
HSAS,hr3161-116
HSSY,hr3161-116
HSPW,hr3437-116
HSWM,hr621-116
HSHA,hr1308-116
HSED,hr4073-116
HSWM,hr2144-116
HSBA,hr2144-116
HSII,hr1015-116
HSIF,hr5016-116
HSAS,hr3247-116
HSIF,hr4194-116
HSIF,hr3171-116
HSWM,hr3259-116
HSIF,hr1555-116
HSWM,hr1696-116
HSII,hr1965-116
HSHM,hr2550-116
HSPW,hr911-116
HSWM,hr947-116
HSIF,hr2009-116
HSWM,hr2009-116
HSBA,hr2824-116
HSJU,hr962-116
SSCM,hr729-116
HSII,hr729-116
HSPW,hr2416-116
SSHR,hr2574-116
HSED,hr2574-116
HSJU,hr2574-116
HSPW,hr919-116
HSPW,hr3791-116
HSWM,hr3556-116
HSIF,hr3432-116
HSPW,hr3432-116
HSIF,hr5254-116
HSWM,hr5254-116
HSED,hr1688-116
HSII,hr1891-116
HSAS,hr1891-116
HSED,hr4389-116
HSIF,hr2533-116
HSIF,hr331-116
HSBA,hr331-116
SSFR,hr1632-116
HSFA,hr1632-116
HSGO,hr3440-116
HSHA,hr3440-116
HSVR,hr1911-116
HSAS,hr1911-116
HSIF,hr2647-116
HSAG,hr837-116
HSII,hr837-116
HSPW,hr3362-116
HSPW,hr5108-116
HSAS,hr2907-116
HSVR,hr1565-116
HSAS,hr1565-116
HSWM,hr1565-116
HSED,hr1565-116
HSJU,hr3569-116
SSHR,hr2466-116
HSIF,hr2466-116
HSIF,hr3805-116
HSED,hr727-116
HSWM,hr5575-116
HSED,hr5575-116
HSIF,hr5575-116
HSIF,hr813-116
HSWM,hr813-116
HSVR,hr2224-116
HSVR,hr2618-116
HSAS,hr2618-116
HSGO,hr2275-116
HSJU,hr599-116
HSGO,hr599-116
HSIF,hr2182-116
HSAS,hr3173-116
HSAG,hr2532-116
HSII,hr2532-116
HSIF,hr985-116
HSBA,hr4329-116
SSCM,hr806-116
HSIF,hr806-116
HSJU,hr1587-116
HSIF,hr1587-116
HSED,hr1587-116
SSJU,hr677-116
HSJU,hr677-116
HSIF,hr107-116
HSII,hr4139-116
HSBU,hr2110-116
SLIA,hr1388-116
HSII,hr1388-116
SSJU,hr724-116
HSJU,hr724-116
HSED,hr1571-116
HSED,hr4069-116
HSJU,hr532-116
HSIF,hr4622-116
HSPW,hr4001-116
HSWM,hr257-116
HSJU,hr1893-116
HSAG,hr1893-116
HSII,hr1893-116
HSIF,hr1893-116
HSWM,hr1893-116
HSED,hr1893-116
HSAS,hr1893-116
HSHA,hr1893-116
HSGO,hr1893-116
HSBA,hr1893-116
HSVR,hr1552-116
HSAG,hr1717-116
HSWM,hr1717-116
HSVR,hr2970-116
HSAS,hr2970-116
HSPW,hr3863-116
HSJU,hr2101-116
HSJU,hr1443-116
HSJU,hr4361-116
HSIF,hr2566-116
HSIF,hr88-116
HSJU,hr88-116
HSSY,hr82-116
HSAG,hr82-116
HSGO,hr82-116
HSII,hr287-116
HSRU,hr1040-116
HSWM,hr1040-116
HSAG,hr1783-116
HSIF,hr1783-116
HSHA,hr126-116
HSWM,hr3121-116
HSJU,hr94-116
HSWM,hr409-116
HSGO,hr4894-116
HSBU,hr4894-116
HSJU,hr2790-116
HSFA,hr2790-116
HSJU,hr1234-116
HSHM,hr1234-116
HSFA,hr1581-116
HSII,hr4160-116
HSGO,hr1427-116
HSAG,hr2863-116
HSIF,hr1165-116
SSBK,hr2919-116
HSBA,hr2919-116
HLIG,hr4883-116
HSIF,hr4058-116
HSSY,hr4058-116
HSWM,hr4058-116
HSWM,hr803-116
HSIF,hr803-116
HSBA,hr4681-116
HSIF,hr4350-116
HSWM,hr4350-116
HSVR,hr716-116
HSAS,hr1863-116
HSIF,hr3784-116
HSIF,hr4755-116
HSAG,hr4755-116
HSIF,hr1058-116
HSJU,hr1705-116
SSFI,hr5377-116
HSWM,hr5377-116
HSVR,hr547-116
HSWM,hr141-116
HSED,hr1364-116
HSED,hr3674-116
HSIF,hr5224-116
HSWM,hr5224-116
HSED,hr5224-116
SSGA,hr2505-116
HSBU,hr2505-116
HSRU,hr2505-116
HSGO,hr2505-116
HSPW,hr5337-116
HSWM,hr3796-116
HSVR,hr697-116
HSED,hr3555-116
HSIF,hr4171-116
HSIF,hr2389-116
HSJU,hr1455-116
HSIF,hr1455-116
HSBA,hr1455-116
HSVR,hr3356-116
HSHM,hr3356-116
HSHM,hr1171-116
HSED,hr3128-116
SSFR,sjres31-116
SSJU,sjres49-116
SSJU,sjres18-116
SSJU,sjres15-116
SSAS,sjres10-116
SSFR,sjres63-116
SSFR,sjres41-116
SSFR,sjres12-116
HSBA,hr295-116
HSII,hr1883-116
HSGO,hr1883-116
HSJU,hr773-116
HSWM,hr2213-116
HSFA,hr3559-116
HSIF,hr5432-116
HSWM,hr5432-116
HSWM,hr1407-116
HSWM,hr4735-116
SSHR,hr1503-116
HSIF,hr1503-116
HSWM,hr1034-116
HSIF,hr1034-116
HSPW,hr4697-116
HSIF,hr4871-116
HSGO,hr4871-116
HSPW,hr4871-116
HSAG,hr4234-116
HSAP,hr1177-116
HSIF,hr3253-116
HSAG,hr3142-116
HSJU,hr1169-116
HSGO,hr678-116
HSAP,hr678-116
HSIF,hr3006-116
HSJU,hr3980-116
HSAS,hr4695-116
HSJU,hr4695-116
HSWM,hr4695-116
HSGO,hr4695-116
HSBA,hr4695-116
HSFA,hr4695-116
HSGO,hr1543-116
HSHM,hr1609-116
HSII,hr4294-116
HSAP,hr3163-116
HSJU,hr3972-116
HSBU,hr3972-116
HSRU,hr3972-116
SSVA,hr3010-116
HSVR,hr3010-116
HSAS,hr1032-116
HSJU,hr2226-116
HSWM,hr2226-116
HSAS,hr2226-116
HLIG,hr2226-116
HSGO,hr2226-116
HSBA,hr2226-116
HSFA,hr2226-116
HSAP,hr2745-116
HSSY,hr2986-116
HSVR,hr4949-116
HSJU,hr518-116
HSAS,hr1567-116
HSIF,hr1567-116
HSPW,hr1567-116
HSVR,hr1913-116
SSJU,hr5038-116
HSBA,hr5038-116
HSED,hr5038-116
HSWM,hr5038-116
HSJU,hr5038-116
HSED,hr1652-116
HSWM,hr2178-116
HSII,hr2185-116
HSIF,hr3711-116
HSWM,hr3711-116
HSIF,hr2785-116
HSWM,hr1770-116
HSHA,hr429-116
SSHR,hr3131-116
HSIF,hr3131-116
HSVR,hr2675-116
HSIF,hr5424-116
HSAG,hr5311-116
HSPW,hr976-116
HSWM,hr4417-116
HSPW,hr4307-116
HSIF,hr3762-116
HSFA,hr1881-116
HSWM,hr5269-116
SSRA,hr4617-116
HSJU,hr4617-116
HSHA,hr4617-116
HSIF,hr3910-116
HSWM,hr3910-116
HSGO,hr4090-116
SSSB,hr246-116
HSSY,hr246-116
HSSM,hr246-116
HLIG,hr3678-116
HSHA,hr842-116
HSII,hr1990-116
HSWM,hr3961-116
HSJU,hr2394-116
HSJU,hr5140-116
HSIF,hr5511-116
HSII,hr2236-116
HSVR,hr1812-116
SSSB,hr3734-116
HSSM,hr3734-116
HSPW,hr5170-116
HSPW,hr4485-116
HSED,hr1629-116
HSWM,hr1870-116
HSJU,hr836-116
HSII,hr376-116
HSIF,hr492-116
HSAS,hr2952-116
HSWM,hr4362-116
HSJU,hr2734-116
HSIF,hr2734-116
HSJU,hr2482-116
HSIF,hr2482-116
HSWM,hr2482-116
HSJU,hr3023-116
HSVR,hr80-116
HSIF,hr3016-116
HSJU,hr2946-116
HSIF,hr2587-116
HSIF,hr3114-116
HSWM,hr3114-116
HSBA,hr3211-116
HSIF,hr896-116
HSIF,hr4487-116
HSPW,hr2276-116
HSED,hr3662-116
HSAG,hr1600-116
HSII,hr1600-116
HSPW,hr1600-116
HSPW,hr1400-116
SSEV,hr1380-116
HSII,hr1380-116
HSIF,hr5497-116
HSII,hr4679-116
HSFA,hr1274-116
HSAP,hr809-116
HSVR,hr2846-116
HSED,hr4502-116
HSIF,hr5190-116
HSWM,hr3880-116
HSED,hr3378-116
HSWM,hr4742-116
HSBA,hr3198-116
HSJU,hr1998-116
HSVR,hr1182-116
HSED,hr4043-116
HSWM,hr4043-116
HSIF,hr3425-116
HSWM,hr3425-116
SSEV,hr4031-116
HSPW,hr4031-116
HSAS,hr3034-116
HSED,hr4298-116
SSCM,hr1618-116
HSHA,hr1618-116
HSIF,hr1618-116
HSAS,hr3505-116
HSWM,hr2849-116
HSBA,hr2849-116
SSBK,hr4302-116
HSBA,hr4302-116
HSGO,hr4493-116
HSII,hr5502-116
HSAS,hr2033-116
HSGO,hr2392-116
HSFA,hr676-116
HSPW,hr1099-116
HSHM,hr3852-116
HSJU,hr3852-116
HSAG,hr2141-116
HSIF,hr3584-116
HSWM,hr3584-116
HSIF,hr1769-116
HSHM,hr4883-116
SSJU,s2226-116
SSJU,s2064-116
SSEV,s458-116
SSCM,s512-116
SSFI,s1827-116
SSEV,s3140-116
SSFI,s1560-116
SSJU,s194-116
SSFI,s289-116
SSFI,s2871-116
SSFI,s2994-116
SLIA,s1001-116
SSGA,s1065-116
SSEG,s2093-116
SSBK,s2293-116
SSHR,s1524-116
SSAS,s3145-116
SSFI,s343-116
SSHR,s354-116
SSFI,s671-116
SSBK,s1978-116
SSBK,s2192-116
SSHR,s1659-116
SSFI,s3001-116
HSGO,s1430-116
SSGA,s1430-116
SSHR,s2548-116
SSHR,s3161-116
SSFI,s2892-116
SSFI,s1940-116
SSFI,s574-116
SSFI,s202-116
SSBK,s2951-116
SSEG,s883-116
SSFI,s377-116
SSEV,s2591-116
SSEG,s430-116
SSFI,s539-116
SSEG,s983-116
SSHR,s976-116
SSHR,s2969-116
SSHR,s1137-116
SSEG,s607-116
SSFR,s3037-116
SSHR,s570-116
SSHR,s1461-116
SSJU,s2281-116
SSHR,s1688-116
SSCM,s778-116
SSAS,s2058-116
SSFI,s684-116
SSHR,s2074-116
SSHR,s1153-116
SSSB,s124-116
SSHR,s124-116
SSHR,s3057-116
SSBK,s2007-116
SSHR,s3163-116
SSFI,s2254-116
SSEG,s860-116
SSEG,s526-116
SSAF,s2568-116
SSHR,s1204-116
SSCM,s2364-116
SSJU,s1366-116
SSEV,s1251-116
SSFI,s781-116
SSFI,s1868-116
SSFI,s2959-116
SSGA,s201-116
SSFI,s170-116
SSEV,s2636-116
SSCM,s1699-116
SSEG,s67-116
SSGA,s358-116
SSEG,s1052-116
SSCM,s2173-116
SSHR,s1160-116
SSHR,s888-116
SSAS,s1860-116
SSHR,s2400-116
SSFI,s27-116
SSJU,s1889-116
SSVA,s2136-116
SSFI,s1190-116
SSFI,s287-116
SSCM,s2961-116
SSFI,s1676-116
SSBK,s2160-116
SSEV,s376-116
SSHR,s851-116
SSGA,s2177-116
SSCM,s496-116
SSJU,s2746-116
HSJU,s1328-116
SSJU,s1328-116
SSCM,s2467-116
SSBK,s2563-116
SSAF,s2331-116
SSFI,s169-116
SSCM,s1930-116
SSHR,s939-116
SSJU,s2464-116
SSHR,s1012-116
SSFI,s2844-116
SSVA,s1381-116
SSEG,s1593-116
SSEG,s55-116
SSVA,s127-116
SSCM,s1826-116
SSFI,s1437-116
SSAS,s1471-116
SSFI,s2993-116
SSGA,s1174-116
SSFR,s602-116
SSFI,s1240-116
SSHR,s969-116
SSHR,s1738-116
SSGA,s2421-116
SSCM,s2319-116
SSCM,s2881-116
SSEG,s1723-116
SSFI,s1099-116
SSJU,s593-116
SSCM,s999-116
SSHR,s709-116
SSJU,s1508-116
SSSB,s2383-116
HSWM,s1678-116
HSFA,s1678-116
SSFR,s1678-116
SSAF,s2752-116
SSBU,s229-116
SSAS,s1679-116
SSCM,s583-116
SSCM,s1850-116
SSFI,s1754-116
SSGA,s2791-116
SSFI,s2849-116
SSFI,s110-116
SSFI,s2867-116
SSFI,s1376-116
HSFA,s1309-116
SSFR,s1309-116
SSBK,s2919-116
HSAS,s2052-116
SSAS,s2052-116
SSJU,s251-116
SSCM,s2831-116
SSEG,s101-116
SSEG,s2393-116
SSFI,s753-116
SSCM,s477-116
SSAF,s2529-116
SSFR,s845-116
SSFI,s2788-116
SSJU,s297-116
SSHR,s2110-116
SSJU,s636-116
SSFI,s146-116
SSAF,s552-116
SSJU,s1748-116
SSFI,s3010-116
SSJU,s879-116
SSVA,s1154-116
SSJU,s909-116
SSCM,s2472-116
SSEV,s1022-116
SSHR,s192-116
SSFR,s612-116
SSEG,s1286-116
SSBK,s619-116
SSVA,s332-116
SSVA,s2950-116
SSFI,s2907-116
SSJU,s2264-116
SSEG,s1901-116
SSJU,s479-116
SSCM,s2454-116
SSFI,s407-116
SSAP,s2582-116
SSEG,s2702-116
SSJU,s1227-116
SSJU,s393-116
SSFI,s2751-116
SSGA,s2196-116
SSVA,s3020-116
SSHR,s102-116
SSFI,s106-116
SSVA,s791-116
SSHR,s2015-116
SSFI,s2227-116
SSBK,s2876-116
SSFI,s2283-116
SSHR,s1449-116
SSCM,s2730-116
SSJU,s1158-116
SSVA,s2216-116
SSFI,s107-116
SSGA,s2269-116
SSCM,s1294-116
SSEG,s1232-116
SSFI,s1947-116
SSBU,s278-116
SSCM,s1655-116
SSFI,s1996-116
SSJU,s1068-116
SSJU,s894-116
SSFI,s1248-116
SSBK,s1060-116
SSFI,s2038-116
SSSB,s771-116
SSFI,s466-116
SSCM,s2166-116
SSCM,s2344-116
SSHR,s2085-116
SSBK,s912-116
SSBK,s2685-116
HSGO,s406-116
SSGA,s406-116
SSBK,s2338-116
SSGA,s2965-116
SSVA,s2027-116
SLIA,s288-116
SSFI,s379-116
SSGA,s265-116
SSGA,s2142-116
SSFI,s787-116
SSFR,s459-116
SSFI,s172-116
SSHR,s943-116
SSBK,s2118-116
SLIA,s227-116
SSHR,s793-116
SSCM,s2229-116
SSFI,s255-116
SSFI,s5-116
SSHR,s1036-116
SSHR,s1696-116
SSVA,s2459-116
SSAF,s689-116
SSFI,s80-116
HSSM,hr2331-116
SSHR,hr4995-116
HSIF,hr4995-116
HSII,hr3548-116
HSED,hr3548-116
HSSY,hr3548-116
HSWM,hr1142-116
SSGA,hr1433-116
HSHM,hr1433-116
HSGO,hr544-116
HSWM,hr1223-116
SSGA,hr3305-116
HSGO,hr3305-116
HSAS,hr2554-116
HSFA,hr3811-116
HSBA,hr4762-116
HSIF,hr2302-116
HSWM,hr2302-116
HSED,hr2302-116
HSWM,hr3590-116
HSIF,hr4228-116
HSJU,hr4323-116
HSIF,hr4323-116
HSPW,hr1322-116
HSWM,hr2782-116
HSPW,hr2520-116
HSJU,hr2959-116
HSPW,hr3066-116
HSJU,hr1279-116
HSWM,hr3213-116
HSHA,hr2754-116
HSIF,hr3031-116
HSWM,hr3031-116
SSCM,hr335-116
HSII,hr335-116
HSSY,hr335-116
HSVR,hr1381-116
HSWM,hr603-116
HSJU,hr3234-116
HSED,hr4465-116
HSIF,hr5194-116
HSBA,hr5194-116
HSED,hr1855-116
HSVR,hr2195-116
HSAS,hr2195-116
HSWM,hr2145-116
HSIF,hr2524-116
SSFR,sjres35-116
SSFR,sjres34-116
SSFR,sjres29-116
SSFR,sjres4-116
SSJU,sjres17-116
SSFR,sjres42-116
SSFR,sjres11-116
SSEV,sjres9-116
SSFR,sjres68-116
SSFR,sjres38-116
SSFR,sjres60-116
SSAS,sjres54-116
SSFR,sjres40-116
SSFR,sjres32-116
SSFR,sjres7-116
SSJU,sjres6-116
SSFR,sjres43-116
SSEV,sjres53-116
SSFR,sjres45-116
SSJU,sjres1-116
SSFR,sjres30-116
SSJU,sjres14-116
SSFR,sjres36-116
SSFR,sjres37-116
SSFR,sjres44-116
SSFR,sjres47-116
SSHR,sjres56-116
SSFR,sjres28-116
SSFR,sjres48-116
SSFI,sjres52-116
SSJU,sjres16-116
SSFR,sjres13-116
SSFI,sjres50-116
SSJU,sjres51-116
SSFR,sjres46-116
SSFR,sjres33-116
SSBK,sjres2-116
SSFR,sjres39-116
SSFR,sjres27-116
SSJU,s171-116
SSFI,s16-116
SSEV,s1899-116
SSGA,s263-116
SSCM,s381-116
SSJU,s445-116
SSFI,s595-116
SSEG,s1152-116
SSCM,s1818-116
SSEV,s1473-116
SSFR,s3004-116
SSJU,s963-116
SSFI,s475-116
SSFI,s3138-116
SSFI,s3013-116
SSHR,s1964-116
SSFI,s1623-116
SSHR,s789-116
SLIA,s886-116
SSEG,s886-116
SSCM,s2605-116
SSFI,s2684-116
SSCM,s1349-116
SSEV,s1527-116
SSFI,s1037-116
SSEG,s1262-116
SSFI,s618-116
SSJU,s2434-116
HSVR,s863-116
SSJU,s2439-116
SSHR,s235-116
SSVA,s450-116
SSFI,s2116-116
SSCM,s917-116
SLIA,s207-116
SSFI,s2067-116
SSEG,s1675-116
SSEG,s2009-116
SSHR,s616-116
SSAS,s1136-116
SSEV,s2430-116
SSAF,s1637-116
SSEV,s1139-116
SSFI,s3137-116
SSEG,s2048-116
SSVA,s1331-116
SSJU,s217-116
SSJU,s1644-116
SSEV,s581-116
SSFR,s1285-116
SSEV,s649-116
SSVA,s374-116
SSSB,s772-116
SSBK,s2243-116
SSCM,s161-116
SSJU,s399-116
SSEV,s3051-116
SSFI,s1327-116
SSGA,s162-116
SSHR,s560-116
SSFI,s2185-116
HSGO,s1275-116
SSGA,s1275-116
SSGA,s1324-116
SSFI,s1026-116
SSCM,s877-116
SSHR,s833-116
SSHR,s1403-116
SSFI,s1128-116
SSEV,s1507-116
SSGA,s338-116
SSFR,s1886-116
SSEG,s225-116
SLIN,s2316-116
SSGA,s1813-116
SSGA,s2618-116
SSBU,s1249-116
SSFI,s22-116
SSHR,s2424-116
SSHR,s1737-116
SSFR,s398-116
SSEG,s1741-116
SSCM,s1228-116
SSCM,s1488-116
SSFI,s2634-116
SSFR,s2483-116
SSBK,s1459-116
SSCM,s908-116
SSCM,s1939-116
SSCM,s1822-116
SSFI,s1475-116
SSFI,s1712-116
SLIA,s226-116
SSFR,s1819-116
SSBK,s1005-116
SSAS,s1690-116
SSFI,s460-116
SSGA,s2990-116
SSGA,s1809-116
SSCM,s2921-116
SSGA,s2221-116
SSHR,s864-116
SSHR,s1681-116
HSII,s209-116
SLIA,s209-116
SSJU,s7-116
SSRA,s2242-116
SSFI,s2218-116
SSJU,s2272-116
SSJU,s254-116
SSHR,s260-116
SSVA,s902-116
SSEG,s3109-116
SSEV,s831-116
SSJU,s1700-116
SSFI,s1936-116
SSEV,s2295-116
SSJU,s2612-116
SSCM,s2055-116
SSFI,s1280-116
SSFI,s2257-116
SSJU,s1795-116
SSFI,s34-116
SSBK,s2874-116
SSHR,s1531-116
SSAS,s1789-116
SSHR,s1735-116
SSJU,s3007-116
HSJU,s488-116
SSCM,s2363-116
SSEG,s2533-116
SSHR,s2886-116
SSGA,s565-116
SSJU,s1552-116
SSFI,s2809-116
SSAP,s2583-116
SSEG,s2688-116
SSFI,s157-116
SSCM,s149-116
SSJU,s610-116
SSVA,s3089-116
SSJU,s766-116
SSJU,s989-116
SSCM,s2968-116
SSFI,s1323-116
SSEG,s337-116
HSIF,s2629-116
SSHR,s2629-116
SSFI,s2423-116
SSHR,s1122-116
HSJU,s1208-116
SSJU,s1208-116
SSFI,s1958-116
SSFI,s2263-116
SSHR,s1664-116
SSJU,s471-116
SLIN,s2493-116
SSCM,s2748-116
SSJU,s236-116
SSEG,s2368-116
SSFI,s2637-116
SSAS,s1555-116
SSJU,s1273-116
SSBK,s1772-116
SSCM,s1290-116
SSGA,s519-116
SSEG,s2270-116
SSAF,s2358-116
SSHR,s2973-116
SSFI,s2905-116
SSAS,s1991-116
SSFI,s1185-116
SSFI,s2433-116
SSHR,s1260-116
SSEV,s2596-116
SSCM,s2947-116
SSFR,s1590-116
SSCM,s1881-116
SSJU,s2916-116
SSVA,s646-116
SSBK,s356-116
SSEV,s2917-116
SSCM,s847-116
SSHR,s839-116
SSAF,s3141-116
SSVA,s3091-116
SSAP,s2474-116
SSHR,s1835-116
SSHR,s9-116
SSJU,s130-116
SLIA,s790-116
SSCM,s2789-116
SSHR,s3023-116
SSJU,s1972-116
SSCM,s1148-116
SSJU,s1224-116
SSHR,s2719-116
SSAS,s1680-116
SSFI,s478-116
SSEG,s1769-116
SSFI,s1988-116
SSBK,s1276-116
SSBK,s1533-116
SSFI,s2079-116
SSAS,s208-116
SSGA,s1220-116
SSFI,s2542-116
SSEG,s1330-116
SSFR,s2565-116
SSJU,s1778-116
SSAS,s986-116
HSIF,s163-116
SSEV,s163-116
SSHR,s1617-116
SSFR,s1071-116
SSAF,s2599-116
SSRA,s1247-116
SSFI,s1223-116
SSSB,s1981-116
SSHR,s525-116
SLIA,s210-116
SSHR,s1357-116
SSBK,s2301-116
SSGA,s841-116
SSBK,s2725-116
SSJU,s948-116
SSHR,s800-116
SSBK,s148-116
SSJU,s484-116
SSCM,s2908-116
SSFI,s4-116
SSBK,s846-116
SSCM,s846-116
SSEV,s2662-116
SSGA,s1038-116
SSGA,s1753-116
SSFI,s3002-116
SSFI,s361-116
SSFI,s518-116
SSFR,s3026-116
SSAP,s2470-116
SSJU,s495-116
SSEG,s1110-116
SSFI,s1763-116
SSVA,s1222-116
SSGA,s807-116
SSEG,s129-116
SSHR,s1815-116
SSJU,s1938-116
SSEV,s181-116
SSFI,s463-116
SSHR,s532-116
SSJU,s1645-116
SSFR,s1127-116
SSFI,s1032-116
SSEG,s1739-116
SSAS,s1360-116
SSJU,s197-116
SSFI,s668-116
SSJU,s1352-116
SSCM,s2012-116
SSHR,s627-116
SSFI,s562-116
SSCM,s2346-116
SLIA,s1277-116
SSEV,s2356-116
SSVA,s1545-116
SSVA,s1283-116
SSGA,s405-116
SSHR,s905-116
HSHM,s2035-116
SSCM,s2035-116
SSGA,s315-116
SSGA,s2133-116
SSFI,s1481-116
SSRA,s1962-116
SSVA,s898-116
SSCM,s2525-116
SSJU,s1395-116
SSCM,s1914-116
SSEV,s2561-116
SSHR,s1198-116
SSFI,s949-116
SSVA,s1621-116
SSHR,s183-116
SSGA,s973-116
SSAF,s2744-116
SSJU,s42-116
SSBK,s1230-116
SSHR,s720-116
SSFI,s735-116
SSFR,s861-116
SSFI,s3000-116
SSCM,s384-116
SSBK,s2833-116
SSEV,s1571-116
SSCM,s2186-116
SSAS,s2673-116
SSHR,s2373-116
SSEV,s754-116
SSAF,s2121-116
SSFI,s1053-116
SSEG,s90-116
SSGA,s1131-116
SSHR,s1966-116
SSVA,s1906-116
SSBK,s799-116
SSEV,s2092-116
SSVA,s606-116
SSJU,s386-116
SSGA,s882-116
SSFI,s3052-116
SSJU,s2390-116
SSHR,s1168-116
SSJU,s1414-116
SSBK,s1205-116
SSJU,s465-116
SSFI,s2028-116
SSBK,s573-116
SSHR,s658-116
SSHR,s2037-116
SSJU,s1474-116
SSAF,s3106-116
SSFI,s2552-116
SSFI,s2495-116
SSFR,s727-116
SSHR,s1175-116
SSRA,s1267-116
SSFI,s2471-116
SSBK,s2001-116
SSEV,s1985-116
SSAF,s2452-116
SSFI,s72-116
SSVA,s1034-116
SSEV,s1371-116
SSEG,s1081-116
SSGA,s2750-116
SSJU,s246-116
SSEG,s180-116
SSVA,s524-116
SSFI,s275-116
SSCM,s494-116
SSBK,s2076-116
SLIA,s498-116
SSFI,s2350-116
SSHR,s706-116
SSJU,s960-116
SSHR,s1782-116
SSCM,s1971-116
SSHR,s2785-116
SSHR,s605-116
SSFI,s2466-116
SSFI,s365-116
SSJU,s2932-116
SSFI,s2155-116
SSJU,s2180-116
SSFI,s2943-116
SSGA,s2682-116
SSEG,s1304-116
SSEV,s1871-116
SSHR,s2387-116
SSJU,s2220-116
SSVA,s835-116
SSEG,s60-116
SSBK,hr2398-116
HSBA,hr2398-116
HSVR,hr2398-116
HSAP,hr3052-116
HSAG,hr3879-116
HSII,hr3879-116
HSWM,hr2072-116
HSIF,hr4529-116
HSJU,hr3887-116
HSWM,hr3887-116
HSED,hr3887-116
SLIN,hr1404-116
HSBA,hr1404-116
HSFA,hr1404-116
HLIG,hr1404-116
HSAG,hr1622-116
HSHM,hr1158-116
HSAS,hr3064-116
HSFA,hr3064-116
HSWM,hr5313-116
HSVR,hr2045-116
HSGO,hr3688-116
HSWM,hr3688-116
HSFA,hr2047-116
HSIF,hr4624-116
HSII,hr1809-116
HSWM,hr902-116
SSBK,hr389-116
HSBA,hr389-116
HSJU,hr3206-116
HSFA,hr3206-116
HSGO,hr1392-116
HSIF,hr3600-116
SSCM,s132-116
SSCM,s2018-116
SSHR,s1074-116
SSHR,s1574-116
SSFI,s2326-116
SSVA,s91-116
SSFI,s749-116
SSEV,s2873-116
SSFI,s551-116
SSCM,s944-116
SSHR,s158-116
SSJU,s2091-116
HSPW,s1869-116
SSGA,s1869-116
SSJU,s1744-116
SSJU,s1883-116
SSHR,s2250-116
SSFI,s564-116
SSHR,s2408-116
SSJU,s620-116
SSEG,s1857-116
HSII,s832-116
SLIA,s832-116
SSEG,s70-116
SSFR,s2394-116
SSCM,s1255-116
SSHR,s1346-116
SSFI,s2441-116
SSHR,s2123-116
SSVA,s1656-116
SSEV,s1499-116
SSEV,s2077-116
SSJU,s2355-116
SSEG,s2480-116
SSBK,s1804-116
SSVA,s1934-116
SSJU,s1756-116
SSFI,s782-116
SSEG,s1742-116
SSCM,s2638-116
SSEG,s2095-116
SSAS,s2248-116
SSJU,s601-116
SSVA,s980-116
SSVA,s1023-116
SSFI,s801-116
SSFR,s363-116
SSJU,s1844-116
SSFI,s470-116
SSCM,s2604-116
SSBK,s571-116
SSRA,s1562-116
SSCM,s1008-116
SSFI,s2772-116
SSGA,s1078-116
SSJU,s1806-116
SSAS,s1771-116
SSAS,s3130-116
SSBK,s2266-116
SSJU,s166-116
SSAS,s1800-116
SSFI,s2976-116
SSEG,s367-116
SSEV,s757-116
SSCM,s1206-116
SSCM,s2152-116
SSHR,s1016-116
SSEV,s383-116
SSCM,s2611-116
SSEG,s241-116
SSFI,s2457-116
SSFI,s2284-116
SSGA,s2323-116
HSGO,s725-116
SSFI,s714-116
SSAS,s1534-116
SSJU,s1123-116
SLIA,s982-116
SSVA,s576-116
SSGA,s2647-116
SSGA,s631-116
SSGA,s1728-116
SSBK,s2572-116
SSAP,s108-116
SSJU,s1733-116
SSJU,s561-116
SSHR,s1638-116
SSEV,s2491-116
SSBK,s2982-116
SSBK,s1885-116
SSEG,s1245-116
SSEV,s1429-116
SSFI,s1291-116
SSFI,s765-116
SSCM,s3065-116
SSFI,s1396-116
SSCM,s775-116
SSAF,s2692-116
SSFI,s1278-116
SSCM,s2894-116
SSBK,s937-116
SSGA,s473-116
SSHR,s946-116
SSAF,s3053-116
SSFI,s1288-116
SSFR,s1186-116
SSHR,s2080-116
SSBK,s2200-116
SSHR,s1704-116
SSCM,s2008-116
SSAS,s974-116
SSFI,s978-116
SSEV,s2456-116
SSFI,s594-116
SSEG,s2041-116
SSFI,s2846-116
SSFI,s2550-116
SSFI,s773-116
SSHR,s270-116
SSCM,s10-116
SSFI,s329-116
SSJU,s3139-116
SSFI,s1627-116
SSCM,s1767-116
SSGA,s412-116
SSEG,s2642-116
SSFI,s425-116
SSHR,s808-116
SSBK,s65-116
HSPW,s2249-116
SSFI,s2984-116
SSJU,s64-116
SSJU,s1080-116
SSAS,s2307-116
SSEV,s233-116
SSGA,s2444-116
SSJU,s2059-116
SSGA,s2353-116
SSRA,s957-116
SSFI,s286-116
SSVA,s1003-116
SSVA,s1392-116
SSHR,s1209-116
SSBK,s1729-116
SSEV,s310-116
SSCM,s142-116
SSGA,s29-116
SSHR,s1752-116
SSGA,s264-116
SSEG,s816-116
SSJU,s2256-116
SSBK,s1478-116
SSHR,s660-116
SSBK,s291-116
SSEV,s349-116
SSCM,s2153-116
SSHR,s1082-116
SSFI,s710-116
SSEV,s248-116
SSHR,s1836-116
SSCM,s1816-116
SSAS,s1790-116
SSHR,s1364-116
SSGA,s1980-116
SSCM,s713-116
SSCM,s1626-116
SSCM,s669-116
SSAF,s1720-116
SLIA,s1207-116
SSCM,s806-116
SSEG,s1386-116
SSEV,s717-116
SSEG,s327-116
SSFI,s767-116
SSGA,s2813-116
SSJU,s1557-116
HSIF,s2740-116
SSHR,s2740-116
SSFI,s1647-116
SSEV,s1909-116
SSFI,s1957-116
SSEV,s1992-116
SSAS,s675-116
SSCM,s2703-116
SSHR,s1633-116
SSJU,s1894-116
SSGA,s2728-116
SSHR,s1354-116
SSCM,s1112-116
SSFI,s779-116
SSFI,s762-116
SSJU,s648-116
SSHR,s702-116
SSFI,s1129-116
SSFI,s829-116
SSHR,s2492-116
SSAS,s1316-116
SSFI,s691-116
SSBK,s1233-116
SSBK,s371-116
SSHR,s2887-116
SSHR,s1048-116
SSCM,s2763-116
SSAS,s164-116
SSJU,s2006-116
SSAF,s1918-116
SSEV,s1426-116
SSHR,s1786-116
SSCM,s1629-116
SSFI,s1610-116
SSFR,s2539-116
SSBK,s2170-116
SSRA,s1356-116
SSHR,s1033-116
SSFI,s1194-116
SSVA,s1563-116
SSCM,s1558-116
SSFR,s1838-116
SSJU,s301-116
SSBU,s2002-116
SSBU,s2765-116
SSEV,s611-116
SSEG,s1570-116
SSFI,s1880-116
SSHR,s923-116
SSVA,s805-116
SSJU,s1937-116
SSRA,s547-116
SSJU,s3012-116
SSEV,s353-116
SSHR,s1221-116
SSFI,s3101-116
SSEV,s1487-116
SSEG,s1890-116
HSIF,s1608-116
SSHR,s1608-116
SSFI,s809-116
SSFI,s1960-116
SSEG,s1760-116
SSFI,s1773-116
SSFR,s1743-116
SSJU,s2292-116
SSBK,s1144-116
SSFI,s2589-116
SSHR,s234-116
SSJU,s135-116
SSHR,s1920-116
SSFI,s3112-116
SSGA,s1898-116
SSCM,s1479-116
SSFI,s1257-116
SSHR,s2103-116
SSJU,s1253-116
SSJU,s1887-116
SSFI,s2615-116
SSHR,s1650-116
SSFI,s2585-116
SSVA,s2073-116
SSJU,s556-116
SSHR,s1362-116
SSHR,s2161-116
SSJU,s1596-116
SSHR,s1146-116
SSHR,s427-116
SSHR,s3095-116
SLIA,s50-116
SSHR,s1169-116
SSFI,s2989-116
SSBU,s1250-116
SSCM,s1031-116
SSHR,s145-116
SSFI,s414-116
SSJU,s1788-116
SSGA,s1539-116
SSGA,s1420-116
SSSB,s1420-116
SSHR,s758-116
HSIF,s151-116
SSCM,s151-116
SSFI,s215-116
SSCM,s2607-116
SSHR,s672-116
SSJU,s1862-116
SSGA,s429-116
SSBK,s187-116
SSGA,s39-116
SSJU,s2219-116
SSBK,s2201-116
SSRA,s2509-116
SSEG,s1312-116
SSGA,s1990-116
SSEV,s2164-116
SSEG,s1317-116
SSHR,s1117-116
SSFI,s1428-116
SSGA,s652-116
SSFI,s2156-116
SSFI,s2648-116
SSHR,s2101-116
SSFI,s1133-116
SSFI,s1505-116
SSBU,s1780-116
SSEV,s502-116
SSJU,s2017-116
SSGA,s1867-116
SSCM,s2664-116
SSCM,s454-116
SSGA,s907-116
SSHR,s3096-116
SSAP,s111-116
SSFI,s865-116
SSCM,s665-116
SSGA,s2202-116
SSFI,s537-116
SSAS,s622-116
SSCM,s1625-116
SSFI,s1861-116
SSVA,s341-116
SSFI,s548-116
SSGA,s2068-116
SSFI,s651-116
SSBK,s2357-116
SSCM,s1375-116
SSJU,s1164-116
SSBK,s1335-116
SSEV,s2013-116
SSAS,s703-116
SSAS,s1237-116
SSGA,s1419-116
SSSB,s1419-116
SSJU,s2014-116
SSCM,s1177-116
SSVA,s629-116
SSHR,s1845-116
SSHR,s2899-116
SSAS,s1511-116
SSEG,s1201-116
SSEV,s2325-116
SSEG,s2288-116
SSHR,s1140-116
SSFI,s2793-116
SSBK,s1502-116
SSFI,s266-116
SSFI,s515-116
SSEV,s403-116
SSAP,s2520-116
SSJU,s1416-116
SSHR,s3165-116
SSHR,s1897-116
SSRA,s1147-116
SSVA,s2011-116
SSVA,s123-116
SSGA,s2974-116
SSHR,s344-116
SSJU,s2511-116
SSEG,s1706-116
SSRA,s955-116
SSFI,s981-116
SSFI,s1848-116
SSCM,s259-116
SSFI,s12-116
HSBA,s257-116
SLIA,s257-116
SSCM,s1439-116
SSHR,s155-116
SSCM,s1342-116
SSSB,s673-116
SSAF,s935-116
SSEV,s1087-116
SSHR,s970-116
SSHR,s2855-116
SSGA,s1814-116
SSHR,s1905-116
SSCM,s654-116
SSFR,s922-116
SSFI,s585-116
SSEV,s1689-116
SSCM,s810-116
SSBK,s1854-116
SSBK,s1624-116
SSFI,s177-116
HSJU,s693-116
SSJU,s693-116
SSCM,s893-116
SSEG,s774-116
SSRA,s1540-116
SSFI,s1747-116
SSBK,s1336-116
SSBK,s2575-116
SSGA,s351-116
SSHR,s150-116
SSFI,s2140-116
SSVA,s2864-116
SSFI,s1639-116
SSHR,s659-116
SSEG,s38-116
SSJU,s320-116
HSBA,s914-116
HSSY,s914-116
HSII,s914-116
SSCM,s914-116
SSHR,s3071-116
SSFI,s421-116
SSHR,s1926-116
SSCM,s2130-116
SSCM,s826-116
SSFI,s448-116
SSEV,s1709-116
SSFR,s2303-116
SSHR,s3028-116
SSCM,s2545-116
SSCM,s2223-116
SSHR,s1059-116
SSAS,s1320-116
SSFI,s2735-116
SSFI,s1872-116
SSBK,s945-116
SSCM,s1711-116
SSCM,s783-116
SSEG,s258-116
SSCM,s2838-116
SSEG,s1111-116
SSFI,s2114-116
SSFI,s2276-116
SSJU,s1165-116
SSHR,s2070-116
SSJU,s292-116
SSEV,s1518-116
SSEV,s261-116
SSBK,s1553-116
SSFI,s1553-116
SSAS,s1215-116
SSEV,s94-116
SSJU,s2043-116
SSGA,s1272-116
SSFR,s2066-116
SSVA,s746-116
SSEV,s2260-116
SSHR,s2010-116
SSHR,s2536-116
SSGA,s493-116
SSCM,s906-116
SSEG,s3120-116
SSFR,s2320-116
SSCM,s2904-116
SSFI,s2468-116
SSSB,s2361-116
SSAP,s104-116
SSJU,s431-116
SSFI,s269-116
SSHR,s984-116
SSCM,s3005-116
SSGA,s1456-116
SSCM,s2658-116
SLIN,s838-116
SSJU,s724-116
SSEG,s859-116
HSVR,s153-116
HSSY,s153-116
SSCM,s153-116
SSHR,s2836-116
SSEG,s37-116
SSFI,s503-116
SSAF,s1949-116
SSJU,s1916-116
SSBK,s535-116
SSFI,s2517-116
SSHR,s3016-116
SSHR,s1086-116
SSFI,s647-116
SSVA,s2106-116
SSJU,s2625-116
SSFR,s854-116
SSEG,s2714-116
SSBK,s2187-116
SSVA,s1047-116
SSAS,s1348-116
SSCM,s2253-116
SSGA,s870-116
SSRA,s823-116
SSCM,s553-116
SSCM,s584-116
SSHR,s2600-116
SSBK,s2061-116
SSEG,s2455-116
SSEG,s1821-116
SSHR,s1878-116
SSAP,s147-116
SSFI,s836-116
SSFR,s1092-116
SSCM,s2623-116
SSBU,s1361-116
SSAF,s247-116
SSBK,s630-116
SSHR,s760-116
SSJU,s1606-116
SSEG,s1665-116
SSJU,s662-116
SSFI,s2595-116
SSEG,s298-116
SSCM,s1254-116
SSFI,s930-116
SSHR,s2443-116
SSFI,s420-116
SSBK,s2834-116
SSSB,s2-116
SSFI,s2-116
SSEG,s2657-116
SSGA,s769-116
SSAS,s2115-116
SSJU,s794-116
SSFI,s2538-116
SSEV,s2754-116
SSBK,s3123-116
SSEV,s2645-116
SSEG,s500-116
SSJU,s751-116
SSGA,s531-116
SSVA,s179-116
SSJU,s1554-116
SSEG,s174-116
SSFI,s2626-116
SSFI,s1268-116
SSHR,s1170-116
SSJU,s697-116
SSSB,s2034-116
SSHR,s2655-116
SSFI,s920-116
SSFI,s2476-116
SSFI,s2463-116
HSVR,s900-116
SSVA,s900-116
SSFI,s2362-116
SSEG,s2340-116
SSAF,s2385-116
SSFI,s486-116
SSHR,s516-116
SSHR,s2124-116
SSCM,s910-116
SSVA,s1195-116
SSFI,s345-116
SSAF,s1908-116
SSEV,s638-116
SSJU,s513-116
SSJU,s2376-116
SSFR,s1965-116
SSFI,s2251-116
SSFI,s18-116
SSBK,s1583-116
SSBK,s2403-116
SSFI,s1114-116
SSEG,s903-116
SSEV,s2086-116
SSFI,s3107-116
SSFI,s2377-116
SSFI,s1405-116
SSEG,s520-116
SSGA,s580-116
SSGA,s1444-116
SSSB,s3548-116
SSFI,s3548-116
SSEG,s302-116
SSCM,s3073-116
SSFI,s2268-116
HSFA,s178-116
HSJU,s178-116
HLIG,s178-116
SSFR,s178-116
SSVA,s2407-116
SSVA,s1118-116
SSEG,s2415-116
SSCM,s1046-116
SSJU,s370-116
SSJU,s2396-116
SSJU,s2701-116
SSJU,s2097-116
SSRA,s956-116
SSEV,s446-116
SSFR,s987-116
SSFI,s604-116
SSEG,s2137-116
SSFI,s993-116
SSBK,s1663-116
SSFI,s2543-116
SSVA,s2392-116
SSFI,s2039-116
HSJU,s395-116
SSGA,s395-116
SSBK,s3036-116
SSHR,s116-116
SSVA,s2327-116
SSHR,s2723-116
SSFI,s1465-116
SSHR,s1576-116
SSFI,s698-116
SSFI,s3029-116
SLIA,s2808-116
HSIF,s1846-116
HSGO,s1846-116
HSHM,s1846-116
SSGA,s1846-116
SSAS,s1512-116
SSEG,s1643-116
SSAS,s1096-116
SSEG,s3127-116
SSFI,s692-116
SSCM,s569-116
SSEG,s2108-116
SSHR,s759-116
SSCM,s2979-116
SSBK,s1630-116
SSAP,s2524-116
SSCM,s1858-116
SSAP,s326-116
SSHR,s1888-116
SSHR,s718-116
SSHR,s1002-116
SSBK,s3003-116
SSFI,s1950-116
SSCM,s1062-116
SSHR,s3072-116
SSFI,s422-116
SSGA,s156-116
SSBK,s1719-116
SSFI,s988-116
SSFI,s1244-116
SSJU,s2843-116
SSJU,s120-116
SSHR,s1517-116
SSBU,s63-116
SSGA,s1955-116
SSEV,s2460-116
HSHA,s743-116
HSBA,s743-116
SSBK,s743-116
SSRA,s1274-116
SSJU,s2931-116
SSHR,s1466-116
SSJU,s1440-116
SSFR,s272-116
SSHR,s3092-116
SSJU,s66-116
SSBK,s2172-116
HSHM,s333-116
SSGA,s333-116
SSJU,s546-116
SSJU,s2870-116
SSHR,s2711-116
SSCM,s189-116
SSGA,s2162-116
SSFR,s868-116
SSFI,s321-116
SSCM,s510-116
SSHR,s1225-116
SSHR,s650-116
SSFI,s2627-116
SSFI,s2247-116
SSEV,s2602-116
SSVA,s554-116
SSCM,s2432-116
SSFI,s469-116
SSHR,s1832-116
SSSB,s2131-116
SSBU,s1807-116
SSCM,s1792-116
SSHR,s968-116
SSJU,s1506-116
SSEV,s2374-116
SSAS,s1761-116
HSHM,s2107-116
HSAG,s2107-116
SSGA,s2107-116
SSAF,s2322-116
SSFI,s1510-116
SSHR,s1172-116
SSJU,s182-116
SSCM,s738-116
SSFI,s1192-116
SSBK,s821-116
SSFR,s2953-116
SSCM,s2349-116
SSCM,s1485-116
SSCM,s2957-116
SSCM,s2278-116
SSVA,s1594-116
SSEV,s2302-116
SSJU,s2566-116
SSFI,s815-116
SSAS,s2109-116
SSFI,s577-116
SSFI,s690-116
SSEG,s96-116
SSCM,s1427-116
SSHR,s1306-116
SSFI,s538-116
SSFR,s2715-116
SSFI,s309-116
SSAP,s198-116
SSHR,s299-116
SSEG,s2660-116
SSGA,s2119-116
SSEG,s253-116
SSFI,s73-116
SSJU,s1091-116
SSGA,s2502-116
SSCM,s1097-116
SSFI,s203-116
SSJU,s506-116
SSEV,s2404-116
SSHR,s951-116
SSEG,s1305-116
SSFI,s348-116
SSAS,s1500-116
SSEG,s32-116
SSJU,s306-116
SSHR,s1793-116
SSFR,s200-116
SSFI,s205-116
SSJU,s875-116
SSCM,s2181-116
SSFI,s2063-116
SSFI,s501-116
SSCM,s933-116
SSHR,s97-116
SSJU,s719-116
SSHR,s2845-116
SSHR,s1384-116
SSAF,s1717-116
SSFI,s2911-116
SSHR,s1279-116
SSFI,s578-116
SSJU,s160-116
SSFI,s931-116
SSHR,s741-116
SSFI,s695-116
SSFI,s1616-116
SSCM,s2342-116
SSHR,s416-116
SSFI,s1989-116
HSII,s2071-116
SLIA,s2071-116
SSCM,s819-116
SSCM,s2275-116
SSFI,s204-116
SSJU,s874-116
SSHR,s1489-116
SSAF,s382-116
SSRA,s958-116
SSGA,s1755-116
SSBK,s2391-116
SSVA,s1390-116
HSIF,s2065-116
SSGA,s2065-116
SSJU,s2449-116
SSHR,s2902-116
SSJU,s591-116
SSFR,s324-116
SSFI,s240-116
SSFI,s972-116
SSHR,s681-116
SSFI,s1202-116
SSFI,s596-116
SSAF,s1907-116
SSJU,s1451-116
SSBK,s2282-116
SSCM,s2314-116
SSAP,s2522-116
SSBK,s452-116
SSHR,s1842-116
SSCM,s748-116
SSAF,s2695-116
SSCM,s626-116
SSAS,s1049-116
SSJU,s2686-116
SSCM,s472-116
SSBK,s2992-116
SSBK,s335-116
SSBK,s2877-116
SSJU,s661-116
SSFI,s700-116
SSHR,s105-116
SSAS,s1513-116
SSJU,s1983-116
SSFI,s814-116
SSFI,s62-116
SSGA,s1438-116
SSAS,s1493-116
SSHR,s1657-116
SSHR,s2913-116
SSJU,s1303-116
SSCM,s1730-116
SSEV,s1604-116
SSHR,s2667-116
SSJU,s2286-116
SSHR,s559-116
SSJU,s159-116
SSFI,s121-116
SSHR,s1072-116
SSAS,s98-116
SSHR,s1365-116
SSFI,s588-116
SSHR,s2747-116
SSCM,s2203-116
SSBU,s2458-116
SSAS,s3164-116
SSCM,s2700-116
SSJU,s2671-116
SSHR,s1491-116
SSHR,s2337-116
SSGA,s372-116
SLIA,s1853-116
SSFI,s1497-116
SSAS,s1501-116
SSJU,s1377-116
SSHR,s977-116
SSJU,s2679-116
SSFI,s899-116
SSEG,s1311-116
SSHR,s541-116
SSBU,s2792-116
SSEG,s1931-116
SSCM,s2341-116
SSEG,s1695-116
SSHR,s1448-116
SSEG,s2418-116
SSCM,s2532-116
HSVR,s49-116
SSVA,s49-116
SSHR,s1435-116
SSJU,s1504-116
SSHR,s1281-116
HSVR,s221-116
SSVA,s221-116
SSCM,s1820-116
SSBU,s1463-116
SSEV,s2562-116
SSHR,s1418-116
SSEG,s827-116
SSFR,s368-116
SSCM,s2213-116
SSCM,s919-116
SSAF,s1941-116
HSGO,s439-116
HSHA,s439-116
SSGA,s439-116
SSHR,s1541-116
SSCM,s1873-116
SSHR,s834-116
SSHR,s1987-116
SSBK,s1389-116
SSGA,s3118-116
SSEG,s1079-116
SSHR,s2546-116
SSCM,s1007-116
SSFI,s873-116
SSAS,s1498-116
SSCM,s2775-116
SSHR,s784-116
SSHR,s1313-116
SSFI,s2842-116
SSFI,s2987-116
SSAS,s2944-116
SSEG,s1685-116
SSJU,s250-116
SSFI,s2812-116
SSHR,s2296-116
SSHR,s2479-116
SSVA,s2072-116
SSVA,s1573-116
SSCM,s2960-116
SSCM,s2802-116
SSHR,s3058-116
SSBK,s1300-116
SSJU,s739-116
SSJU,s732-116
SSHR,s2608-116
SSFI,s220-116
SSHR,s1043-116
SSFI,s2437-116
SSCM,s3152-116
SSEV,s1406-116
SSEV,s2194-116
SSJU,s788-116
HSPW,s979-116
SSGA,s979-116
SSJU,s2603-116
SSBK,s1586-116
SSHR,s1045-116
SSJU,s597-116
SSJU,s447-116
SSJU,s855-116
SSGA,s678-116
SSCM,s1968-116
SSHR,s1130-116
SSCM,s1455-116
SSHR,s1572-116
SSEG,s1085-116
SSJU,s119-116
SSEG,s1234-116
SSFI,s2004-116
SLIN,s1589-116
SSGA,s435-116
SSFI,s3-116
HSII,s216-116
SLIA,s216-116
SSJU,s730-116
SSCM,s2003-116
SSHR,s887-116
SSEV,s2104-116
SSHR,s1191-116
SSJU,s685-116
SSSB,s118-116
SSHR,s118-116
SSVA,s555-116
SSHR,s85-116
SSAF,s1307-116
SSBK,s2516-116
SLIN,s245-116
SSFI,s2519-116
SSEV,s2893-116
SSCM,s670-116
SSHR,s1903-116
SSHR,s1492-116
SSEG,s2827-116
SSCM,s2182-116
SSJU,s2778-116
SSSB,s996-116
SSHR,s777-116
SSBK,s2075-116
SSGA,s1874-116
SSFI,s2807-116
SSRA,s825-116
SSFI,s1141-116
SSJU,s505-116
SSFI,s1163-116
SSCM,s1452-116
SSFI,s634-116
SSFI,s880-116
SSFI,s352-116
SSEG,s2382-116
SSBK,s1986-116
SSCM,s3143-116
SSEG,s218-116
SSJU,s2237-116
SSBK,s536-116
SSJU,s3022-116
SSHR,s913-116
SSFI,s680-116
SSRA,s1397-116
SSJU,s2111-116
SSFI,s1791-116
SSFI,s2650-116
SSGA,s195-116
SSHR,s967-116
SSGA,s2882-116
SSHR,s1490-116
SSFI,s322-116
SSEV,s2129-116
SSAS,s645-116
SSBK,s2088-116
SSFI,s521-116
SSAS,s1156-116
SSJU,s1246-116
SSEG,s243-116
SSEV,s701-116
SSFR,s1762-116
SLIA,s126-116
SSHR,s1516-116
SSGA,s2056-116
SSCM,s1269-116
SSHR,s558-116
SSFR,s1766-116
SSCM,s1166-116
SSBK,s3111-116
SSHR,s1855-116
SLIN,s544-116
SSGA,s1055-116
SSFI,s926-116
SSHR,s1530-116
SSRA,s624-116
SSHR,s468-116
SSFI,s2207-116
SSCM,s2805-116
SSGA,s355-116
SSCM,s842-116
SSVA,s2865-116
SSRA,s2232-116
SSJU,s1035-116
SSBK,s2167-116
SSCM,s2606-116
SSVA,s462-116
SSCM,s2617-116
SSCM,s1546-116
SSSB,s2614-116
SSHR,s2614-116
SSJU,s2135-116
SSFI,s1839-116
SSJU,s679-116
HSJU,s998-116
SSJU,s998-116
SSJU,s2621-116
SSEG,s828-116
SSJU,s388-116
SSBK,s1171-116
SSCM,s1178-116
SSBU,s2245-116
SSGA,s1151-116
SSEG,s2718-116
SLIA,s2165-116
SSJU,s599-116
SSAF,s2143-116
SSFI,s1660-116
SSRA,s20-116
HSIF,s1289-116
SSCM,s1289-116
SSHR,s2112-116
SSJU,s175-116
SSFI,s2289-116
SSVA,s1263-116
SSJU,s2863-116
SSHR,s2784-116
SSCM,s2299-116
SSFI,s2000-116
SLIA,s3019-116
SSCM,s1710-116
SSBK,s2486-116
SSEG,s1382-116
SSVA,s408-116
SSFI,s1802-116
SSCM,s2800-116
SSJU,s193-116
SSJU,s440-116
SSHR,s1070-116
SSVA,s154-116
SSGA,s971-116
SSHR,s3006-116
SSVA,s1648-116
SSFI,s1106-116
SSGA,s3146-116
SSCM,s2956-116
SSEG,s1064-116
SSJU,s1103-116
SSFI,s1697-116
SSGA,s1877-116
SSHR,s485-116
SSEG,s364-116
SSHR,s1017-116
SSFI,s2305-116
SSBK,s566-116
SSHR,s2339-116
SSFI,s2628-116
SSCM,s1902-116
SSFI,s1543-116
SSFI,s1213-116
SSHR,s1391-116
SSHR,s1394-116
SSFI,s2574-116
SSFI,s1948-116
SSEG,s1155-116
SSHR,s3162-116
SSHR,s2925-116
SSEG,s1751-116
SSJU,s350-116
SSGA,s1521-116
SSFI,s632-116
SSCM,s2535-116
SSHR,s1600-116
SSHR,s1496-116
SSJU,s1010-116
SSCM,s2699-116
SSEG,s1318-116
SSGA,s1347-116
SSFI,s1132-116
SSFI,s2860-116
SSHR,s1379-116
SSGA,s2733-116
SSHR,s924-116
SSGA,s2722-116
SSFI,s2252-116
SSEV,s563-116
SSFI,s1089-116
SSCM,s3093-116
SLIA,s2891-116
SSFI,s1917-116
SSAF,s2609-116
SSHR,s523-116
SSBK,s1843-116
SSBK,s2171-116
SSFR,s1441-116
SSEV,s1614-116
SSHR,s2225-116
SSJU,s3167-116
SSGA,s1682-116
SSBK,s2613-116
SSHR,s2958-116
SSFI,s219-116
SSVA,s2966-116
SSBK,s3030-116
SSBK,s1298-116
SSGA,s497-116
SSHR,s852-116
SSFI,s2198-116
HSII,s1811-116
HSPW,s1811-116
SSEV,s1811-116
SSFI,s2246-116
SSEV,s1707-116
SSBK,s2839-116
SSGA,s404-116
SSFI,s1935-116
SSEV,s1509-116
SSEG,s1296-116
SSEG,s2706-116
SSEG,s2556-116
SSHR,s2521-116
SSHR,s455-116
SSFI,s2962-116
SSFI,s1011-116
SSFI,s2753-116
SSEG,s499-116
SSHR,s2586-116
SSCM,s2429-116
SSFI,s895-116
SSJU,s1462-116
SSAF,s1326-116
SSJU,s2936-116
SSCM,s300-116
SSJU,s1231-116
SSAS,s1413-116
SSEV,s1372-116
SSFI,s802-116
SSEV,s1768-116
SSBK,s1953-116
SSGA,s896-116
SSSB,s2189-116
SSEV,s2084-116
SSCM,s2786-116
SSFI,s2507-116
SSFI,s362-116
SSBK,s1828-116
SSGA,s1686-116
SSFI,s1443-116
SSFR,s2372-116
SSHR,s830-116
SSEG,s140-116
SSEG,s2447-116
SSCM,s2402-116
SSEG,s1109-116
SSFI,s2414-116
SSCM,s2898-116
SSFI,s750-116
SSFI,s2497-116
SSCM,s2837-116
SSAS,s965-116
SSFI,s1343-116
SSEV,s1837-116
SSFI,s1370-116
SSVA,s1315-116
SSAF,s2501-116
SSVA,s666-116
SSAS,s1503-116
SSCM,s2453-116
SSBK,s1929-116
SSFI,s786-116
SSHR,s1944-116
SSHR,s1556-116
SSJU,s822-116
SSGA,s731-116
SSEV,s950-116
SSJU,s2132-116
SSCM,s2431-116
SSHR,s2590-116
HSJU,s1029-116
SSJU,s1029-116
SSJU,s1622-116
SSFI,s1142-116
SSCM,s2469-116
SSGA,s387-116
SSRA,s549-116
SSEG,s1359-116
SSRA,s1472-116
SSFR,s925-116
SSBK,s1609-116
SSFI,s1134-116
SSCM,s1764-116
SSFR,s707-116
SSFI,s640-116
SSJU,s1779-116
SSEV,s1840-116
SSFR,s2680-116
SSGA,s1829-116
SSFI,s433-116
SSCM,s1787-116
SSAS,s2154-116
SSCM,s737-116
SSFR,s2641-116
SSCM,s1640-116
SSHR,s726-116
SSHR,s1895-116
SSEG,s88-116
SSEV,s2031-116
SSFI,s1587-116
SSFI,s763-116
SSCM,s2577-116
SSHR,s3166-116
SSFI,s1344-116
SSHR,s117-116
SSCM,s2652-116
SSFI,s824-116
SSBK,s428-116
SSJU,s2082-116
SSFI,s443-116
SSHR,s609-116
SLIA,s336-116
SSHR,s844-116
SSEV,s747-116
SSCM,s529-116
SSEG,s2462-116
SSCM,s1069-116
SSFI,s2897-116
SSAF,s1620-116
SSGA,s438-116
SSBK,s1236-116
SSFI,s131-116
SSAF,s2760-116
SSAS,s1580-116
SSCM,s1239-116
SSHR,s740-116
SSVA,s891-116
SSHR,s1176-116
SSCM,s2922-116
HSGO,s1434-116
SSGA,s1434-116
SSHR,s964-116
SSCM,s2768-116
SSBK,s656-116
SSVA,s319-116
SSBK,s1564-116
SSEV,s1613-116
SSFR,s482-116
SSEG,s2890-116
SSHR,s1993-116
SSHR,s1067-116
SSFI,s3049-116
SSGA,s1066-116
SSFR,s1575-116
SSRA,s890-116
SSFI,s1785-116
SSBK,s755-116
SSEG,s1582-116
SSFI,s1423-116
SSEG,s2771-116
SSHR,s1805-116
SSJU,s2030-116
SSFI,s1020-116
SSHR,s901-116
SSCM,s1167-116
SSCM,s918-116
SSRA,s1569-116
SSGA,s1976-116
SSHR,s1970-116
SSAF,s1187-116
SSCM,s2693-116
SSBK,s1731-116
SSFI,s1677-116
SSBK,s436-116
SSCM,s2506-116
SSFI,s916-116
SSHR,s2736-116
SSRA,s621-116
SSAS,s858-116
SSFI,s3067-116
SSGA,s1942-116
SSJU,s2540-116
SSCM,s804-116
SSHR,s418-116
SSGA,s3045-116
SSJU,s1924-116
SSHR,s2244-116
SSEG,s927-116
SSFI,s1725-116
SSHR,s1669-116
SSVA,s1105-116
SSHR,s664-116
SSHR,s2240-116
SSGA,s2757-116
SSBK,s3108-116
SSFI,s527-116
SSBK,s1581-116
SSAS,s1229-116
SSCM,s682-116
SSFR,s1825-116
SSFI,s2081-116
HSVR,s2096-116
SSVA,s2096-116
SSJU,s1028-116
SSCM,s2134-116
SSFI,s1841-116
SSCM,s1713-116
SSFI,s1210-116
SSJU,s307-116
SSFI,s128-116
SSEG,s1974-116
SSGA,s1432-116
SSRA,s507-116
SSEG,s1523-116
SSAS,s2060-116
SSBK,s1961-116
SSBK,s331-116
SSRA,s942-116
SSJU,s1445-116
SSAP,s113-116
SSHR,s141-116
SSHR,s1387-116
SSJU,s1721-116
SSFI,s2473-116
SSFI,s2986-116
SSEG,s1295-116
SSFR,s1808-116
SSFR,s1727-116
SSCM,s1417-116
SSEG,s715-116
SSFR,s52-116
SSEG,s1193-116
SSBK,s1715-116
SSVA,s1101-116
SSHR,s1013-116
SSCM,s881-116
SSHR,s2395-116
SSHR,s1402-116
SSEV,s2105-116
SSCM,s2040-116
SSFR,s567-116
SSFI,s476-116
SSFI,s2290-116
SSFI,s3129-116
SSJU,s756-116
SSHR,s1618-116
SSJU,s271-116
SSHR,s1266-116
SSHR,s1199-116
SSHR,s2971-116
SSEG,s491-116
SSEG,s1458-116
SSAF,s1817-116
SSJU,s69-116
SSHR,s1107-116
SSFI,s2866-116
SSEG,s2332-116
SSHR,s1577-116
SSAP,s214-116
SSHR,s402-116
SSEG,s242-116
SSFI,s1607-116
SSFI,s2999-116
SSCM,s1214-116
SSAS,s1467-116
SSFR,s1025-116
SSFI,s817-116
SSCM,s2330-116
SSRA,s26-116
SSHR,s840-116
SSFI,s932-116
SSVA,s2022-116
SSCM,s694-116
SSEG,s2094-116
SSFI,s2409-116
SLIA,s211-116
SSGA,s1460-116
SSJU,s1591-116
SSHR,s1585-116
SSBK,s2724-116
SSHR,s3158-116
SSEG,s1863-116
SSCM,s1601-116
SSFI,s940-116
SSBK,s1951-116
SSJU,s1547-116
SSHR,s3114-116
SSBK,s3083-116
SSEG,s1477-116
SSAP,s222-116
SSJU,s663-116
SSFR,s2832-116
SSFI,s780-116
SSHR,s1536-116
SSEV,s2298-116
SSHR,s2677-116
SSHR,s366-116
SSCM,s1322-116
SSAS,s1542-116
SSAS,s1799-116
SSFI,s1094-116
SSJU,s954-116
SSHR,s304-116
SSCM,s1407-116
SSHR,s1642-116
SSGA,s2798-116
SSCM,s600-116
SSGA,s232-116
SSFI,s2551-116
SSHR,s2557-116
SSBK,s603-116
HSAS,s252-116
SSAS,s252-116
SSHR,s1399-116
SSFR,s1945-116
SSFI,s1654-116
SSFR,s1830-116
SSBK,s1919-116
SSHR,s184-116
SSFI,s1999-116
SSEG,s13-116
SSFI,s676-116
SSCM,s2025-116
SSHR,s637-116
SSAP,s1095-116
SSHR,s1775-116
SLIA,s1211-116
SSBK,s1063-116
SSHR,s1408-116
SSBK,s457-116
SSCM,s1212-116
SSCM,s1522-116
SSHR,s2205-116
SSFI,s2553-116
SSEG,s2005-116
SSGA,s1537-116
SSHR,s419-116
SSVA,s853-116
SSFI,s2235-116
SSFI,s1284-116
SSFR,s1777-116
SSEG,s434-116
SSFI,s330-116
SSHR,s752-116
SLIA,s2610-116
SSHR,s3174-116
HSPW,s1833-116
SSEV,s1833-116
SSHR,s1823-116
SSCM,s3124-116
SSEV,s268-116
SSCM,s273-116
SSBK,s509-116
SSJU,s897-116
SSGA,s1363-116
SSJU,s1083-116
SSFI,s1374-116
SSEG,s40-116
SSBK,s2903-116
SSHR,s975-116
SSFR,s1102-116
SSEG,s2666-116
SSHR,s385-116
SSJU,s770-116
SSFI,s2787-116
SSAS,s2234-116
SSCM,s2858-116
SSVA,s514-116
SSGA,s213-116
SSEG,s487-116
SSCM,s2816-116
SSEG,s3060-116
SSFI,s1641-116
SSAP,s589-116
SSFI,s1884-116
SSFI,s1030-116
HSVR,s1749-116
HSBA,s1749-116
SSHR,s61-116
SSHR,s962-116
SSCM,s1258-116
SSGA,s1120-116
SSSB,s1120-116
SSGA,s3104-116
SSFI,s1956-116
SSBK,s2117-116
SSEG,s1750-116
SSVA,s2822-116
SSEG,s876-116
SSCM,s2381-116
SSFI,s19-116
SSHR,s696-116
SSCM,s941-116
SSFI,s928-116
SSFI,s586-116
SSFI,s1126-116
SSEV,s2687-116
SSEG,s1967-116
SSFI,s2777-116
SSBK,s133-116
SSHR,s889-116
SSHR,s2499-116
SSFI,s237-116
SSHR,s2857-116
SLIA,s290-116
SSEG,s2425-116
SSHR,s1401-116
SSAP,s572-116
SSAS,s1798-116
SSGA,s2694-116
SSBK,s453-116
SLIA,s2616-116
SSFI,s228-116
SSGA,s2560-116
SSEV,s2343-116
SSBK,s540-116
SSHR,s2675-116
SSRA,s2238-116
SSFI,s683-116
SSHR,s904-116
SSBK,s2631-116
SSFI,s1058-116
SSHR,s2308-116
SSHR,s1911-116
SSBK,s915-116
SSHR,s1073-116
SSFI,s2412-116
SSAF,s708-116
SSFI,s1476-116
SSVA,s318-116
SSGA,s2691-116
SSGA,s2530-116
SSGA,s92-116
SSEV,s2461-116
HSAG,s1982-116
HSII,s1982-116
HSIF,s1982-116
HSPW,s1982-116
HSSY,s1982-116
HSFA,s1982-116
SSCM,s1982-116
SSAF,s2704-116
SSCM,s1108-116
SSAS,s1383-116
SSHR,s568-116
SSFI,s1302-116
SSFI,s1801-116
SSHR,s2102-116
SSHR,s2880-116
SSJU,s3070-116
SSFI,s966-116
SSBK,s1256-116
SSJU,s1088-116
SSFI,s1431-116
SSCM,s2297-116
SSFI,s2942-116
SSHR,s2885-116
SSFR,s1039-116
SSHR,s1173-116
SSAF,s2026-116
SSEG,s1602-116
SSEG,s2333-116
SSHR,s3011-116
SSFR,s1781-116
SSHR,s545-116
SSHR,s3168-116
SSAF,s3094-116
SSHR,s1847-116
SSHR,s2158-116
SSHR,s657-116
SSAP,s811-116
SSFI,s474-116
SSFR,s745-116
SSFI,s1652-116
SSFI,s1649-116
SSEG,s1849-116
SSFI,s2440-116
SSBK,s1447-116
SSBK,s2649-116
SSHR,s1019-116
SSHR,s2997-116
SSFI,s136-116
SSGA,s426-116
SSAS,s871-116
SSFR,s2438-116
SSHR,s1338-116
SSFI,s296-116
SSGA,s396-116
SSVA,s598-116
SSFI,s1732-116
SSCM,s3043-116
SSHR,s1125-116
SSGA,s262-116
SSSB,s84-116
SSJU,s2389-116
SSCM,s1341-116
SSJU,s2146-116
SSFR,s704-116
SSHR,s792-116
SSHR,s1619-116
SSJU,s25-116
SSJU,s936-116
SSEV,s2236-116
SSFI,s3032-116
SSFI,s3078-116
SSJU,s71-116
SSFI,s1282-116
SSJU,s2032-116
SCNC,s2032-116
SSHR,s1532-116
SSCM,s1457-116
SSHR,s608-116
SSJU,s2745-116
SSBK,s1006-116
SSAS,s1143-116
SSCM,s2964-116
SSFI,s3116-116
SSGA,s1879-116
SSHR,s2406-116
SSJU,s1943-116
SSSB,s2138-116
SSFI,s961-116
HSED,s212-116
HSII,s212-116
SLIA,s212-116
SSFI,s274-116
SSJU,s2895-116
SSFI,s2588-116
SSGA,s2485-116
SSEG,s2668-116
SSEV,s1098-116
SSFR,s357-116
SSFI,s283-116
SSEV,s451-116
SSAF,s1810-116
SSEV,s2854-116
SSAS,s30-116
SSEV,s1864-116
SSHR,s1770-116
SSEG,s1882-116
SSEG,s2906-116
SSJU,s1243-116
SSEG,s990-116
SSBK,s1520-116
SSEG,s2940-116
SSFI,s1149-116
SSHR,s511-116
SSCM,s1084-116
SSHR,s1636-116
SSHR,s867-116
SSHR,s323-116
SSFI,s99-116
SSBK,s1722-116
SSJU,s2482-116
SSVA,s1896-116
SSJU,s1380-116
SSHR,s575-116
SSFI,s2199-116
SSJU,s1480-116
SSHR,s3115-116
SSHR,s995-116
SSFR,s2776-116
SSJU,s1831-116
SSFI,s1121-116
SSEV,s2674-116
SSAS,s373-116
SSVA,s785-116
SSHR,s2523-116
SSHR,s1350-116
SSBK,s360-116
SSHR,s1203-116
SSEV,s2941-116
SSAS,s1271-116
SSEV,s674-116
SSSB,s1077-116
SSCM,s911-116
SSHR,s866-116
SSAP,s2584-116
SSEG,s1183-116
SSCM,s1241-116
SSBK,s1200-116
SSJU,s2878-116
SSBK,s3090-116
SSBK,s733-116
HSIF,s1611-116
SSCM,s1611-116
SSHR,s1219-116
SSCM,s1179-116
SSCM,s2033-116
SSEG,s1740-116
SSFI,s437-116
SSAS,s2731-116
SSAP,s1900-116
SSHR,s1159-116
SSFI,s2020-116
SSFI,s1138-116
SSFI,s1628-116
SSEV,s528-116
SSCM,s481-116
SSCM,s2829-116
SSBK,s642-116
SSAS,s1615-116
SSBK,s2144-116
SSFI,s359-116
SSJU,s456-116
SSEG,s641-116
SSFI,s628-116
SSVA,s857-116
SSBK,s2122-116
SSCM,s952-116
SSGA,s734-116
SSJU,s1519-116
SSFI,s3085-116
SSCM,s1578-116
SSVA,s997-116
SSCM,s2889-116
SSGA,s1339-116
SSSB,s1339-116
SSEG,s316-116
SSGA,s2318-116
SSJU,s397-116
SSJU,s328-116
SSBU,s1579-116
SSJU,s2797-116
SSHR,s1483-116
SSFI,s1667-116
SLIN,s314-116
SSEG,s1932-116
SSFI,s2417-116
SSAS,s191-116
SSFI,s2100-116
SSHR,s2554-116
SSAF,s921-116
SSFI,s2496-116
SSJU,s2690-116
SSJU,s635-116
SSBK,s639-116
SSAP,s2580-116
SSFI,s2370-116
SSCM,s2661-116
SSCM,s1515-116
SSHR,s579-116
SSEG,s2952-116
SSEG,s2505-116
SSAP,s2581-116
SSFI,s768-116
SSBK,s2291-116
SSAF,s613-116
SSAS,s1495-116
SSFI,s2352-116
SSEV,s1812-116
SSBK,s2663-116
SSGA,s2779-116
SSJU,s122-116
SSJU,s1337-116
SSFI,s1261-116
SSHR,s342-116
HSED,s256-116
SLIA,s256-116
SSCM,s2204-116
SSFI,s1703-116
SSJU,s1494-116
SSBK,s2306-116
SSFI,s2741-116
SSEV,s2410-116
SSVA,s1718-116
SSFR,s1252-116
SSCM,s1116-116
SSFI,s1150-116
SSGA,s1409-116
SSSB,s1409-116
SSCM,s2147-116
SSFI,s378-116
SSVA,s850-116
SSEG,s334-116
HSJU,s820-116
SSJU,s820-116
SSBK,s2448-116
SSCM,s1979-116
SSAP,s281-116
HSHA,s590-116
HSBA,s590-116
SSBK,s590-116
SSCM,s3079-116
SSEV,s1482-116
SSVA,s1646-116
SSHR,s2259-116
SSVA,s711-116
SSFI,s2366-116
SSFI,s1726-116
SSFI,s1188-116
SSFR,s1529-116
SSGA,s196-116
HSGO,s375-116
SSGA,s375-116
SSFR,s238-116
SSFI,s803-116
SSGA,s380-116
SSRA,s2398-116
SSGA,s1004-116
SSHR,s1921-116
SSJU,s2783-116
SSHR,s655-116
SSGA,s530-116
SSVA,s2914-116
SSEG,s1969-116
HSED,s2683-116
SSHR,s2683-116
SSFI,s2051-116
SSJU,s2178-116
SSFI,s1544-116
SSJU,s557-116
SSJU,s1834-116
SSCM,s2125-116
SSHR,s1299-116
SSHR,s1334-116
SSBK,s152-116
SSSB,s2023-116
SSCM,s1398-116
SSVA,s1946-116
SSFI,s2446-116
SSGA,s1314-116
SSJU,s103-116
SSGA,s764-116
SSFI,s165-116
SSHR,s2500-116
SSEG,s2300-116
SSEG,s2044-116
SSEG,s143-116
SSFR,s400-116
SSEV,s2057-116
HSGO,s2193-116
SSGA,s2193-116
SSFI,s489-116
SSGA,s869-116
SSJU,s2113-116
SSHR,s1009-116
SSGA,s1559-116
SSFI,s317-116
SSAS,s401-116
SSAF,s1119-116
SSBK,s592-116
SSHR,s1018-116
SSCM,s543-116
SSJU,s2773-116
