registrant_id,registrant_name
313010,MANAGED FUNDS ASSOCIATION
401104114,IMPERIUM GLOBAL ADVISORS
400391833,LIFE TECHNOLOGIES CORPORATION
11710,DAVIS POLK & WARDWELL LLP
400312456,THE HORINKO GROUP
401104022,SENTRY INSURANCE COMPANY (FORMERLY SENTRY INSURANCE A MUTUAL COMPANY)
35970,SOCIETY OF TEACHERS OF FAMILY MEDICINE
401105104,GILLILAND & MCKINNEY INTERNATIONAL COUNSELLORS
19800,"INTERNATIONAL BRIDGE, TUNNEL & TURNPIKE ASSOCIATION"
28470,NATIONAL RIFLE ASSOCIATION OF AMERICA
37232,SULLIVAN & CROMWELL LLP
400267219,AMERICAN SOCIETY OF PLASTIC SURGEONS
311495,HEALY STRATEGIES
34728,"SCRIBNER, HALL & THOMPSON, LLP"
68651,DRUG POLICY ALLIANCE
86210,TELEMEDIA POLICY CORP.
46723,NORTH CAROLINA BAPTIST HOSPITAL
33157,RETIRED ENLISTED ASSOCIATION
400937707,NATIONAL ORGANIZATION FOR MARRIAGE
401105290,FLAGLER STRATEGIES LLC
401104097,FERRING PHARMACEUTICALS
301174,"FISERV, INC."
400560677,"TREMONT PUBLIC ADVISORS, LLC"
83672,XENOPHON STRATEGIES
400966779,UNIVERSITY OF NOTRE DAME
400885593,SANDI STUART/THE STUART MURRAY GROUP
47314,"DAIRY FARMERS OF AMERICA, INC."
401104888,JTR STRATEGIES LLC
400345592,COMMON ERA LLC
401103208,"NATIONAL COOPERATIVE BANK, N.A. (FORMERLY NCB, FSB)"
401103941,"STARK STRATEGIC, LLC"
400689053,CLERGY FINANCIAL STRATEGY AND TAX PLANNING INC
55495,MR. ROBERT GUSTAFSON
31667,THE PNC FINANCIAL SERVICES GROUP
400646950,GRIFFIN FOSTER
400755258,VIRTUALAW LLC
318538,COMSTOCK CONSULTING LLC
400531586,"CROSSROADS STRATEGIES, LLC"
40032280,"METLIFE GROUP, INC."
28014,NATIONAL HUMANITIES ALLIANCE
400526555,NATIONAL ALLIANCE OF COMMUNITY ECONOMIC DEVELOPMENT ASSOCIATIONS
400747238,"DANIEL A. MICA, LLC"
301937,UNIVERSITY OF ROCHESTER
3071,AMERICAN PHARMACISTS ASSOCIATION
40010,VETERANS OF FOREIGN WARS OF THE UNITED STATES
401104242,262 STRATEGY LLC
78835,AMERICAN RENTAL ASSOCIATION
401103526,SPO STRATEGIC CONSULTING LLC
40048368,ASSOCIATION OF AMERICAN UNIVERSITIES
33977,"RUTGERS, THE STATE UNIVERSITY OF NEW JERSEY"
289990,EQUINOR US OPERATIONS LLC
401103245,STINSON LLP
400618875,ALAN REUTHER
316491,MR. WILLIAM LIPINSKI
310016,ARTHUR ENDRES
401104961,BOOZ ALLEN HAMILTON INC.
28721,NATIONAL TRUST FOR HISTORIC PRESERVATION
400573725,"THE BAGLEY GROUP, LLC"
1568,AMERICAN DENTAL EDUCATION ASSOCIATION
400578740,AMERICAN COLLEGE OF OBSTETRICIANS AND GYNECOLOGISTS
59477,JAKE JACOBY
15007,MRS. VERONICA MCCANN FLOYD
400459264,LISA ANDREWS
401103212,DRISCOLL GROUP INC.
48771,"SALTCHUK RESOURCES, INC."
400458216,"INCHARGE EDUCATION FOUNDATION, INC."
20106,INTERNATIONAL UNION OF OPERATING ENGINEERS
82237,"DPWN HOLDINGS (USA) INC. (FORMERLY KNOWN AS DEUTSCHE POST WORLD NET USA, INC.)"
29414,NORFOLK SOUTHERN CORPORATION
400972787,MS. JOANNA SLANEY
400866540,MS. TRACY M. HOLIDAY
401105013,"CLARISSA J MIDDLETON, LOBBYIST"
400946735,"TERESA DYER & ASSOCIATES, LLC"
401103892,CLOUDFACTORS LLC
401103642,RSM US LLP (FORMERLY KNOWN AS MCGLADREY LLP)
400622891,"RTD EMBEDDED TECHNOLOGIES, INC. - JULIE HARRIS MCCREY"
400414969,JOHN EURTON
291537,"ART LIFSON CONSULTING, LLC"
401104833,"AKEBIA THERAPEUTICS, INC."
34637,THE CHARLES SCHWAB CORPORATION
78892,MELVIN JONES
400507500,"GREEN HILL ADVISORS, LLC"
40048381,TPM COMMUNICATIONS
10070,"MALDEGEN TEMPLEMAN & INDALL, LLP"
401104665,KERRIE RUSHTON
9875,"COLLADO ASSOCIATES, INC."
42182,"ZUCKERT, SCOUTT & RASENBERGER, LLP"
302211,"KLIPPEN AND ASSOCIATES, LLC"
60218,THE LEUKEMIA & LYMPHOMA SOCIETY
306955,ELECTRICITY CANADA (FORMERLY KNOWN AS CANADIAN ELECTRICITY ASSOCIATION)
401105156,MURPHY STRATEGIC CONSULTING
401103097,PBF HOLDING COMPANY LLC
400652961,"ROBERT J. MILLER CONSULTING, LLC (FROMLY KNOWN AS ROBERT J. MILLER)"
291958,"PLANNED PARENTHOOD ACTION FUND, INC."
6985,"STONE MATTHEIS XENOPOULOS AND BREW, PC"
401104366,"VOGELHOOD, LLC"
40013102,"J4 STRATEGIES, INC. PREVIOUSLY REGISTERED AS JULIANNE H FORREST"
49943,COUNCIL FOR OPPORTUNITY IN EDUCATION
400384774,MAGER & ASSOCIATES LLC
400515521,JENNIFER KAKASULEFF
400839480,QUANEX BUILDING PRODUCTS CORPORATION
400704109,WILLIAM HYLAND
401104030,DAVID RADI
401103329,SUSAN GREENHALGH
401103321,TODD STRATEGY GROUP
291674,MELLON STRATEGIC CONSULTING
400384777,WENDY SURMAN
4516,ASSOCIATION OF AMERICAN RAILROADS
77195,ELIZABETH GLASER PEDIATRIC AIDS FOUNDATION
400460283,FCA US LLC
401047947,"WEXFORD STRATEGIC ADVISORS, INC."
18091,"HERRICK, FEINSTEIN LLP"
316797,"SOBBA PUBLIC, LLC"
9443,CLARK & WEINSTOCK
401104210,GOLDSTEIN POLICY SOLUTIONS LLC
323455,"NCHA, INC."
401104154,SHAUN GEHAN
400728185,COMMERCE BANK
578,AIR FORCE SERGEANTS ASSOCIATION
401103205,"BLAUVELT GROUP, LLC"
33432,LIZ ROBBINS ASSOCIATES
401103435,CENTER FOR PRISON REFORM
286017,ASSOCIATION OF EQUIPMENT MANUFACTURERS
88256,"GUIDE CONSULTING SERVICES, INC."
400761288,GILLILAND CONSULTING
401104209,SKLADANY CONSULTING LLC
13530,EMPIRE DISTRICT ELECTRIC COMPANY
40047366,H. LEE MOFFITT CANCER CENTER & RESEARCH INSTITUTE
35957,SOCIETY OF AMERICAN FLORISTS
401008847,AANEM AMERICAN ASSOCIATION OF NEUROMUSCULAR AND ELECTRODIAGNOSTIC MEDICINE
27800,NATIONAL FED OF FEDERAL EMPLOYEES
400459268,"MARS, INCORPORATED"
401103243,AUSTAL USA
400822437,"ASHER LAW ASSOCIATES, P.A."
401103141,SCIENCE APPLICATIONS INTERNATIONAL CORPORATION
401104724,"CSS PARTNERS, LLC"
32657,"RAILWAY SUPPLY INSTITUTE, INC."
401103744,"PHILIP S. SMITH & ASSOCIATES, INC."
89270,WEST PENN ALLEGHENY HEALTH SYSTEM
401103818,EYMAN PARTNERS LLC (FKA EYMAN ASSOCIATES PC)
307056,CLEAN FUELS ALLIANCE AMERICA F/K/A NATIONAL BIODIESEL BOARD
400412956,"ALL-CIRCO, INC."
73453,HACH COMPANY/DANAHER CORP.
78516,TOM SKANCKE
401104319,"FIDELITY NATIONAL INFORMATION SYSTEMS, INC. AND SUBSIDIARIES"
16566,GORDLEY ASSOCIATES
308957,"SUMITOMO PHARMA AMERICA, INC.(FORMERLY SUNOVION PHARMACEUTICALS INC.)"
400458217,"RRI ENERGY, INC."
285552,"ADVANTUS STRATEGIES, LLC"
295532,"CONSTANTINE CANNON, LLP"
8874,"CAROLYN C. CHANEY & ASSOCIATES, INC."
401103898,SYNCHRONY FINANCIAL
400872556,"WPX ENERGY, INC."
401104281,A1.9 STRATEGIES LLC
400778341,"RBC CAPITAL MARKETS, LLC (FORMERLY REGISTERED AS ROYAL BANK OF CANADA)"
401043937,ZOETIS INC.
401104528,"MADISON LAW & POLICY, P.C."
401103354,LIBERTY INTERNATIONAL GROUP LLC
64714,"MCCLEES CONSULTING, INC."
401104171,THE MENTORING CENTER
400761291,"CARL ANDREWS AND ASSOCIATES, INC."
400684035,"TRANSCANADA PIPELINES, LTD"
308970,"FEDERAL HILL GROUP, LLC"
400525550,FAMILY EQUALITY COUNCIL
78870,"ROSE LAW FIRM, A PROFESSIONAL ASSOCIATION"
401056983,THE VOLKOV LAW GROUP LLC
76013,BOARD OF TRUSTEES - NORTHERN ILLINOIS UNIVERSITY
33944,"RURAL COMMUNITY INSURANCE AGENCY, INC."
39600,UNUM GROUP
400873558,"VORYS ADVISORS, LLC"
401105287,"NORTHSTAR EARTH AND SPACE SYSTEMS, INC."
400928692,THE LONGMIRE GROUP
400306434,HAMILTON ADVISORS INC.
294154,"WOOSLEY AND ASSOCIATES, INC."
400284361,SMOKERISE INTERNATIONAL GROUP LTD
12391,"DISTILLED SPIRITS COUNCIL OF THE U.S., INC."
401103271,SPECTRUM PUBLIC AFFAIRS
401104153,"PUBLIC SPHERE, INC."
400741218,PINNACLE AIRLINES CORP.
400536607,"3 CLICK SOLUTIONS, LLC"
27092,NATIONAL ASSOCIATION OF SCHOOL PSYCHOLOGISTS
288054,"CLOUD & COMPANY, LLC"
90352,AMERICAN UROLOGICAL ASSOCIATION
401104352,SIEKMAN AND SIEKMAN LLC
401050962,"COASTAL RESOURCE STRATEGIES, LLC"
400431088,COVE STRATEGIES
401024889,"BEVAN, MOSCA, GIUDITTA & ZARILLO, PC"
16692,W. R. GRACE & COMPANY
13871,CHARLES ESTES
400291383,"NOVOZYMES NORTH AMERICA, INC."
11333,SUNTRUST BANK
400506493,MBDA INCORPORATED
91433,INVACARE CORPORATION
400610854,THE EMERALD GROUP LLC
35742,"SMITH, COSTELLO & CRAWFORD"
289157,J. MARK LEGGETT
1752,AMERICAN AUTOMOBILE ASSOCIATION
84957,ASSOCIATION OF OLD CROWS
10547,CONSECO
308013,"ROBERTI ASSOCIATES GLOBAL, LLC FORMERLY KNOWN AS VAR II, LLC"
16236,GIRL SCOUTS OF THE U.S.A.
401105302,THE BURNHAM GROUP LLC
400810415,"LAWLER STRATEGIES, LLC"
401103591,TEMPLE UNIVERSITY
306534,MITCH ROSE STRATEGIC CONSULTING LLC
5483,BARRICK GOLD OF NORTH AMERICA
400387795,MRS. JANINE SMITH
89350,RICK MALDONADO & ASSOCIATES INC.
400537609,TRUCKER HUSS APC
51753,I STREET ADVOCATES
26945,NATIONAL ASSOCIATION OF MUTUAL INSURANCE COMPANIES
12301,"DIRECT MARKETING ASSOCIATION, INC."
400559669,"EXPERIENCE WORKS, INC."
35068,SHEET METAL & AIR CONDITIONING CONTRACTORS NAT'L ASSN
48417,"JEFFERSON GOVERNMENT RELATIONS, L.L.C."
84057,LINDA ANN LINGLE
17192,"GUN OWNERS OF AMERICA, INC."
27274,NATIONAL BEER WHOLESALERS ASSOCIATION
400784362,PHILIP RUTER
27902,COMMODITY MARKETS COUNCIL
18741,MR. JOHN HOWES
19753,INTERNATIONAL ASSOCIATION OF FIRE FIGHTERS
400730189,"HOLZWORTH & KATO, PC"
400328545,FEDERAL ASSOCIATION FOR THE ADVANCEMENT OF VISIBLE MINORITIES (FAAVM CANADA)
400272260,SOUTH CAROLINA FARM BUREAU FEDERATION
400457196,CINDY FITHIAN & ASSOCIATES LLC
400564686,"MASIELLO, MARTUCCI & ASSOCIATES FKA MASIELLO, MARTUCCI, CALABRESE & ASSOCIATES"
400272257,"GLOBAL STRATEGIC PARTNERS, LLC"
400537608,"J.E. MARTINEZ & ASSOCIATES, INC."
35695,A.O. SMITH CORPORATION
401103932,"CITIGROUP WASHINGTON, INC."
21426,"KENT & O'CONNOR, INC."
401050963,"WARNER, NORCROSS + JUDD LLP"
400359671,"SENECA GLOBAL ADVISORS, LLC"
401103251,GOVERNMENT SOLUTIONS LLC
36856,CHICAGO BRIDGE & IRON COMPANY N.V.
61573,MS. KAREN JOHNSON
401103168,WORLDWIDE AEROS CORP.
321998,ROCKEFELLER GROUP DEVELOPMENT CORPORATION
27707,NATIONAL COURT REPORTERS ASSOCIATION
400305430,NANA DEVELOPMENT CORPORATION
400951748,PEYSER ASSOCIATES LLC
27423,NATIONAL CLUB ASSOCIATION
301697,WALTER CONSULTING
16896,"GREENBERG TRAURIG, LLP"
87973,VOYA SERVICES COMPANY
27582,NATIONAL COUNCIL FOR BEHAVIORAL HEALTH
314215,"MATTOON & ASSOCIATES, LLC"
4037,ANIMAL HEALTH INSTITUTE
75273,JOHN LOGAN
625,AIRCRAFT OWNERS & PILOTS ASSOCIATION
38791,"U.S. ENGLISH, INC."
22041,LECET
315650,ABIR
401082034,CORNING PLACE COMMUNICATIONS
6382,"BLUE CROSS AND BLUE SHIELD OF FLORIDA, INC."
317515,MANUFACTURERS ASSOCIATION OF CENTRAL NEW YORK
401103607,CAPTURERX
40011075,ENDO INTERNATIONAL
9237,THE CIGNA GROUP AND SUBSIDIARIES (FORMERLY CIGNA CORPORATION AND SUBSIDIARIES)
20994,BREAKTHROUGH T1D (FORMERLY KNOWN AS JDRF INTL.)
315012,PUBLIC KNOWLEDGE
21984,KYROS & CUMMINS ASSOCIATES
40032277,LJM RAD LLC (FKA L&J RAD LLC)
88336,SOLAR ENERGY INDUSTRIES ASSOCIATION
5118,"BAKER BOTTS, L.L.P."
3801,AMERICANS FOR TAX REFORM
59650,AMERICAN GASTROENTEROLOGICAL ASSOCIATION
26810,NATIONAL ASSOCIATION OF HOME BUILDERS
18843,"THE DIRECTV GROUP, INC."
401104885,"THE GABOTON GROUP, LLC"
400435106,ALLIANCE OF HEALTH CARE SHARING MINISTRIES
40011079,TERADATA CORPORATION
8338,"PROGRESS ENERGY, INC."
400411948,DAVID JOHNSON
401104763,KEYSTONE STRATEGY + ADVOCACY
400305429,MANZANO STRATEGIES LLC BUSINESS DEVELOPMENT UNIT
400757261,KENT GREENOUGH
24486,MCGUIREWOODS CONSULTING (A SUBSIDIARY OF MCGUIREWOODS LLP)
40022162,MONTANA FARM BUREAU FEDERATION
55518,UNDERWRITERS LABORATORIES INC.
400544626,THE CONSTITUTION PROJECT
38392,"TRANSPORTATION TRADES DEPARTMENT, AFL-CIO"
40006039,NATIONAL ASSOCIATION OF STATE DIRECTORS OF SPECIAL EDUCATION
10398,CONAWAY GROUP LLC
400936706,"DINSMORE & SHOHL, LLP"
401104033,YORKTOWN SOLUTIONS
19491,INSTITUTE OF REAL ESTATE MANAGEMENT
401104024,NATIONAL ASSOCIATION TO PROTECT CHILDREN EDUCATION FUND
401104453,"TELLURIAN, INC."
400276308,FAITH SCHWARTZ
25807,JPMORGAN CHASE & CO.
400412952,NAVIGATOR CONSULTING
305635,"MONUMENT STRATEGIES, LLC"
23873,"MARRIOTT INTERNATIONAL, INC."
305737,"CAPITOL CONSULTING GROUP ILLINOIS, LLC"
39520,UNIVERSITY OF SOUTHERN CALIFORNIA
36344,SPIEGEL & MCDIARMID LLP
40044354,"GLSEN, INC. (FORMERLY KNOWN AS GAY LESBIAN & STRAIGHT EDUCATION NETWORK)"
39462,UNIVERSITY OF MIAMI
89111,NGVAMERICA
20777,"JOHNSTON & ASSOCIATES, LLC"
292813,AMGENERAL LLC
13051,"DISH NETWORK, LLC"
400401894,ANDREW ROBART
40032278,MYRIANT TECHNOLOGIES
36537,STATE FARM MUTUAL AUTOMOBILE INSURANCE COMPANY
401103727,GREENHUNTER WATER
28300,NATIONAL PARKS CONSERVATION ASSOCIATION
313830,NORTH CAROLINA STATE UNIVERSITY
40018137,CONFERENCE OF BOSTON TEACHING HOSPITALS
307978,"JIM HANSEN AND ASSOCIATES, LLC"
401104545,APTIM CORP.
312496,CINCINNATI CHILDREN'S HOSPITAL MEDICAL CENTER
401104758,MR. JEFFREY SCHERMERHORN
401104121,MS. SHARI RENDALL
33454,"ROBERTSON, MONAGLE, AND EASTAUGH"
2445,AMERICAN GAS ASSOCIATION
401104546,"SIMS STRATEGIES, LLC"
27935,NATIONAL GROUND WATER ASSOCIATION
400776335,"WILSON GLOBAL COMMUNICATIONS, LLC"
41077,WESTINGHOUSE ELECTRIC COMPANY
28504,NATIONAL ROOFING CONTRACTORS ASSOCIATION
90055,ROMAN BUHLER AND ASSOCIATES
400580770,LEGISLATIVE STRATEGIES CA
317550,THE CARRIE MEEK GROUP
26570,NATIONAL ASSOCIATION FOR HOME CARE & HOSPICE
35514,SISCORP
5778,BEER INSTITUTE
312678,LOWE'S COMPANIES INC.
401103416,"KEYSIGHT TECHNOLOGIES, INC"
401103552,DAIKIN U.S. CORPORATION
5791,"BEHAR & KALMAN, LLP"
400954756,PROJECT ON GOVERNMENT OVERSIGHT
321817,"MUSEUM OF SCIENCE, BOSTON"
400376725,"AMERICAN COMMUNICATIONS GROUP, INC."
400761273,FUEL CELL AND HYDROGEN ENERGY ASSOCIATION
400696077,PARTNERSHIP FOR 21ST CENTURY SKILLS
64656,JENNINGS POLICY STRATEGIES
40014113,G.M. WEBER & ASSOCIATES LLC
16134,"GIBBONS & COMPANY, INC"
401105003,THE IMMIGRATION HUB LLC
400565691,"PUBLIC POLICY GROUP, INC."
401103434,"GODDARD GUNSTER, INC."
284414,JOEL S LISKER
27002,NATIONAL ASSOCIATION OF POSTMASTERS OF THE UNITED STATES
400420002,MRS. COLLEEN QUINN
48020,NATIONAL OILSEED PROCESSORS ASSOCIATION
401105502,NATIONAL COUNCIL ON CIVIL ADVOCACY
4130,"UNIVERSITY OF PHOENIX, INC."
317377,"MERCER STRATEGIC ALLIANCE, INC."
43822,"AMNESTY INTERNATIONAL OF THE USA, INC."
401012858,OHIO NATIONAL GUARD ASSOCIATION
400749242,THOMAS CHAMPION
400614862,THE COLLEGE OF WILLIAM & MARY
40020141,BREAUX LOTT LEADERSHIP GROUP
21632,KING & SPALDING LLP
400310451,AMERICAN BATTLEFIELD TRUST
40026227,NATIONAL SCIENCE TEACHERS ASSOCIATION
40025203,RENSSELAER POLYTECHNIC INSTITUTE
82170,BLUEWATER STRATEGIES
400489404,HILTON WORLDWIDE
322578,"THE MALLARD GROUP, LLC"
46814,HILARY SILLS
81431,ACA INTERNATIONAL
401103541,"H STREET CAPITOL STRATEGIES, LLC"
309311,GOVERNMENTAL INTERFACE STRATEGIES
26898,NATIONAL ASSOCIATION OF LETTER CARRIERS
401104751,CENTER ROAD SOLUTIONS
400708124,FEDERAL RESOURCES GROUP
400427054,"BEDROCK STRATEGIES, LLC"
61516,"PLATINUM ADVISORS, LLC"
21415,PATRICIA C. KENNEDY
313293,STEPHENS INVESTMENTS HOLDINGS LLC
87197,"COMMENATOR & ASSOCIATES, LTD."
401103973,PETER PETRIHOS
401104736,ILLINOIS INSTITUTE OF TECHNOLOGY
56394,OSF HEALTHCARE SYSTEM
70175,"MERCURY PUBLIC AFFAIRS, LLC"
38335,TRANCON
45618,NEWMARKET SERVICES
401103118,STONE ADVOCACY SOLUTIONS
401104949,"PETSMART, INC."
35924,SOCIETY FOR AMERICAN ARCHAEOLOGY
401105090,"FONDA & ASSOCIATES, LLC"
50810,OVARIAN CANCER NATIONAL ALLIANCE
401103326,KINETIC SOLUTIONS GROUP
59158,"T-MOBILE USA, INC."
294930,THE WASHINGTON TAX & PUBLIC POLICY GROUP
401075023,NATIONAL ASSOCIATION OF POSTAL SUPERVISORS
400865535,FORGE FEDERAL AFFAIRS LLC
30212,"OLSSON, FRANK, WEEDA, TERMAN & MATZ, PC"
36481,"STANFIELD TINDAL, INC."
401103295,ALIGNMENT GOVERNMENT STRATEGIES
11355,"CROP INSURANCE RESEARCH BUREAU, INC."
5073,"DALRYMPLE & ASSOCIATES, LLC"
12527,"THE DOW CHEMICAL COMPANY, DBA DOW"
22804,LIBERTY ALLIANCE ACTION
57453,HONEYWELL INTERNATIONAL
401104398,RUSSELL PUBLIC COMMUNICATIONS
400945731,OLD TOWN CREEK CONSULTING
401103336,"REINSURANCE GROUP OF AMERICA, INCORPORATED"
1262,ALZHEIMER'S ASSOCIATION
400481368,"LIVE NATION ENTERTAINMENT, INC."
77435,HUNTINGTON BANCSHARES INCORPORATED
11526,"DC LEGISLATIVE AND REGULATORY SERVICES, INC."
26615,NATIONAL ASSOCIATION FOR UNIFORMED SERVICES
401104609,BLUE PEARL CONSULTING
71952,ASSOCIATION OF CANCER CARE CENTERS (FKA ASSOCIATION OF COMMUNITY CANCER CENTERS)
401105417,"ELEVATE GOVERNMENT AFFAIRS, LLC"
91717,NATIONAL ASSOCIATION OF CHEMICAL DISTRIBUTORS
56018,AMERICAN AMBULANCE ASSOCIATION
315978,MR. JOHN DEMING
20447,JAPAN AUTOMOBILE STANDARDS INTERNATIONALIZATION CENTER
42672,HOULIHAN INTERNATIONAL LLC
401104113,"J.A.HILL GROUP, LLC"
401103976,INDIVIOR INC
28424,NATIONAL READY MIXED CONCRETE ASSOCIATION
401103332,"CHRISTY ELLERBEE CONSULTING, LLC"
400622893,FACTOTUM BUSINESS SOLUTIONS
304510,AGUSTAWESTLAND NORTH AMERICA INC.
400885592,ERIADE CONSULTING LLC
23634,MANATOS & MANATOS
401103293,POLARIS INDUSTRIES
71575,AUTOMOTIVE TRADE POLICY COUNCIL
400568699,LOWE STRATEGIES LLC
10387,"CONAGRA BRANDS, INC."
40006043,GRINNELL ASSOCIATES
401100069,ATLAS ADVOCACY
400459248,ADVOCACY ASSOCIATES
12460,DONOGHUE BARRETT & SINGAL P.C.
309732,"MADDOX STRATEGIES, LLC"
401104066,PJM STRATEGIES LLC
48760,GENESIS GROUP LLC
401014866,THE INTERNET ASSOCIATION
305395,"HAYNES AND BOONE, LLP"
400656969,"BATES CAPITOL GROUP, INC."
401103328,"PANDORA MEDIA, LLC."
13461,"EMANUEL & ASSOCIATES, INC. (FKA ADAM EMANUEL)"
40025206,SML CONSULTING
401103292,"HENDERSON STRATEGIES, INC."
400382758,BIRCH HILL CHAMBERS
400485394,PHILLIPS NIZER LLP
401103585,MCLARTY INBOUND LLC
400827458,"SPANGLER STRATEGTIC ADVISORS, LLC"
400316482,CHENEGA CORPORATION
401103960,NORTH AMERICAN MILLERS' ASSOCIATION
40025199,"EXPERIMENTAL AIRCRAFT ASSOCIATION, INC."
401104135,(C) MANAGEMENT INC.
401104427,"HOWARD WOOLLEY GROUP, LLC"
401105183,FOX CORPORATION
60413,MR. HECTOR ALCALDE
401104162,ORLIE YANIV STRATEGIES LLC
7554,BUSINESS SOFTWARE ALLIANCE
55872,THE SEATTLE TIMES COMPANY
400314465,"CAPITOL ALLIANCE CONSULTING, LLC"
401105061,KENNEDY LAW & POLICY
18466,HOLLAND & KNIGHT LLP
16054,GENZYME CORPORATION
401036920,BLOOM STRATEGIC COUNSEL
49761,SCENIC AMERICA
304691,MR. PAUL SCHLESINGER
317732,FRANKLIN CREEK CONSULTING
40033285,BOSTROM GROUP
400695072,"FROGUECLARK, LLC"
284174,CAMBRIDGE STRATEGIC PARTNERS
299412,INDIANAPOLIS POWER & LIGHT COMPANY
307796,"KEN CUNNINGHAM GROUP, LLC"
400922680,SHARE OUR STRENGTH
316092,NEW FLYER OF AMERICA INC.
400968782,MS. ROBERTA VALENTE
304372,NATIONAL RELIGIOUS BROADCASTERS
61458,THE RABEN GROUP
7326,"BT AMERICAS, INC."
40049384,GENESIS HEALTHCARE INC (FORMERLY LISTED AS GENESIS HEALTHCARE CORPORATION)
401104801,NATIONAL SECURITY ACTION
400807411,HARRANG LONG GARY RUDNICK P.C.
400276306,WASHINGTON RESOURCE
400684039,SAINT LOUIS UNIVERSITY
299172,"COMPASS STRATEGIES, LLC"
401103134,ROWAN UNIVERSITY
53788,"MATTOX WOOLFOLK, LLC"
15997,GENERAL ELECTRIC COMPANY (INCLUDING SUBSIDIARIES)
400742219,"BENTLEY SYSTEMS, INCORPORATED"
400514518,"AMERICAN FREEDOM INNOVATIONS, LLC"
9738,"COBANK, ACB"
24236,"BARBARA T. MCCALL ASSOCIATES, INC."
401104854,GDR STRATEGIES
319255,STRATEGIC PUBLIC AFFAIRS
40018136,UC GROUP LTD.
10296,COMPTEL DBA INCOMPAS
401104183,OHIO CORN AND WHEAT GROWERS ASSOCIATION
401103564,STUNTZ STRATEGIES LLC
285632,"THALES USA, INC."
1488,AMERICAN ASSOCIATION FOR MARRIAGE AND FAMILY THERAPY
6121,"ROBERT BETZ ASSOCIATES, LLC"
322033,1199SEIU HEALTHCARE EDUCATION PROJECT
401104487,GLOBAL WITNESS INC (FORMERLY GLOBAL WITNESS PUBLISHING)
29777,"O'BRIEN, GENTRY & SCOTT, LLC"
401103234,MS. MARY ANN GILLEECE
15042,FOLEY & LARDNER LLP
283732,"PAUL MARCONE & ASSOCIATES, LLC"
4026,ANHEUSER-BUSCH COMPANIES
32008,"POWERS PYLES SUTTER & VERVILLE, P.C."
2536,"AMERICAN HELLENIC INSTITUTE, FORMERLY KNOWN AS AMERICAN HELLENIC INSTITUTE P.A.C"
400660985,GPC ASSOCIATES LLC
74330,MARIJUANA POLICY PROJECT
44971,"DAWSON & ASSOCIATES, INC."
7315,"LAW OFFICE OF JOHN BRYANT, P.C."
401105782,ETS CONSULTING LLC
401103116,CALFEE STRATEGIC SOLUTIONS
401103196,WASHAKIE RENEWABLE ENERGY
400412950,TESLA INC.
3663,AMERICAN WATER WORKS ASSOCIATION
31281,ENERGY MARKETERS OF AMERICA
400728184,AMERICAN FOREST FOUNDATION
400274268,"ENVIRONMENT AMERICA, INC."
31827,PORT OF PORTLAND
400283357,JOHN LEONARD
400498453,WATERSHED RESULTS LLC
400887597,"HILLSTAFFER, LLC"
400412954,PRO UNLIMITED
72736,BROWN UNIVERSITY
400503478,ALTERNATIVE INVESTMENT MANAGEMENT ASSOCIATION
400553656,G3 & ASSOCIATES
401103779,HIGH STREET STRATEGIES LLC
400459253,JOHN GAY (JFG CONSULTING)
43638,MICHAEL SAULS
304430,SELF STORAGE ASSOCIATION
400262200,"ZEBRA IMAGING, INC."
401103871,"HAYES HEALTH POLICY STRATEGIES, PLLC"
13313,ELECTRIC POWER SUPPLY ASSOCIATION
40011074,"THE DOE FUND, INC."
23760,MARINE ENGINEERS' BENEFICIAL ASSOCIATION
401081033,UNIVERSITY OF SOUTH FLORIDA
40043341,CONRAD LAW & POLICY COUNSEL
59251,AMERICAN ASSOCIATION FOR GERIATRIC PSYCHIATRY
400630912,TOVAH LADIER
22280,"BOB LAWRENCE & ASSOCIATES, INC."
401105017,MARGARET STRAND CONSULTING LLC
400627907,AOL INC.
400760271,SANDER RESOURCES
25204,MICROSOFT CORPORATION
309413,"KINDER MORGAN, INC."
401104223,"CBE COMPANIES, INC."
400308441,NATIONAL COALITION FOR ASSISTIVE AND REHAB TECHNOLOGY
401054972,WALTER GORSKI
322237,FAMILIES AGAINST MANDATORY MINIMUMS
401105449,THE UNIVERSITY OF TEXAS MD ANDERSON CANCER CENTER
10217,COMMUNICATIONS WORKERS OF AMERICA
401003839,"MONDELEZ GLOBAL, LLC"
401079030,"MELTSNER STRATEGIES, LLC"
401104681,THE AMERICAN UNIVERSITY IN CAIRO
401104623,SINHA ASSOCIATES LLC
41000,JANE WEST
76491,"WITT O'BRIEN'S, LLC (F/K/A WITT GROUP HOLDINGS, LLC)"
306135,"RR&G, LLC"
400984809,"KEYS GROUP, LLC"
57134,OWNER-OPERATOR INDEPENDENT DRIVERS ASSOCIATION
89097,"PREWITT GROUP, P.A."
400478356,SEWARD SQUARE GROUP
400459278,MCGRATH & ASSOCIATES
312873,"LINCOLN CAPITOL CONSULTING, LLC"
314773,WESTERN ORGANIZATION OF RESOURCE COUNCILS
34832,THE SENIORS COALITION
89213,POLISPACE-JAMES A.M. MUNCY
400406916,CAREOREGON
45243,MR. WILLIAM ZAVARELLO
401071014,"THINK POLICY CONSULTING, LLC"
41454,"WILLIAMS AND JENSEN, PLLC"
400416977,RECONNECTING AMERICA
323637,SABIC INNOVATIVE PLASTICS US LLC
400322514,KAREN SCHECTER
30564,PACIFIC NORTHWEST WATERWAYS ASSOCIATION (PNWA)
400738213,TE CONNECTIVITY CORPORATION
400825451,AMERICAN INDIANS TRIBE
38871,UWC
74556,JAMES P. KEESE
401103355,BRAMER GROUP LLC
38962,AMEREN SERVICES
400389806,TODD WILLENS
21916,THEODORE KRONMILLER
28710,NATIONAL TRUCK EQUIPMENT ASSOCIATION
10445,CONGRESS OF NEUROLOGICAL SURGEONS
401103173,DAVID ROCCHIO
290013,OPPORTUNITY FINANCE NETWORK-FORMERLY NATIONAL COMMUNITY CAP
3798,AMERICANS FOR PEACE NOW
8761,"CEPHALON, INC."
400493427,MICHELLE RISKIND
35491,"SIROTE & PERMUTT, P.C."
39952,KINDRED HEALTHCARE D/B/A SCIONHEALTH
400337570,INTERNATIONAL ACADEMY OF COMPOUNDING PHARMACISTS (IACP)
83114,"ADVOCATE AURORA HEALTH, INC."
401103077,LINCOLN POLICY GROUP
44960,"FEATHERSTONHAUGH,WILEY & CLYNE, LLP (FKA FEATHERSTONHAUGH, CONWAY, WILEY & CLYNE"
294074,"CHARLES F FULLER / THE RESULTS COMPANY, INC."
400963775,APPLICATION DEVELOPERS ALLIANCE
401103546,CAPVIEW ASSOCIATES LLC (DBA CAPVIEW STRATEGIES)
400868544,MANHATTAN DECLARATION INC.
400986814,KOR TRADING LLC
89133,BLANK ROME LLP
23281,MANUEL LUJAN ASSOCIATES
400275276,SOCIETY OF MEXICAN AMERICAN ENGINEERS AND SCIENTISTS
15918,DAVID GENCARELLI
313750,MR. THAD HUGULEY
47963,GAP INC.
87574,SUNDQUIST GROUP (FORMERLY KNOWN AS SUNDQUIST ANTHONY)
306294,CONLON PUBLIC STRATEGIES
401104773,"MIZUHO BANK, LTD."
400323518,"HPS GROUP, LLC"
401046944,FIRST AMERICAN FINANCIAL CORPORATION
49555,BARBARA MORRIS
400822436,"BMW OF NORTH AMERICA, LLC"
401063997,GRTYREE CONSULTING LLC
83433,"MISSILE DEFENSE ADVOCACY ALLIANCE, INC."
48931,"R. B. MURPHY & ASSOCIATES, LLC"
317093,JACKIE BELL
22688,"THE RUSSELL GROUP, INC."
49602,NATIONAL ASSOCIATION OF SECONDARY SCHOOL PRINCIPALS
316753,THE CRISCOM COMPANY
400359656,MS. MISSY BRANSON
24817,"MEDTRONIC, INC."
38984,UNITE HERE!
25523,MISSOURI HOSPITAL ASSOCIATION
400766310,"KEYSTONE PUBLIC AFFAIRS, LLC"
401103718,"MKW GROUP, LLC"
401104911,BELLA WOLITZ
400546634,MR. DAVID HILL
401105032,PARTNERSHIP FOR QUALITY HOME HEALTHCARE
305976,MHC HEALTH STRATEGIES
400951749,"GRAY GLOBAL STRATEGIES, INC."
27753,NATIONAL ELECTRICAL MANUFACTURERS ASSOCIATION
15097,FOOD MARKETPLACE INC.
67251,BLOOMBERG LLP
295598,HAMILTON CONSULTING
400761290,LAW OFFICES OF MARC SHAPIRO
400265215,"SOUTHERN COTTON GROWERS, INC."
310095,ULMAN PUBLIC POLICY & FEDERAL RELATIONS
21494,KERRIGAN AND ASSOCIATES
8497,CATHOLIC HEALTH ASSOCIATION OF THE UNITED STATES
401103826,"ECA STRATEGIES, INC."
13255,GOVERNMENT RELATIONS SERVICES
318711,"HOSPIRA, INC."
400738210,"AMERICAN HEALTHCARE, LLC"
401103307,"AGM CONSULTING SERVICES, INC."
401104299,TEXAS RETAILERS ASSOCIATION
81555,MR. JOHN COZAD
401103372,ANIMAL DEFENDERS INTERNATIONAL US INC.
26502,NATIONAL ALLIANCE ON MENTAL ILLNESS
401103477,EDF INC.
13803,THE ERISA INDUSTRY COMMITTEE
401104983,T1INTERNATIONAL USA
295337,"STRATEGIC APPLICATIONS INTERNATIONAL, LLC"
400456194,COMPOSITE PANEL ASSOCIATION
400670004,"INTUITIVE SURGICAL, INC."
320997,"FARM CREDIT EAST, ACA (FORMERLY KNOWN AS FIRST PIONEER FARM CREDIT, ACA)"
400308439,NATIONAL ASSOCIATION OF COLLEGE STORES
40027235,"TCK INTERNATIONAL, LLC"
315158,THE FIORENTINO GROUP
1182,ALSTON & BIRD LLP
65976,"CAPITOL TAX PARTNERS, LLP"
36127,"SONOSKY, CHAMBERS, SACHSE, ENDRESON & PERRY, LLP"
400271243,CALIFORNIA CORRECTIONAL PEACE OFFICERS ASSOCIATION
290616,LEVINSON & ASSOCIATES
400640936,PRIVACY INTERNATIONAL
36754,HOLLY STEVENS
54381,NETCOALITION.COM
400541619,ENERGYNORTHAMERICA LLC
3696,CONVENIENCE DISTRIBUTION ASSOCIATION
401103374,LILLSTROM CHENG STRATEGIES
284072,NASSAU SUFFOLK HOSPITAL COUNCIL
2354,AMERICAN FINANCIAL SERVICES ASSOCIATION
294416,"EXPRESS SCRIPTS, INC."
401103612,TIBER HUDSON LLC
400779345,"JUNTO SOLUTIONS, LLC"
401104820,REGIONAL AIRLINE ASSOCIATION
401104664,MS. MOLLY NIX
401103241,MACK STRATEGIES
40022170,121 STRATEGIES & GOVERNMENT RELATIONS
54062,SYNGENTA CORPORATION
46610,"MCAFEE, INC."
41033,MR. ANDY WIESSNER
87131,AMERICAN COLLEGE OF RADIOLOGY ASSOCIATION
401103797,CITIZENS' CLIMATE LOBBY
400500470,DOLLAR GENERAL CORPORATION
400901633,LORD CORPORATION
28812,"NATSO, INC."
6291,BKSH & ASSOCIATES
400305432,NATIONAL COUNCIL OF TEACHERS OF ENGLISH
400969783,"DIRECTORS GUILD OF AMERICA, INC."
401103290,"PUBLIC STRATEGIES IMPACT, LLC"
309138,ACADEMY OF CLINICAL RESEARCH PROFESSIONALS
307991,"NEVILLE PETERSON, LLP"
400944730,"38 NORTH SOLUTIONS, LLC"
39201,"UNITED NEGRO COLLEGE FUND, INC."
14861,"R.G. FLIPPO AND ASSOCIATES, INC"
30267,ORACLE CORPORATION
12868,"DUTKO WORLDWIDE, LLC"
401103489,CC LAW & POLICY
401104696,IMPACT HEALTH POLICY PARTNERS
28867,NATURAL RESOURCES DEFENSE COUNCIL
62676,GORDON WALGREN CONSULTING SERVICES
57896,"G.L. MERRITT & ASSOCIATES, INC."
2115,AMERICAN COUNCIL OF LIFE INSURERS
1615,AMERICAN ASSOCIATION OF LAW LIBRARIES
68376,THE HARRIS FIRM
14041,FAEGRE BAKER DANIELS (FORMERLY FAEGRE & BENSON)
401103281,INTERNATIONAL ECONOMIC DEVELOPMENT COUNCIL
81338,SONNY CALLAHAN AND ASSOCIATES
2217,NATIONAL DEFENSE INDUSTRIAL ASSN (NDIA)
401105292,MR. AMIR GOULART SCHARIF
321112,"OMNICARE, INC."
400275288,ROBERT GARCIA ASSOCIATES
18444,HOLLAND & HART LLP
17215,"H&R BLOCK MANAGEMENT, LLC, A SUBSIDIARY OF H&R BLOCK, INC."
401103150,HEALTHSPERIEN
40025204,RICHER ADVISORS
30382,"OUTDOOR ADVERTISING ASSOCIATION OF AMERICA, INC."
401103894,"ETAGEN, INC."
3003,AMERICAN ORTHOTIC & PROSTHETIC ASSOCIATION
401104230,BAYR AND ASSOCIATES LLC
28628,NATIONAL STAR ROUTE MAIL CONTRACTORS ASSOCIATION
33738,"ROSE, PETER J."
400852509,"FIA ADVISORS, INC (FORMERLY FIDELITY INVESTMENT ADVISORS)"
44014,FOGNANI & FAUGHT PLLC
311735,GEOS INSTITUTE (FORMERLY NATIONAL CENTER FOR CONSERVATION SCIENCE)
401104651,"NORTH STAR STRATEGIES, LLC"
401104160,"PTN CONSULTING, LLC"
400676017,"CROWELL STRATEGIES, LLC"
401103261,SAFE ROUTES TO SCHOOL NATIONAL PARTNERSHIP
44674,"WARD AND SMITH, P.A."
38585,THE TRUSTEES OF COLUMBIA UNIVERSITY IN THE CITY OF NEW YORK
400679027,AMC AGENCY
46095,THE OUTLAW GROUP
66795,GREENER AND HOOK
401041931,"HALLMARK CARDS, INC"
401053969,PUEBLO VIEJO DOMINICANA CORPORATION
401104343,"THE COLOR NINE GROUP, LLC"
314192,THE KRAFT HEINZ COMPANY
23703,"HCR MANOR CARE, PAC"
18978,HUNTON ANDREWS KURTH LLP (FORMERLY HUNTON & WILLIAMS LLP)
400826453,JOHN BODE LLC
400587791,ROCK WEST CAPITAL
26796,"NATIONAL ASSOCIATION OF GOVERNMENT GUARANTEED LENDERS, INC."
400278335,PHILIP W. JOHNSTON ASSOCIATES
401103940,THE MCGRATH GROUP LLLC
25988,KATE MOSS
40076,"VIERRA ASSOCIATES, INC."
401104804,STRATEGIC POLICY COUNSEL PLLC
400296396,"THE MIZEUR GROUP, LLC"
20117,INTERNATIONAL WOOD PRODUCTS ASSOCIATION
400987818,"101 STRATEGY PARTNERS, LLC"
36776,STEWART AND STEWART
400313459,DAVID DUMKE
321976,INDIANA REGIONAL MEDICAL CENTER (IRMC)
401104386,KTE COMMUNICATIONS LLC
318471,THE JANE GOODALL INSTITUTE
401103649,"FEDERAL RESEARCH STRATEGIES, LLC"
400400892,"ATS COMMUNICATIONS, INC. (DBA SILBEY STRATEGIES)"
71917,HARTWELL CAPITOL CONSULTING
27467,NATIONAL COMMITTEE TO PRESERVE SOCIAL SECURITY AND MEDICARE
401104247,MEGUIRE WHITNEY
40013100,"IDEMIA IDENTITY & SECURITY USA, LLC"
72554,FLORIDA CITRUS MUTUAL
400275300,LANGE THOMAS & ASSOCIATES LLP (FORMERLY LUMAN LANGE THOMAS & MCMULLEN LLP)
400912661,GRANT PARK STRATEGIES
401103578,STALLMER CONSULTING LLC
25705,MONSANTO COMPANY
400464306,"SHERIDAN ENERGY & ENVIRONMENTAL CONSULTING, LLC"
400324521,"ROQ STRATEGIES, LLC"
18854,"HUGHES, HUBBARD & REED"
401104915,"LAKEVIEW CAPITAL HOLDINGS, INC ON BEHALF OF MR. JAY ALIX"
313715,CAPITOL COUNSEL LLC
32908,REDFERN RESOURCES
400623897,ROGER BLACKLOW
323672,WESTERN UNION
401103767,"O'CONNELL & DEMPSEY, LLC"
290797,NEW YORK STATE SOCIETY OF CPAS
401103148,"FRANZ CONSULTING, LLC"
28708,NATIONAL TREASURY EMPLOYEES UNION
400782355,NEWMAN'S OWN FOUNDATION
400394855,"STRATEGIC SERVICES, INC."
53458,"THE CHARLES GROUP, LLC"
400486395,NEW ENGLAND CLEAN ENERGY COUNCIL
315912,"PATHFINDERS GOVERNMENT RELATIONS, LLC"
400276325,THE US OVERSEAS COOPERATIVE DEVELOPMENT COUNCIL
26967,PLUMBING-HEATING-COOLING CONTRACTORS--NATIONAL ASSOCIATION
320292,WANNER ASSOCIATES
401103545,TWO RIVERS LLC
309550,"NATIONWIDE CHILDREN'S HOSPITAL, INC."
400612859,FAIR ISAAC CORPORATION (DBA FICO)
400492421,"LIBERTY STRATEGIES, LLC - IN"
400619881,"WIPRO, LLC"
295430,MR. ARTHUR WHITE
401103556,MEREVIR CONSULTING
401103777,NMS STRATEGIES
19252,INDEPENDENT SECTOR
40019139,ROBBIE SABATHIER
20802,"JOINT BALTIC AMERICAN NATIONAL COMMITTEE, INC."
66578,MS. JANET KOPENHAVER T/A EYE ON WASHINGT
401103789,DAN BURTON INTERNATIONAL LLC
401105099,LAWRENCE JAMES GROUP PROFESSIONALS LLC
29686,"NUCLEAR ENERGY INSTITUTE, INC."
401104434,KEVIN KAYES LLC
316217,"POTOMAC STRATEGIC DEVELOPMENT COMPANY, LLC"
401103533,IVY GREEN CONSULTING
11344,CHARLES CROMWELL
21712,PETER KINZLER
88052,NATIVE AMERICAN RIGHTS FUND
401077025,"BE THE CHANGE, INC"
38370,TRANSPORTATION INSTITUTE
13654,ENVELOPE MANUFACTURERS ASSOCIATION
401104044,EDGE DAIRY FARMER COOPERATIVE
41181,"SUSAN J. WHITE & ASSOCIATES, INC."
305670,GLOBAL HOMELAND SECURITY ADVISORS
400459251,"THE R. MOLEN GROUP, LLC"
14110,FAMILY RESEARCH COUNCIL
91477,ALLIANCE FOR EXCELLENT EDUCATION
13200,THE MACON EDWARDS COMPANY
1490,AMERICAN ASSOCIATION FOR RESPIRATORY CARE
400666999,JONATHAN SHEINER LLC
401105079,"BOULDER THINKING, LLC"
401103685,DEBRA CARNAHAN
40028244,"LIONEL ""LEO"" AGUIRRE"
83490,"EDENS ADVISORY, LLC"
32225,THE PROCTER AND GAMBLE COMPANY
400949743,"TAX LEGISLATIVE SOLUTIONS, LLC"
400699087,"WILL WILL WIN, INC."
1854,AMERICAN BUSINESS CONFERENCE
401103599,"WEST & WEST, LLC"
401104016,SLK STRATEGIES
400534595,"LAURA HAAS CONSULTING, LLC (FKA KNOX CONSULTING, LLC)"
47792,DULLES CORRIDOR RAIL ASSOCIATION
400690054,"LIBERTY SQUARE GROUP, LLP (PHILA.)"
79370,AMERICAN ACADEMY OF AUDIOLOGY
40885,"WEIL, GOTSHAL & MANGES LLP"
323114,"THE KEELEN GROUP, LLC"
401104426,KENT CAPERTON CONSULTING
29152,NEW JERSEY STATE BAR ASSOCIATION
1672,AMERICAN ASSOCIATION OF ORAL AND MAXILLOFACIAL SURGEONS
13335,ELECTRICITY CONSUMERS RESOURCE COUNCIL (ELCON)
28515,NATIONAL RURAL ELECTRIC COOPERATIVE ASSOCIATION (NRECA)
43434,"KATHLEEN WINN & ASSOCIATES, INC."
310552,"HYUNDAI - KIA AMERICA TECHNICAL CENTER, INC."
400520537,"KOZAK & SALINA, LLC"
401104617,"OAK FEDERAL SOLUTIONS, LLC"
401103711,"NEXA STRATEGIES, LLC"
44322,MS. LYDIA HOFER
26513,NATIONAL ALLIANCE OF STATE AND TERRITORIAL AIDS DIRECTORS
22974,LIVESTOCK MARKETING ASSOCIATION
400683033,CIT GROUP INC.
401103098,"QUORUM PUBLIC POLICY, INC."
85014,MS. MARLA GROSSMAN
298615,THE AES CORPORATION
297990,PEABODY INVESTMENTS CORP.
14633,FISERV (FKA FIRST DATA CORPORATION)
6245,BIOTECHNOLOGY INNOVATION ORGANIZATION
400900632,"RENAISSANCE STRATEGY GROUP, LLC"
401035919,"HUDSON HOLLISTER, LLC"
401103632,"SANTANDER HOLDINGS USA, INC."
3823,AMERICANS UNITED FOR SEPARATION OF CHURCH AND STATE
20141,UNITYPOINT HEALTH (FORMERLY KNOWN AS: IOWA HEALTH SYSTEM)
401104813,MR. THOMAS HUGHES
400680028,CHARLES HORNER III
28195,MENTAL HEALTH AMERICA
400378733,"CAPITOL DYNAMICS, LLC"
4050,THE ANSCHUTZ CORPORATION
307730,"POLARIS GOVERNMENT RELATIONS, LLC"
1273,AMALGAMATED TRANSIT UNION
401103811,"MEHLMAN CAPITOL STRATEGIES, LLC"
48326,PACKAGE SHIPPERS ASSOCIATION
43343,CASCADE ASSOCIATES
24087,"ALAN MAUK ASSOCIATES, LTD"
401098065,PHILLIP RIVERS
400282355,GRANITE EDGE CONSULTING
400571721,ELIZABETH SCHWARTZ
647,AIRPORTS COUNCIL INTERNATIONAL -- NORTH AMERICA
2002,AMERICAN COLLEGE OF PHYSICIANS
33682,"ROPES & GRAY, LLP"
309630,"IMPACT NJ, LLC"
285938,"CIRCLE P INVESTMENTS OF NEW MEXICO, LLC FORMERLY KNOWN AS THE PETERS CORP"
401105121,"MARSHALL & POPP, LLC"
400911659,MR. KENNETH SCHRAMKO
297294,BOSE PUBLIC AFFAIRS GROUP
400702100,ADC STRATEGIES LLC
40009069,"CARE ACTION NOW, INC."
400588796,ENVIRONMENTAL LAW AND POLICY CENTER
400271244,AMERICAN ASSOCIATION OF PEOPLE WITH DISABILITIES
34843,SENSE INCORPORATED
31428,CONOCOPHILLIPS
83978,"WELCH RESOURCES, INC."
14451,THE FERGUSON GROUP
26114,"MSP STRATEGIC COMMUNICATIONS, INC."
5244,"BALZANO ASSOCIATES, INC."
308753,"NETHERCUTT CONSULTING, LLC"
400859523,"LUMEN TECHNOLOGIES, INC."
48895,TEXAS ASSOCIATION OF BUSINESS
302938,WOLF BLOCK PUBLIC STRATEGIES
27571,NATIONAL COTTON COUNCIL
401103548,"MINNICK ENTERPRISES, LLC"
307934,ALLIANCE FOR QUALITY NURSING HOME CARE
400622892,GOLLEDGE STRATEGIES & SOLUTIONS LLC
60776,"NATIONAL STONE, SAND AND GRAVEL ASSOCIATION"
401104671,U.S.-SUDAN BUSINESS COUNCIL
304133,BOMBARDIER AEROSPACE (HOLDINGS) USA INC.
298796,"FRANKLIN PUBLIC AFFAIRS, LLC"
69071,AGVANTAGE LLC
323854,"MCGREGOR GROUP, LLC"
400362689,"PICKERING & ASSOCIATES, LLC"
400475350,MR. BEN DROZ
26728,NATIONAL ASSOCIATION OF CONVENIENCE STORES
292835,MORGAN & CUNNINGHAM LLC
401103387,LAW OFFICE OF HARRY JOHNSON
400821434,"MYRIAD GENETIC LABORATORIES, INC."
7942,"JOHN G. CAMPBELL, INC."
401104567,JIM GOULD STRATEGIES LLC
401103510,"SAREPTA THERAPEUTICS, INC."
401103401,THE ROMAN CATHOLIC DIOCESE OF CHEYENNE
59397,"THE MANITOWOC  COMPANY, INC"
401073018,"NAVIGATION GROUP, LLP"
400403904,PROFESSIONAL PHOTOGRAPHERS OF AMERICA / ALLIANCE OF VISUAL ARTISTS
401103362,"UBER TECHNOLOGIES, INC."
157,"ADAMS AND REESE, LLP"
31576,"PIPE TOBACCO COUNCIL, INC."
400517527,"LAW OFFICES OF DONALD A. BARNES, PLLC"
400525553,THOMAS SACHSON
401103571,"PALO ALTO NETWORKS, INC."
293370,"CLYBURN CONSULTING, LLC"
400942718,"HUNT ALTERNATIVES, LLC"
2376,AMERICAN FOREST & PAPER ASSOCIATION
40008062,"COORSTEK, INC."
304953,"BREDHOFF & KAISER, P.L.L.C."
305293,"AEROFLEX, INC."
400982806,RON KENDALL & ASSOCIATES
13131,EDISON ELECTRIC INSTITUTE
81613,"VOLVO GROUP NORTH AMERICA, LLC"
21038,ROBERT G. KALIK PC
10627,CONSUMER BANKERS ASSOCIATION
401103228,"STRATAGEM, INC."
401104718,HUSCH BLACKWELL STRATEGIES
400384773,"BELL HEROUX, LLC"
400338571,HDMK
400427058,WILLIAM BALL
315876,DEL MONTE FOODS
400499461,INTERNATIONAL ALTERNATIVE ENERGY RESOURCES
52071,PENNSYLVANIA FARM BUREAU
9580,CNA FINANCIAL CORPORATION
864,ALFORD & ASSOCIATES
322716,"CHAPMAN CAPITOL CONSULTING, INC."
310211,FURCHTGOTT-ROTH ECONOMIC ENTERPRISES
400337565,ILLINOIS AGRICULTURAL ASSOCIATION
292870,POLLY KLAAS FOUNDATION
400761275,"REPUBLIC CONSULTANTS, LLC"
400498454,"ENVIRONMENTAL RESOURCES MANAGEMENT, INC."
400531587,MR. ROBERT ZIMMER
400949746,THE ENGAGING COMPANY
401104587,INTERNATIONAL STABILITY OPERATIONS ASSOCIATION
58476,"EMBRAER AIRCRAFT HOLDING, INC."
61493,"DAVENPORT VENTURES, LLC"
311371,"FEDERAL SOLUTIONS, LLC"
401103896,"IAP WORLDWIDE SERVICES, INC."
323318,BRODY GROUP L.L.C. PUBLIC AFFAIRS
38676,TUTTLE TAYLOR AND HERON
63096,MS. LAURA ALLENDORF
401010855,ALGIRDE PIPIKAITE
303713,"MAVEN, INC."
400394849,MR. RUSSELL WAPENSKY
296453,ENCOMPASS HEALTH CORPORATION (FKA HEALTHSOUTH CORPORATION)
40043345,SEATTLE CITY LIGHT
296715,SOCIETY FOR VASCULAR SURGERY
400697080,"VANDOR STRATEGIES, LLC"
400387798,HOSPICE OF THE WESTERN RESERVE
48430,JCP ASSOCIATES
317355,JOSE FUENTES
400958767,FISHER STRATEGIES
14438,"JACK FERGUSON ASSOC., INC."
290376,REGIONAL AVIATION PARTNERS
51742,MR. CARL SCHMID
400709127,"MOTOROLA MOBILITY, LLC"
27786,NATIONAL FAMILY PLANNING AND REPRODUCTIVE HEALTH ASSOCIATION
40013094,BLINDED VETERANS ASSOCIATION
401104454,FOCUS DC LLC
401103236,PETER TURZA
401104583,GLOBAL REFUGE (FORMERLY REPORTED AS LUTHERAN IMMIGRATION AND REFUGEE SERVICE)
401104807,"GLAZE CONSULTING, LLC"
308456,CARE CONTINUUM ALLIANCE
400359660,"EHEALTH, INC."
1513,AMERICAN ASSOCIATION OF AIRPORT EXECUTIVES
33044,REINSURANCE ASSN OF AMERICA
400591804,"THE VICTORY GROUP, INC."
400718161,ANTHONY W. ROBINSON
400384776,GRIFFIN GLOBAL OUTREACH LLC
3457,AMERICAN SOCIETY OF HEALTH-SYSTEM PHARMACISTS
400420000,MANUFACTURER & BUSINESS ASSOCIATION
2491,AMERICAN HEALTH CARE ASSOCIATION
51206,"CHESAPEAKE BAY FOUNDATION, INC."
2833,AMERICAN MARITIME CONGRESS
284711,USG CORPORATION
7144,"BROTHERHOOD OF MAINTENANCE OF WAY EMPLOYES DIVISION, IBT"
400458231,"COMMUNITY CATALYST, INC."
261,THE ADVOCACY GROUP
400406915,TRILOGY ADVISORS LLC
40032273,DREXEL UNIVERSITY
401036921,"VAN NORMAN CONSULTING, LLC"
401103288,MS. CATHERINE PORTER
401105403,KEURIG DR PEPPER INC.
400761280,"LINDE NORTH AMERICA, INC."
86050,"LEGISLATIVE STRATEGIES, INC."
400386791,501(C) STRATEGIES
401016871,"REPUBLIC CONSULTING, LLC"
886,"ALLEGHENY ENERGY, INC."
49203,LYONDELL CHEMICAL COMPANY
400265214,MASS GENERAL BRIGHAM (FORMERLY KNOWN AS PARTNERS HEALTHCARE)
401105139,"FORETHOUGHT ADVISORS, LLC"
2070,AMERICAN COTTON SHIPPERS ASSOCIATION
400947737,STEPHANIE MERCIER
400462299,"OLDAKER GROUP, LLC"
401103469,GLOBAL SECURITY & INTELLIGENCE STRATEGIES
41591,NEW FRONTIERS COMMUNICATIONS CONSULTING
25328,DENNY MILLER ASSOCIATES
401103312,HILL STRATEGY LLC
401104711,"APEX CLEAN ENERGY, INC"
311291,"HARPLEY CS, LLC"
80532,MR. MARC KELLEY
312417,"SAMSUNG INFORMATION SYSTEMS AMERICA, INC."
401104639,MANAGEMENT IMPACT SOLUTIONS CONSULTING
16681,EDMUND GRABER
72656,KIRT JOHNSON
28903,NAVY LEAGUE OF THE UNITED STATES
400393848,FEDPOINT LLC
401070011,"SMITH ADVOCACY GROUP, LLC"
66671,HUGH HANES
1034,ALLIANCE OF NONPROFIT MAILERS
400781351,ANDERSON INDIAN LAW
87530,P3 CONSULTING LLC
401002837,MONTEFIORE MEDICAL CENTER
39358,UNIVERSITY OF CALIFORNIA
400458206,TEAM BUILDERS
323091,"JOHNSTON & ASSOCIATES, INC."
298592,WARNER MUSIC GROUP
401007844,CITIZENS ADVOCACY
401104376,"STRANDLIE ADVOCACY, LLC"
400424026,"TIM YEHL, LLC"
401103804,"RUHLEN STRATEGIES, LLC"
400270239,MRS. SUSAN GOODMAN
20881,"JONES WALKER, LLP"
303371,"LAW OFFICES OF ROBERT J. BRINKMANN, LLC"
400458214,LIBEAU BERTHELOT
314818,CALLWOOD ASSOCIATES LLC
300617,MR. JAMES CAREY
400395865,NATIONAL ASSOCIATION OF SPINE SPECIALISTS
43970,TULANE UNIVERSITY OF LOUISIANA
312018,ABELL & PRYOR
400858521,ULTRA ELECTRONICS ADVANCED TACTICAL SYSTEMS
401104797,BACKCOUNTRY HUNTERS & ANGLERS
401048956,NATIONAL ORGANIZATION FOR VICTIM ASSISTANCE
401104979,MARCH FOR OUR LIVES ACTION FUND
46780,INTERNATIONAL SLEEP PRODUCTS ASSOCIATION
66773,"THE CORMAC GROUP, LLC"
19968,INTERNATIONAL FEDERATION OF PROFESSIONAL AND TECHNICAL ENGINEERS (IFPTE)
287851,INTERNATIONAL BANKING FEDERATION
52105,AMERICAN ASSOCIATION OF ORTHOPAEDIC SURGEONS
53072,EDWIN HUDDLESON
401103791,MUNICIPAL SECURITIES RULEMAKING BOARD
317776,CREATIVE GOVERNMENT SOLUTIONS LLC
72111,AVENUE SOLUTIONS
400300413,APSE: THE NETWORK ON EMPLOYMENT
400408932,JOHNSON & ASSOCIATES
401104246,HOPE BECKHAM INC
87073,"21ST CENTURY LOBBYING, INC."
401104032,"SLEEP, INC."
288098,"PARKER, POE, ADAMS & BERNSTEIN LLP"
401097063,"UNIVERSITY HOSPITAL-NEWARK, NEW JERSEY"
40017135,"MARK SAYLOR COMPANY, LLC"
52424,"NAVISTA, INC."
12777,"DUNAWAY & CROSS, P.C."
400826452,"PORTER GORDON SILVER COMMUNICATIONS, LLC"
401103885,LARGE PUBLIC POWER COUNCIL
21585,KIMBERLY-CLARK CORPORATION
400459246,ANNE MERVENNE
400498458,DEFENSE STRATEGY CORP
401057985,ATLANTIC STRATEGIES GROUP
400866539,"DCG PUBLIC AFFAIRS, LLC"
401103918,CHAITMAN LLP
297955,ONE HOPE UNITED
401104227,"ROY LEWIS EIGUREN, PLLC FORMERLY KNOWN AS EIGUREN ELLIS PUBLIC POLICY"
400499462,"HUMMINGBIRD STRATEGIES, LLC"
61254,"INTUIT, INC. AND AFFILIATES (FORMERLY INTUIT, INC.)"
400498459,MR. DANIEL DELICH
312350,RICHARD D. SIEGEL LAW OFFICES
400786366,EVERGLADES COLLEGE INC.
319277,ORBITZ WORLDWIDE
400275281,"LIBERTY PARTNERS GROUP, LLC"
28220,"NATIONAL MULTIFAMILY HOUSING COUNCIL, INC."
289192,CARDINAL STRATEGIES
401031910,"THE RINGO GROUP, LLC"
400599827,ROCKWELL AUTOMATION
401104178,BLOOM ENERGY
301493,GRANT THORNTON LLP
11548,DA VINCI GROUP
36366,SPORTS & FITNESS INDUSTRY ASSOCIATION
40486,WASHINGTON ALLIANCE GROUP
50273,"PUBLIC POLICY RESEARCH, INC."
1422,"AMERICAN AIRLINES, INC."
400364697,ADVION (FORMERLY NATIONAL ASSOCIATION FOR THE SUPPORT OF LONG TERM CARE)
400362690,NATIONAL NETWORK FOR YOUTH
400546629,DEBORAH GREENBERG
289773,"BOCKORNY GROUP, INC."
400369707,"INALIENABLE RIGHTS PROJECT, INC."
400798394,WEXFORD STRATEGIES
401104606,"PAUL V. BEDDOE GOVERNMENT AFFAIRS, LLC"
15053,"FOLEY FEDERAL & INTERNATIONAL AFFAIRS, INC."
5734,"BECHTEL NATIONAL, INC"
400881577,VENG GROUP
5995,HELEN DELICH BENTLEY
5415,BEN BARNES GROUP LP
5131,BAKER & HOSTETLER LLP
400599830,"VINYL SIDING INSTITUTE, INC."
401105225,GEORGETOWN PUBLIC AFFAIRS LLC
38723,U.S. BORDER CONTROL
306773,CURTISS WRIGHT CORPORATION
401103553,NATIONAL ABORTION FEDERATION
320372,INTERACTIVE ADVERTISING BUREAU
401104060,THE MICHAEL J. FOX FOUNDATION FOR PARKINSON'S RESEARCH
284436,"THE TOMHAVE GROUP, INC."
70814,"JEH GOVERNMENT SERVICES, INC."
58090,WORLD SHIPPING COUNCIL
296214,STARBUCKS CORPORATION
293610,AVANCER HEALTH POLICY
400359654,LOW INCOME INVESTMENT FUND
40025213,"ALEXANDER, BOROVICKA AND O'SHEA GOVERNMENT SOLUTIONS(FKA ALEXANDER & BOROVICKA G"
316536,AMERICAN INVESTMENT COUNCIL F/K/A PEGCC
60878,LAW OFFICE OF ADELE L. ABRAMS PC
39132,INTERNATIONAL FRESH PRODUCE ASSOCIATION (FKA UNITED FRESH PRODUCE ASSOCIATION)
41385,THE WILDERNESS SOCIETY
40009071,AECOM
288692,ASSOCIATION OF PUBLIC-SAFETY COMMUNICATIONS OFFICIALS INT
58317,SMITH HINAMAN & ASSOCIATES
30520,PACIFIC INTERNATIONAL ENGINEERING COMPANY
2638,THE AMERICAN INSTITUTE OF ARCHITECTS
401104523,NANCY ZIRKIN
67810,MR. ED SLEVIN
400381744,LAYTON CONSULTING
401103260,"E2 STRATEGIES, LLC"
7086,"BROADCAST MUSIC, INC."
3184,AMERICAN PUBLIC POWER ASSOCIATION
400713138,HEARTLAND STRATEGIES LLC
400809414,"CORPORATE POLITICAL STRATEGIES, LLC"
400455186,AMSTERDAM & PARTNERS LLP
401105320,"LIVANOVA USA, INC."
401103151,BROSCH TRADE LLC
46951,TEXAS MEDICAL ASSOCIATION
401074020,"THE JERRY COSTELLO GROUP, LLC"
401103554,"PARK STREET STRATEGIES, LLC"
400458208,STERNHELL GROUP
40657,WASHINGTON STATE UNIVERSITY
2902,METHANOL INSTITUTE
400484393,BSA IMPACT
85594,RECORDING ACADEMY (FKA NATIONAL ACADEMY OF RECORDING ARTS AND SCIENCES)
400402896,CLEAN AIR TASK FORCE
88952,ITC HOLDINGS CORP.
86777,"AJW, INC."
37538,SOCIETY OF CHEMICAL MANUFACTURERS & AFFILIATES
34433,THE SAVINGS COALITION OF AMERICA
401103192,NETWORK BRANDED PREPAID CARD ASSOCIATION
2068,AMERICAN CORRECTIONAL ASSOCIATION
4653,"ASSOCIATION OF NATIONAL ADVERTISERS, INC."
400498456,"KESTRAL-USA, LTD."
5211,BALL CORPORATION
401105459,BPO STRATEGIES
401103441,ACT FOR NIH
11402,IKON PUBLIC AFFAIRS
401104064,HILL IMPACT
27731,NATIONAL EDUCATION ASSOCIATION
27115,"NASDAQ, INC."
292458,"FEDERATED INVESTORS, INC."
318094,BROOKFIELD ATLANTIC CORPORATION
400600832,GRACE JAMES CONSULTING LLC
401103397,JGE CONSULTING
401103166,DAVENPORT MCKESSON CORPORATION
401103814,AMERICAN AUTO DEALERS FOR PENSION REFORM
65475,"THE LAMBOS FIRM, LLP (FORMERLY KNOWN AS THE LAMBOS FIRM)"
323717,"4C COMMUNICATIONS, INC."
400399881,FOULSTON SIEFKIN LLP
3220,AMERICAN NATIONAL RED CROSS
34477,SCHAGRIN ASSOCIATES
299035,TOM COLEMAN ASSOCIATES LLC
293916,JAMES SIEBEN
400468314,"BROMELKAMP GOVERNMENT RELATIONS, LLC"
294894,"PARK STRATEGIES WASHINGTON GROUP, LLC"
57737,AMERICAN SOCIETY FOR RADIATION ONCOLOGY
72873,"MITSUBISHI ELECTRIC US, INC."
321794,"PATRICK PELLERIN PUBLIC RELATIONS, INC."
5825,TIMOTHY BELL AND COMPANY
62038,CALPINE CORPORATION
400418984,RUSS KLENET & ASSOCIATES
40112,VINSON & ELKINS LLP
18375,"GEORGE J. HOCHBRUECKNER & ASSOCIATES, INC."
69116,TECHNOLOGY NETWORK AKA TECHNET
37813,TERRACOM
401086042,"ENERGY SYSTEMS GROUP, LLC"
298034,FINSECA
400546640,MR. CURTIS L. SEIDLITS
318174,"EID PASSPORT, INC."
400323517,JEAN BERUBE
400401893,"THE FRANKEN GROUP, LLC"
400614864,NATIONAL APARTMENT ASSOCIATION
37697,TELECOMMUNICATIONS INDUSTRY ASSOCIATION
77550,MR. DEAN MARTILLI
400464305,MR. DAVID SKILES
401104878,"BROWN & FORTUNATO, P.C."
401104449,BASSGLP LLC
50901,CONSTRUCTION INDUSTRY ROUND TABLE
401103815,PHOENIX GLOBAL ADVISORY GROUP INC.
322113,"SONOSITE, INC."
401104258,IN DEFENSE OF CHRISTIANS
401012857,"ALMOST FAMILY, INC."
294371,"CAMPAIGN LEGAL CENTER, INC."
400971786,KEY IMPACT STRATEGIES
321156,ANDREWS KURTH LLP
400935704,SUSAN B ANTHONY LIST
13118,"EDINGTON, PEEL & ASSOCIATES, INC."
22713,LEVI STRAUSS & CO.
401103692,"BRIDGE STREET GROUP, LLC"
400311455,PET INDUSTRY JOINT ADVISORY COUNCIL
71234,"IDACORP, INC"
400799396,NORTHWIND STRATEGIES
400621887,NORTHERN TRUST CORPORATION
284892,KNOWLEDGE ALLIANCE
400707122,RICHARD POLICY GROUP
400580771,"CASE MANAGEMENT, INC"
318196,"SYNERGY GROUP, LTD"
25226,MID-WEST ELECTRIC CONSUMERS ASSOCIATION
302596,"MCDONALD & HARDEN, LLC"
21610,CALMETTO MANAGEMENT GROUP
41567,"WILSON ELSER MOSLOWITZ EDELMAN & DICKER, LLP"
401103942,"ATLAS AIR WORLDWIDE HOLDINGS, INC."
312337,ROBERT HAYES
400586787,JENNIFER KEFER
323650,BRICK INDUSTRY ASSOCIATION
401105252,ALLIANCE FOR PATIENT ACCESS
84491,"CORECIVIC, INC."
54027,"PEOPLE FOR THE ETHICAL TREATMENT OF ANIMALS, INC"
23851,MARLOWE & COMPANY
401103833,LINDBERGH COUNSEL LLC
40027229,CATHOLIC HEALTH EAST
400504482,"ALEXION PHARMACEUTICALS, INC."
5723,"BECHTEL GROUP, INC."
91193,SERVICEMEMBERS LEGAL DEFENSE NETWORK
35321,SGI FEDERAL
401104390,CASSIDY LEVY KENT (USA) LLP (FKA JACK A. LEVY)
400954758,SCHOENING STRATEGIES
400340584,AMERIHEALTH CARITAS
19035,HYMAN PHELPS & MCNAMARA
401090048,COTIVITI CORPORATION
25818,"MORGAN, LEWIS & BOCKIUS, LLP"
401010852,SJSOLUTIONS PLLC
83158,"THE FOX GROUP, INC."
400482373,MHA
401103539,"THE CAPITAL GROUP COMPANIES, INC. AND ITS AFFILIATES"
40087,VIETNAM VETERANS OF AMERICA
286052,HICKS PARTNERS
401105123,MOONWALKER ASSOCIATES
312133,"HEARTLAND SOLUTIONS GROUP, INC."
283812,JOHN MCINNIS
40005030,"PROENGLISH, A PROJECT OF U.S. INC."
10194,COMMUNICATING FOR AMERICA
35913,AMERICAN CLEANING INSTITUTE
18158,HP INC.
14165,FARM CREDIT COUNCIL
401104184,OPPORTUNITY AMERICA INC.
87778,NATIONAL ASSOCIATION OF AGRICULTURAL EDUCATORS
45653,THE FEDERAL AFFAIRS OFFICE
18524,HOME SCHOOL LEGAL DEFENSE ASSN
47291,"WOOD, MAINES & NOLAN, P.C."
400825446,"HEIDELBERG MATERIALS, US, INC. (FORMERLY LEHIGH HANSON, INC.)"
2775,THE AMERICAN LEGION
400961772,"GRONBERG CONSULTING, LLC"
400588798,WAKEFERN FOOD CORP.
401103837,STOLL IP CONSULTING LLC
41636,WINE INSTITUTE
320931,"RINGLEY POLICY GROUP, LLC"
81214,"PURDUE PHARMA, LP"
400344589,CHRISTOPHER MCDONNELL
400316478,QUICKEN LOANS INC.
24668,"MCNAIR LAW FIRM, P.A."
40025209,WHW CONSULTING LLC
401103971,"KD ADVOCACY AND CONSULTING, LLC"
401105266,THE NETWORK COMPANIES LLC
6303,"HUSCH BLACKWELL, LLP"
32327,PROSKAUER ROSE LLP
401104294,C. TUCKER ANDERSON
305830,"NADIK, LLC"
401105115,ROMO STRATEGIES
28333,NATIONAL PEST MANAGEMENT ASSOCIATION
21040,KAMAN CORPORATION AND SUBSIDIARIES
294531,WORLD JEWISH CONGRESS (AMERICAN SECTION)
30234,OPERA AMERICA
71597,THE SUSQUEHANNA GROUP
13073,"ECKERT SEAMANS CHERIN & MELLOTT, LLC"
401104329,DAVE KOLBE CONSULTING
401103368,"HEROUX & ASSOCIATES, PLLC"
401103450,COLLEGE OF HEALTHCARE INFORMATION MANAGEMENT EXECUTIVES
4391,JAMES NICHOLAS ASHMORE & ASSOCIATES
10228,COMMUNITY ASSOCIATIONS INSTITUTE
401103162,THE D MAJOR GROUP
46142,"SALLIE MAE, INC."
400647952,ALERE INC.
67694,MARTHA BRADDOCK
40032270,THE BRENNAN GROUP
401103958,OVARIAN CANCER RESEARCH FUND ALLIANCE
401105040,"A10 ASSOCIATES, LLC"
401105146,"SIX-7 STRATEGIES, LLC"
65076,"NAACP LEGAL DEFENSE & EDUCATIONAL FUND, INC."
11060,COUNCIL OF FHLBANKS
40668,"WASHINGTON STRATEGIES, LLC"
400387796,BROOKFIELD POWER US ASSET MANAGEMENT LLC
312430,GLOBAL PROSPECTS LLC
3366,AMERICAN SOCIETY FOR THE PREVENTION OF CRUELTY TO ANIMALS
400316476,MD RYAN ASSOCIATES
400296397,"THE NATIONAL SECURITY ARCHIVE FUND, INC."
37391,THE SURETY & FIDELITY ASSOCIATION OF AMERICA
401102075,MONTGOMERY FAZZONE PLLC
9693,THE COALITION TO STOP GUN VIOLENCE
28093,REPUBLICAN JEWISH COALITION
55234,BETTER WORLD FUND
17751,"THE HAWTHORN GROUP, LC"
82795,THE TRUSTEES OF PURDUE UNIVERSITY
311757,TRONOX INC.
319893,UNITED TO END GENOCIDE
38814,U.S. PUBLIC INTEREST RESEARCH GROUP
401103484,JACKSON VAUGHN PUBLIC STRATEGIES
48394,"BROOKS, PIERCE, MCLENDON, HUMPHREY & LEONARD, L.L.P."
320714,MS. JEANNE CONNELLY
40022164,VIAGEN INC.
54836,INFECTIOUS DISEASES SOCIETY OF AMERICA
401103748,LAUREN CULBERTSON
11878,DEERE & COMPANY
88110,PERENNIAL STRATEGY GROUP
40015117,"SECURUS TECHNOLOGIES, LLC"
289636,STATOIL MARKETING & TRADING (U.S.) INC.
401104350,"EQUINIX, INC."
30906,SQUIRE PATTON BOGGS
90636,ELECTRONIC RETAILING ASSOCIATION
66875,ALLYNN HOWE
90716,THE ARTEMIS GROUP
400561682,LAWYERS' COMMITTEE FOR CIVIL RIGHTS UNDER LAW
78356,SECURITY INDUSTRY ASSOCIATION
400497445,FENNEMORE CRAIG
400331552,"BIOMET, INC."
400871554,"NFIB, THE VOICE OF FREE ENTERPRISE, INC."
401104307,"GULF SOUTH STRATEGIES USA, LLC"
401103808,"COLLIER COLLECTIVE, LLC"
6484,"ELEVANCE HEALTH, INC."
400584784,"URBAN SWIRSKI & ASSOCIATES, LLC"
400887598,SANKOFA CONSULTING STRATEGIES
400288374,SPENCER & SYED LLC
45015,"KAR ASSOCIATES, LLC"
319437,KNA SERVICES INC
400309447,EDWARDS WILDMAN PALMER LLP
401105309,GABBERT CONSULTING CO LLC
59832,CASE NEW HOLLAND INDUSTRIAL INC.
401103696,OLDMIXON GROUP LLC
401104355,ORANO USA LLC (FORMERLY KNOWN AS AREVA NUCLEAR MATERIALS LLC)
400460290,"RON SILVER AND ASSOCIATES, INC."
401105154,CULTIVATING CONSERVATION
400829463,LONE ROCK STRATEGIES
401104286,ALLIANCE FOR QUALITY IMPROVEMENT AND PATIENT SAFETY
54778,OPTICAL SOCIETY OF AMERICA
401027898,"FEDERAL HEALTH COUNSEL, LLC"
400758265,"BAYARD RIDGE GROUP, LLC"
52377,"AUSTIN COPELIN & REYES, LLC"
401058987,DISTRICT ECONOMICS GROUP
401057986,"SBL STRATEGIES, LLC"
401104445,"ALPHA STRATEGIES, LLC"
401104458,"SL STRATEGIES, LLC"
8750,THE FOUNDATION FOR ADVANCING ALCOHOL RESPONSIBILITY (FKA THE CENTURY COUNCIL)
78334,MR. JEROME CONNOLLY
80931,LAND TRUST ALLIANCE
400385785,GARY GRISWOLD
400739215,DANIEL TUTTLE
40214,"VOLKSWAGEN GROUP OF AMERICA, INC."
79357,"L.G. STRATEGIES, INC."
10558,"CONSOLIDATED EDISON COMPANY OF NEW YORK, INC."
79211,O'DONOGHUE & O'DONOGHUE LLP
400946732,TRIOPTIMA AB
400394851,"HEIDEPRIEM & ASSOCIATES, LLC"
54040,"MICHAEL CHASE ASSOCIATES, LTD"
400816425,MR. CHAD TROTTER
40032274,EAS CONSULTING
330,"AIRBUS AMERICAS, INC"
400330550,"ARCADIS U.S., INC. (ARCADIS)"
400905645,"ANDREWS & ANDREWS, PLLC"
15463,FRESH PRODUCE ASSOCIATION OF THE AMERICAS
308731,"HUDSON COOK, LLP"
309275,THE FRITTS GROUP
48691,MR. RICHARD INNES
8943,AMERICAN CHEMISTRY COUNCIL
19695,"THE INTERNATIONAL ANTICOUNTERFEITING COALITION, INC."
63495,NETWORK LOBBY FOR CATHOLIC SOCIAL JUSTICE
12573,"DOWNEY MCGRATH GROUP, INC."
401104755,"THE KOGAN LAW GROUP, P.C."
400493432,"CAPITALEDGE ADVOCACY INC. (FORMERLY CAPITALEDGE ADVOCACY, LLC)"
400276327,KEYCORP
400881578,COMMUNITY FINANCIAL SERVICES ASSOCIATION OF AMERICA
401103886,SCRIVNER LEON GROUP LLC
10343,COMPUTER SCIENCES CORPORATION
63438,ROGER C. FAIRCHILD
401104796,ALLIANCE TO PROTECT NANTUCKET SOUND
62530,STRATEGIC ADVISORS
401104239,"HILLENBRAND, INC."
55473,WEBMD HEALTH CORP.
40020145,"SPECIALTY TOBACCO COUNCIL, INC."
12094,"DEPARTMENT FOR PROFESSIONAL EMPLOYEES, AFL-CIO"
401103161,"UNIVERSITY OF MARYLAND, BALTIMORE (UMB)"
248,ADVANTAGE ASSOCIATES INTERNATIONAL
401104360,"SCHWEITZER ENGINEERING LABORATORIES, INC."
23645,"MANATT, PHELPS, AND PHILLIPS"
33875,THE ROYER LAW FIRM (FORMERLY ROYER & BROOKS)
321191,ORGANIC TRADE ASSOCIATION
14360,"FEDERAL MANAGEMENT STRATEGIES, INC."
400496442,SUSAN G. KOMEN FOR THE CURE ADVOCACY ALLIANCE
42067,YMCA OF THE USA
400392836,HEALTH DIALOG SERVICES CORPORATION
31213,PERKINS COIE LLP
400652963,"SAMSUNG ELECTRONICS AMERICA, INC."
400508502,NORTHFORK STRATEGIES
401105347,AMANDA MITCHELL
40022172,"ALTRIUS GROUP, LLC"
400529575,COBHAM ADVANCED ELECTRONIC SOLUTIONS (PREVIOUSLY: COBHAM MANAGEMENT SERVICES INC)
401103966,THE KUTLER GROUP
48725,BIOGEN
2274,AMERICAN EXPRESS COMPANY
85936,"WAYPOINT CONSULTING, LLC"
319370,VETERANS FOR COMMON SENSE
319392,CENTER FOR CHILDREN'S LAW AND POLICY
400458213,"APONTE PUBLIC AFFAIRS, INC."
400315474,VNAA
68673,"HALL & ASSOCIATES, LLC"
12620,LOUIS DREYFUS COMMODITIES LLC
400470324,LARRY BLANCHARD
75810,MR. SEBASTIAN O'KELLY
27822,NATIONAL FIRE PROTECTION ASSOCIATION
401104723,THE JACKSON LABORATORY
25272,MILES & STOCKBRIDGE P.C.
3515,AMERICAN SPEECH-LANGUAGE-HEARING ASSOCIATION
400926688,SHELIA BOLAR
13984,"EVERGREEN ASSOCIATES, LTD."
90853,TREATED WOOD COUNCIL
400684038,"GENON ENERGY, INC."
401103350,JAMES W SEGEL LLC
1774,AMERICAN BAKERS ASSOCIATION
12185,DEWEY SQUARE GROUP
40006051,"JBS COMMUNICATIONS, LLC"
315078,"FLETCHER, HEALD & HILDRETH, P.L.C."
12243,"DIERMAN, WORTLEY & ZOLA, INC."
56793,"PALEY ROTHMAN GOLDSTEIN ROSENBERG & COOPER, CHARTERED"
300071,THE LEONARD GROUP
400389808,MICHAEL BAUER
76616,PATRICIA LYNCH ASSOCIATES
401104635,EUGENE GUILFORD
292857,HERSHEL GOBER & ASSOCIATES INC.
308274,MR. ROY VAN ARSDALL
401104254,PRISM GROUP
63371,MR. WILLIAM GRIFFIN
321910,"MAINE STREET SOLUTIONS, LLC"
48532,THOMAS POWERS
34741,SEAFARERS INTERNATIONAL UNION OF N.A. - AGLIW
400472336,LEXINGTON STRATEGY GROUP
400391825,MR. MICHAEL COOPER
401103345,"NATIONAL COUNCIL OF STATE BOARDS OF NURSING, INC."
400705117,ROY RAMTHUN
78276,MR. MATTHEW G. KALLNER
19684,"INTERNATIONAL ADVISORY SERVICES GROUP, LTD"
286553,"THE AMERICA CHANNEL, LLC"
28925,NCR VOYIX CORPORATION (FKA NCR CORPORATION)
401104219,CORELOGIC
400375724,"NATIONAL ASSOCIATION OF CONSUMER ADVOCATES, INC."
5687,"BCBSM, INC."
40022173,ASHRAE
400407929,NOVEMBER INC.
34216,SALT RIVER PROJECT
400568706,"ABS COMMUNITY RESEARCH, INC."
400454181,MR. MARK REY
400867541,DUANE MORRIS GOVERNMENT STRATEGIES
13756,"EQUIFAX, INC."
400578742,PLAINSCAPITAL CORPORATION
55371,PACKARD GOVERNMENT AFFAIRS
400761297,APPLIED GLOBAL RESEARCH CORPORATION
311314,"FRANCIS EDWARD & CRONIN, INC."
82955,"SACKLER POLICY SERVICES, LLC"
72510,JAMES WOODROFFE
400265210,DICKINSON WRIGHT PLLC
401103844,FOX ROTHSCHILD LLP
401103325,"IRA SHAPIRO GLOBAL STRATEGIES, LLC"
401104332,COFFEE GROUP
401103849,"R2P STRATEGIES, LLC"
284356,PHILIP BECHTEL
401104165,YODLEE INC.
400560678,"ONEPOINT PUBLIC & PRIVATE SOLUTIONS, LLC"
40032282,TARPLIN STRATEGIES LLC
36492,STANFORD UNIVERSITY
401103977,"CASTRO STRATEGIES, LLC"
401104418,"DOUCET CONSULTING SOLUTIONS, LLC"
400283356,"BRADEN PARTNERS, LP D/B/A PACIFIC PULMONARY SERVICES"
32635,RAILS-TO-TRAILS CONSERVANCY
7268,BROYDRICK & ASSOCIATES
400412951,"CAPITOL BRIDGE CONSULTING, LLC"
33512,"ROBISON INTERNATIONAL, INC."
401104942,BAUSCH HEALTH COMPANIES
401105370,COMMONWEALTH CONSULTING PARTNERS
34295,"SANDLER, TRAVIS & ROSENBERG, P.A."
293277,"BWX TECHNOLOGIES, INC."
400515522,"CREATIVE COMMUNICATIONS, INC."
40026217,"COHEN, PLACITELLA & ROTH"
76217,"SCHUMACHER PARTNERS INTERNATIONAL, LLC"
25077,MEYERS AND ASSOCIATES
19514,GAS TECHNOLOGY INSTITUTE
29196,"NEW YORK STATE ASSOCIATION OF HEALTH CARE PROVIDERS, INC."
16076,GEORGIA INSTITUTE OF TECHNOLOGY
41727,ALLIANT ENERGY CORPORATION
54951,"VERISIGN, INC."
283515,MARY SCHNEIDER
37276,MR. JOHN J. SULLIVAN
285277,"ALFRED W. CORS, JR"
12540,DOW LOHNES PLLC
48827,OGR
78312,PREVENT BLINDNESS
12846,"DURANTE ASSOCIATES, INC."
295372,VCA - VISION COUNCIL OF AMERICA; THE VISION COUNCIL
401031905,CHILDREN'S HEALTHCARE OF ATLANTA
400696079,BUCK GROUP GOVERNMENT STRATEGIES
293791,LOG CABIN REPUBLICANS
400276312,UNICA - BRAZILIAN SUGARCANE INDUSTRY ASSOCIATION
400904642,MR. DERRICK FORRISTER
17831,ADVANCED MEDICAL TECHNOLOGY ASSN
13186,"EDWARDS ASSOCIATES, INC."
40020143,GEISINGER HEALTH
17818,"HEALTH AND MEDICINE COUNSEL, LLC"
400703107,"THE GIBSON GROUP, LLC"
55165,"CAPITOL DECISIONS, INC."
401103302,"FALCON GLOBAL CAPITAL, LLC"
400704110,MIDFIELD CONSULTING LLC
43491,DAVID FUNDERBURK
290137,SMITHS GROUP SERVICES CORPORATION
22314,THE LAXALT CORPORATION
401103356,CORREIA & OSOLINIK
309036,KYLE MICHEL LAW FIRM
87494,TOURETTE ASSOCIATION OF AMERICA
285494,INSURED RETIREMENT INSTITUTE
40011082,"MERIDICAN, INC."
401105468,WILLIAMS WEESE PEPPLE & FERGUSON PC (F/K/A LEWIS BESS WILLIAMS & WEESE P.C.)
400609853,HERITAGE ACTION FOR AMERICA
401103785,AMERICAN INSTITUTE FOR APPLIED GOVERNMENT
40041329,ASSOCIATION OF SCIENCE AND TECHNOLOGY CENTERS INCORPORATED
62357,"WATERWAYS COUNCIL, INC."
401104733,WESTINGHOUSE AIR BRAKE TECHNOLOGIES CORPORATION
400469319,DON MILLER
35263,SIEMENS CORPORATION
400396870,MICHAEL STRACHN
66410,"COMPRESSUS, INC"
313670,"POTOMAC CAPITOL ASSOCIATES, INC."
401105193,"THE BLC GROUP, LLC"
291550,"GRISSO CONSULTING GROUP, LLC"
54984,"TONIO BURGOS & ASSOCIATES, INC."
54038,MR. GORDON PARKER
75570,J M BURKMAN & ASSOCIATES
40750,WATSON SPENCE LLP
28082,NATIONAL INDUSTRIES FOR THE BLIND
4425,AMT - THE ASSOCIATION FOR MANUFACTURING TECHNOLOGY
401103855,LINCOLN CONCEPTS
400828462,NORTHWESTERN CORPORATION DBA NORTHWESTERN ENERGY
400525551,HEMOPHILIA FEDERATION OF AMERICA
400531583,HEATHER BOOTH
291856,INTERVISTAS CONSULTING INC
773,ALBANIAN AMERICAN CIVIC LEAGUE
17248,MCCLAIN HADDOW
20414,"JAMISON AND SULLIVAN, INC."
401104274,ROWLAND STRATEGY GROUP LLC
400442125,THE PEW CHARITABLE TRUSTS
2398,AMFAR THE FOUNDATION FOR AIDS RESEARCH
401104335,MR. GARY CORNWELL
400326540,SPARKLIGHT COMMUNICATIONS
401103149,COLUMBIA STRATEGIES
400804405,COBLENCE & ASSOCIATES
320895,NEW YORK AFFORDABLE RELIABLE ELECTRICITY ALLIANCE
400547641,"MISSY EDWARDS STRATEGIES, LLC"
400577738,NATIONAL ASSOCIATION OF DEVELOPMENT COMPANIES
400870548,CREATIVE RESPONSE CONCEPTS INC
1067,"ORBITAL ATK, INC."
400408933,"SOLVAY AMERICA LLC, A MEMBER OF THE SYENSQO GROUP"
401103613,"VISTA OUTDOOR, INC"
33226,JOHN J. RHODES III
400770322,"HAWKINS SOLUTIONS INTERNATIONAL, LLC"
84673,HART HEALTH STRATEGIES
400480364,"NOBLE ASSOCIATES, LLC"
9864,COLEX AND ASSOCIATES
86950,MAGELLAN MIDSTREAM PARTNERS
400453161,NORTH CAROLINA FARM BUREAU FEDERATION
400973788,"BIERSACK GOVERNMENT RELATIONS TEAM, LLC"
401103600,US POLICY STRATEGIES
401104591,FITZGERALD PETERBILT
401103220,JOHN R. BYERLY
401103467,"MELODY CLARK CONSULTING, LLC."
401103888,MODA HEALTH
401105025,ARMED FORCES RETIREES ASSOCIATION
400359670,HBW RESOURCES
74135,"HEALTH POLICY SOURCE, INC."
401103646,"INDEPENDENCE BLUE CROSS, LLC"
400701093,INT'L COUNCIL OF EMPLOYERS OF BRICKLAYERS & ALLIED CRAFTWORKERS
40026222,WELCH ALLYN
400270233,CEPHEID
87654,THE COOK GROUP INC.
11834,"DEBRUNNER & ASSOCIATES, INC."
82272,"FOX POTOMAC RESOURCES, LLC"
16863,SCOTT H GREEN AND ASSOCIATES
19321,INTERNATIONAL SAFETY EQUIPMENT ASSOCIATION
400728183,"SMITH & NEPHEW, INC."
401103257,"STRATFORD STRATEGIES, LLC FORMERLY KNOWN AS CB ANDERSON PARTNERS, LLC"
5927,"BENCHMARKS, INC."
315490,"FEDERAL STRATEGIES GROUP, INC."
39267,RTX CORPORATION AND AFFILIATES
400812420,"GORSHEIN STRATEGIES, LLC"
43764,FIRSTENERGY CORP
53562,CONNECTICUT BOARD OF REGENTS FOR HIGHER EDUCATION
400492425,THE HIGGINS COMPANY
34411,"SAVE AMERICA'S FORESTS, INC."
400270234,"GEORGE B. PATRICK, III"
401103305,MR. JOHN COSTER
401105069,"THE VAN AUCKER GROUP, LLC"
308230,"POET, LLC"
40036304,"SCHOLASTIC, INC."
60674,"QUALCOMM, INCORPORATED"
30941,PAYNE SHEA & ASSOCIATES
1832,AMERICAN BUREAU OF SHIPPING
400605842,"W STRATEGIES, LLC"
400314464,AMERISTRATEGIES
400428071,MOORE & VAN ALLEN PLLC
315832,MS. CATHERINE MCCULLOUGH
40011084,MOLLY DYE
40009068,MICHAEL ROOS
303074,"C.H. ROBINSON WORLDWIDE, INC."
401103233,"CAPITOL-CONTEXT,LLC"
401104450,AIRMAP
27387,"NATIONAL CENTER FOR LEARNING DISABILITIES, INC."
401104877,THE PRESIDENTS' FORUM OF THE DISTILLED SPIRITS INDUSTRY
46665,SPINA BIFIDA ASSOCIATION OF AMERICA
401105127,IPOLICY SOLUTIONS
400399879,"COMMAND STRATEGIES, LLC"
400274267,MUSEUM OF SCIENCE AND INDUSTRY
400420003,JON CHESTNUT
289853,MS. JOANN WILLIS
3583,AMERICAN SYMPHONY ORCHESTRA LEAGUE - DBA LEAGUE OF AMERICAN ORCHESTRAS
30928,PAUL HASTINGS LLP
401103947,"CBD STRATEGIC, LLC"
51855,BUSINESS AND PROFESSIONAL WOMEN/USA
315034,REGIONS FINANCIAL CORP
70778,AMERICAN WATER
401103471,MIKE WILLIAMS CAPITOL STRATEGIES LLC (F/K/A MW CAPITOL STRATEGIES LLC)
401105318,CO2EFFICIENT
291732,ASSN OF MEDICAL DEVICE REPROCESSORS
80350,THE MARGOLIN GROUP
82135,OWEN EVANS INGOLS
289933,FOLEY MALDONADO & O'TOOLE
400894611,FOUNDATION FOR INDIVIDUAL RIGHTS AND EXPRESSION (FIRE)
401103203,FREEDMAN CONSULTING
304474,VIANOVO
303017,CHARTWELL EDUCATION GROUP LLC
312554,"THE FREIMUTH GROUP, LLC"
286291,NATIONAL CONFERENCE ON PUBLIC EMPLOYEE RETIREMENT SYSTEMS
291993,"CAPCITY ADVOCATES, LLC"
22440,"LEE & SMITH, PC"
2811,AMERICAN LUNG ASSOCIATION
310814,INTERNATIONAL AIR TRANSPORT ASSOCIATION
401103536,OSIRIS THERAPEUTICS
400531580,"THE ART HAMILTON GROUP, LLC"
400599829,"NATIONAL ASSOCIATION OF ELECTRICAL DISTRIBUTORS, INC."
400427059,MR. GLEN CORSO
401049959,G F JACKSON ENERGY ADVISORS
400431089,"THE WRENWOOD GROUP, LLC"
401103456,TRINET GROUP INC.
22198,"LASA, MONROIG & VEVE"
319712,NORTH AMERICAN MEAT ASSOCIATION
400359635,"REBUILDING TOGETHER, INC."
315136,"RITTS LAW GROUP, PLLC"
30314,OPASTCO
400414965,"MANDELL & ASSOCIATES, INC."
90215,"SHEPPARD, MULLIN, RICHTER & HAMPTON LLP"
302118,"GENWORTH FINANCIAL, INC."
400870549,"PURPLE ADVOCACY, LLC"
77834,THE MAGNATE GROUP LLC
400716152,INTERNET CORPORATION FOR ASSIGNED NAMES AND NUMBERS
401104271,"CAPITOL PARTNERS, LLC"
81511,"TROUTMAN PEPPER STRATEGIES, LLC (FKATROUTMAN SANDERS PUBLIC AFFAIRS GROUP, LLC)"
300036,CAPITAL LINK
18262,"HILL & KNOWLTON STRATEGIES, LLC"
400359641,CEMEX INC.
401104544,OVINTIV INC. (FKA ENCANA OIL & GAS (USA) INC)
12937,"E3 VENTURES, INC."
401039927,GREG LANKLER LLC
308992,CARDINAL POINT PARTNERS
400421013,JOHN S. PENDERGRASS
6325,BLANK ROME GOVERNMENT RELATIONS
52275,TUVIN ASSOCIATES
32500,"ROBERT N. PYLE & ASSOCIATES, INC."
51877,BOB MOSS ASSOCIATES
400313458,MR. RAY CHAMBERS
401007843,ROBERT GIPPIN
313373,RESTORE AMERICA'S ESTUARIES
401104946,MR. TOBY SHORT
47837,"AIRBUS AMERICAS, INC. (FORMERLY AIRBUS NORTH AMERICA HOLDINGS, INC.)"
401104849,KATHERINE DUTILH
67717,"APTS ACTION, INC."
1626,AMERICAN ASSOCIATION OF MEAT PROCESSORS
401104543,THE PRENDA GROUP LLC
58432,"PARK STRATEGIES, LLC"
401103402,PARSONS CORPORATION
400479360,DOCTORS HOSPITAL AT RENAISSANCE
400459241,CAPITOL HILL PARTNERS
67535,"CONSENSUS COMMUNICATIONS, INC."
46437,VIKKI COOPER & ASSOCIATES
401103582,ISEMAN & ASSOCIATES LLC
2718,AMERICAN ISRAEL PUBLIC AFFAIRS COMMITTEE
26001,"MOTION PICTURE ASSOCIATION, INC."
49657,DUANE MORRIS GOVERNMENT AFFAIRS
12711,"DUCKS UNLIMITED, INC"
308092,WILLIAM FULFORD
400489402,CENTERPOINT ENERGY
40022161,"MH STRATEGIES, LLC"
69297,NATIONAL LEAGUE OF POSTMASTERS
40012089,SUMMIT HEALTH CARE CONSULTING
4540,ASSOCIATION OF COMMUNITY COLLEGE TRUSTEES
297410,"RASKY PARTNERS, INC."
40025196,AMERICAN ASSOCIATION OF VETERINARY MEDICAL COLLEGES (FKA ASSOCIATION OF AMERICAN
323158,ALZHEIMER'S FOUNDATION OF AMERICA
9306,CITIZENS COMMITTEE FOR THE RIGHT TO KEEP AND BEAR ARMS
284050,THE MADISON GROUP
400713143,BLACKBOARD INC.
5290,BANK POLICY INSTITUTE
401104922,SLIPSTREAM STRATEGIES
400746235,CBD ADVISORS
319676,NEW GENERATION BIOFUELS (FORMERLY H2DIESEL)
81351,"OBADAL, FILLER, MACLEOD & KLEIN, P.L.C."
400546630,CHRISTIAN CHILO
400691058,FRONTIER COMMUNICATIONS
35480,REH COMPANY (FORMERLY THE SINCLAIR COMPANIES)
35981,"PLASTICS INDUSTRY ASSOCIATION, INC."
56496,"CATANIA CONSULTING GROUP, INC"
400359638,SOLARWORLD CALIFORNIA
11470,"CUMMINS, INC."
401104513,"ORSTED NORTH AMERICA, INC."
401103256,THE PUERTO RICO EQUALITY FORUM
297330,"EDWARDS LIFESCIENCES, LLC"
32362,PUBLIC CITIZEN
17955,HEBREW IMMIGRANT AID SOCIETY
401104673,"CHRIS PARANDIAN CONSULTING, LLC"
54530,WILLIAM B. NEWMAN JR. LLC
4221,ARIZONA COTTON GROWERS ASSOCIATION
42901,SABRE GLBL INC.
4436,ASSOCIATION FOR PROFESSIONALS IN INFECTION CONTROL AND EPIDEMIOLOGY
400466309,JUPITER ALUMINUM CORPORATION
400871552,WHELAND CONSULTING LLC
303531,U.S. GREEN BUILDING COUNCIL
13632,"ENTERGY SERVICES, LLC"
400694066,"DS2 GROUP, LLC"
401105379,GREGORY TERRY
401103120,"HOPPE STRATEGIES, LLC"
400271245,BROWN MCMAHON & WEINRAUB LLC
8885,ARTHUR A CHAPA
9591,CON-WAY INC (FORMERLY KNOWN AS CNF INC)
401105306,MS. ANA MARIA SANCHEZ
23521,THE PMA GROUP
401056979,SELECT MEDICAL HOLDINGS CORPORATION
27206,NATIONAL ASSOCIATION OF WATER COMPANIES
400282354,XOMA CORPORATION (FKA XOMA (US) LLC)
47633,ZIONIST ORGANIZATION OF AMERICA
57351,"YALE LAW OFFICE, LPA"
13448,MR. GARY ELMESTAD
400428067,UNIVERSITY OF THE DISTRICT OF COLUMBIA
400319498,ASH GROVE CEMENT COMPANY
400789376,SOCIETY FOR CORPORATE GOVERNANCE
63518,UNITED STATES MARITIME ALLIANCE LIMITED (USMX)
70494,MR. ROBERTO A. GONZALEZ
5712,BECHTEL & ASSOCIATES
287771,"CLARK HILL, PLC"
36300,THE SPECTRUM GROUP
315535,STRATEGIC ORGANIZING CENTER
10638,CONSUMER FEDERATION OF AMERICA
400427052,CHRISTOPHER BROWN
400561681,"NATIONAL ON-SITE TESTING ASSOCIATES, INC."
400934701,"HC PROJECT ADVISORS, LLC"
401104095,"HAWKSBILL GROUP, LLC"
400958768,"POLICY INTEGRATION PARTNERS, LLC"
401103806,ASIAN PACIFIC ISLANDER AMERICAN HEALTH FORUM
400430086,"GROWTH ENERGY, INC."
297933,MIAMI UNIVERSITY
400808413,CDM HOLDINGS NEW YORK
400686042,"NETFLIX, INC."
401103830,WESTROCK COMPANY
15827,ANTHONY GARRETT & ASSOCIATES
311872,"HANESBRANDS, INC."
13698,NATIONAL WASTE & RECYCLING ASSOCIATION
3402,AMERICAN SOCIETY OF CATARACT & REFRACTIVE SURGERY
285858,MERITCARE HEALTH SYSTEMS
23997,MASTERCARD WORLDWIDE
45766,ALBEMARLE CORPORATION
32497,PUGET SOUND ENERGY
401103494,SIRONA STRATEGIES LLC
401104196,"OAK RIDGE ASSOCIATED UNIVERSITIES, INC."
13767,EQUIPMENT LEASING AND FINANCE ASSOCIATION
401103755,"HAWAIIAN AIRLINES, INC."
401104224,"PERRY BAYLISS GOVERNMENT RELATIONS, LLC"
11140,"COUNSELORS FOR MANAGEMENT, INC."
401103962,CORUS FEDERAL STRATEGIES
401103512,ROBERT ARMITAGE
30371,OTTOSEN & ASSOCIATES
322693,MR. DONALD KANIEWSKI
52218,TECK AMERICAN INCORPORATED
34763,FEEDING AMERICA
401104287,MGM RESORTS INTERNATIONAL
320918,"KOUNTOUPES DENHAM CARR & REID, LLC"
400286365,"INSPIRE BRANDS, INC."
4128,APL LIMITED
300253,SUSAN CARR & ASSOCIATES
284117,"KERR CONSULTING, LLC"
401103574,KIMBERLY OLSON DORGAN
79756,GOODWIN PROCTER LLP
400462295,NATIONAL EMPLOYMENT LAW PROJECT
400750245,NATIONAL CANNABIS INDUSTRY ASSOCIATION
400645947,CHAMBER HILL STRATEGIES
401103169,"ASSOCIATION FOR CORPORATE GROWTH, INC."
400308438,"FLINT HILLS RESOURCES, LP"
57338,MOTORCYCLE INDUSTRY COUNCIL
40046361,COUNCIL OF STATE ADMINISTRATORS OF VOCATIONAL REHABILITATION
40065,"LUSSIER, GREGOR, VIENNA & ASSOCIATES"
401103577,NICOLE CASE
40025211,"CONFRERE STRATEGIES, LLC"
49681,ALLIANCE FOR AUTOMOTIVE INNOVATION
400661992,MAGNET SCHOOLS OF AMERICA
401103342,BUFFALO WILD WINGS INC
40004029,MICHAEL TOOHEY AND ASSOCIATES
305590,"PALMETTO PUBLIC AFFAIRS, INC."
27217,NATIONAL ASSOCIATION OF WATERFRONT EMPLOYERS
13494,EMERGENCY COMMITTEE FOR AMERICAN TRADE
31086,PPL CORPORATION
288715,MCPHERSON GROUP LLP
17966,"HECHT LATHAM SPENCER & ASSOCIATES, INC., FORMERLY KNOWN AS HECHT SPENCER & ASSOC"
289556,NATIONAL ANIMAL SUPPLEMENT COUNCIL
3424,AMERICAN SOCIETY OF CLINICAL ONCOLOGY
401103291,MR. WILLIAM HAWKINS
400270241,"CUSHING LAW FIRM, INC."
289011,NEW YORK STATE HIGHER EDUCATION SERVICES CORPORATION
400313460,"DYNCORP INTERNATIONAL, LLC"
401104644,NATIONAL SCHOOL BOARDS ACTION CENTER
9044,CHILD WELFARE LEAGUE OF AMERICA
20287,EXELIS INC. (FORMERLY ITT CORPORATION)
65932,MARKQUEST
400775334,GARDINER POLICY GROUP
318298,CHRISTOPHER HEINZ
312510,JEANNE-MARIE MURPHY & ASSOCIATES
31884,PORTLAND STATE UNIVERSITY
401103172,CARLIN COMMUNICATIONS
52823,STATE UNIVERSITY OF NEW YORK AT BUFFALO
8976,CHERNIKOFF & COMPANY
47600,AMERICAN ASTRONOMICAL SOCIETY
401105047,"STRIDE POLICY SOLUTIONS, LLC"
401104590,"AKF STRATEGIES, LLC"
401103310,CYRUS M. JOLLIVETTE PUBLIC AFFAIRS LLC
328,"AEROSPACE INDUSTRIES ASSOCIATION OF AMERICA, INC."
19888,"RED FLAG CONSULTING USA(FORMALLY KNOWN AS INTERNATIONAL BUSINESS-GOVERNMENT COUNSELLORS, INC)"
41580,DONALD WILSON
401104218,THE NIMITZ GROUP LLC
40048376,EDWIN PIERSON
44550,MR. GARY BARBOUR
30724,PARALYZED VETERANS OF AMERICA
39063,UNITED BROTHERHOOD OF CARPENTERS AND JOINERS OF AMERICA
12915,DYKEMA GOSSETT PLLC
3641,WINEAMERICA
401104159,CAPITAL HEALTH SYSTEM
315216,"POLICY MATTERS, LLC (FORMERLY KNOWN AS TKB CONSULTING, LLC)"
40027231,BE CONSULTING
400949742,"CHENIERE ENERGY, INC."
400529569,FRANK SALINGER
67650,"STRADLEY RONON STEVENS & YOUNG, LLP"
91637,"PJM INTERCONNECTION, LLC"
53664,"ORRICK, HERRINGTON & SUTCLIFFE LLP"
20174,IROQUOIS HEALTHCARE ALLIANCE
28184,NATIONAL MARROW DONOR PROGRAM
302778,CVS HEALTH (AND SUBSIDIARIES)
40305,WALMART INC.
400823441,EQT CORPORATION
400694065,"UNIVERSAL TECHNICAL INSTITUTE, INC."
57577,BRUCE FENNIE & ASSOCIATES
310938,"CJ LAKE, LLC"
66272,"TRIUMPH GROUP, INC"
283537,LOUISIANA ENERGY SERVICES
400888600,LEONARD BENNETT
40042337,JENKINS HILL PARTNERS
40043344,MERCY HEALTH SYSTEM
71655,"LEE CONSULTING, KENNETH G."
1604,LEADINGAGE (FKA AMER. ASSOC. OF HOMES AND SERVICES FOR THE AGING)
400481366,"GALLIVAN, WHITE & BOYD, P.A."
400701094,GOLDBUG STRATEGIES LLC
3127,PORTLAND CEMENT ASSOCIATION
297716,MS. ELLEN MARSHALL
401001836,COMMUNICATIONS ADVISORY COUNSEL
400570715,SOCIETY FOR CARDIOVASCULAR ANGIOGRAPHY AND INTERVENTIONS
19230,INDEPENDENT PETROLEUM ASSOCIATION OF AMERICA
401104348,"FIRST PRINCIPLES STRATEGIES, LLC"
400394857,SEQUA CORPORATION
401105177,ENERGY ADVANCE CENTER
17636,"L3HARRIS TECHNOLOGIES, INC."
401031908,DOUG COOKE
78072,EHRLICH & ASSOCIATES
309470,"CENTER FOR INQUIRY, INC. OFFICE OF PUBLIC POLICY"
40874,MR. ROBERT K WEIDNER
20631,"JMD ASSOCIATES, INC."
291891,"PKDORN AND ASSOCIATES, INC"
400656972,A.C.E. CONSULTING DBA A.C.E. CONSTRUCTION CONSULTING
40156,VISA INC.
39586,UNIVERSAL MUSIC GROUP
400279340,BAILEY & EHRENBERG PLLC
401103745,"COASPIRE, LLC"
22542,LEGI/X COMPANY
400998832,"WELLS HEALTH GROUP, LLC"
49954,IRENE HOWIE
61697,SEYFARTH SHAW LLP
400780350,GEORGIA CHAMBER OF COMMERCE
53356,UNIVERSITY OF PITTSBURGH
40044351,GRASSROOTS POLITICAL CONSULTING LLC
59331,MFJ INTERNATIONAL
401049958,BIOMARIN PHARMACEUTICAL INC.
401103832,KELLY COLE STRATEGIES
401104311,TIMOTHY A. GLASSCO CONSULTING LLC
79530,MONMOUTH UNIVERSITY
401104812,"PROTEUS DIGITAL HEALTH, INC."
400729187,"CARIS SCIENCE, INC."
16830,GREATER NEW YORK HOSPITAL ASSOCIATION
400368704,CALIFORNIA ANTI-SLAPP PROJECT (CASP)
56510,NORTHEAST STATED FOR COORDINATED AIR USE MANAGEMENT
69435,XO COMMUNICATIONS
30110,THE OHIO STATE UNIVERSITY
400521541,THE CAPITOL GROUP
14872,FLORIDA CRYSTALS CORPORATION
19387,INFORMATION TECHNOLOGY INDUSTRY COUNCIL
400599828,MR. WILLIAM SPENCER
7714,CALIFORNIA CABLE & TELECOMMUNICATIONS ASSN.
313794,THE DLM GROUP
400769314,"OLD DOMINION FREIGHT LINE, INC."
28218,NATIONAL MINING ASSOCIATION
308935,CSL BEHRING LLC
400534593,MR. CORY SMITH
400459272,MR. DOUGLAS MOORE
14963,FLORIDA SUGAR CANE LEAGUE
400359642,BIPARTISAN POLICY CENTER ACTION
40260,WACHTELL LIPTON ROSEN & KATZ
300195,FREEMYER & ASSOCIATES P.C.
401104504,"SCF CONSULTING, LLC"
289454,CHUCK ELKINS & ASSOCIATES
401020885,"FIX THE DEBT COALITION, INC."
25966,MORTGAGE INSURANCE COMPANIES OF AMERICA
40024191,MR. BRIAN KELLY
4538,ASSOCIATION OF CALIFORNIA WATER AGENCIES
40022187,FOX SHUFFLER
43081,"TRUEPOSITION, INC"
32704,THE RAND COPORATION
308913,MCGUIREWOODS LLP
40004028,MS. LAURA LAWLOR
50524,"KEMPER COMPANY, LLC"
400429081,LEADERSHIP 18
26912,NATIONAL ASSOCIATION OF MANUFACTURERS
27376,NATIONAL CATTLEMEN'S BEEF ASSOCIATION
401018875,KELLER MCINTYRE & ASSOCIATES
65032,WALDEN ASSOCIATES
3652,ACTE
82773,"KAPLAN, INC."
7213,BROWN-FORMAN CORPORATION
400412961,ALLIANTGROUP
11322,CREDIT UNION NATIONAL ASSOCIATION. INC. DBA AMERICA'S CREDIT UNIONS
401104709,MCGINN AND COMPANY
9066,CHILDREN'S HOSPITAL BOSTON
296475,RIGHT PUBLIC AFFAIRS
401103975,BMO BANK N.A. (FKA BMO HARRIS BANK N.A.)
401103158,MS. CHARITY BRACY
401103796,"CENTER FOR AFRICAN PROGRESS, INC"
400325523,NATIONAL ASSOCIATION OF TELECOMMUNICATIONS OFFICERS AND ADVISORS
283914,FIFTH THIRD BANCORP
300390,NATIONAL RECREATION AND PARK ASSOCIATION
38778,U.S. FUND FOR UNICEF
3173,AMERICAN PUBLIC HEALTH ASSOCIATION
20356,JACOBS & COMPANY/PUBLIC AFFAIRS
27968,NATIONAL HEALTH COUNCIL
295031,"COMPASS CONSULTING GROUP, LLC"
51811,THE UNIVERSITY OF NORTH CAROLINA SYSTEM
401103204,CLOAKROOM ADVISORS LLC
400655968,"THE CLEARING HOUSE PAYMENTS COMPANY, LLC"
1648,AMERICAN ASSOCIATION OF NEUROLOGICAL SURGEONS
75251,HEALTHCARE INSTITUTE OF NEW JERSEY
401105117,SEVENTH STREET STRATEGIES LLC
401105169,IAI NORTH AMERICA
401104382,"EMC STRATEGY GROUP, LLC"
40038317,MARTIN MORRIS
15111,FOOTWEAR DISTRIBUTORS & RETAILERS OF AMERICA
400563684,BRIAN FITZGERALD
50832,"CORRIDOR 67, INC."
289374,"S & J GOVERNMENT CONSULTING SERVICES, LLC"
324412,"VERSANT STRATEGIES LLC (FORMERLY KNOWN AS WOLFF STRATEGIES, LLC.)"
401103130,GLOBAL FINANCIAL INTEGRITY
10866,CORN REFINERS ASSOCIATION
317993,A.G. KAFFES AND ASSOCIATES LLC
40036299,AUTISM SPEAKS
400658980,"BLUESTONE STRATEGIES, LLC"
400989820,EDGE HILL GROUP (FORMERLY KNOWN AS MR. TOBYN ANDERSON)
84638,DONALD MASSEY
27640,"NATIONAL COUNCIL OF HIGHER EDUCATION LOAN PROGRAMS, INC"
8384,"JOSEPH CARTER, JR."
29937,JOHN T. O'ROURKE
317036,"BALDWIN CONSULTING, INC."
40006052,CALIFORNIA MEDICAL ASSOCIATION INC.
306671,FOOD & WATER WATCH
81054,R-CALF UNITED STOCKGROWERS OF AMERICA
62596,CREDIT SUISSE SECURITIES (USA)
401055976,TAPIA & ASSOCIATES
1171,"ALPINE GROUP PARTNERS, LLC."
400531588,COMMUNITY BANKERS ASSOCIATION OF ILLINOIS
48942,CELANESE CORPORATION
28377,NATIONAL PROPANE GAS ASSOCIATION
400811418,MAY GROUP LLC
56873,AMERICAN THORACIC SOCIETY
401103191,GUIDEWELL MUTUAL HOLDING CORPORATION
31235,WIRELESS INFRASTRUCTURE ASSOCIATION
400566692,KIA CORPORATION (FORMERLY KNOWN AS KIA MOTORS CORPORATION)
401105312,PUBLIC INTERESTS RESEARCH AND COMMUNICATIONS INC
296418,SOUTHFIVE STRATEGIES
400276321,CLEAN WATER COUNCIL
400876563,KATHLEEN FITZGERALD
400395868,CAPITOL YOUTH STRATEGIES LLC
62916,"NISOURCE, INC"
11958,DELL TECHNOLOGIES INC.
20048,INTERNATIONAL RESCUE COMMITTEE
400827457,YORKTOWN GROUP LLC
401104099,"KABBAGE, INC."
4265,"ARMENIAN ASSEMBLY OF AMERICA, INC."
400326533,"THOMSON STRATEGIES, LLC"
314591,MS. MELINDA RAY
313338,AMERICA'S PROMISE - THE ALLIANCE FOR YOUTH
400770321,JAMES CONIFF
47201,WILLIAMS MULLEN
401103783,LYFT
401104187,NCHC ACTION FUND
312758,HUTTON STRATEGIES
401104670,MERCATOR PARTNERS LLC
2822,"AMERICAN MALTING BARLEY ASSOCIATION, INC."
301994,LEVICK STRATEGIC COMMUNICATIONS
28550,NATIONAL SMALL BUSINESS ASSOCIATION
323810,ELMWOOD STRATEGIES
400399885,"HARRIS PUBLIC INTEREST CONSULTING, LLC"
6894,MR. RAYMOND BRAGG
2844,AMERICAN MARITIME OFFICERS
19172,INDEPENDENCE BLUE CROSS
2970,"THE AMERICAN OCCUPATIONAL THERAPY ASSOCIATION, INC. (AOTA)"
401103493,WEST FRONT STRATEGIES LLC
318436,POTLATCHDELTIC CORPORATION
24910,TRINITY HEALTH
49910,"FARMERS GROUP, INC"
305098,"ADUSTON CONSULTING, LLC"
49635,"THE LIVINGSTON GROUP, LLC"
400510505,"RWC, INC"
62791,RTI INTERNATIONAL
12015,DEMOCRACY 21
74658,SINGER CONSULTING LLC
75193,"BEST BUY CO., INC."
81156,"APPO-G, LLC"
6837,BRACEWELL LLP
401103634,ROBERT MILNER
400943721,"BROWN PRUITT WAMBSGANSS DEAN FORMAN & MOORE, PC"
75752,JOHN W. CONRAD III DBA JOHN W. CONRAD III AND COMPANY
401103213,"MCB CONSULTING, LLC"
71930,ASIS INTERNATIONAL
32431,PUBLIC POLICY RESOURCES
401104690,BLACK DIAMOND STRATEGIES LLC
7565,BUTERA & ANDREWS
400535602,CENTER FOR COMMUNITY CHANGE ACTION
3218,"MUNICH REINSURANCE AMERICA, INC"
400994827,NORMINC
401103909,THE PATRIOTIC MILLIONAIRES LLC
400761276,"THE JBH GROUP, LLC"
38506,TRIWEST HEALTHCARE ALLIANCE
12813,CORTEVA AGRISCIENCE LLC (FKA E.I. DU PONT DE NEMOURS AND COMPANY)
68797,CAROLYN BRICKEY
297135,MR. ANDREW FUTEY
54197,QGA PUBLIC AFFAIRS (FORMERLY QUINN GILLESPIE & ASSOCIATES)
309151,WINDSOR FREEMYER
400569708,SCHMITZ GLOBAL PARTNERS LLP
17487,BRADY CAMPAIGN TO PREVENT GUN VIOLENCE
401103813,"CARROLL & LADIER, PLLC"
38175,MICHAEL L. TINER
401104860,VS STRATEGIES LLC
33545,ROCK & ASSOCIATES
401104200,ECONOMIC POLICY STRATEGIES
400838478,"ENGLISH, LUCAS, PRIEST & OWSLEY, LLP"
401103186,"WYATT CONSULTING GROUP INTERNATIONAL, INC."
400947738,ALLEN AND ASSOCIATES
56678,"LEAGUE OF AMERICAN WHEELMEN, INC."
400440117,AMERICA'S NATURAL GAS ALLIANCE
400735201,MEALS ON WHEELS AMERICA
12744,DUKE ENERGY CORPORATION
400746237,MR. HENRY HOWELL
400819431,"TRUST RESOURCES LAW FIRM, PC"
401104301,MWR CONSULTING
89678,"RJI GOVERNMENT STRATEGIES, INC."
400814423,"URBAN INNOVATIONS COMPANIES, INC."
40012091,AMERICAN INDIAN HIGHER EDUCATION CONSORTIUM
400537610,ALLEGHENY CONFERENCE ON COMMUNITY DEVELOPMENT
16032,ASSOCIATION FOR ACCESSIBLE MEDICINES
400663995,NATIONAL INTEREST SECURITY COMPANY LLC (FORMERLY IMC)
401104769,FEROX STRATEGIES
25955,MORTGAGE BANKERS ASSOCIATION
46860,"MORGAN MEGUIRE, LLC"
45595,SUZIE BREWSTER & ASSOCIATES
57954,"TAKEDA PHARMACEUTICALS AMERICA, INC."
401103992,CASSAUNDRA PICK
400534596,THORN RUN PARTNERS
41124,WEYERHAEUSER COMPANY
287350,ADVANCED CAPITOL CONSULTING
50887,THE NATURE CONSERVANCY
36286,SPECIAL LIBRARIES ASSOCIATION
401103297,"FIDELITY NATIONAL FINANCIAL, INC."
401104341,"MARKS & SOKOLOV, LLC"
288373,THE SOCIETY OF THORACIC SURGEONS
400474344,LANE M. LUSKEY
401103296,"NAVIENT SOLUTIONS, LLC"
2401,AMERICAN FOUNDATION FOR THE BLIND
4301,ARNOLD & PORTER KAYE SCHOLER LLP
28344,AMERICAN FUEL & PETROCHEMICAL MANUFACTURERS
89736,GLOBAL BUSINESS TRAVEL ASSOCIATION
401105433,MARK DAVIS
305817,UNIVERSITY HOSPITALS HEALTH SYSTEM
49178,OATH INC. AND VARIOUS SUBSIDIARIES
305214,EISGRAU BUSINESS ALLIANCES PLLC
400335561,KLJ SOLUTIONS CO.
87836,MICHAEL POLLARD
303597,"CAPITOL CONNECTIONS, LLC"
8670,CENTER ON BUDGET AND POLICY PRIORITIES
314113,"HEIDEMAN NUDELMAN & KALIK, PC"
318356,"WATSON GREEN LLC (FORMERLY WATSON/MULHERN, LLC)"
29620,WELLS FARGO & COMPANY
400939709,"ADVOCATES FOR THE OTHER AMERICA, INC."
7953,THE CAMPBELL GROUP
40041330,BOOK HILL PARTNERS
46131,ENLISTED ASSOCIATION OF THE NATIONAL GUARD OF THE UNITED STATES
319038,HOSPICE ACTION NETWORK
401104875,"POLYMET MINING, INC."
400761294,"HTC AMERICA, INC."
401105413,TRIPADVISOR LLC
35946,SOCIETY FOR HUMAN RESOURCE MANAGEMENT
2230,AMERICAN DIABETES ASSOCIATION
285995,FLORIDA STATE COLLEGE AT JACKSONVILLE
316310,TURNER & GOSS LLP
27354,NCTA - THE INTERNET & TELEVISION ASSOCIATION
400290378,RAFFANIELLO & ASSOCIATES
401105009,LEHMAN NILON AND ASSOC.
60151,"SAP AMERICA, INC."
3390,AMERICAN SOCIETY OF ASSOCIATION EXECUTIVES
400489407,MR. DAVID BALTO
401103252,"KNG HEALTH CONSULTING, LLC"
23975,MASSACHUSETTS MEDICAL SOCIETY
400635921,"SIXKILLER CONSULTING, LLC"
400894609,"COMMONWEALTH RESEARCH ASSOCIATES, LLC"
316935,DAVID ISRAELITE
316890,DELOITTE LLP
40008055,GLOBAL POLICY INITIATIVES
40544,WGL
400316477,PLASMA PROTEIN THERAPEUTICS ASSOCIATION
400660986,"MASON CONSULTING, LLC"
400596822,AMERICAN FEDERAL LOBBYING FIRM
26284,MUTUAL OF OMAHA
400556664,"CLEAVES BIOMASS SERVICES, LLC"
400742220,SERCO INC.
401103690,MCLUCKIE PARTNERS LLC
401103939,GM STRATEGIES
308718,"LTD GROUP, LLC"
400351615,CLEAN ENERGY FUELS CORP
319610,THOMPSON ADVISORY GROUP
5222,BALL JANIK LLP
401105011,DANA GOWARD
26488,NATIONAL AIR TRANSPORTATION ASSOCIATION
24863,MELLON FINANCIAL SERVICES CORPORATION #1
305076,CBS CORPORATION
3286,SCHOOL NUTRITION ASSOCIATION
23554,"TIM MAHONEY, INC."
29356,"NISSAN NORTH AMERICA, INC."
30256,OPTICIANS ASSOCIATION OF AMERICA
18912,"HUMANA, INC."
32828,RAYTHEON COMPANY
400359644,"TRAVELPORT OPERATIONS, INC."
400713145,MR. DAVID BIEGING
401093053,CHRISTOPHER MOYER
40038310,AMERICAN EXPLORATION & MINING ASSOCIATION
302255,FEINBERG SHOPP ASSOCIATES
40006041,"ST. JUDE MEDICAL, INC."
6017,BERGSON & COMPANY
401105167,ALLIANCE FOR MARKET SOLUTIONS
16010,GENERAL MILLS SERVICES INC. (FKA GENERAL MILLS)
400433101,PETER MIRIJANIAN PUBLIC AFFAIRS
400344590,AMERICAN ARTS ALLIANCE DBA PERFORMING ARTS ALLIANCE
306636,"THE NORMANDY GROUP, LLC"
400672009,JACKSONVILLE REGIONAL CHAMBER OF COMMERCE
3606,AMERICAN TORT REFORM ASSOCIATION
400379736,"RESEARCH-ABLE, INC."
401105178,REGENXBIO
15018,FLUOR CORPORATION
400850504,"THE HAMM CONSULTING GROUP, LLC"
73715,MS. REBECCA HALKIAS
401104191,MARTIN FROST CONSULTING
400920675,PETERSON GROUP (FL)
12631,FAEGRE DRINKER BIDDLE & REATH LLP
323056,US-ARMENIA PUBLIC AFFAIRS COMMITTEE
288533,RIVERGROUP INCORPORATED
57830,MARSHFIELD CLINIC HEALTH SYSTEM
7747,CALIFORNIA HOSPITAL ASSOCIATION
401103361,"ATLANTIC DIVING SUPPLY, INC."
46062,"VIOHL & ASSOCIATES, INC."
401104049,THE WILLIAMS GROUP
58977,"KIMBERLY CONSULTING, LLC"
16555,THE GOODYEAR TIRE & RUBBER COMPANY
400594812,MEGHAN BUZBY
6906,BRAIN INJURY ASSOCIATION OF AMERICA (FKA BRAIN INJURY ASSOCIATION)
77355,WASHINGTON PARTNERS
401104641,LOT SIXTEEN LLC
305431,HILLSBOROUGH COUNTY AVIATION AUTHORITY
15920,"GENENTECH, INC"
401103926,CHRIS MCCANNELL
400589799,CALGON CARBON CORPORATION
284950,"MEHLMAN CONSULTING, INC."
304213,"ZIEBART CONSULTING, LLC"
401104015,CDB PROJX LLC
400395861,INNOCENCE PROJECT
64417,KSA CONSULTING
60856,"BRAXTON C. COUNTS, III, P.C."
401013862,DAWSON STRATEGIC
818,ALCALDE & FAY
400427061,MARTIN GREEN
401103914,"ITG BRANDS, LLC (FORMERLY FONTEM US, INC.)"
401040928,AMERICAN ASSOCIATION OF NURSE PRACTITIONERS
400956764,CORE SYNERGY GROUP GOVERNMENT RELATION SERVICES
401104422,ZIRKELBACH STRATEGIES
286336,SWISS RE AMERICA HOLDING CORPORATION
315956,JOBS WITH JUSTICE F.K.A. AMERICAN RIGHTS AT WORK
315810,MASSACHUSETTS AFFORDABLE RELIABLE ELECTRICITY ALLIANCE (MASS AREA)
32874,RECORDING INDUSTRY ASSOCIATION OF AMERICA
401104207,FWD.US
85776,AGILE MANAGEMENT SOLUTIONS
400840483,PEEBLES KIDDER
401103322,"NATIONAL ACADEMY OF ELDER LAW ATTORNEYS, INC."
72257,"HARRISON RIVARD DUNCAN & BUZZETT, CHTD."
40027234,TACOMA PUBLIC UTILITIES
83193,GARRY MAURO
400446140,AMERICA'S PHYSICIAN GROUPS
285517,"HEARTLAND CONSULTING, INC."
25237,BERKSHIRE HATHAWAY ENERGY
88597,"FRAMATOME, INC. (FORMELY KNOWN AS AREVA, INC.)"
400490410,"CAPITOL VENTURES GOVERNMENT RELATIONS, LLC"
26650,NATIONAL ASSOCIATION OF BROADCASTERS
400885591,"TALISMAN ENERGY USA, INC"
35731,SMITH&BOYETTE
401104346,JAHANIAN STRATEGIES LLC
39360,THE UNIVERSITY OF CHICAGO
21962,KUTAK ROCK LLP
401103816,NATIONAL DOMESTIC VIOLENCE HOTLINE
90250,TREMONT STRATEGIES GROUP LLC (F/K/A ADS VENTURES)
400935705,GOLDHABER POLICY SERVICES LLC
49646,"OWENS-ILLINOIS, INC"
400770318,NATIONAL INDUSTRIAL SAND ASSOCIATION
41090,MEADWESTVACO CORPORATION
40011077,GREATER PITTSBURGH CHAMBER OF COMMERCE
28264,"NATIONAL ORGANIZATION FOR RARE DISORDERS, INC. (NORD)"
400821435,"MISSION CONCEPTS, INC."
401105034,LOP STRATEGIES
22438,"LEDGE COUNSEL, INC."
401103732,ROKALA PUBLIC AFFAIRS (FKA MR MARK ROKALA)
304315,POTOMAC PARTNERS DC
400429077,SMART GROWTH AMERICA
401103188,CHELSEA HENDERSON VENTURES
400500469,DDP COMMUNICATIONS
401103563,NATIONAL LEAGUE FOR NURSING
9922,"RICHARD L. COLLINS & COMPANY, INC."
308070,THE WESSEL GROUP INCORPORATED
400520535,JASON UNDERWOOD
401105176,CHRISTINE POLLACK
36925,STRATACOMM LLC
400412957,"IDAHO TECHNOLOGY, INC."
400334560,"ELEVANTA, LLC"
400419999,FREE SPEECH COALITION 
27684,"NATIONAL COUNCIL ON ALCOHOLISM & DRUG DEPENDENCE, INC."
82853,BUSINESS COALITION FOR U.S.-CENTRAL AMERICA TRADE
400358632,THE UNITED STATES PHARMACOPEIAL CONVENTION
401104738,PETER DAMON GROUP LLC
23496,MAGAZINE PUBLISHERS OF AMERICA
28492,THE NATIONAL RIGHT TO WORK COMMITTEE
48793,ACADEMY OF MANAGED CARE PHARMACY
400490409,"CERTIFIED FINANCIAL PLANNER BOARD OF STANDARDS, INC."
400426041,"WAYNE ALLARD ASSOCIATES, LLC"
400563685,POYNER SPRUILL LLP
401105334,"INDUSTRIAL HEMP TRADE ASSOCIATION, INC"
22928,"ZEL E. LIPSEN, ESQUIRE"
401103823,WALLER LANSDEN DORTCH & DAVIS LLP
400858522,OAKLEY CAPITOL CONSULTING LLC
401103400,"O'ROURKE & NAPPI, LLP"
53276,NATIONAL COALITION FOR CANCER SURVIVORSHIP
292356,"MOSS, MCGEE, BRADLEY AND COLBERT"
299558,DWIGHT BOYKINS
401103083,"KCOE ISOM, LLP"
306933,ALENIA AERMACCHI NORTH AMERICA
60710,MR. DALE LESTINA
400419998,THE BRIGHTUP GROUP LLC
400390816,"KOCH GOVERNMENT AFFAIRS, LLC (FORMERLY KNOWN AS KOCH COMPANIES PUBLIC SECTOR, LLC)"
401105074,NUTRIEN US LLC (FORMERLY KNOWN AS AGRIUM U.S. INC.) (A NUTRIEN LTD SUBSIDIARY).
33,AB MANAGEMENT ASSOCIATES
401104948,MR. RICHARD SAWAYA
39017,"NELNET, INC."
1342,AMERICAN ACADEMY OF FAMILY PHYSICIANS
401104316,SIMON CONSULTING SERVICES
16635,GOVERNMENT RELATIONS INC
400453166,"MADISON EDUCATION GROUP, LC"
2013,AMERICAN COMMITTEE FOR THE WEIZMANN INSTITUTE OF SCIENCE
70313,ASSN. OF SMALL BUSINESS DEV. CENTERS
400455183,SOCIETY OF HEALTH AND PHYSICAL EDUCATORS
1730,AMERICAN ASSOCIATION OF UNIVERSITY PROFESSORS
89873,GIBBONS P.C.
400750246,"SILVERLINE COMMUNICATIONS, LLC (F/K/A GAIA GROUP PUBLIC RELATIONS, LLC)"
400875562,JM ENVIRONMENTAL HEALTH CONSULTING INC.
400438115,"CG CONSULTING GROUP, INC."
68150,"DAVID GARDINER & ASSOCIATES, LLC"
310654,"OCEANA, INC."
400930694,"STRATEGIC POLICIES, LLC"
78697,"VIASAT, INC."
27194,AMERICAN STAFFING ASSOCIATION
8203,"CAPLIN & DRYSDALE, CHARTERED"
401042933,INTERNATIONAL HEARING SOCIETY
9385,CITIZENS FOR TAX JUSTICE
27068,NAREIT
27855,"NATIONAL FOREIGN TRADE COUNCIL, INC"
83477,"KSG LLC, DBA KLEIN AND SAKS GROUP"
401103913,TRONOX LIMITED
401104899,KEVIN JONES
401103520,THE ESTELL GROUP LLC
401104720,JLV STRATEGIES LLC
53653,AUTOMOTIVE RECYCLERS ASSOCIATION
75557,"CORNERSTONE GOVERNMENT AFFAIRS, INC."
29994,OCCIDENTAL PETROLEUM CORPORATION
400556665,"TDG-PHENIX, INC."
26422,REPRODUCTIVE FREEDOM FOR ALL
400498452,DEBBIE WEATHERLY
40029251,COLORADO SPRINGS UTILITIES
401103645,SLM CORPORATION
1386,AMERICAN ACADEMY OF OTOLARYNGOLOGY-HEAD AND NECK SURGERY
26763,NATIONAL ASSOCIATION OF FEDERALLY-INSURED CREDIT UNIONS (FKA NAT'L ASSN OF FEDERAL CREDIT UNIONS)
16657,"GOVERNMENTAL STRATEGIES, INC."
46734,"ALCATEL-LUCENT USA INC. (FORMERLY ALCATEL USA RESOURCES, INC.)"
39052,"UNITED AUTOMOBILE, AEROSPACE & AGRICULTURAL IMPLEMENT WORKERS"
288351,"NATIONAL FOUNDATION FOR CREDIT COUNSELING, INC."
400459273,EDUCATIONAL CREDIT MANAGEMENT CORPORATION
303154,JOHN GRAYKOWSKI
400980803,RISING TIDE ASSOCIATES
400580772,"THE COALITION AGAINST DOMAIN NAME ABUSE (""CADNA"")"
400830464,DC SOLUTIONS GROUP
4094,APACHE CORPORATION
19718,INTL. ASSN. OF AMUSEMENT PKS. & ATTRS.
401027900,FORD & HUFF LC
24806,MEDICAL GROUP MANAGEMENT ASSN
6850,"BRACY TUCKER BROWN & VALANZANO, INC."
400523543,INTERNATIONAL POLICY SOLUTIONS
401105134,ACUMENDC LLC
14267,FEDERATION OF AMERICAN HOSPITALS
400716151,"THE COLLECTIVE, LLC."
400971785,"TOMPKINS STRATEGIES, LLC"
400610855,"CAMPBELL FLANNERY, P.C."
17135,"GESCONTI GROUP,INC."
400823440,ACCESS PARTNERSHIP CORP
321076,MR. AARON MULLINS
20050,INTERNATIONAL SWAPS & DERIVATIVES ASSOCIATION INC.
401103145,"MAXIM HEALTHCARE SERVICES, INC."
64895,"VERTEX, INC"
41682,WINSTON & STRAWN LLP
15086,INTERNATIONAL FOODSERVICE DISTRIBUTORS ASSOCIATION
53174,"CAPITOL RESOURCES, LLC"
400620884,DHL EXPRESS U.S.A.
401103385,JWF CONSULTING LLC
76150,"BARNES, RICHARDSON & COLBURN, LLP"
311611,PHILIP CURCIO
401104283,"PUBLIC POLICY ADVISORS, INC."
400381743,PHOENIX CHILDREN'S HOSPITAL
48782,"JEFFERSON BUSINESS CONSULTING, LLC"
53323,"FRAGOMEN, DEL REY, BERNSEN, & LOEWY LLP"
401074022,SENTINEL WORLDWIDE
400484391,IOWA HOSPITAL ASSOCIATION
401104630,CENTER FOR LAW AND SOCIAL POLICY (CLASP)
401034917,THE LIVESTRONG FOUNDATION
18980,"HURT, NORTON & ASSOCIATES, INC."
401104361,ZYLA LIFE SCIENCES (FKA EGALET CORPORATION)
400979800,WHITAKER STRATEGY GROUP
86697,HICKS-RAY ASSOCIATES
401104457,STARBOARD GOVERNMENT AFFAIRS
1741,AMERICAN ASSOCIATION OF UNIVERSITY WOMEN
20686,"JOHNSON & JOHNSON SERVICES, INC."
58636,CONGRESSIONAL STRATEGIES LLC
285610,TONIO BURGOS & ASSOCIATES OF NEW JERSEY LLC
401104781,"SULLIVAN PUBLIC AFFAIRS, INC"
79175,STRATEGIES 360
84913,MR. THOMAS R. H. GLASS
318994,SC PARTNERS LLC
401103738,HUDSON PARK GROUP
401103873,"NATIONAL ORGANIZATION OF VETERANS' ADVOCATES, INC."
401104828,PASS LLC
320758,PARENTALRIGHTS.ORG
40049382,"AMERICAN ASSOCIATION FOR DENTAL, ORAL, AND CRANIOFACIAL RESEARCH"
79290,AMERICAN HOTEL & LODGING ASSOCIATION
40025214,"LIFESCAN, INC."
4254,ARKANSAS FARM BUREAU FEDERATION
401104058,"HAIER US APPLIANCE SOLUTION, INC. DBA GE APPLIANCES"
36812,"STIRLING STRATEGIC SERVICES, LLC"
313076,"AVATAR ENTERPRISES, INC."
35582,SLAGLE ASSOCIATES
2412,AMERICAN FROZEN FOOD INSTITUTE
400643941,THOMAS BRUDERLE
400406912,"ENGAGE, LLC"
401103623,LOU LINEHAN
319734,"SOUNDEXCHANGE, INC."
400338572,GLOBAL EXTERNAL RELATIONS
933,"ALLERGAN, INC."
7155,BROTHERHOOD OF RAILROAD SIGNALMEN
308354,FUNDERBURK CONSULTING LLC
8453,"CASSIDY & ASSOCIATES, INC."
401104973,LQUINOX CONSULTING
10877,CORNELL UNIVERSITY
401103747,SACHEM STRATEGIES
400697082,NATIONAL CENTER ON TIME & LEARNING
401104930,"KAE STRATEGIC, LLC"
400291379,BRUCE PEARSON
400728186,NATIONAL FEDERAL DEVELOPMENT ASSOCIATION
47110,THOMPSON COBURN LLP
5517,BASIN ELECTRIC POWER COOPERATIVE
316013,DOW LOHNES GOVERNMENT STRATEGIES LLC
298455,COREWELL HEALTH
76354,"HEARTH, PATIO & BARBECUE ASSOCIATION"
20937,"PATRICIA JORDAN & ASSOCIATES, INC."
306818,JUDY LEMONS
49737,"LEONARD RESOURCE GROUP, INC"
401103330,ASSOCIATION OF ASSISTIVE TECHNOLOGY ACT PROGRAM
78857,CAMPBELL SOUP COMPANY
40011081,"KADESH & ASSOCIATES, LLC"
400861526,MARIA FREESE
400992825,"DINEEQUITY, INC."
400865534,"CAPGOV, LLC"
2161,AMERICAN COUNSELING ASSOCIATION
400452156,"CARECORE NATIONAL, LLC"
292777,HOBOKEN STRATEGY GROUP
400942720,JOHN SCIAMANNA
400546636,FARMERS INVESTMENT CO.
401040929,NATIONAL PARK FOUNDATION
319574,THE SOUND BANKING COALITION
400782352,"MORAN GOVERNMENT RELATIONS, LLC"
52880,"FORSCEY, PLLC"
401104408,KELLER PARTNERS & COMPANY
401103720,"CONNECT 4 STRATEGIES, LLC"
26160,"MULTINATIONAL BUSINESS SERVICES, INC."
401103900,ALIBABA GROUP HOLDING LIMITED
400275270,MISSOURI FARM BUREAU FEDERATION
58352,CENTER FOR FREEDOM AND PROSPERITY
401104703,"FEDERAL STREET STRATEGIES, LLC"
296932,SOFTWARE FINANCE AND TAX EXECUTIVES COUNCIL
401085040,NATIONAL ASSOCIATION OF COLLEGES AND EMPLOYERS
83056,USACTION
5381,VICTOR W. BARFIELD
88154,VPR ASSOCIATES
20072,INTERNATIONAL UNION OF BRICKLAYERS & ALLIED CRAFTWORKERS
12802,SIMPLOT CO. J.R.
8032,CANYON RESOURCES CORPORATION
3630,AMERICAN VETERINARY MEDICAL ASSOCIATION
401104385,WASHINGTON ADVOCACY GROUP
400746236,"GLENNVIEW STRATEGIES, LLC"
400933699,PHILLIPS 66
2913,AMERICAN MOTORCYCLIST ASSOCIATION
3812,AMERICANS FOR THE ARTS
5632,BAYER CORPORATION (CONSOLIDATED REPORT)
400359652,GENERAL FEDERATION OF WOMEN'S CLUBS
1810,AMERICAN BIRD CONSERVANCY
48997,TUSIAD US
401104646,"FEDERAL HALL POLICY ADVISORS, LLC"
29094,NEW ENGLAND ANTIVIVISECTION SOCIETY (D/B/A CLIENT LISTED)
400768313,LAFAYETTE TRANSATLANTIC GROUP INC.
288896,"THOMAS ADVISORS, INC"
400319495,"POTOMAC CURRENTS, LLC"
27057,AMERICA'S ESSENTIAL HOSPITALS
400883584,GEORGIA MUNICIPAL ASSOCIATION
400805408,"DEFENSE CONSULTING GROUP, LLC"
400263207,"PLAINS COTTON GROWERS, INC."
400703105,EMPIRE CONSULTING GROUP
58250,"RYBERG AND SMITH, L.L.C."
50400,"INTERNATIONAL UNION OF POLICE ASSOCIATIONS, AFL-CIO"
42945,GKV ASSOCIATES OF MCLEAN LLC
40014110,"TECHNIGRAPHICS, INC"
400715150,C.A.R. CONSULTING SERVICES
401103584,OTT BIELITZKI & O'NEILL PLLC
401105482,"PATRIOT ONE DETECTION TECHNOLOGIES, INC."
74795,"MADISON SERVICES GROUP, INC"
400686043,SARAH HOWARD
400638929,FEDERATION OF STATE MEDICAL BOARDS
401105283,THE WAGNER LAW GROUP
401103103,JAMES (GAVIN) MATHIS
8395,"CARTWRIGHT & RILEY, INC."
21313,"KELLER AND HECKMAN, LLP"
400263203,OREGON FARM BUREAU FEDERATION
52696,AUTO CARE ASSOCIATION
19024,"HYJEK & FIX, INC."
285357,"EWYATT CONSULTING, LLC"
401047945,ANDREW WAHLQUIST
401042932,CMS CONSULTING SERVICES INC.
401105094,THE MCSWANE GROUP
22052,HOLCIM PARTICIPATIONS (US) INC.
285016,COCO COMMUNICATIONS CORPORATION
75397,ARIZONA STATE UNIVERSITY
401081032,"ESSENT US HOLDINGS, INC."
400773328,UIL HOLDINGS CORPORATION
401103373,SKIPPER GROUP
401103773,"SRB STRATEGIC, LLC"
400390817,CONSTANTINOPLE & VALLONE CONSULTING LLC
401105330,SWEENEY & ASSOCIATES
27913,THE NATIONAL GRANGE OF THE ORDER OF PATRONS OF HUSBANDRY
400587790,MERCER CREST LLC
11708,DAVIS O'CONNELL
2057,ACG ADVOCACY
400927689,CRANE STRATEGIES
400382761,"RED MAPLE CONSULTING, LLC"
400458219,JONES VARGAS CHARTERED
60537,"IETAN CONSULTING, LLC"
28798,NATIONAL WILDLIFE REFUGE ASSOCIATION
400413962,LINDA CRAWFORD
24418,MR. HUGH MCGILLICUDDY
29345,SOURCEAMERICA
400933697,JORDAN WICKER
57497,HUNTSMAN CORPORATION
401012859,EFRUS FEDERAL ADVISORS LLC
401105485,"NEUROCRINE BIOSCIENCES, INC"
307832,"ETHERTON AND ASSOCIATES, INC."
41055,HEALTHCARE ASSOCIATION OF WESTERN AND CENTRAL NEW YORK (FKA WESTERN NEW YORK HEALTHCARE ASSOCIATION)
401103746,CAPITOL POLICY ADVISORS
40017133,MICHIGAN FARM BUREAU
9487,CLEVELAND-CLIFFS INC.
401105406,"MICHAEL W. LOWDER & GLOBAL ASSOCIATES, LLC"
38541,JOHN TROY
4458,ASSOCIATION FOR PRINT TECHNOLOGIES
10902,CORPORATION FOR ENTERPRISE DEVELOPMENT
27183,NATIONAL ASSOCIATION OF SURETY BOND PRODUCERS
38847,UNITED STATES TELECOM ASSN
14017,EXXON MOBIL CORP
43445,CARNEGIE MELLON UNIVERSITY
75717,AMERICA BIKES
67078,DESIGN-BUILD INSTITUTE OF AMERICA
293233,MR. MARK KOPEC
3504,"AMERICAN SOCIETY OF TRAVEL ADVISORS, INC."
313271,"AVOQ, LLC (FRA TEAM SUBJECT MATTER, LLC)"
400482378,"RUNYAN PUBLIC AFFAIRS, LLC"
401104208,JENNIE AYLWARD
400283359,NATIONAL ATHLETIC TRAINERS' ASSOCIATION
400381751,THE EDUCATION TRUST
40043343,MCCONNELL VALDES PLLC
294278,THE SCOOTER STORE
400471327,"CONSERVATION PATHWAYS, LLC"
401103535,"ENVISION STRATEGY, LLC"
400713137,"ARNALL GOLDEN GREGORY, LLP"
401104321,"THE ESTOPINAN GROUP, LLC"
321178,"PRINCIPLED STRATEGIES, LLC"
49214,MR. ROBERT TALLEY
19536,INTEL CORPORATION
316296,ENVIRONMENTAL DEFENSE ACTION FUND
309754,PACIFIC LIFE INSURANCE COMPANY
11606,"DARDEN RESTAURANTS, INC."
65338,"STATE STREET PARTNERS, L.L.C."
29334,"NIKE, INC"
300971,LOCKE LORD PUBLIC POLICY GROUP LLC
400677021,"PATRIOTIC CONSULTING SERVICES, LLC"
315318,"NORTH BRIDGE COMMUNICATIONS, INC."
36297,SPECIALTY EQUIPMENT MARKET ASSOCIATION
295075,"HILLSCAPE ASSOCIATES, LLC"
35560,"SKADDEN, ARPS, SLATE, MEAGHER & FLOM LLP"
401103174,"UNISON STRATEGIES, LLC"
22063,LAFAYETTE GROUP
401028901,"AMEDISYS, INC."
2731,AMERICAN LAND TITLE ASSOCIATION
401104843,"MAKOVSKY & COMPANY, INC."
400577737,THE INGRAM GROUP LLC
22872,LINCOLN NATIONAL CORPORATION
8225,CAREER EDUCATION COLLEGES & UNIVERSITIES (FKA ASS'N OF PRIVATE SECTOR COLLEGES A
49327,"NORDHAUS LAW FIRM, LLP"
400360681,JENNEFER HIRSHBERG
400315472,PROVIDENCE ST. JOSEPH HEALTH
400458204,"BRYANT MILLER OLIVE, P.A."
400877566,SMITS SPEIDELL CONSULTING
400405909,COLLETTI & ASSOCIATES
291492,THE CONSERVATION FUND
35376,"COVINO SMITH & SIMON, INC. (FORMERLY SIMON AND COMPANY, INC.)"
32282,PROFESSIONAL SERVICES COUNCIL
295452,DEBORAH HOHLT
400456190,JARROD CHLAPOWSKI
318414,DISCOVER FINANCIAL SERVICES
5288,BANKERS ASSOCIATION FOR FINANCE AND TRADE (FORMERLY KNOWN AS BAFT-IFSA)
308172,"FEDERAL ADVOCATES, INC."
2092,AMERICAN COUNCIL FOR CAPITAL FORMATION
17933,HEALTHCARE LEADERSHIP COUNCIL
40025195,AMERICAN COMPOSITES MANUFACTURERS ASSOCIATION
24624,WATKINSON MILLER PLLC
400394858,COLBY & COMPANY
1375,AMERICAN ACADEMY OF ORTHOPAEDIC SURGEONS
401103268,MR. STUART CHAPMAN
38381,TRANSPORTATION INTERMEDIARIES ASSOCIATION
38803,UNITED STATES PARACHUTE ASSOCIATION
5506,BASF CORPORATION
53301,ASCENSION HEALTH
34342,JAMES SANTINI
401029902,JAKE PERRY + PARTNERS
41955,LAW OFFICES OF BERNARD WUNDER (FKA WUNDER & LILLEY)
25066,THE LAW OFFICE OF MICHAEL R. KLIPPER
400382764,FRANK BOWMAN
400633916,NORTHEASTERN UNIVERSITY
10651,"CONSUMER REPORTS, INC. (F.K.A. CONSUMERS UNION OF UNITED STATES, INC.)"
56235,BONNIE H. WEINSTEIN
18342,HISPANIC ASSOCIATION OF COLLEGES AND UNIVERSITIES
39495,UNIVERSITY OF OREGON
401004840,"THE CONAFAY GROUP, LLC"
14690,FISHER CONSULTING
53048,NATIONAL RURAL HEALTH ASSOCATION
1980,AMERICAN COLLEGE OF NURSE-MIDWIVES
400380737,A. L. RUSH AND ASSOCIATES
401104488,"POTOMAC INTERNATIONAL PARTNERS, INC."
51263,ANDERSON & BAKER
73613,ROBERT SERAPHIN
12766,DUN & BRADSTREET
3960,"ACCENTURE, LLP"
400720166,CHEROKEE GOVERNMENT APPLICATIONS LLC
19651,INTERSTATE NATURAL GAS ASSOCIATION OF AMERICA
401087044,CENTER FOR FOOD SAFETY
401104156,SOCIETY FOR MATERNAL-FETAL MEDICINE
40038308,"ALEXANDER J. BECKLES, L.L.C."
401103391,SCNELSON LAW OFFICE LLC
401105338,"PARAGON BIOSCIENCES, LLC"
26626,NAADAC THE ASSN FOR ADDICTION PROFESSIONALS
401103102,MS. KATHRYN KREPP
23485,"MAERSK AGENCY U.S.A., INC."
39473,UNIVERSITY OF MICHIGAN
26980,"NATIONAL ASSOCIATION OF POLICE ORGANIZATIONS, INC."
400532589,PRIME POLICY GROUP
40025202,O'BRIEN DC
400874560,"RECREATIONAL EQUIPMENT, INC."
401104327,AVENUE STRATEGIES
39815,"VAN NESS FELDMAN, LLP"
401104166,"SMITH CONSULTING GROUP, INC."
400580768,"AMERICAN AUTOMOTIVE POLICY COUNCIL, INC."
400707121,TENCATE
309971,"H. M. RILEY ASSOCIATES, LLC"
401105321,"TGA ASSOCIATION MANAGEMENT SOLUTIONS, LLC"
401103937,"NACHA, THE ELECTRONIC PAYMENTS ASSOCIATION"
30041,REWORLD WASTE LLC (FORMERLY REPORTED AS COVANTA ENERGY LLC)
310632,LEITER & CRAMER PLLC
400813422,THE SUMMERILL GROUP LLC
400427062,DANIELLE ORGAN PETERS
32338,"PRUDENTIAL FINANCIAL, INC."
37926,VISTRA CORPORATE SERVICES COMPANY (FKA VISTRA CORP.)
401103415,"CHILDREN'S HOSPITAL AND HEALTH SYSTEM, INC."
400583780,"CORREIA & ASSOCIATES, P.C."
5448,"SIVON NATTER & WECHSLER, P.C. (FKA BARNETT SIVON & NATTER, P.C.)"
401103749,BORGWARNER INC.
401105028,ROSS CAPON
311996,AMBULATORY SURGERY CENTER ASSOCIATION
73737,WILLIAM JOSEPH
400565690,56 CMD (FORMERLY KNOWN AS BENJAMIN SHRODINGER LLC)
401103201,THOMPSON & HORTON LLP
292538,"BARKER LEAVITT, PLLC (SKA MR. JAMES C. BARKER)"
60390,JEWISH FEDERATION OF METROPOLITAN CHICAGO (JFMC)
401104010,"THE FRIEDKIN GROUP, INC."
400703103,"LJ CONSULTING, LLC"
50284,CHARLES DOUGHERTY
26557,NATIONAL ASSOCIATION FOR BIOMEDICAL RESEARCH
27398,NATIONAL CENTER FOR MANUFACTURING SCIENCES
401103674,"SAVE THE CHILDREN ACTION NETWORK, INC."
401089046,"TAYLOR, SYLLA & AGIN, LLP"
400511511,MARY JO HOEKSEMA
48111,NUSGART CONSULTING LLC
68296,"ROCKWELL COLLINS, INC"
400729188,"PARAMOUNT STRATEGIES, LLC"
400684036,"GOULSTON & STORRS, P.C."
20573,CAROLE JENNINGS
401103104,SISU STRATEGIES
309390,OREGON STATE UNIVERSITY
400436109,"LAROCCO & ASSOCIATES, INC."
454,AGRICULTURAL RETAILERS ASSOCIATION
35775,"LAWRENCE J. SMITH, P.A."
400606844,BOYD GAMING CORPORATION
27310,NATIONAL CHICKEN COUNCIL
46324,NATIONAL AFFORDABLE HOUSING MANAGEMENT ASSOCIATION (NAHMA)
309231,THE MOUNT VERNON GROUP
400711130,CONSERVATION INTERNATIONAL FOUNDATION
401008845,MR. VINCENT A. PANVINI
317594,THE SAME PAGE
400333557,"JUMPSTART FOR YOUNG CHILDREN, INC"
400359662,AMPUTEE COALITION
400487397,LOBBYIT.COM
57932,"UNITED STUDENT AID FUNDS, INC."
31031,"PEDUZZI ASSOCIATES, LTD."
534,MS. VIRGINIA AINSLIE
30837,JIM PASCO AND ASSOCIATES
6143,BEVERIDGE & DIAMOND PC
39187,UNITED MINE WORKERS OF AMERICA
11025,RETIRESAFE
400668000,"M. T. PHILLLIPS ASSOCIATES, INC."
400268229,"MARY E. SHIELDS GOVERNMENT RELATIONS, LLC"
54346,NYU HOSPITALS CENTER
400426039,"CAPITOLINE CONSULTING, LLC"
314272,EMBARQ MANAGEMENT COMPANY
13916,EVANS & ASSOCIATES PC
44275,GOLDEN HORIZONS
320793,JST STRATEGIES LLC (JOCHUM SHORE & TROSSEVIN PC)
2866,MEAT INSTITUTE (FKA NORTH AMERICAN MEAT INSTITUTE)
400611856,KNAUPE G R
401105253,"MCHUGH LEMAY ASSOC., LLC"
1967,AMERICAN COLLEGE OF EMERGENCY PHYSICIANS
24885,MEMORIAL SLOAN KETTERING CANCER CENTER
400944728,"COMPRESSED GAS ASSOCIATION, INC."
44914,"THE LAURIN BAKER GROUP, LLC"
3242,AMERICAN RESORT DEVELOPMENT ASSN
314738,GORDON THOMAS HONEYWELL GOVERNMENTAL AFFAIRS
43024,MS. BARBARA RAIMONDO
78436,UBS AMERICAS INC.
401103596,WILLIAM JEWELL
320598,STELLA WALKER AND ASSOCIATES INC
401094054,"AIM, LLC"
400819430,"KCI USA, INC."
401047953,VECTIS STRATEGIES
297055,AMERICAN HOMEOWNERS GRASSROOTS ALLIANCE
401103457,NATIONAL COALITION AGAINST DOMESTIC VIOLENCE
401105230,UINTA GROUP LLC
19981,INTERNATIONAL LONGSHORE & WAREHOUSE UNION
400497448,"LES BROWNLEE & ASSOCIATES, LLC"
26318,MWW GROUP
400566695,"NATIONAL STRATEGIES, LLC"
41476,"THE WILLIAMS COMPANIES, INC."
401103211,CAPITOL ADVOCACY PARTNERS
401105212,PARK&K PUBLIC AFFAIRS LLC
80953,"OSBORNE CONSULTING, INC."
28253,NATIONAL ORGANIZATION OF SOCIAL SECURITY CLAIMANTS' REPRESENTATIVES
53538,SUSAN STOHR
400275275,CAREER EDUCATION CORPORATION
49021,"FEMINIST MAJORITY, THE"
17705,HARVARD UNIVERSITY--PRESIDENT AND FELLOWS OF HARVARD COLLEGE
51478,"TCH GROUP, LLC"
40047363,JEMAL PUBLIC AFFAIRS
401061994,AMERICAN BEVERAGE LICENSEES
401047949,EVERYTOWN FOR GUN SAFETY ACTION FUND
69958,COUNCIL FOR A STRONG AMERICA
28446,NATIONAL REHABILITATION ASSOCIATION
319494,"HARSHMAN CONSULTING, LLC"
401103978,BOLDLYGO INSTITUTE INC
400601833,AMERICAN ASSOCIATION FOR CANCER RESEARCH
21687,NATIONAL VENTURE CAPITAL ASSOCIATION
400467310,"AIRGAS, INC."
31736,POLICY DEVELOPMENT GROUP
401104856,TUSK VENTURES LLC
301711,LENOVO GROUP LTD.
400774330,S-3 GROUP
400523545,ROBINSON WALKER LLC
22405,DEWEY & LEBOEUF LLP
295953,NAN S. WELLS
27263,NATIONAL AUTOMOBILE DEALERS ASSOCIATION
304997,LIMITED BRANDS
20312,"J. C. PENNEY CORPORATION, INC."
401104698,MR. ALAN MERTZ
284493,MR. PHILIP MAGGI
401103210,AMERICAN WOOD COUNCIL
401103774,BURTON STRATEGY GROUP
25192,"MICRON TECHNOLOGY, INC."
39861,VANDERBILT UNIVERSITY
9556,CLOSE UP FOUNDATION
13940,EVANS CAPITOL GROUP
401103540,ELECTRONIC SIGNATURE AND RECORDS ASSOCIATION
400453164,WILHELMI GOVERNMENT AFFAIRS
401103817,WILLIAMSON LAW + POLICY PLLC
4243,ARIZONA WHEAT GROWERS ASSOCIATION
88872,"B&C CONSORTIA MANAGEMENT, L.L.C."
400849500,THE SUMMERILL LAW FIRM
323490,"DC ASSOCIATES, LLC"
31895,PRASAM
53824,CAPITAL ONE FINANCIAL CORPORATION
401103459,DAVID A. BRADLEY
50796,WINNING STRATEGIES WASHINGTON
67592,GORDON C. JAMES PUBLIC RELATIONS
400458234,COMMERCIAL SPACEFLIGHT FEDERATION
401104051,MODERN MARKETS INITIATIVE
400433096,CAPITOL HEALTH SOLUTIONS
401104040,"PEDIATRIX MEDICAL GROUP, INC. (FORMERLY MEDNAX, INC.)"
19480,INSTITUTE OF INTERNATIONAL BANKERS
2684,AMERICAN INTERNATIONAL AUTOMOBILE DEALERS ASSOCIATION
400416982,SCOTT CANADY
401103363,"ARMITAGE CONSULTING, LLC"
401105181,"INNOVATIVE POLICY, PLLC"
285712,KAPLAN KIRSCH LLP (FORMERLY KAPLAN KIRSCH & ROCKWELL LLP)
323876,"BLUE CROSS AND BLUE SHIELD OF KANSAS, INC."
15122,"THE HAROLD FORD GROUP, LLC"
400472332,GENERAL MOTORS COMPANY
401104652,DAVID WADE/GREENLIGHT STRATEGIES LLC
83535,FINANCIAL SERVICES FORUM
52787,MS. ELIZABETH MULLIN
54973,JBI LTD
401104539,VIKING NAVIGATION LLC
290274,LAW OFFICES OF PHILIP R. HOCHBERG
69195,CORPORATION FOR SUPPORTIVE HOUSING
401103394,NATIONAL ASSOCIATION OF THEATRE OWNERS
400408930,NATIONAL RURAL WATER ASSOCIATION
400674015,U.S. GOVERNMENT RELATIONS INTL.
401105461,"1607 STRATEGIES, LLC"
323216,"SAYRE CONSULTING, INC"
401105015,"WORKDAY, INC."
400745229,BBVA
50854,"AMERICAN COMMERCIAL BARGE LINES, LLC"
401103327,OFF HILL STRATEGIES L.L.C.
40002014,THE RATH GROUP
24167,MAZDA MOTOR OF AMERICA DBA MAZDA NORTH AMERICAN OPERATIONS
37802,GRACE TERPSTRA
401103499,SOUTHEAST MISSOURI STATE UNIVERSITY
400443128,STRICKLIN & ASSOCIATES
400326538,JAMES KUHN
400748240,BOYDEN GRAY & ASSOCIATES PLLC
37948,TEXTRON INC.
9751,THE COCA-COLA COMPANY
401105081,INTEGRITAS BY BONO LLC
301196,ASHCROFT GROUP
400314462,"BRUNINI, GRANTHAM, GROWER AND HEWES, PLLC"
316718,L. BARRETT CONSULTING LLC
48188,NATIONAL ORGANIZATION FOR THE REFORM OF MARIJUANA LAWS
400883583,"WEINREICH STRATEGIC GROUP, INC."
83615,BIG BROTHERS BIG SISTERS OF AMERICA
77253,SOCIETY OF INTERVENTIONAL RADIOLOGY
400959769,MARGARET MCGLINCH
401105150,"MASON STREET CONSULTING, LLC"
400459252,COZEN O'CONNOR PUBLIC STRATEGIES
293131,"WASHINGTON ADVOCACY GROUP, LLC"
70995,RON KLINK AND ASSOCIATES
26592,NATIONAL ASSOCIATION FOR THE EDUCATION OF YOUNG CHILDREN
311198,NATIONAL WIC ASSOCIATION (NWA)
66077,FEDERATION OF AMERICAN SOCIETIES FOR EXPERIMENTAL BIOLOGY
401104752,"CROSSFIT, INC."
400786367,TAUZIN STRATEGIC NETWORKS
401104413,"PRIME TRANSATLANTIC, LLC"
401104132,PINE STREET STRATEGIES
3082,AMERICAN PHYSICAL SOCIETY
400432093,CAPITOL LEGISLATIVE STRATEGIES LLC
7257,"BROWNSTEIN HYATT FARBER SCHRECK, LLP"
401104131,"REGENERON PHARMACEUTICALS, INC"
401104384,"BISCAYNE STRATEGIES, LLC"
401104710,RED HAT INC
308695,PRINCETON UNIVERSITY
401104779,"BELLEVUE STRATEGIES, LLC"
51398,"PACIFIC CONSULTING ASSOCIATES, INC."
400701097,STEVE BUYER GROUP
401104173,RNL CONSULTING LLC
401104477,PFISTER GROUP LLC
40002013,COLLEEN LEVINE
401104461,"IMPACT PUBLIC AFFAIRS (FORMERLY MASSEY, WATSON & HEMBREE LLC"
400749243,TITAN AMERICA LLC
307136,BRAZIL INDUSTRIES COALITION
41625,"WINE AND SPIRITS WHOLESALERS OF AMERICA, INC"
66352,HESS CORPORATION
400913663,NALEO EDUCATIONAL FUND
400676018,VSP
400459261,"CANYON SNOW CONSULTING, LLC"
400428069,"BERRY APPLEMAN & LEIDEN, LLP"
401104048,HILLTOP ADVOCACY
400953754,"KOINONIA HOMES, INC."
45128,"HEALTHPARTNERS, INC."
43285,FEDEX CORPORATION
400451152,RANDOLPH E. CLOUD & ASSOCIATES
400782356,"CLEAN ENERGY BRIDGE, LLC"
36207,"SOUTHERN STATES POLICE BENEVOLENT ASSOCIATION, INC."
400296394,"JK WILSON, LLC"
400503479,NATIONAL ASSOCIATION OF VISION CARE PLANS
401105263,"INDIGO AGRICULTURE, INC."
316194,MARTIN E. SIMMONS
46084,CAPITOL HILL ADVOCATES LLC
400500471,GOTHAM GOVERNMENT RELATIONS
53265,NATIONAL COLLEGIATE ATHLETIC ASSOCIATION
290398,"POLICY COMMUNICATONS, INC."
60116,MAYNARD NEXSEN PC
40030259,AMERICAN CONCRETE PIPE ASSOCIATION
400453167,"THIRD COAST CONSULTING, LLC"
324332,UNIVERSITY OF MASSACHUSETTS
305852,AMERICAN CAPITOL GROUP
3765,"AMERICANS FOR DEMOCRATIC ACTION, INC."
23111,LONG LAW FIRM
401104256,"JIM MASSIE & PARTNERS, LLC"
67934,SCAN HEALTH PLAN
89235,UNIVERSITY OF NORTH CAROLINA AT CHAPEL HILL
401017872,"JGB & ASSOCIATES, LLC"
303850,"HABITAT FOR HUMANITY INTERNATIONAL, INC."
319051,ADFARM
400622890,PRESCHOOL CALIFORNIA
285814,"GRIFFITH & ROGERS, LLC"
41328,WHITTEN & DIAMOND
401104213,"BC CONSULTING, LLC"
293118,"CITIZENS FINANCIAL GROUP, INC."
400397871,"GENN & MURPHY, LLC"
401105420,"O'ROURKE AND ASSOCIATES, LLC"
53618,HYUNDAI MOTOR COMPANY
4072,ANTI-DEFAMATION LEAGUE
400265213,PMI GLOBAL SERVICES INC.
89554,BOARDMAN USA
401103490,"THE CAPITOL INITIATIVES GROUP, LLC"
1557,AMERICAN ASSOCIATION OF COMMUNITY COLLEGES
7394,BUILDING OWNERS AND MANAGERS ASSOCIATION INTERNATIONAL
400280348,HOUSING AUTHORITY INSURANCE
51172,U.S. CHAMBER INSTITUTE FOR LEGAL REFORM
321715,AMERICAN SHIPPING & LOGISTICS GROUP
317914,SECURITIES INDUSTRY AND FINANCIAL MARKETS ASSOCIATION
40006040,SCOFES & ASSOCIATES CONSULTING INC
400367701,ST. LUKE'S HOSPITAL & HEALTH NETWORK
400861527,"NEWTON DILLARD, INC."
26706,NATIONAL ASSOCIATION OF COMMUNITY HEALTH CENTERS
400640934,"DELANY ADVISORY GROUP, LLC"
401103531,DAVID MILLER
40029256,THE SEGAL COMPANY
297773,"LOEWS PUBLIC AFFAIRS SERVICES, INC.  (FORMERLY MLBA SERVICES, INC)"
38164,"TIMMONS AND COMPANY, INC."
286633,DEUTSCHE BANK SECURITIES INC.
400899628,JOCELYN ZIEMIAN
293836,WTA -- ADVOCATES FOR RURAL BROADBAND
400321512,EISAI INC.
31350,PHARMACEUTICAL RESEARCH AND MANUFACTURERS OF AMERICA
401103716,"NEWBERRY ADVISORS, LLC"
400497444,NETJETS INC.
306591,GRINDSTONE CONSULTING (FORMERLY KNOWN AS STEPHEN DONCHES II)
401104118,ADISA - ALTERNATIVE & DIRECT INVESTMENT
401104679,CURA STRATEGIES
401010853,WALSH CAPITOL CONSULTING LLC
298637,LITTMAN ASSOCIATES
400374716,"HOVNANIAN ENTERPRISES, INC."
2560,AMERICAN HORSE COUNCIL
309333,ESSENTIAL MINERALS ASSOCIATION (FKA INDUSTRIAL MINERALS ASSOCIATION - NORTH AMERICA)
400320505,MOLSON COORS BEVERAGE COMPANY USA LLC
36914,BRADLEY ARANT BOULT CUMMINGS LLP
400644943,"FRIEDLANDER MISLER, PLLC"
46916,LEVINE & COMPANY
32885,RECREATIONAL FISHING ALLIANCE
86072,"F/S CAPITOL CONSULTING, LLC"
11105,THE JEWISH FEDERATIONS OF NORTH AMERICA
40029250,"DONNA M. FIORENTINO, LLC"
400549648,"GBSM, INC."
323193,"AMERICAN TECHNOLOGY SPECIALISTS, LLC"
54882,PERNOD RICARD
30507,SEMPRA
40029247,WASHINGTON PACIFIC ECONOMIC DEVELOPMENT GROUP
401104805,SPI GROUP SARL
40041332,LEHIGH VALLEY HEALTH NETWORK
69457,ENVIRONMENTAL WORKING GROUP
401098064,CAPITOL INFORM
401104056,SPINNAKER GOVERNMENT RELATIONS FKA C.H. FISHER LLC
401103891,SHELLY LYONS PUBLIC AFFAIRS AND COMMUNICATIONS
34821,SEMICONDUCTOR INDUSTRY ASSOCIATION
401104610,BOUSUM CONSULTING LLC
401103861,ASIAN AMERICAN HOTEL OWNERS ASSOCIATION
400723173,HICKAM PUBLIC AFFAIRS INC.
323012,"JILL WARREN, P.C."
89816,"INTERVISTAS CONSULTING, INC."
400418986,"HEALTH CARE SERVICE CORPORATION, A MUTUAL LEGAL RESERVE COMPANY (HCSC)"
400497443,ED GREELEGS
401053970,GRAYROBINSON PA
6963,BREAD FOR THE WORLD
40011085,"GRIFOLS SHARED SERVICES NORTH AMERICA, INC."
5164,"BAKER HEALTHCARE CONSULTING, INC."
69151,"ABERNATHY CONSULTANTS, CATHY"
400416976,"DELTAHAWK ENGINES, INC."
4788,CONSUMER DATA INDUSTRY ASSOCIATION
283754,CENTER FOR AMERICAN PROGRESS ACTION FUND
29174,NEW YORK LIFE INSURANCE COMPANY
400434103,"WATER STRATEGIES, LLC"
401103948,"MLT CONSULTING, LLC"
22746,THE MICHAEL LEWAN COMPANY
40006046,RICHARD H. LEHMAN
320656,OPEN INTERNET COALITION
400456195,BRUCE LEHMAN
321293,POKER PLAYERS ALLIANCE
401023888,ELECTROLUX NORTH AMERICA
401103687,ABELL PUBLIC POLICY
400658982,"STIEN CONSULTING, LLC"
290252,NATIONAL HEALTH POLICY GROUP
401104292,ISRAELI-AMERICAN COALITION FOR ACTION
400411945,ICAHN ASSOCIATES LLC
30427,OWENS CORNING
284790,NOVO NORDISK INC.
400836474,MICHAEL CLAUNCH
401044938,MELLOR WILLIE
400340583,NATIONAL ALLIANCE OF FOREST OWNERS
55121,MR. STANLEY BRAND
401103503,SULLIVAN STRATEGIES LLC (FKA SB CAPITOL SOLUTIONS)
293415,ALLIANCE FOR AMERICAN ADVERTISING
400694068,NAU COUNTRY INSURANCE COMPANY
28606,AMERICAN BEVERAGE ASSOCIATION
400478354,DAVID KRAHL
401105114,RIPPLE LABS INC
53287,CHILDREN'S CANCER CAUSE
294030,"ADVANCED MICRO DEVICES, INC."
302051,"MESSERLI & KRAMER, P.A."
64576,BRIDGESTONE AMERICAS INC.
401009849,"MAROON CONSULTANTS, LLC"
8316,CARMEN GROUP INCORPORATED
315273,BAKER AND MILLER PLLC
12345,"DISABILITY RIGHTS EDUCATION & DEFENSE, INC."
318232,DEAN D'AMORE
309058,"KATTEN MUCHIN ROSENMAN, LLP"
292618,"LEGISLATIVE INITIATIVES, LLC"
4493,ASSOCIATION OF AMERICAN MEDICAL COLLEGES
400522542,MICHELLE LEVY
400393847,"NOBLE ENERGY, INC."
50706,"AUTODESK, INC"
400681030,KURT VOLKER
400269230,AAMS
400511508,RICK NEAL
400556662,"CENTERPOINT ENERGY, INC."
400525548,JMS CONSULTING LLC
5803,THE BELEW LAW FIRM
400976792,FORBES-TATE
306578,CENTENE CORPORATION
401105022,SPLYSS LLC
33911,"RUDER FINN, IN.C"
400275273,"GEMALTO, INC"
22826,LIBERTY MUTUAL GROUP
401103265,THE KIDD GROUP LLC
400581777,BRET HEALY D/B/A RIVERBLUFF STRATEGIES
7348,MR. ROBERT BUCKLER
1331,AMERICAN ACADEMY OF DERMATOLOGY ASSOCIATION
400460289,"SHAMROCK MARITIME CONSULTANTS,LLC"
17088,GRYPHON INTERNATIONAL
400375723,NATIONAL ASSOCIATION OF REAL ESTATE INVESTMENT MANAGERS
400276313,ASSOCIATION FOR HOMEOWNERS ACROSS AMERICA
400549647,GPSLLC
313577,"RAPISCAN SYSTEMS, INC."
400408935,"KNOTT RESEARCH AND COMMUNICATIONS, LLC (FKA KERRY KNOTT)"
29458,NORTH AMERICAN EXPORT GRAIN ASSOCIATION
9658,COALITION FOR RESPONSIBLE WASTE INCINERATION
401104541,"ATRIO CONSULTING GROUP, LLC"
400716154,JOSEPHINE COOPER LLC
400362688,"CAPEDC ADVISORS, LLC"
286677,MARCIA BEXLEY
400435107,"SURMONT, LLC"
17501,THE CAPITOL ALLIANCE
19478,THE INSTITUTE OF ELECTRICAL AND ELECTRONICS ENGINEERS
75078,CAPITOL MANAGEMENT INITIATIVES
319632,NATIONAL ASSOCIATION OF SHELL MARKETERS
400903639,MABRY PUBLIC AFFAIRS LLC
400712134,RULON & WHITE GOVERNANCE STRATEGIES
400847498,"ATHENAHEALTH, INC."
400586788,"FIFESTRATEGIES, LLC"
38608,TRUSTEES OF THE UNIVERSITY OF PENNSYLVANIA
25168,MICHIGAN HEALTH & HOSPITAL ASSOCIATION
40003024,"TELEVISAUNIVISION, INC. (FKA UNIVISION COMMUNICATIONS INC.)"
48598,METCALF FEDERAL RELATIONS
41988,60 PLUS ASSOCIATION
400617873,GRAY COMMUNICATIONS INC
401104362,"SMW PARTNERS, LLC"
400265211,"GILLON & ASSOCIATES, PLLC"
1216,"THE ALUMINUM ASSOCIATION, INC."
304350,"OXFAM AMERICA, INC."
77798,"SODEXO, INC."
401104446,"AIRBNB, INC."
400323519,MR. H.R. BERT PENA
305338,BERNSTEIN STRATEGY GROUP
29117,NATIONAL GRID USA
400278334,MICHAEL A. INGRAO
317071,"IRAQ AND AFGHANISTAN VETERANS OF AMERICA, INC."
40032283,UNIVERSITY OF GEORGIA
13016,EASTMAN KODAK COMPANY
401104266,THE INSTITUTE FOR FAMILY HEALTH
27924,NATIONAL GROCERS ASSOCIATION
69014,"SISCO CONSULTING, LLC"
401103475,"VENTURE GOVERNMENT STRATEGIES, LLC (FKA HOBART HALLAWAY & QUAYLE VENTURES, LLC)"
293712,SOCIETY FOR NEUROSCIENCE
19811,INTERNATIONAL BROTHERHOOD OF BOILERMAKERS
5197,"BALCH & BINGHAM, LLP"
400276305,"COMPASS POINT ADVISORS, L.L.C."
400384769,OTTERSON LLC
14518,FINANCIAL ACCOUNTING FOUNDATION
75898,MCCANN CAPITOL ADVOCATES
401104553,"MARTIN-WILBOURN PARTNERS, LLC"
292174,VIRGIN TRAINS USA
400679025,"THE RANDEL GROUP, LLC"
400275284,"REHABCARE GROUP, INC."
14473,THE FASHION INSTITUTE OF DESIGN & MERCHANDISING
401103300,WISE PUBLIC AFFAIRS
33113,"RESOURCE EFFICIENCY, INC."
40047364,THE PENNSYLVANIA AVENUE GROUP
37653,TDS TELECOMMUNICATIONS CORPORATION
35150,THE SHERIDAN GROUP
400604838,BLUE STAR STRATEGIES LLC
2797,"AMERICAN LIFE LEAGUE, INC"
401104057,MS. LOUISE HILSEN
26067,THE MOUNT SINAI HOSPITAL
76855,DLA PIPER LLP (US)
21893,KPMG LLP
324137,ERIC MONDERO
401104019,"1-800 CONTACTS, INC."
15747,GALLATIN PUBLIC AFFAIRS
55291,BUCHANAN INGERSOLL & ROONEY PC
400274269,SAGAT/BURTON LLP
22154,MS. FERN LAPIDUS
33204,RAI SERVICES COMPANY
400795389,"SOUTHEAST QSR, LLC"
18411,"F. HOFFMANN-LA ROCHE LTD, AND ITS AFFILIATES"
400275292,IOWA FARM BUREAU FEDERATION
18570,PALMETTO GROUP
400644944,WILLIAM HAMILTON
400381749,"LHD & ASSOCIATES, INC."
401103222,UNIVERSITY OF NEW MEXICO
9033,"CME GROUP, INC."
3470,ASME
400693063,AMERICAN HEALTH CARE PROFESSIONALS
4766,"ASSOCIATED BUILDERS AND CONTRACTORS, INC."
400761295,"ICAP SERVICES NORTH AMERICA LLC (FORMERLY ICAP NORTH AMERICA, INC.)"
400458202,NATIONAL AUTOMATIC MERCHANDISING ASSOCIATION
313590,DANIEL BLUM
400316484,EMERGENCY DEPARTMENT PRACTICE MANAGEMENT ASSOCIATION
87858,J.C. WATTS COMPANIES
400430084,"LUCAS | COMPTON, LLC FORMERLY MADISON POLICY GROUP, LLC"
400949744,ELDER FEDERAL AFFAIRS LLC
401103743,"CAPITOL CORE GROUP, INC."
401103364,THE WONDERFUL COMPANY (FKA ROLL GLOBAL)
2514,AMERICAN HEALTH QUALITY ASSOCIATION
2877,AMERICAN MEDICAL ASSOCIATION
307034,MILLER & WENHOLD CAPITOL STRATEGIES
400424029,"POLARIS-HUTTON GROUP, LLC"
28878,MR. BRUCE NAVARRO
19764,ASSOCIATION OF FISH AND WILDLIFE AGENCIES
87051,"ATOKA INTERNATIONAL, LLC"
400978796,"THE CSL GROUP, INC."
400337566,"M.J. BRADLEY & ASSOCIATES, LLC"
401105392,"BLUE RIDGE LAW & POLICY, P.C."
74157,ANDREA AVERY
401104006,THE JOE DAVIS COMPANY LLC
401104101,B+S STRATEGIES
401018874,"RUBIN HEALTH POLICY CONSULTING, LLC"
32021,"PPG INDUSTRIES, INC"
400593810,GLOBAL FOOTWEAR PARTNERSHIPS LLC
400437111,BELL RESEARCH COMPANIES
22883,FBB FEDERAL RELATIONS
401104300,MICHAEL N. MCCARTY LAW OFFICE PLLC
13005,EASTMAN CHEMICAL COMPANY
401103519,"COHEN & GRIGSBY, P.C."
401103838,BW CONSULTING LLC
318915,"AMERICAN CANCER SOCIETY, HIGH PLAINS DIVISION, INC."
8065,CAPITAL CONCEPTS
400459259,PAUL VIKNER
54255,ADVOCATES FOR YOUTH
17944,"HEARD ASSOC, KEITH"
4117,APCO WORLDWIDE LLC
19571,ENTERTAINMENT SOFTWARE ASSOCIATION
53004,OHIO HOSPITAL ASSOCIATION
401104754,BETHANY CHRISTIAN SERVICES
400778340,M. MACMILLIN SLOBODIEN
2673,AMERICAN INTELLECTUAL PROPERTY LAW ASSOCIATION (AIPLA)
400421007,"FRIENDS OF THE GLOBAL FIGHT AGAINST AIDS, TUBERCULOSIS AND MALARIA"
57976,BRYANT CHRISTIE INC.
401014864,PETER BLOCKLIN
400575730,"MERIT MEDICAL SYSTEMS, INC."
400866538,"MICHAEL DOUGLAS FERRELL, LLC"
289671,LIBERTY STRATEGIES LLC
41784,NATIONAL PARTNERSHIP FOR WOMEN & FAMILIES
1056,ALLIANCE TO SAVE ENERGY
400474348,LEONARD CONDON
400731191,"REPSOL, S.A."
25410,MILLIKEN & COMPANY
29881,BARTLEY O'HARA
51616,XAVIER EQUIHUA
62893,CELGENE CORPORATION
54175,"MANCHESTER TRADE LIMITED, INC."
400384780,CALERA CORPORATION
400725175,ALTARUM INSTITUTE
318551,"ANDERSONTUELL, LLP"
400279346,NATIONAL RELIGIOUS CAMPAIGN AGAINST TORTURE
26056,"MOTOROLA SOLUTIONS, INC"
40036305,WASHINGTON MATTERS LLC
401104569,"627 CONSULTING, LLC"
400352617,DELTA COUNCIL
400470322,LGCR GOVERNMENT SOLUTIONS
400695074,FREDERICK KEMPH
401103860,21ST CENTURY ONCOLOGY
10888,CORNING INCORPORATED
401104986,GRANITE PUBLIC AFFAIRS
400694069,"HEATING, AIRCONDITIONING & REFRIGERATION DISTRIBUTORS INTERNATIONAL"
32065,UNIVERSITY OF PITTSBURGH MEDICAL CENTER
10935,THE PERSONAL CARE PRODUCTS COUNCIL
45356,WESTON SOLUTIONS INCORPORATED
300355,JENNIFER BERZOK
400342587,DANFOSS INC.
59216,"SSAB ENTERPRISES, LLC"
401104785,CAPITOL HILL POLICY GROUP LLC
400697081,"CAPITOL CONSULTING, L.L.C."
38153,THE TIMKEN COMPANY
400391830,R. J. HUDSON ASSOCIATES (DBA PACE GOVERNMENT SERVICES)
74055,"LEVEL 3 COMMUNICATIONS, LLC"
35764,MR. DANIEL SMITH
54073,ASTRAZENECA PHARMACEUTICALS LP
400761301,"RINI O'NEIL, PC"
400886595,THE ROOSEVELT GROUP
400878571,TG&C GROUP
3561,"AMERICAN SUBCONTRACTORS ASSOCIATION, INC."
400407928,JULIE PHILP
51401,OBERMAYER REBMANN MAXWELL & HIPPEL LLP
56417,"TIMOTHY R. RUPLI & ASSOCIATES, INC."
401105259,"PLATINUM ADVISORS DC, LLC"
317173,"TOSI MARITIME CONSULTANTS, LLC"
400637923,MOORE CONSULTING
401103502,"FELTON ASSOCIATES, LLC"
304656,MICHAEL E. KORENS
401104625,THE CARLYLE GROUP
401024891,PREMIUM CIGAR ASSOCIATION
316354,"LEGG, PERKINS & ASSOCIATES, LLC"
69617,MULTINATIONAL LEGAL SERVICES
11468,RAY C CULVER III
400703106,"NEW WEST STRATEGIES, LLC"
21437,KENT STATE UNIVERSITY
400406918,VISION AMERICAS LLC
31634,"PLANNED PARENTHOOD FEDERATION OF AMERICA, INC."
20664,JOHNS HOPKINS UNIVERSITY
30518,PACIFIC GAS AND ELECTRIC COMPANY
400760272,FOLEY STRATEGIES LLC
26147,"THE LAW OFFICES OF JOHN R. BRIMSEK, PC"
401103221,KASOWITZ BENSON TORRES LLP
400493430,"THE FLOURNOY GROUP, LLC"
400402901,VALUE PLACE LLC
400494438,DANIEL LAPRE
46472,"FONTHEIM PARTNERS, P.C."
305316,GUIDRY ASSOCIATES LLC
31075,CROSSSTATE CREDIT UNION ASSOCIATION
400272254,"ASHLEY O. THRIFT, PLLC"
39041,UNITED ASSN OF JOURNEYMEN & APPRENTICES OF THE PLUMBING & PIPEFITTING INDUSTRY
400851506,BARBARA DANG
400534598,"THE WSJ GROUP CONSULTING, LLC"
290514,"SHERMAN, DUNN, COHEN, LEIFER & YELLIG, P.C."
401103924,"MOLL STRATEGIES, LLC"
83717,STANTON PARK GROUP
400459238,"EAGLE 1 RESOURCES, LCC"
54517,EBAY INC.
400263201,BRENNAN CENTER FOR JUSTICE AT NYU SCHOOL OF LAW
45004,"DOMINION ENERGY, INC."
302153,"CHAMWORKS, LLC"
30085,OGLETHORPE POWER CORPORATION
401103829,"KV STRATEGIES, LLC"
400838477,SCHNEIDER ELECTRIC
9077,THE CHILDREN'S HOSPITAL OF PHILADELPHIA
400267220,NEVADA CANCER INSTITUTE
301813,MRS. PHYLLIS CUTTINO
400736206,GEO-ENTERPRISE
401103780,NATIONAL ASSOCIATION OF HOUSING COOPERATIVES
400482376,PHYSICIAN ASSISTANT EDUCATION ASSOCIATION
400985812,NATIONAL QUALITY FORUM
400384772,KENNETH GEAR
400266218,SZD WICKER
401103997,NATIONAL IMMIGRATION FORUM ACTION FUND
401012860,"POTOMAC GLOBAL ADVISORS, LLC"
81852,"HDR, INC"
400390813,"NAPPI & HOPPE, LLC"
27308,NATIONAL BOARD FOR PROFESSIONAL TEACHING STANDARDS
400438112,TOM WOLFE
26023,MOTOR & EQUIPMENT MANUFACTURERS ASSOCIATION
61174,"DCI GROUP, L.L.C."
401103835,"PALE BLUE, LLC"
400794388,"SCONSET STRATEGIES, LLC"
401103951,"DROPBOX, INC."
400803404,MARATHON PETROLEUM COMPANY LP
400683034,"DC STRATEGIES GROUP, LLC"
30278,ORBITAL SCIENCES CORPORATION
401103335,SGR LLC GOVERNMENT RELATIONS AND LOBBYING
401104869,"O'KEEFFE SHAHMORADI STRATEGIES, LLC"
283572,FROST BROWN TODD LLC
294952,"TRADEWINS, LLC"
42023,YALE UNIVERSITY
400392839,CHARLES SEWELL
401103866,MS. ELIZABETH GARNER
64678,ALLIANCE MANAGEMENT GROUP
401103950,MR. ALEXANDER LEVINE
38767,CHAMBER OF SHIPPING OF AMERICA
70131,"MERCURY STRATEGIES, LLC"
400511512,PKD FOUNDATION
90170,MR. CHARLES R. VAUGHN
401104996,HODGKINS AND ASSOCIATES
309297,BOYS & GIRLS CLUBS OF AMERICA
25465,3M COMPANY
9000,CHEVRON U.S.A. INC.
401103486,"COMMONWEALTH STRATEGIC PARTNERS, LLC"
39655,USA RICE FEDERATION
40014111,MR. CHARLES WAX
400570717,"INTERCONTINENTAL EXCHANGE GROUP, INC. (FORMERLY INTERCONTINENTAL EXCHANGE)"
401055977,"UNIVERSITY OF MARYLAND GLOBAL CAMPUS, FORMERLY KNOWN AS UNIVERSITY OF MARYLAND UNIVERSITY COLLEGE"
401031904,NATIONAL COORDINATING COMMITTEE FOR MULTIEMPLOYER PLANS
400418989,"PATRIOT STRATEGIES, INC."
401104137,IMPACT MANAGEMENT GROUP
400545627,LOPER CONSULTING LLC
401103684,DOUGLASS E. BOBBITT
320510,GOOGLE CLIENT SERVICES LLC
400476351,"ZIEMBA WAID PUBLIC AFFAIRS, LLC"
401105153,"PATHWARD, N.A."
321431,JAKA CONSULTING GROUP
400451150,PROJECT MANAGEMENT INSTITUTE
401104452,THE STUTZMAN GROUP LLC
400606845,ACCURAY INCORPORATED
401105361,"POTOMAC SOUTH, LLC"
401055978,MR. GALEN RESER
401103528,GARRETT JEMISON
89177,"MEDCO HEALTH SOLUTIONS, INC"
28732,NATIONAL TURKEY FEDERATION
400315470,CHILDREN'S HEALTH FUND
82055,ERIS GROUP
27401,CAMPAIGN FOR TOBACCO-FREE KIDS
49418,PARSONS BEHLE & LATIMER
181,"ADDUCI, MASTRIANI & SCHAUMBERG, L.L.P."
15543,FRIENDS OF THE EARTH
32932,REED SMITH LLP
72918,"CH2M HILL COMPANIES, LTD"
315397,THE REGENCE GROUP
23782,MARITIME INSTITUTE FOR RESEARCH AND INDUSTRIAL DEVELOPMENT
400566693,AMERICANS UNITED FOR LIFE ACTION
40006038,"MURPHY OIL USA, INC."
1466,ASSOCIATION FOR DIAGNOSTICS & LABORATORY MEDICINE (FORMERLY AACC)
401104285,"WELSH ROSE, LLC"
78733,MR. DAVID DISTEFANO
7543,"THE BUSINESS ROUNDTABLE, INC."
400852508,HARM REDUCTION COALITION
400499466,THE FGA GROUP LLC
401103981,SPOTIFY USA INC.
400428070,"NATIONAL HEALTH ADVISORS, LLC"
401095057,CAMERON COMPANIES
400453163,COMMERCIAL VEHICLE SAFETY ALLIANCE
400552654,BALLARD SPAHR LLP
20037,INTERNATIONAL LITERACY ASSOCIATION (FKA INTERNATIONAL READING ASSOCIATION)
9534,WILLIAM M. CLOHERTY
401105018,1600 GROUP LLC
401104157,"NOVAVAX, INC"
400825450,ALASKA NATIVES TRIBE
400581776,RIDGE POLICY GROUP
401103759,THE MARINE RETAILERS ASSOCIATION OF THE AMERICAS
400275274,INTEGRA TELECOM
401103906,AMERICAN KIDNEY FUND
310370,DELTA STRATEGY GROUP
401105529,GREYDIANT CONSULTING LLC
46483,U.S. TIRE MANUFACTURERS ASSOCIATION
40022159,POLK CONSULTING LLC
298158,"SONORAN POLICY GROUP, LLC D/B/A STRYK GLOBAL DIPLOMACY, FORMERLY KNOWN AS SONORAN POLICY GROUP, LLC"
86551,JOHN TALBOTT HOUK
400504485,"JON WOOD & ASSOCIATES, LLC"
299811,KEVIN MCGUINESS PLLC
400710128,"JACOBSON, MAGNUSON, ANDERSON & HALLORAN P.C."
401103969,"ETSY, INC."
9636,U.S. LUMBER COALITION
33795,THE ROTH GROUP
51081,MR. DAVID M. WEIMAN
285255,STRATEGIC HEALTH CARE
298056,DTS SOLUTIONS LLC
401103461,MCMARK LLC
56997,NORTH AMERICAN EQUIPMENT DEALERS ASSOCIATION (FORMERLY KNOWN AS EQUIPMENT DEALER
401104250,"BATTLE CONSULTING, LLC"
40013101,THE POLICY GROUP
401103587,MR. GAYLORD KENT CONRAD
400422017,"DEVON ENERGY PRODUCTION COMPANY, LP"
78538,ECKERD COLLEGE
401103506,REDFIVE STRATEGIES
30108,OHIO MUNICIPAL ELECTRIC ASSOCIATION
2957,AMERICAN NETWORK OF COMMUNITY OPTIONS AND RESOURCES
400955762,CATSKILL MOUNTAINKEEPER INC
58157,"LEONARDO DRS, INC."
401105297,"CLINE STRATEGIC CONSULTING, LLC"
314977,"MRGB CONSULTING, LLC"
401103183,YELP INC.
50694,JOHN DISTIN
401103555,"ARENA STRATEGIES, LLC"
401104960,"AG PROCESSING, INC."
322170,PIER STRATEGIES LLC
26934,NATIONAL ASSOCIATION OF MORTGAGE BROKERS
401104304,MR. LANDON FULMER
400320503,SOCIETY FOR HEALTHCARE EPIDEMIOLOGY OF AMERICA
26227,"MURRAY, MONTGOMERY & O'DONNELL"
27172,NATIONAL ASSOCIATION OF STUDENT FINANCIAL AID ADMINISTRATORS
62277,MILLENNIUM: THE TAKEDA ONCOLOGY COMPANY
9226,"CIGAR ASSOCIATION OF AMERICA, INC."
13324,ELECTRIC DRIVE TRANSPORTATION ASSOCIATION
401104556,BOUNDARY STONE PARTNERS
401104147,"360 QUALITY OF LIFE SOLUTIONS (A TRADE ASSOCIATION), INC."
74534,TRUIST FINANCIAL CORPORATION (FORMERLY KNOWN AS BB&T)
401105244,RBF ADVISORS LLC
400722170,SEAN P. DUNN & ASSOCIATES
400360678,"FIRSTPIC, INC."
46038,JEFFREY J. KIMBELL AND ASSOCIATES
401103644,ASSOCIATION OF CLINICIANS FOR THE UNDERSERVED
26865,NAIOP
28413,"NPR, INC."
400460285,MS. VIRGINIA BOYLAN
47121,UNIVERSITY OF NORTH CAROLINA AT WILMINGTON
401104023,MR. MARK MICALI
401103092,"PLAYMAKER STRATEGIES, LLC"
5404,"BARNES & THORNBURG, LLP"
401104853,SIXTEEN THIRTY FUND
84992,CAMPAIGN FOR AMERICA'S WILDERNESS
80337,STEVEN JONCAS
400569709,COMPETITIVE CARRIERS ASSOCIATION
401103651,DGSR LLC
31100,THE PENNSYLVANIA STATE UNIVERSITY
82090,JANIS GUERNEY
400505488,NATIONAL ORGANIZATION ON DISABILITY
401104509,NATIONAL ASSOCIATION OF ACCOUNTABLE CARE ORGANIZATIONS
400271253,MR. THOMAS WILSON
18901,HUMAN RIGHTS CAMPAIGN
41022,"U.S. AGBANK, FCB"
30030,OFFICE OF THE COMMISSIONER OF BASEBALL
18182,HICKS-RICHARDSON ASSOCIATES
314294,DUKE UNIVERSITY
290070,"MWR STRATEGIES, INC."
401103096,"ROBERT L. ARLEO LOBBYING SERVICES, LLC"
400761274,RIVERWOOD GROUP
323898,NATIONAL ASSOCIATION TO PROTECT CHILDREN (PROTECT)
308833,"R&R PARTNERS, INC."
400660988,THE ADVOCACY FUND
401102072,ULTRA MARITIME LLC (FORMERLY REPORTED AS ULTRA ELECTRONICS DEFENSE INC)
40013096,"FRANKLIN SQUARE GROUP, LLC"
36424,SSM HEALTH CARE
401103865,MULTISTATE ASSOCIATES INC.
297911,VERMONT ENERGY PARTNERSHIP
401103498,COMPASSION AND CHOICES
400359648,"VARIAN MEDICAL SYSTEMS, INC."
401104735,"INSIGHT PUBLIC AFFAIRS, INC."
3526,AMERICAN SPORTFISHING ASSOCIATION
298331,"REDMON, PEYTON & BRASWELL LLP"
32054,"PREMIER, INC."
17374,HALLIBURTON COMPANY
401053968,"ADP, LLC"
401105383,"POLICY AZ, LLC"
400282353,CITY OF HOPE NATIONAL MEDICAL CENTER
400954757,"ABRAHAM & ROETZEL, LLC"
48838,"FLIR GOVERNMENT SYSTEMS, INC."
7463,RANDALL B. ROE
46621,ENVIRONMENTAL TECHNOLOGY COUNCIL
400406924,BRIDGE GOVERNMENT RELATIONS LLC
67876,GILBERT'S LLP
20334,JACKSON NATIONAL LIFE INSURANCE COMPANY
400642939,ACHILLEAN GROUP INC.
40036298,"ANTHONY & MIDDLEBROOK, P.C."
400348604,"TAFT STETTINIUS & HOLLISTER LLP DBA TAFT ADVISORS LLC FKA (TAFT, STETTINIUS & HOLLISTER,LLP)"
307295,UNIVERSITY OF NEBRASKA
18238,"HIGHMARK, INC."
60058,ASSOCIATION OF HOME APPLIANCE MANUFACTURERS
25408,MR. RICHARD MILLER
401104359,SUN LIFE FINANCIAL (U.S.) SERVICES COMPANY INC.
66090,"NATIONAL GROUP, LLP"
32475,"PUBLIC STRATEGIES, INC."
321054,TALMADGE BRANCH
400458211,MR. MATTHEW R. SIMMONS
289955,"ARCH RESOURCES, INC. (FORMERLY ARCH COAL, INC.)"
400671007,"TAUZIN CONSULTANTS, LLC"
301254,"THE MITA GROUP, INC."
45378,AMERICAN SOCIETY OF INTERIOR DESIGNERS
312257,BAVARIAN NORDIC INC.
400489401,"RENRE NORTH AMERICA HOLDINGS, INC"
401065000,"HILL CONSULTING, LLC"
7042,THE BRISTOL GROUP
400499465,MILLER GROUP INTERNATIONAL LLC
400458235,"ALKERMES, INC."
556,"AIR-CONDITIONING, HEATING, AND REFRIGERATION INSTITUTE"
25181,MICHIGAN TECHNOLOGICAL UNIVERSITY
400731194,PAUL SWEET DBA NPS
310973,APOTEX CORP.
400432094,"THE ROSS GROUP, LLC"
1661,AMERICAN HORTICULTURE INDUSTRY ASSOCIATION
283674,ROCKY MOUNTAIN CAPITOL CONSULTING
69754,"SAVE THE CHILDREN FEDERATION, INC."
12130,DTE ENERGY
18488,HOLCIM (US) INC.
18694,HSBC-NORTH AMERICA
401105493,HILLNORTH LLC
313178,"THE BREWER GROUP, LLC (FORMALLY POWERS BREWER, LLC)"
401103276,SCHWAN'S COMPANY
40015118,COLLEGE AND UNIVERSITY PROFESSIONAL ASSOCIATION FOR HUMAN RESOURCES
400812421,"FINDLAY & WESTERN STRATEGIES, LLC"
71872,"HUONG C. ""SUSAN"" LYONS"
305613,"HUDSON TG, LLC"
400678024,"CHATMAN, LLC"
288954,TASSEY & ASSOCIATES
401104100,"VANTAGE KNIGHT, INC."
91796,MAXAR TECHNOLOGIES HOLDINGS INC.
42741,WINSTEAD PC
1923,AMERICAN CLINICAL LABORATORY ASSN
400279341,CENTER FOR SPORTFISHING POLICY
21847,"KOGOVSEK & ASSOCIATES, INC."
401103507,NAMMO INC.
27332,"NATIONAL BUSINESS AVIATION ASSOCIATION, INC."
400443126,NICOLE NASON
84217,"CARD & ASSOCIATES, LLC"
9886,THE COLLEGE ENTRANCE EXAMINATION BOARD
36982,"STRATEGIC PARTNERS, INC."
292653,"AM&S TRADE SERVICES, LLC"
32464,PUBLIC SERVICE ENTERPRISE GROUP
400354619,MHA MANAGEMENT SERVICES CORPORATION
28388,ZERO PROSTATE CANCER
401104699,THE BLACKOAK GROUP FORMERLY KNOW AS JOHN COLLISON
32395,PUBLIC LANDS COUNCIL
297897,MR. BARRY STRUMPF CONSULTING
400717156,ASSOCIATION OF SCHOOLS AND PROGRAMS OF PUBLIC HEALTH (OLD: ASSOCIATION OF SCHOOL
58077,CARLA WEST
3925,ALTICOR INC.
400912660,"SWF CONSULTING, L.L.C."
308593,RTK CONSULTING GROUP LLC
401104744,OLIVERSTRATEGIES
400273263,"ILLINOIS GOVERNMENTAL CONSULTING GROUP, LLC"
400760269,"CAPITOL HILL STRATEGIC ADVOCATES, LLC"
401104425,"PLURUS STRATEGIES, LLC"
400328546,NORTHERN CALIFORNIA POWER AGENCY
57178,"THE MIKE WAITE COMPANY, INC."
35627,SMALL BUSINESS & ENTREPRENEURSHIP COUNCIL (SBE COUNCIL)
400648955,"INTERNATIONAL SECURITIES EXCHANGE, LLC"
24338,MCDERMOTT WILL & EMERY LLP
400482379,"LEGG MASON, INC."
79791,"POTOMAC COUNSEL, LLC"
400471331,"GLOBAL GREEN HOLDINGS, LLC"
400270238,MAYO CLINIC
401103550,SUMMIT STRATEGIES GOVERNMENT AFFAIRS LLC
316731,"DAIICHI SANKYO, INC."
7383,"BUILDING AND CONSTRUCTION TRADES DEPT., AFL-CIO"
14256,FEDERATION FOR AMERICAN IMMIGRATION REFORM
26411,NATIONWIDE MUTUAL INSURANCE COMPANY
55427,PAUL T. GLOVER CONSULTANTS
37744,TEMPLETON AND COMPANY
37208,"SUGAR ASSOCIATION, INC."
400489405,SMC CONSULTING
40236,"VORYS, SATER, SEYMOUR AND PEASE LLP"
401103603,"VMWARE, INC."
62712,AMERICAN CONSERVATIVE UNION
401019879,"CONTINENTAL AUTOMOTIVE SYSTEMS, INC."
401105130,"BRIDGE PUBLIC AFFAIRS, LLC"
27035,NATIONAL DISABILITY RIGHTS NETWORK
400630913,COMMUNITY ORGANIZATIONS IN ACTION AND MAIN STREET ALLIANCE
21335,KELLANOVA
312714,AMERICANS FOR SAFE ACCESS
47768,NATIONAL HEAD START ASSOCIATION
401103156,"UNIFIED SOLUTIONS, LLC"
89953,WHYTE HIRSCHBOECK DUDEK S.C.
400689049,"THREE BRIDGES ADVISORS, INC."
310051,"MCCLINTOCK ASSOCIATES, INC."
319836,MICHAEL SOLON-CAPITOL LEGISTICS
400359645,"BATES & BYRNE, LLC"
400416973,GORDON MILLS
400418990,"MKG CONSULTING, LLC"
303837,"MOLINA HEALTHCARE, INC."
400893608,IVERSON GOVERNMENT RELATIONS LLC
69696,MJWT CONSULTING
38528,TROUT UNLIMITED
283,"THE AEGIS GROUP, LTD."
400370711,HANDPRINT GOVERNMENT AFFAIRS LLC
400828461,"TKB GLOBAL STRATEGIES, LLC"
53482,HARGETT CONSULTING
400865536,"O'DONOVAN STRATEGIES, LLC"
311894,STOKES STRATEGIES
400405908,ALLISON + PARTNERS
401103267,SINCLAIR BROADCAST GROUP
17897,"THE HEALTH POLICY GROUP, L.L.C."
400568704,"SDA GLOBAL,INC."
1160,ALPHA STRATEGIES
36105,DENTONS US LLP
7691,CALIFORNIA ASSOCIATION OF REALTORS
54302,"AMERICAN FED OF GOVERNMENT EMPLOYEES, AFL-CIO"
401103239,STRUCTURED FINANCE ASSOCIATION
401103432,NETJETS ASSOCIATION OF SHARED AIRCRAFT PILOTS
401103561,NATIONAL FEDERATION OF THE BLIND
27811,NFIB (NATIONAL FEDERATION OF INDEPENDENT BUSINESS)
400789378,DAIRY BUSINESS ASSOCIATION
400385787,MESA POWER GROUP
91694,"CYBER SECURITY RESEARCH CONSULTANTS, LLC"
401104682,"TAI GINSBERG & ASSOCIATES, LLC"
400845495,CIGAR RIGHTS OF AMERICA
293756,"CENCORA, INC."
31406,ALTRIA CLIENT SERVICES LLC
401104494,MR. PHILIP KLEIN
65715,"XCEL ENERGY, INC"
1078,"SUNTORY GLOBAL SPIRITS, INC. (FORMERLY BEAM SUNTORY INC.)"
295931,STEVENS & LEE
307353,"AVANGRID, INC."
401103640,THE FEIGHAN TEAM
400392837,SOUTHEAST MILK INC.
401103081,THE CAMSTOLL GROUP L.L.C.
400727182,"ZERO TO THREE: NATIONAL CENTER FOR INFANTS, TODDLERS, AND FAMILIES"
6358,BLUE CROSS AND BLUE SHIELD ASSOCIATION
40041333,SMITH & BROWN-YAZZIE LLP
29595,NORTHWESTERN MEMORIAL HOSPITAL
401103863,HOEKSTRA GLOBAL STRATEGIES
10365,COMPUTING TECHNOLOGY INDUSTRY ASSOCIATION (COMPTIA)
57590,CHURCHILL DOWNS INCORPORATED
400319490,EWG ACTION FUND
17385,TEMPLE STRATEGIES
45298,BUTZEL LONG TIGHE PATTON PLLC
11721,DAVIS WRIGHT TREMAINE LLP
400316481,ASSOCIATION FOR QUALITY IMAGING
401104529,THE ALEKSANDER GROUP
322897,"NAHIGIAN STRATEGIES, LLC"
40726,PARAGON GOVERNMENT RELATIONS
401103998,PHOENIX GLOBAL ORGANIZATION INCORPORATED
68434,NEWMONT CORPORATION (F/K/A NEWMONT GOLDCORP CORPORATION)
401103580,"FRANKLIN SQUARE HOLDINGS, L.P."
21905,KRIEG DEVAULT LLP
30495,"PACE, LLP"
65191,VENN STRATEGIES
32098,"K&L GATES, LLP"
23452,MADISON GOVERNMENT AFFAIRS
22371,LEADERSHIP CONFERENCE ON CIVIL AND HUMAN RIGHTS
401104855,EWSA
38450,"TRI-STATE GENERATION AND TRANSMISSION ASSOCIATION, INC."
401104047,STUMP STRATEGIC LLC
23441,"TURNER D. MADDEN, ESQUIRE"
35684,SMITHBUCKLIN CORPORATION
401104107,HEALTHCARE SUPPLY CHAIN ASSOCIATION
400425031,PAUL UNGER PLLC
316811,MR. GEORGE WATERS
401104463,"MUELRATH PUBLIC AFFAIRS, INC."
6223,RAY BILLUPS
401046942,"BANNER PUBLIC AFFAIRS, LLC"
400398872,PLOUGHSHARES FUND
40027236,INTERNATIONAL ISRAEL ALLIES CAUCUS FOUNDATION
38687,"TWENTY-FIRST CENTURY GROUP, INC."
400884589,JACKSON CONSULTING GROUP
308310,WINBORN SOLUTIONS LLC
400420001,"BARLOW CONSULTING, INC"
51571,UNIVERSITY OF ALASKA
321613,"RENEWABLE ENERGY GROUP, INC."
401105076,"S2C PACIFIC, LLC"
35274,SIERRA CLUB
302095,BG4 LLC
8668,CENTER FOR SCIENCE IN THE PUBLIC INTEREST
5153,BAKER DONELSON BEARMAN CALDWELL & BERKOWITZ
40033289,MR. DAN PERRIN
27478,NATIONAL COMMUNITY PHARMACISTS ASSOCIATION
401104214,NANCY VAN DUYNE
400926686,"LAUREATE EDUCATION, INC."
400908651,"INSTITUTE FOR SCIENCE AND HUMAN VALUES, INC"
27970,NATIONAL HOSPICE AND PALLIATIVE CARE ORGANIZATION
401103858,"THINKP3, LLC"
401103524,"ADVANCED POLICY CONSULTING, LLC"
88278,UPSTREAM CONSULTING
26808,NATIONAL ASSOCIATION OF BENEFITS AND INSURANCE PROFESSIONALS
401103621,"LESCHI GROUP, LLC"
400426046,"FOUR SEASONS VENTURES, LLC"
14052,CAPITOL METEOROLOGICS
400313461,HATFIELD ADVISORY SERVICES
317492,"EASTPOINT STRATEGIES, LLC"
401103799,JOEL ABRAMAN
20620,"JM FAMILY ENTERPRISES, INC"
25842,MORGAN STANLEY & CO. LLC
305932,"THE PETRIZZO GROUP, INC."
3914,AMVETS/AMERICAN VETERANS
21118,GREAT PLAINS ENERGY (FORMERLY KANSAS CITY POWER & LIGHT)
32032,LINDE INC.
401104322,"MERCHANT MCINTYRE & ASSOCIATES, LLC"
401103701,"MG CONSULTING, LLC"
400502473,"JOEL KAPLAN ASSOCIATES, LLC"
401104582,SPLITOAK STRATEGIES LLC
72177,IBARRA STRATEGY GROUP
29106,THE NEW ENGLAND COUNCIL
400270242,GPA MIDSTREAM ASSOCIATION
400873559,HUMANE SOCIETY LEGISLATIVE FUND AND ITS AFFILIATES
400326530,RICE UNIVERSITY
40032275,"GRIGSBY AND ASSOCIATES, LLC"
400297399,CCS MEDICAL
401104185,THE FABRY GROUP
315592,HORIZON GOVERNMENT AFFAIRS
298251,"WGY & ASSOCIATES, LLC"
2285,AMERICAN FARM BUREAU FED
323136,G2G CONSULTING
401103846,"EDGEPOINT, LLC"
39735,VALANZANO & ASSOCIATES
23031,LOCKHEED MARTIN CORPORATION
400664997,ASSOCIATION OF ACADEMIC HEALTH CENTERS
27616,NATIONAL COUNCIL OF AGRICULTURAL EMPLOYERS
84855,SKB CONSULTING GROUP
401105483,"THE PARR POLICY GROUP, LLC"
401103594,MR. LOUIS CHERINGTON
401103704,PALLADIAN HILL STRATEGIES
30291,OREGON HEALTH & SCIENCE UNIVERSITY
40014108,MS. JUDITH BURRELL
297215,MR. JONATHAN BAND
400712136,FINANCIAL SERVICES INSTITUTE
48634,A.L. ROSS ASSOCIATES
26752,NATIONAL ASSOCIATION OF ENROLLED AGENTS
400472333,CHESAPEAKE ENERGY CORPORATION
287895,BROWN RUDNICK LLP
401104417,BLUE MARBLE STRATEGY LLC
65998,"PD FRAZER CONSULTING, INC."
74476,"RM2 CONSULTANTS, INC."
401104982,"AQUIA GROUP, LLC"
35057,"SHEARMAN & STERLING, LLP"
401104916,"ENVA STRATEGY, LLC"
23463,CLIFF MADISON
13233,"EGAN FITZPATRICK MALSCH & LAWRENCE, PLLC"
400286366,UNIVERSITY OF CENTRAL FLORIDA
401103226,NEW VENTURE FUND
24475,"NT LAKIS, LLP"
401103985,NEWS CORPORATION
38712,U.S. BEET SUGAR ASSOCIATION
400355623,ROYAL CARIBBEAN CRUISES LTD.
313054,"PARVEN POMPER STRATEGIES, INC."
317754,"SORINI, SAMET & ASSOCIATES, LLC"
401104226,CHAIN LINK SOLUTIONS LLC
305054,"PORTERFIELD, FETTIG & SEARS, LLC"
308855,ZAMOYSKI AND COMPANY
400675016,NICHOLAS V LAMPSON
36663,"STELLA GROUP, LTD"
400700091,MCLEAN POLITICAL STRATEGIES LLC
2434,AMERICAN GAMING ASSOCIATION
401103142,PLS FINANCIAL SERVICES
77754,"OLDAKER & WILLISON, LLP"
62610,"SEDERHOLM PUBLIC AFFAIRS, INC."
401104011,LUCY CALAUTTI
84376,BORSKI ASSOCIATES
401103987,MULLETT STRATEGIES LLC
400463302,PHYSICIAN HOSPITALS OF AMERICA
88575,SSA MARINE
319916,BRIAN FOSTER
400588794,MR. JOHN ROMANIN
19935,INTERNATIONAL COUNCIL OF SHOPPING CENTERS
307956,VITELLO CONSULTING
400498457,"ROSEMONT ASSOCIATES, LLC"
35230,SIDLEY AUSTIN LLP
300218,TEMPLE-INLAND INC.
14952,FLORIDA STATE UNIVERSITY
401103237,THE J.M. SMUCKER COMPANY
70016,"CAPITOL PARTNERS, INC."
400491414,"THUNMAN ASSOCIATES, INC."
80430,WOMEN THRIVE WORLDWIDE (FORMERLY WOMEN'S EDGE COALITION)
28036,NATIONAL IMMIGRATION FORUM
23064,JOHN SATAGAJ
52971,HARRY KOPP LLC
400474343,RUSSELL PAUL
45312,AMERICAN COLLEGE OF SURGEONS
401104435,STATE FEDERAL STRATEGIES
68638,"BRANDON ASSOCIATES, LLC"
306033,"ROBERT H. LAMB, PLLC"
292436,INTERNATIONAL CRISIS GROUP
401105264,ARDEIDAE GROUP LLC
401104441,JOHNSON MATTHEY INC.
400605841,NANCY BACON
40025200,"JOHN DUNCAN AND ASSOCIATES, LLC"
45835,MR. RICHARD GOODSTEIN
86196,FGS GLOBAL (US) LLC (FKA FGH HOLDINGS LLC)
292711,"PLUM CREEK TIMBER COMPANY, INC."
70370,THE COHEN GROUP
401103223,"QORVIS COMMUNICATIONS LLC (FORMERLY MSLGROUP AMERICAS, INC., D/B/A QORVIS MSLGROUP)"
401103165,"THE AFFLERBACH GROUP, LLC"
19775,INTERNATIONAL ASSOCIATION OF MACHINISTS AND AEROSPACE WORKERS
11812,DEAN INTERNATIONAL INC.
35183,SHIPBUILDERS COUNCIL OF AMERICA (SCA)
400983808,THE HERALD GROUP
401019882,"WESTON STRATEGIES, LLC"
401105039,GLOBAL IMPACT INC
401103923,KEYSTONE STRATEGIC ADVISERS
82990,ARTEMIS STRATEGIES
16178,"GIBSON, DUNN & CRUTCHER LLP"
291231,SOUTHWEST AIRLINES PILOTS' ASSOCIATION
6564,SOUTHERN ILLINOIS UNIVERSITY
286872,THE TIM HUGO GROUP
401103893,FISHER STRATEGIES LLC DC
400457197,"RIFKIN, LIVINGSTON, LEVITAN & SILVER, LLC"
34466,SCANA CORPORATION
302290,"BOLTON-ST. JOHNS, LLC"
30713,STEPHEN BASSETT
27833,NATIONAL FISHERIES INSTITUTE
401103834,"THEGROUP DC, LLC"
400529568,ALISON REARDON
19822,INTERNATIONAL BROTHERHOOD OF ELECTRICAL WORKERS
71850,"RAFAEL U.S.A., INC."
401103114,FONTERRA COOPERATIVE GROUP LIMITED
401104155,ODONNELL & SON LLC
401062995,"C6 STRATEGIES, LLC (FKA MS. DANA W. HUDSON)"
76412,"MAYFORTH GROUP, LLC."
48805,"WAYNE STATE UNIVERSITY, DETROIT, MICHIGAN"
88212,THE KROGER CO.
284298,"THURMAN GOULD, LLC"
4356,ARTHRITIS FOUNDATION
401053967,CONSULTING WITH COMMUNITIES INC.
36413,SRG & ASSOCIATES
25498,"MINTZ LEVIN COHN FERRIS GLOVSKY AND POPEO, P.C."
300058,AON CORPORATION
400320508,PCT GOVERNMENT RELATIONS
401018877,"SLC HEALTH STRATEGIES, LLC"
400834472,CANADIAN SNOWBIRD ASSOCIATION
401103970,"BASSMAN, MITCHELL, ALFANO & LEITER CHTD."
401104674,PIERRE CIRIC
89155,GRANT CONSULTING GROUP
28663,NATIONAL TAXPAYERS UNION
3481,AMERICAN SOCIETY OF PENSION PROFESSIONALS & ACTUARIES
400452154,JEFFREY FARROW
298557,THE WERNER GROUP
63952,CENTER FOR INDIVIDUAL FREEDOM
52798,MUSEUM OF DISCOVERY & SCIENCE
401104459,U.S. MORTGAGE INSURERS
400758263,"THE TUGGEY GROUP, LLP F/K/A TUGGEY MCCUTCHEON, LLP"
400459277,"JOHN MCMILLAN AND ASSOCIATES, LLC"
39941,VENABLE LLP
54494,AMAZON.COM SERVICES LLC
317390,SCHIFF & HARDIN LLP
400458232,THE ASHWORTH GROUP
401103430,"AFFINIS GLOBAL, LLC"
11082,COUNCIL OF INSTITUTIONAL INVESTORS
45983,VALENTE & ASSOCIATES
300231,RALPH SCOTT LILLY
312190,"BAY BRIDGE STRATEGIES, INC."
400310452,HOME SAFETY COUNCIL
319118,"THE STATE UNIVERSITY OF NEW YORK, SYSTEM ADMINISTRATION"
50490,GEORGE L. REAGLE AND ASSOCIATES
400416971,PRESENCE HEALTH
401048957,SOCIAL SECURITY WORKS
301037,MOTHERS AGAINST DRUNK DRIVING
292697,"AUBURN HEALTH STRATEGIES, LLC"
60195,CYSTIC FIBROSIS FOUNDATION
55028,NEBRASKA HOSPITAL ASSOCIATION
290913,A.P. MORTON & COMPANY LLC
400416972,"HMONG ADVANCEMENT, INC."
51445,CHUBB INA HOLDINGS INC.
400706118,MR. CHARLES MONFORT
316456,ALLIANCE FOR AFFORDABLE SERVICES
40015120,"DPV SOLUTIONS, LLC"
400624898,JAMES BACKLIN
39303,UNITED WAY OF AMERICA
35081,JANA SHEFFER
315091,"RUBICON ADVISORS, LLC"
292276,AROTECH CORPORATION
401104120,RINAT AKHMETSHIN
401105324,"CITIZENS FOR RESPONSIBLE ENERGY SOLUTIONS, INC."
19547,INTELLECTUAL PROPERTY OWNERS ASSOCIATION
400590801,JENNIFER O'BRYAN
37323,"SUN MICROSYSTEMS, INC"
401103795,"MAGIC LEAP, INC."
290877,"JACQUES & ASSOCIATES, INC."
76731,MIKE HUSSEY
400458228,FRANK HILL
72678,"BENNET & BENNET, PLLC"
401104177,"HARLEY-DAVIDSON MOTOR COMPANY, INC."
400287372,UNIVERSITY OF KENTUCKY
6518,BLUE SHIELD OF CALIFORNIA
11982,"DELTA AIR LINES, INC."
10150,COMMON CAUSE
68057,"CONSOL ENERGY, INC"
315411,"NEXSEN PRUET, LLC"
400699090,FRANKLIN LOSEY
5062,CML CONSULTING SERVICES INC. (FORMERLY L.A. SKIP BAFALIS)
401104557,KIDS IN NEED OF DEFENSE
400398877,"ENEL NORTH AMERICA, INC. AND ITS AFFILIATES"
323752,"VALIS ASSOCIATES, LLC"
401104325,LAW OFFICE OF PATRICK SULLIVAN
400482375,"CAPITOL ENERGY, LLC"
86595,SPACE EXPLORATION TECHNOLOGIES
3138,"AMERICAN POSTAL WORKERS UNION, AFL-CIO"
284538,AMERICAN JEWISH CONGRESS
401104130,"CONTURA ENERGY, INC."
28138,NATIONAL LEASED HOUSING ASSOCIATION
287270,AKERMAN LLP
312576,"AMERICAN CANCER SOCIETY, CALIFORNIA DIVISION, INC."
401105046,"PORTS AMERICA GROUP, INC."
47303,AMERICAN SOCIETY OF RADIOLOGIC TECHNOLOGISTS
27161,NATL ASSC OF STATE DIRECTORS OF CAREER TECHNICAL EDUCATION
400765309,INJURED WORKERS PHARMACY
84478,TRAMMELL AND COMPANY
75490,"PATHWAY STRATEGIES, LLC"
295873,SOUTHERN COMPANY
400275301,NATV GROUP LLC
401105160,MUFG AMERICAS HOLDINGS CORPORATION
83034,FAIRFAX MANAGEMENT SOLUTIONS LLC
48678,"BP AMERICA, INC"
37141,"STUNTZ DAVIS & STAFFIER, P.C."
400980801,"GREENFIELD & KRESS, P.A."
17328,HALEY & ASSOCIATES
40022174,CARLINER STRATEGIES LLC
58955,WALKER NOLAN
52390,INTL ASSN OF INDEPENDENT TANKERS OWNERS
1240,ALVARADO & BENNETT
400320501,BON SECOURS MERCY HEALTH (FORMERLY MERCY HEALTH)
400687044,HOSPITAL SISTERS HEALTH SYSTEM
401102074,UNION SQUARE STRATEGIC LLP
8783,"CF INDUSTRIES, INC."
75513,WASHINGTON TECHNOLOGY STRATEGIES
68571,THE WEDGEMERE GROUP
401103451,MILESTONE FEDERAL SOLUTIONS
400347603,"WEEKS MARINE, INC."
401103399,"WOMEN'S REFUGEE COMMISSION, INC."
401010854,ALLIANCE FOR AGING RESEARCH
401085041,NO LABELS
400407927,"FLAGSHIP GOVERNMENT RELATIONS, INC."
19503,"INSTITUTE OF SCRAP RECYCLING INDUSTRIES, INC"
400711133,"JAY H. BROWN, LTD."
400374719,DIGITAL CONTENT NEXT
1637,AMERICAN ASSOCIATION OF MUSEUMS
401104326,"TELEDYNE FLIR, LLC"
3947,ANADARKO PETROLEUM CORPORATION
284391,DARLENE RICHESON & ASSOCIATES
400279344,LAW OFFICE OF SARAH C. VON DER LIPPE
400542622,ED FLYNN CONSULTING
291470,"HOUSING WORKS, INC."
14143,FARM CREDIT BANK OF TEXAS
400611857,EDGE SOLUTIONS LLC
85311,"MR. DON B. MILLER, PC"
302450,NATIONAL DISTRICT ATTORNEYS ASSOCIATION
303278,PRIDE MOBILITY PRODUCTS CORP.
400462300,NATIONAL ASSOCIATION OF DENTAL PLANS
401104240,IMPACT STRATEGIES LLC
400517526,SIGNATURE HEALTH SERVICES
299913,CARDINAL INFRASTRUCTURE LLC
400583781,JULIE HARDIN TIRRELL
295417,"CONSTELLIS GROUP, INC. (FORMERLY KNOWN AS TRIPLE CANOPY, INC.)"
400713141,"THE MAJORITY GROUP, LLC"
64634,THE LOEFFLER GROUP
312691,"NETAPP, INC"
85377,ALAN MINTER
401104757,"MMR, LLC"
6644,THE RHOADS GROUP
400459247,WILLIAM MCCOY
287018,"HERBALIFE INTERNATIONAL OF AMERICA, INC."
20870,JONES WALDO HOLBROOK & MCDONOUGH
38494,EUGENE TRISKO
295510,GREYSTONE GROUP LLC
401103638,PARKER MEGGITT
8087,CAPITAL PARTNERSHIPS (VA) INC.
401054973,MS. SERY KIM
400504481,"SAFER CHEMICALS, HEALTHY FAMILIES"
19401,EDWIN ING
401104729,"GRANITE PEAK STRATEGIES, LLC"
10970,COUNCIL FOR A LIVABLE WORLD
285370,"PHARMATHENE, INC"
400595817,JIM BATES
293951,MALCOLM/MPC CHESTER/CONSULTING
401103250,CANNAE POLICY GROUP LLC
400706119,"CULTURAL HERITAGE PARTNERS, LLC"
400689051,ERIC LACHICA
34455,"AT&T SERVICES, INC. AND ITS AFFILIATES"
7177,"BROWN AND COMPANY, INC."
312213,TIBER CREEK
27888,NATIONAL FUNERAL DIRECTORS ASSN
9192,THE CHWAT GROUP
401043934,HEATHER MCNATT HENNESSEY LLC
32613,ZVI RAFIAH
401105066,TOM HEINEMANN
401103132,"PERRY, WHITE, ROSS & JACOBSON, LLC"
400426047,THE WINSTON TERRELL GROUP
300492,BEST BUDDIES INTL
12994,UNITED SPINAL ASSOCIATION
284471,"CAPITOL IMPACT, LLC"
321590,INTERNATIONAL EMISSIONS TRADING ASSOCIATION USA
40012088,MEREDITH ADVOCACY GROUP
3333,AMERICAN ACADEMY OF SLEEP MEDICINE
401105105,"DOTCHIN & ASSOCIATES, LLC"
40011087,HEALTH INDUSTRY DISTRIBUTORS ASSOCIATION
400883585,"CLOUD STRATEGIX, LLC"
400336564,THE DOERRER GROUP LLC
401105070,"GOVERNMENT COUNSEL, LLC"
400954760,NURHAM WARWICK
401069009,LLOYD WOOD GROUP
400654966,NATIONAL ASSOCIATION FOR MUSIC EDUCATION
400745231,INTERNATIONAL BOTTLED WATER ASSOCIATION (IBWA)
76833,"NVG, LLC"
401105333,"LINDEN GOVERNMENT SOLUTIONS, LLC"
400384784,"PHOENIX STRATEGIES, INC."
401104531,LIBERTY GOVERNMENT AFFAIRS
400619882,"LANNY J. DAVIS & ASSOCIATES, LLC"
401104220,NATIONAL COALITION FOR PROMOTING PHYSICAL ACTIVITY
400528561,MR. MICHAEL G. OXLEY
400445137,LESIC AND CAMPER COMMUNICATIONS
401104490,TIMOTHY LOVAIN
20607,JGW INTERNATIONAL LTD.
400428066,NWG ADVOCACY LLC
401047950,"TRACFONE WIRELESS, INC."
45232,DEKIEFFER & HORGAN
67238,ALLIANCE FOR RETIRED AMERICANS
305772,BAYLOR UNIVERSITY
307171,"STIEFEL & JONES CONSULTING, LLC"
401105240,"POWELL CONSULTING DC, LLC"
401103115,NEXUS GOVERNMENT RELATIONS
13585,"ENGLISH FIRST, INC."
401104741,ACG ANALYTICS
295133,MR. JAMES DESMOND
318254,MULTIPLE  STRATEGIES LLC
400459260,"HENGEN GROUP, LLC"
26854,AMERICAN PROPERTY CASUALTY INSURANCE ASSOCIATION FKA PROPERTY CASUALTY INSURERS ASSOC. OF AMERICA
401104071,NEW CENTURY GOVERNMENT AFFAIRS (F/K/A TERRENCE C. WOLFE)
401104388,GLENMARK PHARMACEUTICALS USA
580,AIR LINE PILOTS ASSOCIATION
400595820,INTERNATIONAL MYELOMA FOUNDATION
35605,SLOVER & LOFTUS
10605,CONSORTIUM OF SOCIAL SCIENCE ASSOCIATIONS (COSSA)
400903638,BARRY SZCZESNY
401104803,"AMERICAN MULTI-CINEMA, INC."
35640,"CARPI & CLAY, INC"
29163,NEW YORK BANKERS ASSOCIATION
400894615,ASSOCIATION OF THE UNITED STATES NAVY
2547,AMERICAN HIGHWAY USERS ALLIANCE
401104715,NORTON REGULATORY STRATEGIES
27070,NATIONAL ASSOCIATION OF REALTORS
40021158,"USRY CONSULTING, INC."
311017,MICHAEL BROWER
400648954,NATIONAL POLICY GROUP
29298,NEWS MEDIA ALLIANCE
306875,"DPR CONSULTING, LLC"
14611,AZOA SERVICES CORP(ALLIANZ OF AMERICA) FORMERLY AZOA SERIVCES CORP/FIREMAN'S FUND(ALLIANZ OF AMERICA
46381,SCHERDER AND ASSOCIATES[FORMERLY THE WILLARD GROUP]
400347602,CONTINEO CONSULTING LLC
305236,WASHINGTON STRATEGIC CONSULTING
401103819,"STRATHSPEY CROWN, LLC"
401104345,"ATCITTY & VAN NORMAN LAW, LLC"
40048369,CLARKSON UNIVERSITY
400991823,"QEP RESOURCES, INC."
315898,KRL INTERNATIONAL LLC
288293,"THE CJR GROUP, INC."
323295,MR. LORENZ HART
283297,TD AMERITRADE HOLDING CORPORATION
400386790,HENRY J COOK III
301378,POTOMAC GROUP
401105103,BAYADA HEARTS FOR HOMECARE
304931,EMERGENT BIOSOLUTIONS INC.
400819432,MICHAEL HOPKINS
63110,DALEY POLICY GROUP
400452157,THE LAW OFFICE OF NORMAN LEVY
27024,NATIONAL ASSOCIATION OF PROFESSIONAL INSURANCE AGENTS
32896,MR. ROBERT L. REDDING JR.
400738208,"MOLYCORP, INC."
400392842,NATIONAL SUSTAINABLE AGRICULTURE COALITION
2423,AMERICAN HOME FURNISHINGS ALLIANCE
53312,"LEMUNYON GROUP, LLC"
29037,NESTLE USA
13392,ELI LILLY AND COMPANY
77173,"THE TRAVELERS COS., INC. AND SUBSIDIARIES"
48350,NATIONAL ASSOCIATION OF ENERGY SERVICE COMPANIES
315295,PETER TEELEY
303132,INTELSAT GENERAL COMMUNICATIONS LLC
44300,"CISCO SYSTEMS, INC"
67898,"BIASSI BUSINESS SERVICES, INC"
1683,AMERICAN ASSOCIATION OF PORT AUTHORITIES
23155,"EDWARD M. RANIER (F.K.A. LORD & WHIP, P.A.)"
400456192,"TELECOMMUNICATION SYSTEMS, INC."
400507495,SPIRIT ROCK CONSULTING
400308440,CLEMENT AND ASSOCIATES
25773,TIMOTHY MOORE
308811,LNE GROUP
52925,"HADASSAH, THE WOMEN'S ZIONIST ORGANIZATION OF AMERICA, INC."
3162,AMERICAN PSYCHOLOGICAL ASSOCIATION
313156,SHEFFIELD BROTHERS
400824443,DISASTER RECOVERY CONTRACTORS ASSOCIATION
2183,AMERICAN CRYSTAL SUGAR COMPANY
400492423,BLUE SOURCE LLC
400489403,JAYETTA HECKER
400770317,"STEGO INDUSTRIES, LLC"
401104267,CALIFORNIA CHILDREN'S HOSPITAL ASSOCIATION
314432,"WHITAKER STRATEGIES (STEPHEN B. WHITAKER DBA WHITAKER SRATEGIES, FORMERLY WHITAK"
400898623,BLACK HILLS CORPORATION
28071,THE NATIONAL INDUSTRIAL TRANSPORTATION LEAGUE
13905,EUROPEAN-AMERICAN BUSINESS COUNCIL KNOWN NOW AS TRANSATLANTIC BUSINESS COUNCIL
401105111,ANWAY LONG GROUP
401103214,MILLIAN BYERS ASSOCIATES LLC
18114,DENNIS M. HERTEL & ASSOCIATES
400594811,CPZ CONSULTING LLC
25124,"MICHELIN NORTH AMERICA, INC."
70392,"MADISON ASSOCIATES, LLC"
401049960,"K6 STRATEGIES, LLC"
89031,"ENTERPRISE HOLDINGS, INC. DBA ENTERPRISE MOBILITY"
400593809,SOLARCITY
400879573,UNITED LAUNCH ALLIANCE LLC
47826,ALLIANCE FOR CHILDREN AND FAMILIES
316137,"WRITERS GUILD OF AMERICA, WEST, INC."
55,"ABB, INC."
87211,AMERICAN MANUFACTURING TRADE ACTION COALITION (AMTAC)
12595,DREDGING CONTRACTORS OF AMERICA
39531,THE UNIVERSITY OF TEXAS SYSTEM
44,AMERICAN BANKERS ASSOCIATION SECURITIES ASSOCIATION (ABASA)
400291380,COALITION OF AIRLINE PILOTS ASSOCIATIONS
401104105,"WASHINGTON DIPLOMACY GROUP, LLC (FORMERLY KNOWN AS: WASHINGTON STRATEGY GROUP LLC)"
400951750,"CAPITAL ENTERPRISE ASSOCIATES, LLC"
400390818,"KEEVICAN WEISS BAUERLE & HIRSCH, LLC"
401103697,CLEAN LINE ENERGY PARTNERS LLC
25476,"ALLETE, INC"
293552,"AMERICAN FAMILY MUTUAL INSURANCE COMPANY, S.I."
3628,AMERICAN TRUCKING ASSOCIATIONS
6473,NORIDIAN MUTUAL INSURANCE COMPANY
17226,HAAKE & ASSOCIATES
33647,ROLLS-ROYCE NORTH AMERICA AND ITS AFFILIATES
400974790,FLEET STREET GROUP
401071012,"MCGRAW HILL, LLC"
296293,BRAVO GROUP
401104405,MS. TAMI WAHL
322875,AYRES LAW GROUP LLP
40020151,DANCE/USA
294495,"THE HOBBS GROUP, LLC"
20436,"JAPAN AUTO. MFRS. ASS'N, INC."
400358633,KAREN FENNELL
400289376,ALLEN F. JOHNSON & ASSOCIATES
400299412,FAMILY COURT WATCH
49191,UNIVERSITY OF IOWA
284618,"SOUTHEAST STRATEGIES, INC"
300812,JAMES SCHWEITZER
400660987,"NORTHPOINT CONSULTING, LLC"
14894,"FBA, INC."
38574,THE TRUST FOR PUBLIC LAND
293357,"SABBATH GOVERNMENT RELATIONS, LLC"
300572,CG TECHNOLOGIES INC.
401104234,MILLENNIUM HEALTH
18568,HONIGMAN LLP
298535,US - CHINA BUSINESS COUNCIL
400697083,PARSONS STRATEGIES
40039322,MILLENNIUM STRATEGIES LLC
90272,"BLOOMIN' BRANDS, INC."
29460,NORTH AMERICAN SECURITIES ADMINISTRATORS ASSOCIATION
400454169,"AEROVIRONMENT, INC."
66,ABBOTT LABORATORIES
401067004,GOLDEN OAK CONSULTING
400425032,LUTHER CONSULTING LLC
16420,"GOLDBERG & ASSOCIATES, PLLC"
401103089,"TWENTY-FIRST CENTURY FOX, INC."
400918672,"HLP&R ADVOCACY, LLC"
4208,ARENTFOX SCHIFF LLP
3446,AMERICAN SOCIETY OF CONSULTANT PHARMACISTS
314658,NATIONAL PSORIASIS FOUNDATION
400864531,"AGSTAR FINANCIAL SERVICES, ACA"
26843,NATIONAL ASSN OF INDEPENDENT COLLEGES & UNIVERSITIES
401104660,"LEGAL STRATEGIES & CONSULTING, PL"
400578741,MR. MORRIS FEIBUSCH
400708125,DEBEVOISE & PLIMPTON LLP
51638,"KEVIN GOTTLIEB AND ASSOCIATES, INC."
59171,AMERICAN SOCIETY OF HEMATOLOGY
11127,COUNCIL OF THE GREAT CITY SCHOOLS
40046362,PERSONALIZED MEDICINE COALITION
400505489,"THE FOXTAIL GROUP, LLC"
287953,CONSTRUCTION MANAGEMENT ASSOCIATION OF AMERICA
58192,"ROMANO & ASSOCIATES, LLC"
400275287,SUPERVALU INC.
400704112,"CORLEY CONSULTING, LLC"
314498,GREEN CAPITOL LLC
308775,MONUMENT ADVOCACY
303234,DAVID E SCHAFFER ASSOCIATES
5233,CONSTELLATION ENERGY GROUP
71314,BOARD OF REGENTS OF UNIVERSITY OF WISCONSIN SYSTEM
53777,"NEW YORK FARM BUREAU, INC."
401104821,INTERNATIONAL SOCIETY FOR STEM CELL RESEARCH
23053,"LOCKRIDGE, GRINDAL, NAUEN, PLLP"
73271,"SIGNAL GROUP CONSULTING, LLC"
401104845,AMERICAN ASSOCIATION OF CLINICAL ENDOCRINOLOGISTS
8475,CATERPILLAR INC.
401103367,"LEAVITT PARTNERS, LLC"
10148,COMMISSIONED OFFICERS ASSOCIATION OF THE U.S. PUBLIC HEALTH SERVICE (COA)
79131,"TRIAD STRATEGIES, LLC."
303996,AMERICAN FEDERATION OF TELEVISION AND RADIO ARTISTS
400326535,"GRIGSBY GOVERNMENT RELATIONS ASSOCIATES, LLC"
400957765,"HILLS STERN & MORLEY, LLP"
291572,"RUFFALO AND ASSOCIATES, LLC"
12972,EARTHJUSTICE
13882,ETKA CONSULTING
37915,TEXAS RURAL WATER ASSOCIATION
77231,U.S. GLOBAL LEADERSHIP CAMPAIGN
28572,NATIONAL SOCIETY OF PROFESSIONAL ENGINEERS
317275,INTEGRATED SOLUTIONS GROUP
9170,THE CHUBB CORPORATION
316412,MR. MICHAEL JIMENEZ
3787,AMERICANS FOR NONSMOKERS' RIGHTS
400279343,HAGUE ASSOCIATES
400362691,ROBERT GROSSMAN
400459257,HEDGE FUND ASSOCIATION
400447142,MR. EDWARD MERLIS
400426043,DOW JONES & COMPANY INC
400639931,FIRST HORIZON NATIONAL CORPORATION
19833,INTERNATIONAL UNION OF PAINTERS AND ALLIED TRADES
17066,"GRQ, LLC"
7304,BRYAN CAVE LEIGHTON PAISNER LLP
29870,"O'DONNELL SCHWARTZ & ANDERSON, P.C."
61994,"THE BLOOM GROUP, INC."
401103249,LESTER HEALTH LAW PLLC
53733,FINANCIAL PLANNING ASSN (FPA)
82658,DAYTON DEVELOPMENT COALITION
69878,GOVERNMENT ACCOUNTABILITY PROJECT
400458203,"MORRISON, LOVE & CO."
400761302,CARTER LAWS & ASSOCIATES
400735205,CARNIVAL NORTH AMERICA LLC
400716153,THOMAS MOORE
400652960,CCAP ACTION FUND
42796,PERMANENTE FEDERATION
401104683,MCCARTHY ADVANCED CONSULTING LLC
286256,INSIGHTS ASSOCIATION (FKA: MARKETING RESEARCH ASSOCIATION)
24271,MR. JAMES F. MCCONNELL
401104468,"SHUMAKER ADVISORS FLORIDA, LLC"
401105005,"CALL9, INC."
12675,THE DUBERSTEIN GROUP INC.
22781,"LEWIS-BURKE ASSOCIATES, LLC"
21027,KAISER FOUNDATION HEALTH PLAN INC.
40026226,"CUBIST PHARMACEUTICALS, INC."
288635,ADOBE INC
314911,POLSINELLI PC
401103986,MR. BRIAN DEARING
400909654,COLORADO ASSOCIATION OF COMMERCE AND INDUSTRY
401104141,CHAMPLIN WASHINGTON STRATEGIES
305032,"HOLCH & ERICKSON, LLP"
401103180,GIFFORDS
58170,CAPITOL CAPITAL GROUP
6028,"BERKSHIRE, INC."
23838,MARKLEY AND COMPANY
401103348,MCCAULLEY&COMPANY
4163,APPRAISAL INSTITUTE
401066001,"DELAHUNT GROUP, LLC"
72576,FABIANI & COMPANY
7997,"CANFIELD & ASSOCIATES, INC."
63451,WASHINGTON2 ADVOCATES
400577734,ASSOCIATION FOR BEHAVIORAL HEALTH AND WELLNESS
5698,BEACON CONSULTING GROUP
401032912,MURPHY OIL CORPORATION
293494,HUMAN RIGHTS FIRST
400921676,HEALTHNETS REVIEW SERVICES
291594,AMERICAN ASSOCIATION OF EXPORTERS AND IMPORTERS
400472334,"EMCOR GROUP, INC."
27547,NATIONAL COALITION FOR HISTORY
91730,JAMES H. MACK
401105258,UNCORKED ADVOCATES
400817428,MRS. SHEILA MCCREADY
400493431,"TWINLOGIC STRATEGIES, LLP"
12538,DOW CORNING CORPORATION
34375,MR. BILL SARPALIUS
28025,NATIONAL HYDROPOWER ASSOCIATION
10800,"INNOVATIVE FEDERAL STRATEGIES, LLC"
401104342,"EASTERN SHIPBUILDING GROUP, INC."
64053,"HANSEN GOVERNMENT RELATIONS, LLC"
400316483,AMERESCO
401103277,"WINGS GLOBAL PARTNERS L,L,C."
301334,MAYNOR LLC
400359655,"ALLIANCE FOR GENERATIONAL EQUITY, INC."
34158,FAEGRE BAKER DANIELS CONSULTING
400333556,CONGRESSIONAL FIRE SERVICES INSTITUTE
27742,"NATIONAL ELECTRICAL CONTRACTORS ASSOCIATION, INC."
40019138,JOHN LAMPMANN
299992,NORTHWESTERN UNIV
87472,"IMPACT TEXAS COMMUNICATIONS, LLP (D/B/A IMPACT US)"
312598,"THE WHITAKER GROUP, INC"
400460282,"BRIGHTSOURCE ENERGY, INC."
10478,CFM STRATEGIC COMMUNICATIONS (CONKLING FISKUM & MCCORMICK)
401104478,THE SHELBURNE GROUP
87676,KEMP GROUP LLC (DBA - KEMP PARTNERS)
400520536,GRANITE CONSTRUCTION INCORPORATED
13712,"EOP GROUP, INC."
40007053,"RKB STRATEGIES, LLC (FKA RKB CONSULTING, LLC)"
24442,S&P GLOBAL INC. (F/K/A MCGRAW HILL FINANCIAL INC.)
311713,CONSULTANTS COLLABORATIVE -- MATTHEW R. SIMMONS
401103660,KENNETH FORSBERG
400711132,"THE PICARD GROUP, LLC"
41408,WILEY REIN LLP
40048371,"COMBE CONSLTANT, INC."
37620,TAXPAYERS AGAINST FRAUD
57258,AMERICAN COLLEGE OF CLINICAL PHARMACY
64873,THE WASHINGTON CAPITOL GROUP
19720,"INT'L. ASSOCIATION OF BRIDGE, STRUCTURAL, ORNAMENTAL & REINFORCING IRON WORKERS"
283630,"CENTER FOR RESPONSIBLE LENDING, A SUPPORTING CORP OF CTR FOR COMMUNITY SELF-HELP"
401104864,AMERICAN SOCIETY OF ADDICTION MEDICINE
312931,THE KIDNEY CARE COUNCIL
400614865,"PUBLIX SUPER MARKETS, INC."
400406925,TICKETNETWORK
40020142,GARY BUSHELL
288794,FLEISHMAN-HILLARD
303451,"RAPE, ABUSE & INCEST NATIONAL NETWORK"
400559673,EICOUSIA
59411,SUSAN PLATT
319211,EXPEDIA GROUP
60914,ORION STRATEGIES LLC
400297401,JIM ENGLISH CONSULTING LLC
54131,TAXPAYERS FOR COMMON SENSE
401105242,EAZE TECHNOLOGIES INC.
400400887,K2 PURE SOLUTIONS
25317,BEST BEST & KRIEGER LLP
323557,"SABISTON CONSULTANTS, LLC"
309594,"JACK LATVALA, INC"
401104902,NICHOLAS & LENCE COMMUNICATIONS LLC
58693,MANAGEMENT & GOVERNMENT RESOURCES
27775,NATIONAL ENVIRONMENTAL STRATEGIES
15907,"BAE SYSTEMS, INC."
28787,NATIONAL WILDLIFE FEDERATION
58534,ATRIUM HEALTH-FORMERLY KNOWN AS CAROLINAS HEALTHCARE SYSTEM
400395866,KV COOK CONSULTING LLC
300696,LYMPHOMA RESEARCH FOUNDATION
400692062,"RURAL BROADBAND COMPANY, INC."
316057,ICE MILLER STRATEGIES LLC
401103195,UC HEALTH
17922,HEALTHCARE FINANCIAL MANAGEMENT ASSOCIATION
52127,PEOPLEFORBIKES COALITION
36218,SOUTHERN UTAH WILDERNESS ALLIANCE
1728,ASSOCIATION OF UNIVERSITY CENTERS ON DISABLITIES
40048374,"JELD-WEN, INC."
401104742,HOLLY STRATEGIES INCORPORATED
401104868,WILLIAM ADAMS
401103482,WINDWARD STRATEGIES
311850,"TURNER POLLARD STRATEGIES, LLC"
286074,PHARMAVITE LLC
87814,CT GROUP FKA CTF GLOBAL LLC
400855514,BAYCARE HEALTH SYSTEM
40009070,U.S. APPLE ASSOCIATION
314374,"MJ CAPITOL CONSULTING, LLC"
400390815,MALKIN & ROSS
319472,"WESTERN SKIES STRATEGIES, INC."
400359659,"CSC HOLDINGS, LLC"
18103,THE HERSHEY COMPANY
22212,LATHROP & GAGE DC PLLC
13610,"ENS RESOURCES, INC."
400359651,IMMIGRATION EQUALITY
87916,THE UNIVERSITY OF TENNESSEE
400869545,MARK WARREN
317537,AMERIGROUP CORPORATION
400418988,INTERNATIONAL ASSOCIATION OF REFRIGERATED WAREHOUSES
567,AIR CONDITIONING CONTRACTORS OF AMERICA
400427057,WOODBERRY ASSOCIATES
401104309,FIELDWOOD ENERGY LLC
401104275,"SAAB, INC. (FKA SAAB DEFENSE AND SECURITY USA LLC)"
26477,NATIONAL AIR TRAFFIC CONTROLLERS ASSOCIATION
293038,EXPERIAN NORTH AMERICA
400811416,"HUNTER AND COMPANY COMMUNICATIONS, LLC"
38461,TRIBUNE MEDIA COMPANY
2968,AMERICAN NURSES ASSOCIATION
400329548,ALCHEMY GOVERNMENT SOLUTIONS
400925685,TRISTATE STRATEGIES
400271252,PERITUS PUBLIC RELATIONS
400482380,ASSOCIATION OF MATURE AMERICAN CITIZENS
8577,CTIA-THE WIRELESS ASSOCIATION
401103961,"HAMPTON CREEK, INC."
73794,ASSOCIATION FOR COMMUNITY AFFILIATED PLANS
400384778,"DEFENSE STRATEGIC ADVANTAGE, LLC"
313737,ALLY FINANCIAL INC.
284378,"DRUMMER & ASSOCIATES, LLC"
32178,PRINCIPAL FINANCIAL GROUP
86276,"CAPITAL ADVOCATES, LLC"
36231,SOUTHWEST AIRLINES
401105414,AMERICAN POLITICAL SCIENCE ASSOCIATION
400320507,VISITING NURSE SERVICE OF NEW YORK
23190,LOYOLA UNIVERSITY CHICAGO
286096,THE MCMANUS GROUP
29802,"THE OB-C GROUP, LLC"
2241,ACADEMY OF NUTRITION AND DIETETICS (FORMERLY AS AMERICAN DIETETIC ASSOCIATION)
73635,GEOFFREY P. GRAY
32351,EVERY VOICE CENTER (FKA PUBLIC CAMPAIGN)
81830,"PROCESS HANDLER ET AL. FOR HIRE, INC."
400459266,CENTER FOR CLEAN AIR POLICY
75238,RONALD MARKS
400779343,ENVIRONMENTAL INTEGRITY PROJECT
28207,NATIONAL MILK PRODUCERS FEDERATION
400520538,PROMOTIONAL PRODUCTS ASSOCIATION INTERNATIONAL
400546637,THE NATIONAL ASSOCIATION FOR BEHAVIORAL HEALTH
291093,"FRONTLINE PUBLIC STRATEGIES, INC."
400868543,BARCLAYS US GPF INC.
401104221,ALCOA CORP
400633918,JACKSON DEWITT
401006842,"WINN STRATEGIES, LLC"
400459240,GILLIS PUBLIC STRATEGIES. LLC
401104062,JERE GLOVER
34808,SELLERY ASSOCIATES
400684040,RHONE STRATEGIES LLC
37540,SYRACUSE UNIVERSITY
2924,AMERICAN MOVING AND STORAGE ASSOCIATION
400459243,CHRISTOPHER GREGORY
401103944,INSTITUTE FOR CHILD SUCCESS
29846,NOSSAMAN LLP
26672,NATIONAL ASSOCIATION OF CHAIN DRUG STORES
30792,"PARRY, ROMANI, DECONCINI & SYMMS"
740,ALASKA CONSERVATION FOUNDATION
11628,"DAVIDOFF HUTCHER & CITRON, LLP"
401103625,MONEYGRAM INTERNATIONAL INC.
400618877,VOLVO CAR CORPORATION
401105113,"DOMER CONSULTING, LLC"
19877,INTERNATIONAL BUSINESS MACHINES CORPORATION (IBM)
400271250,FEDERAL STRATEGY CONSULTING
401103500,FIERCE GOVERNMENT RELATIONS
288613,"THE JOSEPH GROUP, LLC"
401103538,NATIONAL ENVIRONMENTAL HEALTH ASSOCIATION
401103509,MR. J. KEITH KENNEDY
290571,NATIONAL COUNCIL OF TEXTILE ORGANIZATIONS
283594,JOHN NAPIER
401104358,THE LAW OFFICE OF WILLIAM J. DONOVAN
30930,"PAUL, WEISS, RIFKIND, WHARTON & GARRISON LLP"
69470,CENTER FOR CLIMATE AND ENERGY SOLUTIONS
38780,FLEXTECH ALLIANCE
400535604,THE FRIEDLANDER GROUP
52594,"STRATEGIC IMPACT, INC."
2252,"AMERICAN ELECTRIC POWER COMPANY, INC. AND AFFILIATED CORPORATIONS"
400404906,TUCKER ELLIS & WEST LLP
79676,UNIVERSITY OF MARYLAND
4790,ASSOCIATED GENERAL CONTRACTORS OF AMERICA
324035,"THE OSCAR GROUP, LLC"
38643,DAVID TURCH & ASSOC.
296577,DAVID M FARMER
44812,"FIERCE, ISAKOWITZ & BLALOCK"
54803,BROADCOM INC.
400365698,PETER WALSH
50034,MRS. KIMBERLY COBB
30201,OLIN CORPORATION
21814,THEODORE KNAPPEN
309936,"MITCHELL SILBERBERG & KNUPP, LLP"
400816426,"NCSC GROUP, LLC"
400284360,IMMIGRATIONWORKS USA
400359637,"RICHARD J. LEIDL, P.C."
401091050,LIZ WILLIAMS AND COMPANY
401103573,FORESIGHT LAW + POLICY PLLC
51560,BINGHAM MCCUTCHEN LLP
72075,CLIFFORD CHANCE US LLP
18001,VERTICAL AVIATION INTERNATIONAL
400569712,"FIRST SOLAR, INC."
21450,KENTUCKY FARM BUREAU FEDERATION
48587,ILLINOIS TOOL WORKS INC.
400424027,"GRESHAM CONSULTING GROUP, LLC"
37675,"TECO HOLDINGS INC., FORMERLY KNOWN AS TECO ENERGY, INC."
400990822,MS. CHRISTINE SODERSTROM
17454,JOHN HANCOCK LIFE INSURANCE COMPANY (U.S.A)
11297,THE CRANE GROUP INC
401104747,WILLIS NORTH AMERICA INC.
400491415,"EVT GLOBAL, INC"
401103242,SERLIN HALEY LLP
401104467,"INVEST IN EDUCATION COALITION, INC."
300435,"THE COLWELL GROUP, LLC"
401104680,"CALFEE, HALTER & GRISWOLD LLP"
28891,"NAVISTAR, INC."
400578739,INTERNATIONAL ASSOCIATION OF PLUMBING AND MECHANICAL OFFICIALS
45414,"GHAZAL & ASSOCIATES, LLC"
1956,AMERICAN COLLEGE OF CHEST PHYSICIANS
226,ADVANCED STRATEGIES
36710,STEPTOE LLP
401103630,SACKLER BRINKMANN & HUGHES LLC
401103870,BRIAN RICHARD NGUYEN DONOHUE
401051964,KAMINS CONSULTING
67557,SEGUNDO MERCADO-LLORENS
287155,"KATHARINE ARMSTRONG, INC."
400372713,RHEEM MANUFACTURING COMPANY
400314468,AMERICAN SUPERCONDUCTOR CORPORATION
7758,CALIFORNIA LIFE SCIENCES
400931695,"DESIMONE CONSULTING, LLC"
401105048,"COMMAND SOLUTIONS, LLC"
18672,THE HOSPITAL & HEALTHSYSTEM ASSOCIATION OF PENNSYLVANIA
30393,OUTDOOR INDUSTRY ASSOCIAITON
400699088,BRIAN DUGGAN
401103610,DATA COALITION
401015870,NATIONAL ASSOCIATION OF RETAIL COLLECTION ATTORNEYS
40027233,LKQ CORPORATION
40032271,LISA COLANGELO
292312,CARGO AIRLINE ASSOCIATION
400546628,"ADVOCACY & COMMUNICATION SOLUTIONS, LLC"
28561,ASSOCIATION OF FUNDRAISING PROFESSIONALS
400426037,FEED THE CHILDREN
400967781,CAROL STATUTO BEVAN
323832,"THE SETTER GROUP, LCC"
400649956,WALTON CHALMERS II
42980,USA-ITA DBA UNITED STATES FASHION INDUSTRY ASSOCIATION
9614,COALITION FOR AUTO REPAIR EQUALITY
26546,NATIONAL ASPHALT PAVEMENT ASSOCIATION
401103235,"THE SIMMONS & RUSSELL GROUP, LLC"
310836,ROSCOMMON INTERNATIONAL
3674,THE AMERICAN WATERWAYS OPERATORS
310893,"NADINE CHATMAN CONSULTING FIRM, LLC"
91650,"THE MITCHELL FIRM, INC."
4174,THE ARC OF THE UNITED STATES
74875,PAW AND ASSOCIATES
71792,RISSING STRATEGIC LLC
400787369,"CARPINO & ASSOCIATES, LLC"
401104314,REDROCK GOVERNMENT RELATIONS
31144,PEOPLE FOR THE AMERICAN WAY
318072,"SQUIRE SANDERS PUBLIC ADVOCACY, LLC"
400459255,RBS SECURITIES INC.
35800,"THE SMITH-FREE GROUP, LLC"
400901635,HUAWEI TECHNOLOGIES USA INC.
400962773,"BEN NIGHTHORSE CONSULTANTS, INC."
79995,"GREENLEE PARTNERS, LLC"
401078028,CEANNATE CORP
401103547,EIS SOLUTIONS
400598824,MAPETSI POLICY GROUP
59752,DOREMUS & ASSOCIATES
303553,GO DADDY.COM
401105051,ARTEMIS ESG
8418,CASE WESTERN RESERVE UNIVERSITY
11377,CROWELL & MORING LLP
400384779,"AUX INITIATIVES, LLC"
89997,BRUCE HATTON
45391,OCHSNER CLINIC FOUNDATION
49123,NATIONAL ASSN OF AFFORDABLE HOUSING LENDERS
400341586,"LOBBYISTS OFFICES OF G.R.W, INC"
400446141,"FERGUSON STRATEGIES, LLC"
401019880,LOVELACE ENERGY ADVISORS
401104787,SLAIMAN CONSULTING LLC
401104482,"LONGVIEW GLOBAL, LLC"
32486,"PUBLIC STRATEGIES WASHINGTON, INC."
15031,FMC CORPORATION
2228,AMERICAN DENTAL ASSOCIATION
400469321,DENBURY INC.
27638,NATIONAL COUNCIL OF FARMER COOPERATIVES
400418985,MR. MICHAEL ROMANSKY
400556661,"RMAX TECHNOLOGIES, LLC"
59056,"CHARTER COMMUNICATIONS, INC."
400790382,"BOB RILEY & ASSOCIATES, LLC"
401103758,RES-AMERICAS
401097061,GLOBAL STRATEGIC COMMUNICATIONS GROUP
400381753,HEARTLAND CONSUMERS POWER DISTRICT
401104873,"STOCKTON GLOBAL STRATEGIES, LLC"
52606,AMERICAN COUNCIL FOR VOLUNTARY INTERNATIONAL ACTION
284573,"CARDENAS PARTNERS, LLC"
70973,TEXAS HOSPITAL ASSOCIATION
10057,COMCAST CORPORATION
400884588,MR. MARTIN STRANGE
40013099,JULA KINNAIRD
304097,FINANCIAL INDUSTRY REGULATORY AUTHORITY
400856517,THE CONNOLLY GROUP
300856,AMERICAN ACADEMY OF NEUROLOGY
401104968,FACT COALITION (A PROJECT OF THE FUND FOR CONSTITUTIONAL GOVERNMENT)
40036303,MDU RESOURCES GROUP
401104810,"GARNER GROUP INTERNATIONAL, LLC"
16327,"GLOBAL COMMUNICATORS, HARFF COMMUNICATIONS INC D/B/A GLOBAL COMMUNI"
15667,THE FURMAN GROUP
66055,TRUST FOR AMERICA'S HEALTH
316616,POLICYWORKS
401022887,FINN PARTNERS
23576,MR. GERALD MALIA
20367,"JACOBS ENGINEERING GROUP, INC."
27946,NATIONAL GUARD ASSOCIATION OF THE UNITED STATES
2321,"AMERICAN FEDERATION OF STATE, COUNTY AND MUNICIPAL EMPLOYEES"
90591,BORDERS LAW GROUP
40004026,INSTITUTE OF MAKERS OF EXPLOSIVES
80190,WOH GOVERNMENT SOLUTIONS LLC
22644,"YOSS LLP (FORMERLY KNOWN AS ADORNO & YOSS, LLP)"
14495,"FIGHTING APARTHEID CONFRONTATION TRANSFORMATION SYSTEMS, INC."
298991,"CUBA DEMOCRACY PUBLIC ADVOCACY, CORP."
400690056,"SUMMER LEARNING ADVOCATES, INC."
400816427,"D SQUARED TAX STRATEGIES, LLC"
400382759,PHYSICIANS COMMITTEE FOR RESPONSIBLE MEDICINE
400779347,AMERICAN PUBLIC HUMAN SERVICES ASSOCIATION
400845494,MR. AUSTIN JENNINGS
401104937,CAPITOL CONSULTING GROUP LLC (DC)
18683,HOSPITAL SERVICE ASSOCIATION OF NORTHEASTERN PENNSYLVANIA
283652,WORLDRIGHTS
400991824,KASASA
40021155,"GALILEO CONSULTING GROUP, INC."
310951,"CARFAX, INC."
401103157,"POTOMAC GOVERNMENT RELATIONS, LLC"
400891605,"TERRITORY & COMMONWEALTH, LLC"
400899626,SIERRA NEVADA CORPORATION
38426,TREA SENIOR CITIZENS LEAGUE
4584,"ASSOCIATION OF GLOBAL AUTOMAKERS, INC."
79858,MEREDITH MCGEHEE
5767,"BECTON, DICKINSON AND COMPANY"
72018,POLICY ADVOCATES
401105310,JOCELYN HONG & ASSOCIATES
400911656,KENNETH BROWN
400542621,CONCORDIA POWER
310335,"RIO TINTO SERVICES, INC."
27365,NATIONAL CAMPAIGN FOR A PEACE TAX FUND
58215,"MARTIN, FISHER, THOMPSON & ASSOCIATES"
22622,"BURLEIGH LEONARD AND COMPANY LLC (FORMERLY ""BURLEIGH LEONARD"")"
401104765,GREEN PLAINS INC.
40011083,"SPECTRUM CONSULTING GROUP, LLC"
285734,TYCO INTERNATIONAL MGMT CO
304736,"TARPLIN, DOWNS & YOUNG, LLC"
290593,"THE TIPTON GROUP, INC."
400607847,"GOVERNMENTAL CONSULTANT SERVICES, INC."
400944725,DOGWOOD STRATEGIES
401103757,GLOBALGR LLC
47985,CONCERNED WOMEN FOR AMERICA LEGISLATIVE ACTION COMMITTEE
21051,"KAMBROD ASSOCIATES, LTD."
49830,DIAGEO NORTH AMERICA
400384771,"MEDICI, LLC"
400865537,QUADRANT ASSOCIATES GROUP LLC
64235,NATIONAL PACE ASSOCIATION
74955,OPEN SOCIETY ACTION FUND
300173,SAFEWAY INC.
14405,FELD ENTERTAINMENT
401105101,ELANCO ANIMAL HEALTH INCORPORATED
303416,MARYLAND & DISTRICT OF COLUMBIA CREDIT UNION ASSOCIATION
40020147,"STAPLETON & ASSOCIATES, LLC"
74077,THE AMERICAN PUBLIC GAS ASSOCIATION
401105409,D.L. GARDNER AND ASSOCIATES
292972,"BOEHRINGER INGELHEIM USA CORPORATION, FORMERLY REPORTED AS BOEHRINGER INGELHEIM PHARMACEUTICALS, INC"
48816,FMR LLC
31543,PINNACLE WEST CAPITAL CORPORATION
400296395,J STREET
324150,ARGENTUM
401104808,MS. PATRICIA M. SOLDANO
401105068,"RESOLUTION PUBLIC AFFAIRS, LLC"
317195,PINNEY ASSOCIATES
401103845,COVESTRO LLC
297237,"CONGRESSIONAL SOLUTIONS, INC (CSI)"
401000834,"THE PRINCIPI GROUP, LLC"
22074,MS. SHANNON LAHEY
8214,CAPSTONE NATIONAL PARTNERS
401103954,"PRAIRIE ROAD, LLC (FKA MR. ROBERT POWERS)"
401104534,"SPARK THERAPEUTICS, INC."
400287371,"BOYAGIAN CONSULTING, LLC"
7075,"BRITISH AIRWAYS, PLC"
18364,"HOBBS, STRAUS, DEAN & WALKER, LLP"
52801,"ARIANESPACE, INC"
400511510,WILDFIRE PROTECTION SYSTEMS
400869547,NATIONAL VOLUNTEER FIRE COUNCIL
61414,"NEXXUS CONSULTING, LLC"
53505,"WOMBLE CARLYLE SANDRIDGE & RICE, LLP"
39382,UNIVERSITY OF CONNECTICUT
19194,INDEPENDENT COMMUNITY BANKERS OF AMERICA
1546,AMERICAN ASSOCIATION OF COLLEGES OF OSTEOPATHIC MEDICINE
40025201,NATIONAL ASSOCIATION OF COLLEGE AND UNIVERSITY BUSINESS OFFICERS (NACUBO)
27662,UNIDOSUS (FKA NATIONAL COUNCIL OF LA RAZA)
49511,RELX INC.
20700,"REAL ESTATE SERVICES PROVIDERS COUNCIL, INC."
31202,"PEPSICO, INC"
38051,THOMPSON HINE LLP
55303,TELEDYNE TECHNOLOGIES INCORPORATED
6848,MARSHALL BRACHMAN
318015,COMMUNITY FOOD SECURITY COALITION
400488400,DNV GL USA INC.
400472335,NATIONAL RELIGIOUS CAMPAIGN AGAINST TORTURE ACTION FUND
400774332,"O'HARA FEDERAL STRATEGIES, LLC"
38938,"UNILEVER UNITED STATES, INC."
400503477,MRS. MEGAN ZUCKERMAN
400559672,NATIONAL RETIREE LEGISLATIVE NETWORK
40002017,LARRY LUTZ
400454176,MILITARY FAMILIES UNITED
32761,PAMELA RAY
400934700,"INDIANA FARM BUREAU, INC"
30187,"RYAN MACKINNON VASAPOLI AND BERZOK, LLP"
46222,JOHN CARROLL UNIVERSITY
41168,WHIRLPOOL CORPORATION
400268226,"SCHOTT NORTH AMERICA, INC."
18205,"MCGOVERN & SMITH, LLC"
312270,THE HOMEPORT GROUP
52663,MCNEES WALLACE & NURICK
400440119,SICPA PRODUCT SECURITY
287394,PUTALASTRATEGIES
401103760,"CALIFORNIA STRATEGIES & ADVOCACY, LLC"
292892,"WHITMER & WORRALL, LLC"
296236,INDIANA UNIVERSITY
400426045,CAPITOLOGIC LLC
26694,NATIONAL ASSOC. OF CHILDREN'S HOSPITALS & RELATED HOSPITALS
62233,"PHEASANTS FOREVER, INC."
315752,"CORALLO COMSTOCK, INC."
296271,"MINDSET ADVOCACY, LLC"
48086,"CAPITAL PARTNERSHIPS, LLC"
401104180,ROSE GARR
316398,ELLEN C. WILLIAMS
401103650,MR. CARY PETERSON
289113,JOHN HANCOCK
400269231,"AUSTIN ENERGY/CITY OF AUSTIN, TEXAS"
35398,MR. EMERY SIMON
25603,"ML STRATEGIES, LLC"
301618,HEALTH NET FEDERAL SERVICES
24214,CHARLIE MCBRIDE ASSOCIATES
401105078,"END CITIZENS UNITED ACTION FUND // LET AMERICA VOTE ACTION FUND, FKA END CITIZENS UNITED ACTION FUND"
401104687,"ODNEY, INC."
2640,AMERICAN INSTITUTE OF CERTIFIED PUBLIC ACCOUNTANTS
28801,NATIONAL WOMEN'S LAW CENTER
78152,"LATHROP & GAGE, LLP"
55531,MR. BRADFORD A. PENNEY
63690,INTERNATIONAL CODE COUNCIL (ICC)
401104596,YELLOWSTONE STRATEGIES
401104947,THE ALS ASSOCIATION
66658,CATALYST PARTNERS LLC
24032,PANASONIC CORPORATION OF NORTH AMERICA (PNA)
401103518,"THE POLICY GROUP, INC."
64018,DIGITAL MEDIA ASSN
73191,LIBERTY SQUARE GROUP
401105171,"COMPASS MANAGEMENT PARTNERS, INC."
400478358,"SB STRATEGIC CONSULTING, INC."
287714,BRITISH BANKERS' ASSOCIATION
47416,"THE JONES COMPANY, LLC"
296817,MR. GAYLORD HUGHEY
79951,"TRIANGLE ASSOCIATES, INC."
400718160,BLUE TUSK COMMUNICATIONS
401104442,INNOVATIVE LENDING PLATFORM ASSOCIATION
400617870,HAMILTON PLACE STRATEGIES
38483,"TRINITY INDUSTRIES, INC"
400876564,GRAMM PARTNERS
42810,"YUM! BRANDS, INC."
46701,CENTRUS ENERGY CORP.
306911,"SALESFORCE, INC."
3867,"AMGEN, INC."
83411,WSB LLC
323331,TUGGEY ROSENTHAL PAUERSTEIN SANDOLOSKI AGATHER LLP
400473341,DAVID CARVER
1694,AARP
401103778,GARY HOITSMA
400363692,MS&L
400272261,PAULA STERN
401103542,HETTINGER STRATEGY GROUP LLC
6256,"BIRCH, HORTON, BITTNER & CHEROT"
401103700,ROSEMONT GROUP
401104479,"WISE ADVICE, INC."
65271,"WASHINGTON LINKAGE GROUP, INC"
313635,MML&K GOVERNMENT SOLUTIONS
313533,HOLLIER & ASSOCIATES
401103224,VANTAGE POINT STRATEGIES LLC
47198,WHEAT GOVERNMENT RELATIONS
400712135,"TIBER CREEK HEALTH STRATEGIES, INC."
80417,ROBERT WENDELL MOORE
288214,CAPELLA UNIVERSITY
26683,NATIONAL ASSOCIATION OF CHILDREN'S HOSPITALS (N.A.C.H.)
321874,"VAN HEUVELEN STRATEGIES, LLC"
309776,MR. PETER LOUGHLIN
30655,"THE PALUMBO COMPANY, LLC. (FORMERLY: PALUMBO & CERRELL, INC.)"
400807410,QUIN DODD
30223,"THE NATIONAL MENTORING PARTNERSHIP, INC."
401104103,NATIONAL MOBILITY EQUIPMENT DEALERS ASSOCIATION
400418991,TIME WARNER CABLE INC.
28457,NATIONAL RESTAURANT ASSOCIATION
1433,AMERICAN APPAREL & FOOTWEAR ASSOCIATION
400359653,BEVERLY LINGLE
400391831,"UTRECHT & PHILLIPS, PLLC"
10161,COMMONWEALTH CONSULTING CORPORATION
285472,TRIADVOCATES LLC
33716,ROSE & HEFNER CONSULTING CO.
310494,"BITUMINOUS COAL OPERATORS' ASSOCIATION, INC."
22030,LABORERS' INTERNATIONAL UNION OF NORTH AMERICA
401104317,"LAMONT CONSULTING SERVICES, LLC"
15532,FRIENDS COMMITTEE ON NATIONAL LEGISLATION
284675,"DANIEL J. FRENCH & ASSOCIATES, LLC"
40008054,ROBERT BOSCH LLC
17352,"HALL, RENDER, KILLIAN, HEATH & LYMAN, P.C."
4527,ASSOCIATION OF ART MUSEUM DIRECTORS
309710,LISA MORTIER (FKA MRS. LISA WALTZMAN MORTIER
400842489,THEODORE ROOSEVELT CONSERVATION PARTNERSHIP
401104879,"INVESCO HOLDING COMPANY (US), INC"
55438,"THOMAS WALTERS & ASSOCIATES, INC."
40624,"WASHINGTON POLICY ASSOCIATES, INC."
401046940,"JTK CONSULTING, LLC"
64793,PAT YOUNGER
58853,AMERICAN INSTITUTE OF PHYSICS
38530,"TROUTMAN PEPPER HAMILTON SANDERS, LLP"
401104939,"CAPITOL POINT GROUP, LLC"
15931,GENERAL ATOMICS
401104245,"ANIMAL POLICY GROUP, LLC"
401103895,WITT GLOBAL PARTNERS
38302,THE TRADE PARTNERSHIP
40046359,ALLIED PILOTS ASSOCIATION
1535,AMERICAN ASSOCIATION OF COLLEGES FOR TEACHER EDUCATION
401104146,AMERICAN MADE COALITION
400623896,CEIS BAYNE EAST LLC
314795,"DISTRICT STRATEGIES, LLC"
401103943,AMERICAN UNIVERSITY OF BEIRUT
19890,INTERNATIONAL CAMPAIGN FOR TIBET
15986,GENERAL DYNAMICS CORP
400677020,MR. DOYCE BOESCH
31691,POINTS OF LIGHT INSTITUTE
285951,MONFORT LEWIS
30952,NIXON PEABODY LLP
400721169,"CRACKER BARREL OLD COUNTRY STORE, INC."
292595,DAVID KENSINGER AND ASSOCIATES (DBA KENSINGER & HICKAM PUBLIC AFFAIRS)
3878,"MORRIS J. AMITAY, PC"
400385786,HILL-ROM HOLDINGS
400528560,"SOLAZYME, INC."
315477,BUTTERFIELD EVANS & ASSOCIATES LLC
400595819,"UNITED UNION OF ROOFERS, WATERPROOFERS AND ALLIED WORKERS"
401103705,THE CHERTOFF GROUP
40022160,"FRIENDS OF THE WORLD FOOD PROGRAM (DOING BUSINESS AS ""WORLD FOOD PROGRAM USA"")"
401104186,JONATHAN GREGORY
401103359,HANKA ADVISOR LLC
400531581,POLICY SOLUTIONS LLC
400369708,COZEN O'CONNOR PC
2707,AMERICAN IRON AND STEEL INSTITUTE
291435,"SPECIAL OLYMPICS, INC."
400753253,"DUMBARTON GROUP, LLC"
41432,PETER CARLSON
7725,CALIFORNIA AND NEVADA CREDIT UNION LEAGUES
400678022,ICE MILLER WHITEBOARD FORMERLY SZD WHITEBOARD
16841,GREATER WASHINGTON BOARD OF TRADE
401103527,HOSPICE COMPASSUS
2571,AMERICAN HOSPITAL ASSOCIATION
400389805,MITCH BUTLER
51467,U.S. NAVAL SEA CADET CORPS
39143,"UNITEDHEALTH GROUP, INC."
314396,"CAPITOL FEDERAL STRATEGIES, LLC"
401104542,"THE SOCCI LAW FIRM, PLLC (FKA INFLUENCE STRATEGIES)"
298650,"THE PMI GROUP, INC."
55837,CEDARS-SINAI MEDICAL CENTER
400491413,"TRUEBLUE, INC."
6267,THOMAS L. BIRCH
40048379,SOUTH CAROLINA PUBLIC SERVICE AUTHORITY
400740217,THE POTOMAC ALLIANCE
401104867,"TAYLOR ENGLISH DECISIONS, LLC"
6781,WAKE FOREST UNIVERSITY HEALTH SCIENCES
401104678,"HILL EAST GROUP, LLC"
401103414,"LIBERTY CONSULTING, LLC"
67193,MORRISON PUBLIC AFFAIRS GROUP
401103903,BECKER LAW FIRM PLLC
310791,THE MONDELLO GROUP LLC
69856,HYDE PARK COMMUNICATIONS
400976794,"KENNETH V. HEMMERLE, II, P.A., ATTORNEY AT LAW"
2194,AMERICAN DEFENSE INTERNATIONAL
400307436,VITAS HEALTHCARE CORPORATION
35070,"INTERNATIONAL ASSOCIATION OF SHEET METAL, AIR, RAIL & TRANSPORTATION WORKERS"
18422,HOGAN LOVELLS US LLP
60457,RON CAMPBELL / SPS CONSULTANTS
401104559,LIVE OAK BANKING COMPANY (FORMERLY KNOWN AS LIVE OAK BANK)
27536,NATIONAL COOPERATIVE BUSINESS ASSOCIATION
55586,MRIGLOBAL (FORMERLY) MIDWEST RESEARCH INSTITUTE
40036301,KNIGHT CAPITOL CONSULTANTS
79596,"FENNEL CONSULTING, LLC"
400926687,"JOHN ENGBER & ASSOCIATES, INC."
401104766,LUPIN PHARMACEUTICALS INC
299310,MONSTER WORLDWIDE
401105270,NATIONAL COUNCIL ON PROBLEM GAMBLING
400445139,PACIFIC ATLANTIC PARTNERS
26604,NATIONAL ASSOCIATION FOR THE SELF-EMPLOYED (NASE)
43707,AMERICAN ASSN OF DIABETES EDUCATORS
401047954,"S. VACA & ASSOCIATES, LLC"
400458220,NETWORK ADVERTISING INITIATIVE
401104002,KIM KRENIK
400525549,REACH OUT AND READ
46676,BLUE CROSS BLUE SHIELD OF MICHIGAN
40017130,INVESTMENT ADVISER ASSOCIATION
302073,COUNCIL OF LARGE PUBLIC HOUSING AUTHORITIES
313236,MR. GEORGE STRUMPF
36311,"RICHARD L. SPEES, INC"
4595,ASSOCIATION OF JESUIT COLLEGES AND UNIVERSITIES
26045,MOTORCYCLE RIDERS FOUNDATION
400568702,PICKARD DJINIS AND PISARRI LLP
33784,THE ROTARY FOUNDATION OF ROTARY INTERNATIONAL
297077,WYMAN CONSULTING
401103286,"ROBERT WHITE ASSOCIATES, INC."
65293,DTB ASSOCIATES LLP
400384781,NORTH AMERICAN ELECTRIC RELIABILITY CORPORATION
9102,NATIONAL CONFECTIONERS ASSOCIATION
400871555,"KELLY SERVICES, INC."
40030260,"NEXTERA ENERGY, INC."
400459279,ADVANCED ENERGY ECONOMY
82157,"THE COLLETTE GROUP, LLC"
11993,"DELTA DEVELOPMENT GROUP, INC."
401104236,JPMORGAN CHASE HOLDINGS LLC
319778,COVIDIEN LP
401103247,"THE HAMILTON GROUP, LLC"
295714,"MEHLMAN CAPITAL STRATEGIES, INC."
312634,U.S.-ISRAEL SCIENCE & TECHNOLOGY FOUNDATION
400459263,HCM STRATEGISTS
318755,THE FEEHERY GROUP
400531585,"ALLEGIANCE STRATEGIES, LLC"
33077,REPRESENTATIVE OF GERMAN INDUSTRY AND TRADE
5142,"BAKER & MCKENZIE, LLP"
401104737,ADVANCED ENERGY ADVISORS
401103626,"THE SUSAN G. KOMEN BREAST CANCER FOUNDATION, INC. DBA SUSAN G. KOMEN"
3275,ARTBA
3572,AMERICAN SUGARBEET GROWERS ASSOCIATION
400779344,"BARBARA KENNELLY ASSOCIATES, LLC"
19228,INDEPENDENT INSURANCE AGENTS & BROKERS OF AMERICA
2981,AMERICAN OPTOMETRIC ASSOCIATION
400580769,JNC & ASSOCIATES
3264,AMERICAN RIVERS
401104684,COGENT STRATEGIES LLC
400687045,"STRATEGIC SOLUTIONS CENTER, LLC"
400797392,"STEWART STRATEGIES AND SOLUTIONS, LLC"
795,"ALBERTINE ENTERPRISES, INC."
19992,INTERNATIONAL LONGSHOREMEN'S ASSOCIATION
400390819,CORPORATE VOICES FOR WORKING FAMILIES
304758,AMERICAN SMALL MANUFACTURERS COALITION
400596821,AIR LIQUIDE USA LLC
3060,AMERICAN PETROLEUM INSTITUTE
401104749,"VELOCITY GOVERNMENT RELATIONS, LLC"
286451,CHS INC.
62016,GEORGETOWN UNIVERSITY
2310,AMERICAN FEDERATION OF MUSICIANS
28311,NATIONAL PATIENT ADVOCATE FOUNDATION
13995,EVERGREEN INTERNATIONAL AVIATION
297033,"TORREY ADVISORY GROUP (FORMERLY MICHAEL TORREY ASSOCIATES, LLC)"
401103264,"ACCESSLEX INSTITUTE (FKA ACCESS GROUP, INC.)"
401103672,"J. ALEXANDER HUNT, INC."
318870,EARL RASMUSSEN
48510,"CBOE GLOBAL MARKETS, INC."
19206,"INDEPENDENT ELECTRICAL CONTRACTORS, INC."
401103380,"QVC, INC."
401105368,EASTERSEALS NEW JERSEY
401105182,R & B STRATEGIES
401103800,MATHIS STRATEGIES
314330,SPECTRA ENERGY
401104140,"REARDON CONSULTING, LLC"
400559671,COFFEE & ASSOCIATES LLC
26901,NATIONAL ASSOCIATION OF INSURANCE AND FINANCIAL ADVISORS
400518530,DEMOS
1581,"AMERICA'S HEALTH INSURANCE PLANS, INC. (AHIP)"
40101,JEFFERSON STREET CONSULTING LLC
48873,SIIA
315615,CAPITAL CONSULTANTS
401104437,THE CASHMAN GROUP D.B.A.
401031907,PITCOCK CONSULTING LLC
15133,FORD MOTOR COMPANY
7782,CALIFORNIA STATE UNIVERSITY
1901,AMERICAN CIVIL LIBERTIES UNION
400465308,"MOSS MCGEE BRADLEY, LLC"
294837,LOYOLA UNIVERSITY NEW ORLEANS
297591,CONCORD CONSULTING - BARRY E. BOWEN
31326,PFIZER INC.
400421011,TRUCKLOAD CARRIERS ASSOCIATION
29128,NEW JERSEY HOSPITAL ASSOCIATION
401105353,PROTECTIVE LIFE CORPORATION
401105249,AVANT BISHOP WASHINGTON & BLACK LLC
61777,NATIONAL INDIAN GAMING ASSOCIATION
42865,"HWG LLP (F/K/A HARRIS, WILTSHIRE & GRANNIS LLP)"
84970,"VIRENT, INC."
400458227,MAGNA SERVICES OF AMERICA INC.
400412958,FEDERAL SIGNAL CORPORATION
16293,GSK (FKA GLAXOSMITHKLINE INC.)
16726,GRAND CANYON RIVER OUTFITTERS ASSOCIATION
400460281,"OGLETHORPE PUBLIC AFFAIRS GROUP, INC."
292755,"ZIMMER BIOMET, INC."
400760268,"SHIRE REGENERATIVE MEDICINE FKA ADVANCED BIOHEALING, A SHIRE COMPANY"
400410940,ANDREW COCHRAN
298091,THE FRANKLIN PARTNERSHIP
401103274,AMERICAN ASSOCIATION OF CHILD & ADOLESCENT PSYCHIATRY
26535,NATIONAL AMERICAN INDIAN HOUSING COUNCIL
306897,AMERICAN SOCIETY FOR REPRODUCTIVE MEDICINE (ASRM)
294358,INDEPENDENT TELEPHONE AND TELECOMMUNICATIONS ALLIANCE
25011,METROPOLITAN CHICAGO HEALTHCARE COUNCIL
401103117,"B3 STRATEGIES, LLC"
400739214,"FELICIA SMITH LAW OFFICE, P.C."
66831,JAPAN BANK FOR INTERNATIONAL COOPERATION
401103263,PACCAR INC
401103624,"C-SUITE COMMUNICATIONS, LLC"
401105307,COLLECTIVE STRATEGIES & COMMUNICATIONS LLC (FORMERLY COLLECTIVE COMMUNICATIONS L
6757,BEAU BOULTER LLC
400395867,"BELL & LINDSAY, INC. (FORMERLY WHITE HOUSE CONSULTING INC.)"
401104846,BLUEPOINT DC
401104020,THE NARDELLI GROUP
400713142,ROOTS & ASSOCIATES
67114,LANGTON ASSOCIATES
401105323,CARDINAL WAYPOINT LLC
400302419,LONE STAR CONSULTING
38825,US STRATEGIES
401103443,ANN WARNER LLC
295053,"GRAY GLOBAL ADVISORS, LLC"
323397,NATIONAL SAFETY COUNCIL
318117,POPULATION SERVICES INTERNATIONAL
77971,"NATSOURCE, LLC"
284551,CAUTHEN FORBES & WILLIAMS
400915666,ARONNAX PUBLIC STRATEGIES LLC
90897,ANDREAE & ASSOCIATES
401103121,"COWEN CONSULTING, LLC"
10764,PWC US GROUP LLP (FKA PRICEWATERHOUSECOOPERS)
39427,UNIVERSITY OF ILLINOIS
300515,HARDWOOD FEDERATION
7166,BRACY TUCKER BROWN & VALANZANO DBA BROWN & ASSOCIATES
39030,"UNITED AIRLINES, INC"
401002838,CHAMBER OF MARINE COMMERCE
400588795,"YOUTH VILLAGES, INC"
401103908,"TOTAL SYSTEM SERVICES LLC, FORMERLY REPORTED AS TOTAL SYSTEM SERVICES, INC."
312372,APPLIED MEASUREMENT PROFESSIONALS/NBRC
303575,"JENKINS HILL CONSULTING, LLC"
11914,GLENN DELANEY
307455,CARMAN COMMUNICATIONS
762,ALASKA WILDERNESS LEAGUE
18125,"HESSEL, ALUISE AND NEUN, P.C."
9374,CITIZENS FOR RELIABLE AND SAFE HIGHWAYS (CRASH)
41498,JACK WILLIAMS
400908652,NATIONAL CHILDREN'S ALLIANCE
400880576,TIMMONS CONSULTING
401104792,KEYBRIDGE COMMUNICATIONS LLC
400559674,NORTH 17 CONSULTING
1650,AMERICAN ASSOCIATION OF NURSE ANESTHETISTS
39278,"INT'L ASS'N OF SHEET METAL, AIR, RAIL & TRANSP. WORKERS, TRANSP. DIV."
13687,"ENVIRONMENTAL DEFENSE FUND, INCORPORATED"
302313,"AMERIPRISE FINANCIAL, INC."
9498,CLEVELAND CLINIC FOUNDATION
35002,PILLSBURY WINTHROP SHAW PITTMAN LLP
401105329,SKDKNICKERBOCKER
400459256,BLUE GREEN ALLIANCE
400960771,"AEROSPACE INTELLIGENCE, LLC"
401103801,WILLIAM HILLEARY
39325,UNIVERSITY OF ARIZONA
400637928,"P STREET PROJECT, INC."
401104550,LS2GROUP
28355,NATIONAL PORK PRODUCERS COUNCIL
37493,LAW OFFICE OF MELVIN F. SYKES
400349611,NATIONAL BOARD FOR CERTIFIED COUNSELORS
316514,"AGWORKS SOLUTIONS, LLC"
401104007,CLIFFORD SMITH
4380,ASHLAND INC (PREVIOUSLY KNOWN AS ASHLAND LLC)
401045939,"GATTIS CONSULTING, LLC"
401103225,AMERICANS FOR PROSPERITY
39542,UNIVERSITY OF VIRGINIA
400877570,ALAN MCCOY
16987,GRIZZLE COMPANY
31680,"PODESTA GROUP, INC."
400361684,"JACOBS SCHOLZ & ASSOCIATES, LLC"
401103287,MCDERMOTT+CONSULTING LLC
400568701,"DININO ASSOCIATES, LLC"
67216,DEWITT ROSS & STEVENS S.C.
400751250,"SANDLER TRADE, LLC"
401103248,LIFESPAN
272,ADVOCATES FOR HIGHWAY AND AUTO SAFETY
44776,J. MONTGOMERY ASSOCIATES
401105210,"WISE CAPITAL STRATEGY, LLC"
28845,NATURAL GAS SUPPLY ASSOCIATION
44754,MR. SAM HAMMONS
57670,JENNIFER SHEPARD
401104901,LEIDOS INNOVATIONS CORPORATION
307411,MARTA AGUIRRE BASCOM
400932696,SAG-AFTRA
288258,"THE CLARK GROUP, LLC DBA VELA ENVIRONMENTAL"
400474349,COLORADO FARM BUREAU
28776,HEALTHCARE DISTRIBUTION ALLIANCE(HDA)(FORMERLY HEALTHCARE DISTRIBUTION MANAGEMENT ASSOCIATION (HDMA)
401103255,TAYLOR STRATEGIES
297534,"LECLAIRRYAN, PC"
2720,AMERICAN JEWISH COMMITTEE
18433,RICHARD F. HOHLT
401103375,"INTERDIGITAL, INC."
302175,CERBERUS CAPITAL MANAGEMENT
401103628,"BLUE ORIGIN, LLC"
23964,MASSACHUSETTS INSTITUTE OF TECHNOLOGY
47850,LAW OFFICES OF KEVIN G. CURTIN
400275272,"MONTEREY CONSULTING ASSOCIATES, INCORPORATED"
41135,"WHEELABRATOR TECHNOLOGIES, INC"
25055,MEXICAN AMERICAN LEGAL DEFENSE AND EDUCATIONAL FUND
401103445,NATIONAL ASSOCIATION OF STATE TREASURERS
400559668,PAVLUCHUK & ASSOCIATES
401103543,SAYLE CONSULTING LLC
400384775,DERRICK WHITE
400366700,"CAPITOL CONSULTING GROUP, LLC"
400609852,THE ESCO GROUP
28242,NATIONAL OCEAN INDUSTRIES ASSOCIATION
401104666,PATRIOTS GROUP
1397,AMERICAN ACADEMY OF PEDIATRICS
31598,PITNEY BOWES INC.
400913664,MR. ROY BOWMAN
297157,NATIONAL MUSIC PUBLISHERS' ASSOCIATION
31816,POPULATION ACTION INTERNATIONAL
401104713,JUSTICE FOR JAKE
400382763,CHARLES HACKMAN
401104657,"ALLON ADVOCACY, LLC"
400656970,UNIVERSITY OF DELAWARE
54596,AMERICAN PUBLIC WORKS ASSOCIATION
400651959,THE GILMAN GROUP
13084,ECOLAB INC.
401030903,NATIONAL ASSOCIATION FOR GUN RIGHTS
400701096,NICO SANDERS
400899627,"GROSS & WELCH, P.C., L.L.O."
400459249,"CAPSTONE GROUP NCH, LLC"
24932,MEREDITH CORPORATION
401103320,UNIVERSITIES SPACE RESEARCH ASSOCIATION
297556,"CAPITAL STRATEGIES, INC."
401103911,NANTICOKE LENNI-LENAPE TRIBAL NATION
401104125,MAGNET STRATEGY GROUP
10332,COMPUTER & COMMUNICATIONS INDUSTRY ASSOCIATION
14462,THE FERTILIZER INSTITUTE
309993,MADE IN USA STRATEGIES
39223,UPS (UNITED PARCEL SERVICE)
401103473,SAGELY SOLUTIONS LLC
51957,"UNITED CONCORDIA COMPANIES, INC. (DBA UNITED CONCORDIA DENTAL)"
320873,AMERICAN COLLEGE OF RHEUMATOLOGY
26730,NATIONAL ASSOCIATION OF CRIMINAL DEFENSE LAWYERS (NACDL)
401104734,THE VOGEL GROUP
35968,SOCIETY OF NUCLEAR MEDICINE AND MOLECULAR IMAGING
47336,LOWRY STRATEGIES
401103483,BURRELL INTERNATIONAL GROUP LLC
62734,HALL GOVERNMENT RELATIONS
54107,NATIONAL FAIR HOUSING ALLIANCE
39611,U.S. BANCORP (FORMERLY FILED AS U.S. BANK)
400444133,BRENDAN MARTIN
400584783,"SPILMAN THOMAS & BATTLE, PLLC"
32293,PLAN SPONSOR COUNCIL OF AMERICA FKA PROFIT SHARING/401K COUNCIL OF AMERICA
401104772,JINKOSOLAR (U.S.) INC.
401103514,"MARSHALL CONSULTING, LLC"
17000,"GROOM LAW GROUP, CHARTERED"
400767311,JUDICIAL ACTION GROUP
39837,VAN SCOYOC ASSOCIATES
304975,"THE FARLEY GROUP, INC."
26466,NATIONAL AIR CARRIER ASSOCIATION
313511,J.A. GREEN AND COMPANY (FORMERLY LLC)
22520,LEGISLATIVE ASSOCIATES
314693,MEGAN GRAY
40047365,NATIONAL HOME INFUSION ASSOCIATION
401104189,BIGHORN PUBLIC AFFAIRS GROUP
401105073,MCMILLAN & YOUNG POLICY CONSULTANTS LLC
400904641,COLETTE DESMARAIS
400400888,"THE ARMEY GROUP, LLP"
401103739,BABCOCK & WILCOX ENTERPRISES INC.
400594814,"GRIEBOSKI GLOBAL STRATEGIES, LLC"
26741,NATIONAL ASSOCIATION OF ELEMENTARY SCHOOL PRINCIPALS (NAESP)
69550,MR. PATRICK TUCKER
400687046,J.P. GRANT LLC
400720167,DEMOTECH
35707,SMITH DAWSON & ANDREWS
401104716,KLEIN/JOHNSON GROUP
400432090,MASCO CORPORATION
400388803,"JMH GROUP, FORMERLY JAMIAN MCELROY & HAMLIN, LLC"
83331,"BUNGE NORTH AMERICA, INC"
400275290,JOHN GOODMAN
82330,GREATER CLEVELAND PARTNERSHIP
51968,"MAYBERRY & ASSOCIATES, LLC"
40004027,"THE TOY ASSOCIATION, INC."
11231,"COX ENTERPRISES INC. (FKA COX ENTERPRISES, INC. & VARIOUS SUBS & AFFS)"
42785,THE ACCORD GROUP
48315,LAW OFFICES OF MARK S. JOFFE
401104571,"VNF SOLUTIONS, LLC"
693,ALABAMA FARMERS FEDERATION
4378,ASARCO LLC
400423022,FIRST FOCUS CAMPAIGN FOR CHILDREN
33055,RENEWABLE FUELS ASSOCIATION
401104419,"MRC CONSULTING, LLP"
72372,GSP CONSULTING CORP
308797,"DUMBARTON GROUP & ASSOCIATES, LLC"
401103160,WESLEY ENHANCED LIVING
11093,THE COUNCIL OF INSURANCE AGENTS AND BROKERS
20697,"S.C. JOHNSON & SON, INC."
401104416,WILDHORSE CONSULTING
400406923,JOANNE HOWES
283696,"BECKER & POLIAKOFF, P.A."
401103825,MUSTANG GOVERNMENT STRATEGIES LLC
69311,AMERICA'S POWER
62255,MR. JOHN A. DEVIERNO
83796,AMITAY CONSULTING
88974,GENESEE & WYOMING INC.
400432091,AMERICAN FEDERATION FOR CHILDREN (FKA ADVOCATES FOR SCHOOL CHOICE)
60071,"TW TELECOM INC (FORMERLY TIME WARNER TELECOM, INC)"
68970,CONTINENTAL CONSULTING GROUP CORPORATION
400804406,THE JONES FIRM
400478357,AMERICAN PUBLIC UNIVERSITY SYSTEM
401104276,MR. ROBERT BISSEN
401102073,RECREATION VEHICLE DEALERS ASSOCIATION OF NORTH AMERICA
401103091,GROSSMANHEINZ
3413,AMERICAN SOCIETY OF CIVIL ENGINEERS
75171,CEASEFIREPA
400625901,SCOTT SCANLAND
28140,NATIONAL LEGAL AID AND DEFENDER ASSOCIATION
80510,CMFG LIFE INSURANCE COMPANY
400602834,"FRANCO GOVERNMENT RELATIONS, INC."
401103341,"PALMER POLICY GROUP, LLC"
401105036,AMERICAN PRINCIPLES PROJECT
400367702,"OMER F. BROWN, II LAW OFFICE"
294735,MORHARD & ASSOCIATES
292573,"MCALLISTER & QUINN, LLC"
738,GUTTMACHER INSTITUTE
401104492,SCULLY ROSKEY AND MISSMAR
306055,BLACKBERRY CORP.
33363,"RISK & INSURANCE MANAGEMENT SOCIETY, INC."
88358,PEARSON EDUCATION
44696,"GIS ASSOCIATES, INC"
13574,ENDOCRINE SOCIETY
71894,NATIONAL POTATO COUNCIL
89257,MR. ROBERT NOEL
401103775,AMERICAN ATHEISTS
24533,"MCINTYRE & LEMON, PLLC"
401103848,"PRETI, FLAHERTY, BELIVEAU & PACHIOS, CHARTERED, LLP"
400493433,"CAPITALEDGE STRATEGIES, LLC"
400275302,PAUL SUPLIZIO ASSOCIATES
15190,MS. SHEILA FORSYTH
400835473,"AFFYMAX, INC."
55792,AMERICAN ASSOCIATION FOR HOMECARE
400448143,"DSD CAPITOL, LLC"
1524,"AMERICAN ASSOCIATION OF BLOOD BANKS, DBA ASSOCIATION FOR THE ADVANCEMENT OF BLOOD & BIOTHERAPIES"
23758,MARCH OF DIMES
401104145,"REGULATORY STRATEGIES AND SOLUTIONS GROUP, LLC"
31758,"POLICY IMPACT COMMUNICATIONS, INC."
32555,QUEST DIAGNOSTICS INCORPORATED
38734,UNITED STATES BUSINESS AND INDUSTRY COUNCIL
400765308,BILL RYAN
31166,"INTEGRYS ENERGY GROUP, INC."
60550,STRATEGIC MARKETING INNOVATIONS
66977,MYRNA MANDLAWITZ
40005032,THE DIAMOND GROUP
53345,"GCS, INC"
400504486,PUBLIC POLICY PARTNERS
43833,WEC ENERGY GROUP
401104826,THE UNIVERSITY OF FLORIDA BOARD OF TRUSTEES
401103604,EPPLIN STRATEGIC PLANNING
48348,ROBIN TALLON & ASSOCIATES
42240,ZIONTZ CHESTNUT
28481,NATIONAL RIGHT TO LIFE COMMITTEE
50375,"JAY B. LEVIN, LEVIN,PAOLINO & CHRIST GOVENMENT REALTIONS CONSULTING"
401104721,NEIL QUINTER
400332555,"J HOLLEY CONSULTING, LLC"
400939710,CAPSTONE COUNSEL GROUP LLC
400454174,"HARLEM UNITED COMMUNITY AIDS CENTER, INC."
17341,HALL ESTILL HARDWICK GABLE GOLDEN & NELSON
400395863,WATER POLICY ASSOCIATES
401104199,STRATEGOS PUBLIC AFFAIRS
401103938,FARRAGUT PARTNERS LLP
401103232,PARTNERSHIP FOR PART D ACCESS (INFORMAL COALITION)
401105229,"CHANEL, INC."
401104310,MRS. MAGGIE CROSSWY
39677,US AIRWAYS
401104108,ACCSES
82578,"MOFFETT GROUP, LLC"
27081,NATIONAL ACTIVE AND RETIRED FEDERAL EMPLOYEES ASSOCIATION
8954,HOUSEHOLD & COMMERCIAL PRODUCTS ASSOCIATION
24497,MARY LEE MCGUIRE
287257,DIANE O'TOOLE LLC
301653,ASCD
400339576,PRIME THERAPEUTICS
400985811,KEVIN ROY
400552652,BIOCOM
20551,JENCKES AND ASSOCIATES
9090,"CLS STRATEGIES (FORMERLY CHLOPAK, LEONARD, SCHECHTER AND ASSOCIATES, INC.)"
401103753,AMERICAN DAIRY COALITION
6278,BLACK & VEATCH
401104432,"MILNE, WIENER & SHOFE GLOBAL STRATEGIES (FKA M & W GOVERNMENT AFFAIRS, LLC)"
26400,BANK OF AMERICA CORPORATION
400899629,"835 CONSULTING, LLC"
400914665,"SOCIETY FOR WORLDWIDE INTERBANK FINANCIAL TELECOMMUNICATION, SC"
401103565,MICHAEL BEST STRATEGIES LLC
79938,"TAYLOR CONNOR ASSOCIATES, LLC"
401104883,"YOSTE STRATEGIC PARTNERS, LLC"
31918,THE POTOMAC GROUP
11424,CSX CORPORATION
401103989,MRS. JUDITH C. SHERMAN
401105096,UTILITY WORKERS UNION OF AMERICA
40036297,AMERICAN COLLEGE OF PREVENTIVE MEDICINE
90077,"CHAD BRADLEY& ASSOCIATES, L.L.C."
82215,"KEARNEY, DONOVAN & MCGEE"
400263202,CONNECTED NATION DEVELOPMENT CORPORATION
401026894,LAW OFFICE OF EDWARD D. KALMAN
61618,"CHRISTOPHER REEVE FOUNDATION, A NEW JERSEY NONPROFIT CORPORATION"
70437,HOLLRAH LLC
53243,SAS INSTITUTE
401104565,"COPPER HILL STRATEGIES, LLC"
401104231,KRAMERICH POLICY STRATEGIES
401103200,"D&D STRATEGIES, LLC"
401103751,BRUCE HOCK LLC
64598,NATIONAL COUNCIL OF NONPROFITS (FORMERLY KNOWN AS THE NATIONAL COUNCIL OF NONPRO
401103935,"SARAH BLACKWOOD GOVERNMENT RELATIONS, LLC"
401104778,EMERGENT STRATEGIES
400833470,"SEARFOSS CONSULTING GROUP, LLC"
48975,NATIONAL ASSOCIATION FOR THE ADVANCEMENT OF COLORED PEOPLE
401104465,"AVENUE STRATEGIES GLOBAL, LLC"
40038312,MR. CHARLES SCHOLZ
400554659,"CLYDE H. SLEASE, III"
401103869,SWAN CREEK STRATEGIES
27228,NATIONAL ASSOCIATION OF WHEAT GROWERS
306658,NATIONAL LGBTQ TASK FORCE FORMERLY KNOW AS: NATIONAL GAY AND LESBIAN TASK FORCE
36696,J. GORDON STEPHENS JR
75694,LIONEL SAWYER & COLLINS
22325,THE PAUL LAXALT GROUP
305555,AMERICAN ASSOCCIATION OF PETROLEUM GEOLOGISTS
614,"AIR TRANSPORT ASSOCIATION OF AMERICA, INC. (D/B/A AIRLINES FOR AMERICA)"
34730,SEABOARD CORPORATION
289396,"HEALTH NET, INC."
401103447,COALITION TO PROMOTE INDEPENDENCE IN MEDICARE
80213,PARENTS AS TEACHERS NATIONAL CENTER
401005841,ASSOCIATION & SOCIETY INSURANCE CORPORATION
283377,THRIVENT FINANCIAL FOR LUTHERANS
43536,"ASSOCIATION OF WOMEN'S HEALTH, OBSTETRIC AND NEONATAL NURSES"
40038307,FLOTRON & MCINTOSH LLC
401021886,JONATHAN NIEDZIELSKI
400958766,NATIONAL SHOOTING SPORTS FOUNDATION
400319489,CHRISTINA LUCAS
85138,"GAGE, LLC"
318276,UNIVERSITY OF NORTHERN IOWA
400703108,BELL POTTINGER USA
401105305,EB CONSULTING LLC
297113,"CERO STRATEGIES, LLC"
400996829,NATURAL PRODUCTS ASSOCIATION
401104228,TEAM HALLAHAN LLC
401103949,COMMITTEE ON INVESTMENT OF EMPLOYEE BENEFIT ASSETS INC.
287111,DAVID LEACH
320496,RITE AID CORPORATION
3116,AMERICAN PODIATRIC MEDICAL ASSOCIATION
305910,"CHILDWORKS, PLLC"
401104717,"UNITED BY INTEREST, LLC."
28105,NATIONAL KIDNEY FOUNDATION
400428064,NAPEO NATIONAL ASSOCIATION OF PROFESSIONAL EMPLOYER ORGANIZATIONS
401046941,EMERGENCY NURSES ASSOCIATION
401105422,"GLOBAL MEDICAL RESPONSE, INC."
37015,MR. RICHARD STRAUS
400406910,TRANSPORT WORKERS' UNION - LOCAL 234
400825448,"SEB STRATEGIES, LLC"
400538612,EDUCATIONAL MEDIA FOUNDATION
400411946,INTERNATIONAL HEALTH RACQUET & SPORTSCLUB ASSOCIATION
400713140,KYLE HOUSE GROUP
40020146,STANFORD FINANCIAL GROUP
76252,CARBONLEAF LLC
316434,340B HEALTH
318813,"GREENPEACE, INC."
54324,THE GEORGETOWN GROUP
20128,INVESTMENT COMPANY INSTITUTE
401103093,"JOLT! CONSULTANTS & BUSINESS ADVISORS, LLC"
293335,"THE NICKLES GROUP, LLC"
400944729,WYLE
314534,"ALCON LABORATORIES, INC."
400960770,ENBRIDGE (U.S.) INC
40006042,WESTERN GROWERS
68890,ENTERTAINMENT MERCHANTS ASSOCIATION
400982807,NEW YORK STATE NURSES ASSOCIATION
40002018,"CANSLER CONSULTING, LLC"
400347601,HEALTH CARE FOR AMERICA NOW
400367703,THE GRIMES GROUP INC.
28754,NATIONAL WATER RESOURCES ASSOCIATION
40048367,AMERICAN ARBITRATION ASSOCIATION
26342,JAMES PIERCE MYERS
401103334,STUDENT VETERANS OF AMERICA
400896618,ADROIT ADVOCACY LLC
322990,APPIAN
401105038,GLOBAL BLOOD THERAPEUTICS
83774,"GRAYDON HEAD & RITCHEY, LLP"
400459239,"THE CUMBERLAND GROUP, LLC"
401103836,CONGRESS OF HOMELESS REFUGEES
401105331,EFFECTIVE ADVOCATES LLC
401104667,"BAILEY STRATEGIC ADVISORS, LLC"
289055,WESTNER ASSOCIATES
19263,"INDIANA CHAMBER OF COMMERCE, INC."
38368,TRANSPORTATION COMMUNICATIONS NATIONAL UNION/IAM (FKA TRANSPORTATION COMMUNICATI
400626903,BREWERS ASSOCIATION
401104004,CENTER HILL SOLUTIONS
318972,ANDEAVOR
29208,NEW YORK CREDIT UNION ASSOCIATION
401103135,ORGANOGENESIS INC.
401103843,CROWE LLP
401103194,CALDWELL STRATEGIC CONSULTING
401103309,"NXP USA, INC."
400897619,DEBORAH SENN EXPERT SERVICES
401103253,"SIMPSON PUBLIC AFFAIRS, LLC"
400377728,"CAESARS ENTERPRISE SERVICES, LLC"
401105198,"LANTHEUS HOLDINGS, INC."
299877,TENET HEALTHCARE CORPORATION
12562,DOW AGROSCIENCES
400587792,COVENANT HOUSE
297636,IRON MOUNTAIN INCORPORATED
293871,J.G. FERGUSON & ASSOCIATES LLC
9055,THE CHILDREN'S DEFENSE FUND
401104527,"MCAFEE, LLC"
400319491,JAG CONSULTING
9330,"FREEDOMWORKS, INC."
400414963,FEDERAL BUSINESS GROUP
303917,MARK MALONE
400524546,"BEHAN COMMUNICATIONS, INC."
400441124,NORTH DAKOTA CHAMBER OF COMMERCE
401104190,TRAVERE THERAPEUTICS
401105277,APPALACHIAN TRAIL CONSERVANCY
29471,HEART RHYTHM SOCIETY
400921678,"WORKER JUSTICE CENTER OF NEW YORK, INC"
400576731,COGNIZANT TECHNOLOGY SOLUTIONS U.S. CORPORATION
34661,ELINOR SCHWARTZ
400386789,NATIONAL FOOTBALL LEAGUE
400751249,JOHN MCKECHNIE LLC
46803,AMERICAN ASSOCIATION OF COLLEGES OF PHARMACY
400453160,AMERICAN MENTAL HEALTH COUNSELORS ASSOCIATION
400904644,U.S. AIRLINE PILOTS ASSOCIATION
34034,"RYDER SYSTEM, INC"
322250,CAMPAIGN FOR YOUTH JUSTICE
400997830,"THE CAVALRY GROUP, LLC"
15452,FRENCH & COMPANY
19376,"TECHNOLOGY ASSOCIATION OF AMERICA, INC."
40041335,ADAM GREENSLADE
40026223,"M.J. SIMON & COMPANY, LLC"
401104232,COLUMBIA STRATEGIC COUNSEL
7907,CITIZENS FOR GLOBAL SOLUTIONS
401104374,LINCOLN PARK GROUP L.L.C.
400682031,MR. JIM HAIGH
401099067,"FWD STRATEGIES INTERNATIONAL, LLC"
401103824,STRATEGIC HEALTH POLICY SOLUTIONS LLC
307557,HILLCO PARTNERS
400789375,LAW OFFICES OF ERIC E CASTELBLANCO
23918,MARY KAY INC.
71837,"DAVID L. HORNE, LLC"
1295,WARNERMEDIA GROUP (FORMERLY KNOWN AS TIME WARNER)
3297,AMERICAN SEED TRADE ASSOCIATION
400942719,RUBIN AND RUDMAN LLP
400693064,NATHANSON+HAUCK
400359646,"HEALTHFUTURES, LLC"
401103586,"COMPLETE PHARMA HOLDINGS LLC (CP) (FORMERLY: MARATHON PHARMACEUTICALS, LLC)"
303792,U.S.-RUSSIA BUSINESS COUNCIL
305533,"IMPEL STRATEGIES, LLC"
27558,NATIONAL CORN GROWERS ASSN
74831,"ENERGY & ENVIRONMENT TWENTY-ONE, INC."
400416981,"TREFOIL SOLUTIONS, INC"
62632,BLUE CROSS & BLUE SHIELD OF SOUTH CAROLINA
401103284,INTERNATIONAL DIATOMITE PRODUCERS ASSOCIATION
401104363,CAUSEY LAW FIRM
285313,FREE PRESS
24420,MCGLOTTEN & JARVIS
3732,AMERICAN ZOO AND AQUARIUM ASSOCIATION
401103453,COHNREZNICK LLP
3617,AMERICAN TRAFFIC SAFETY SERVICES ASSOCIATION
385,AFLAC INCORPORATED
400438113,THE ROGICH COMMUNICATIONS GROUP
8420,"CASH, SMITH & WAGES"
319530,AMERICAN SOCIETY OF LANDSCAPE ARCHITECTS
57772,THE WIGGLESWORTH COMPANY (TERESA N. WIGGLESWORTH)
9911,"THE COLLING GROUP, LLC T/A COLLING SWIFT & HYNES"
400350614,ENGINETECHNOLOGY FORUM (FKA DIESEL TECHNOLOGY FORUM)
31270,"PUBLIC AFFAIRS RESOURCES, INC."
40025205,MS. RUTH WHITE
27137,NATIONAL ASSOCIATION OF SOCIAL WORKERS
401103504,KEITH JOHNSON
311974,"DONALD M. NELSON, JR., LLC"
401103793,LAURIE FISCHER GROUP
40014114,DARTMOUTH-HITCHCOCK MEDICAL CENTER
310290,SIFF & LAKE LLP
401103890,THE BYRD GROUP LLC
28468,NATIONAL RETAIL FEDERATION
294291,"TIBER CREEK ASSOCIATES OF CAPITOL HILL, INC."
15075,"FONTHEIM INTERNATIONAL, LLC"
400418994,LIVI KERSZENBAUM
401105112,RANDALL DAVIS ASSOCIATES LLC
401103177,"D.C. POLICY GROUP, LLC"
40020144,"OVERTON GROUP, INC."
401068007,MR. JOE MIKLOSI
288156,"SCHOOL OF THE AMERICAS WATCH, INC."
16998,CONSUMER BRANDS ASSOCIATION (PKA: GROCERY MANUFACTURERS ASSOCIATION)
401104564,"DEXCOM, INC."
72975,"FEDERAL POLICY GROUP, LLC"
40022178,"HENRY STREET CONSULTING, L.L.C."
400440118,TKG FEDERAL AFFAIRS
400894616,B'TSELEM USA
307898,MACANDREWS SOUTH CORPORATION
299478,VINCENT SABATHIER
50307,MR. GERARD D'AMICO
1364,AMERICAN ACADEMY OF OPHTHALMOLOGY
40013097,MANUFACTURED HOUSING ASSOCIATION FOR REGULATORY REFORM
401103929,"POPULUS FINANCIAL GROUP, INC."
400940714,MR. JAIME STEVE
14917,FLORIDA HOSPITAL ASSOCIATION
401105539,"GOODLATTE GROUP, LLC F.K.A. ROBERT GOODLATTE"
401103968,MOHELA (MISSOURI HIGHER EDUCATION LOAN AUTHORITY)
400718159,CARTERMCCLEAN LLC
316252,"ADKINS STRATEGIES, LLC"
40049385,SAFE KIDS WORLDWIDE
400848499,NATIONAL COOPERATIVE SERVICES CORPORATION
401104403,WATKINS & EAGER PLLC
400685041,PENN HILL GROUP
401104248,SEQIRUS
400463303,TERRI ANN SCHROEDER
313954,MURPHY CONSULTING LLC
12378,"DISNEY WORLDWIDE SERVICES, INC."
14303,FEDERAL AGRICULTURAL MORTGAGE CORPORATION
31417,"PHILIPS HOLDING USA, INC."
400304424,"JASON LARRABEE VENTURES, LLC"
28435,REAL ESTATE ROUNDTABLE
400877567,HF SINCLAIR CORPORATION
2332,AMERICAN FEDERATION OF TEACHERS
401105199,CANNABIS TRADE FEDERATION ACTION
15100,FOOD RESEARCH AND ACTION CENTER
400275286,CITIGROUP MANAGEMENT CORP.
400326536,AK STEEL HOLDING CORPORATION
400395860,ALSTOM TRANSPORTATION INC.
400670003,"LEBLANC GOVERNMENT RELATIONS, LLC"
58911,"TRANSFORM SR HOLDINGS, LLC"
400695075,CRANMER CONSULTANTS
313475,MCNEES-WINTER GROUP LLC ( FORMERLY THE WINTER GROUP)
401103670,MR. MICHAEL MUSANTE
9897,COLLEGE OF AMERICAN PATHOLOGISTS
37881,TEXAS FARM BUREAU
400882581,"ACTIVE POLICY SOLUTIONS, LLC"
400767312,"TRIMPA GROUP, LLC"
9625,COALITION FOR EMPLOYMENT THROUGH EXPORTS
9204,NOVARTIS
24908,"MERCK & CO, INC."
401101071,TIMOTHY JAMES
317297,COMMERCIAL REAL ESTATE FINANCE COUNCIL
84731,BINGHAMTON UNIVERSITY - STATE UNIVERSITY OF NEW YORK
40048380,DEBRA STRUHSACKER
400558667,WASHINGTON PREMIER GROUP
70472,"E-COPERNICUS, LLC"
22201,LATHAM & WATKINS LLP
47108,CAPITOL SOLUTIONS
9716,COAN & LYONS
67774,TEACH FOR AMERICA
15257,FOWLER COMMUNICATIONS INC
294110,"JB ADVOCACY, LLC"
400970784,"MARTIN & SEIBERT, L.C."
56838,SANOFI US SERVICES INC.
401099066,PETRA STRATEGIES LLC
401103100,"JORDAN LAW FIRM, LLC"
400787370,NAVITAS STRATEGIES (SOLE PROPRIETORSHIP)
45083,CENTER FOR REPRODUCTIVE RIGHTS
400977795,"MR. RALPH E. BURNS, JR., PA"
400826456,MR. GERALD S. (JERRY) REHM
400399882,NATIONAL ASSOCIATION OF PROFESSIONAL EMPLOYER ORGANIZATIONS
400752252,HUNTINGTON INGALLS INDUSTRIES INCORPORATED
288910,"MICHAEL N. MATTON AND ASSOCIATES, L.L.C."
400458209,MR. PETER SNELL
401059989,U.S. COUNCIL FOR INTERNATIONAL BUSINESS
401104288,BALLARD PARTNERS
401104420,DOUBLEDAY GOVERNMENT RELATIONS
40027242,VERTEX PHARMACEUTICALS INCORPORATED
304452,"ROETZEL & ANDRESS, LPA"
401104976,"CGM ADVISORS, LLC"
12664,DUANE MORRIS LLP
68478,BABBAGE COFOUNDER
7292,BRUSTEIN & MANASEVIT
40041336,VALERIE MORSE WHITE CONSULTING
21073,"LAW OFFICES OF JAMES L. KANE, JR."
66716,BOSTON SCIENTIFIC CORPORATION
14223,"MARCUS G. FAUST, PC"
37972,"SUSAN THAU CONSULTING, INC."
401104728,CNX RESOURCES CORPORATION
401104216,"TODD SMITH & ASSOCIATES, LLC"
401103314,LUNGREN LOPINA LLC
59912,FEDERATION OF ELECTRIC COMPANY OF JAPAN
76913,"MCKENNA, LONG & ALDRIDGE"
977,ALLIANCE FOR INTERNATIONAL EXCHANGE
311234,AMERICAN COALITION FOR ETHANOL
401105185,"THE MANNING GROUP, LLC"
20516,JBC INTERNATIONAL
2742,AMERICAN LANDS ACCESS ASSN. INC.
400916669,S.O.A.R.
14187,FARMERS EDUCATIONAL COOPERATIVE UNION OF AMERICA
291936,"MEDIMMUNE, LLC."
400525552,WOUNDED WARRIOR PROJECT
89656,AMERICAN FAMILY BUSINESS INSTITUTE
40022176,MERCEDES-BENZ USA (FKA DAIMLER/MERCEDES-BENZ USA)
400944724,"DUDINSKY, LISKER & ASSOCIATES"
400444134,COUNCIL OF NORTH AMERICAN INSULATION MANUFACTURERS ASSOCIATION (NAIMA)
306432,"ACT EDUCATION CORP. (FKA ACT, INC.)"
309537,THE WALTER GROUP
67455,"NATIONAL COUNCIL ON COMPENSATION INSURANCE, INC."
400802402,"COMMUNITY CATALYST ACTION FUND, INC."
401104431,"PIRRO GROUP, LLC"
288236,THE METROHEALTH SYSTEM
12312,DIRECT SELLING ASSOCIATION
302517,"HAMMER ASSOCIATES, LLC"
401060991,"CLEAN DIESEL TECHNOLOGIES, INC."
400862528,SUSTAINABLE STRATEGIES DC
401103786,DLI NORTH AMERICA INC.
4711,ASSN. OF STATE AND TERRITORIAL HEALTH OFFICIALS
318892,LLOYD HAND & ASSOCIATES LLC
15838,THE GARRISON GROUP LLC
11014,THE COUNCIL FOR EXCEPTIONAL CHIDLREN
40006037,HORMEL FOODS CORPORATION
298774,"UCB, INC."
363,AFL-CIO
46940,FRESENIUS MEDICAL CARE NORTH AMERICA
400876565,THOMAS DAWSON
401103766,"COOLEY, LLP"
15953,"GENERAL COMMUNICATION, INC."
401020884,"HOOPER, LUNDY & BOOKMAN, P.C."
41523,WILLKIE FARR & GALLAGHER LLP
6440,BLUECROSS BLUESHIELD OF TENNESSEE
293676,COUNCIL ON STATE TAXATION
312155,MARK KNOUSE
400938708,"ADP TOTALSOURCE, INC."
401104700,CORDONE CONSULTING LLC
400665998,SIFF & ASSOCIATES PLLC
17261,"L. E. HAEFNER ENTERPRISES, INC."
300834,TIDES CENTER
401052965,CONWAY A DOWNING JR
65156,GENTIVA HEALTH SERVICES
400411947,WASHINGTON HEALTH STRATEGIES GROUP
84935,"SHARP CONSULTING GROUP, INC."
62153,BUTTERFIELD CARTER & ASSOCIATES
400404907,BOND DEALERS OF AMERICA
401105174,MR. TIMOTHY MCGUIRE
286792,CHICAGO ZOOLOGICAL SOCIETY
401103442,NATIONAL AFRICAN BUSINESS ASSOCIATION
296032,KSL CONSULTING
27877,NATIONAL FUEL GAS COMPANY
314671,"SRC, INC."
59012,EMC CORPORATION
6096,MOSAIC
401104626,ARDENT STRATEGIES
52765,MR. JACK C. PARNELL
401104110,OFFICE OF SAM PATTEN LLC
294052,"CAPITOL TECHNOLOGY AFFAIRS, LLC"
401103511,"MAGILL ASSOCIATES, LLC"
25215,US OIL & GAS ASSOCIATION
18546,"AMERICAN HONDA MOTOR CO., INC."
401020883,KWAKU BOATENG
401105418,SOUTH RIVER ADVOCACY
71553,UNITED STATES STEEL CORPORATION
322077,"CUMBERLAND NORTH AMERICA, LLC"
400412953,"LHC GROUP, INC."
401104096,VANDERBILT UNIVERSITY MEDICAL CENTER
401103351,CAPITALHILL ADVISORY
24761,MECHANICAL CONTRACTORS ASSOCIATION OF AMERICA
13506,EMERSON
400733199,"THE ACADEMY ADVISORS, INC."
400454170,"HOWARD CONSULTING GROUP, INC."
287177,"GILEAD SCIENCES, INC."
75295,MR. WILLIAM P. BLAIR III
400305428,PRIMERICA LIFE INSURANCE COMPANY
401104005,"KEY ADVOCATES, INC."
304851,ASSOCIATION FOR MATERIALS PROTECTION AND PERFORMANCE (AMPP)
400783357,THE DEPOSITORY TRUST & CLEARING CORPORATION
322911,THE MATHIS HARPLE GROUP
401103085,MR. JONATHAN MOORE
400461291,"VESTAS-AMERICAN WIND TECHNOLOGY, INC."
400617871,"COALITION FOR INDEPENDENT SENIORS, INC."
2046,THE AMERICAN COUNCIL OF ENGINEERING COMPANIES
401054971,FTI GOVERNMENT AFFAIRS
39451,UNIVERSITY OF MEDICINE AND DENTISTRY OF NEW JERSEY
400645946,MACTEC ENGINEERING & CONSULTING INC.
311451,"AMERICAN COLLEGE OF PHYSICIAN SERVICES, INC."
3537,"TRANE TECHNOLOGIES COMPANY LLC (FKA INGERSOLL RAND, TRANE, AMERICAN STANDARD)"
400784361,JACKSON WALKER L.L.P.
4722,"ASSOCIATION OF THE UNITED STATES ARMY, (INC.)"
400714146,PAUL MCHALE
290811,MS. ELIZABETH LAVACH
14371,FEDERAL MANAGERS ASSOCIATION
39245,UNITED SERVICES AUTOMOBILE ASSOCIATION
19946,INTERNATIONAL DAIRY FOODS ASSOCIATION
401103521,"GAVEL RESOURCES, LLC"
16500,GOLF COURSE SUPERINTENDENTS ASSOCIATION OF AMERICA
67854,ICE MILLER LLP
400481369,"CAPITOL COVERAGE, LLC"
59810,AMERICAN SENIORS HOUSING ASSOCIATION
401104133,"ENGIE NORTH AMERICA, INC."
400276320,MICHAEL J. LYNCH II
73772,"TATE STRATEGIES, INC"
401103099,"INNOVATION POLICY SOLUTIONS, LLC"
33000,RUSS REID COMPANY
401092051,TATA AMERICA INTERNATIONAL CORPORATION
17443,HANCE SCARBOROUGH
400426044,"CERES, INC."
400634919,OCEAN SAFARI LOGISTICS
401104421,KYTE CONSULTING
90534,JOHN DUDINSKY & ASSOCIATES
400298404,EDUCATIONCOUNSEL LLC
298216,"ZELL & COX LAW, P.C."
6597,BOEING COMPANY
401103366,"LEGER STRATEGIES, LLC"
401103323,ROSCOE BARTLETT & ASSOCIATES LLC
4675,AMERICAN BENEFITS COUNCIL
47917,ONTRACKAMERICA
401090047,FARMWORKER JUSTICE
400428072,CSA STRATEGY GROUP LLC (FORMERLY CSA STRATEGIES LLC)
400381742,FELDESMAN TUCKER LEIFER FIDELL LLP
2605,AMERICAN IMMIGRATION LAWYERS ASSOCIATION
12788,DUNCAN WEINBERG GENZER & PEMBROKE PC
400320509,ONCOLOGY NURSING SOCIETY
401103215,"GREATER NEW ORLEANS, INC."
54734,"TOWNSEND PUBLIC AFFAIRS, INC"
400882582,MARMON CONSULTING LLC
306011,FIDELIS GOVERNMENT RELATIONS
401103598,"THE MCKEON GROUP, INC."
296830,ORACLE CERNER (FORMERLY CERNER CORPORATION)
310255,HOWELLS GOVERNMENT RELATIONS
401103275,SB HEALTH POLICY CONSULTING LLC
39781,VAN FLEET ASSOCIATES
290673,HANSON BRIDGETT LLP
64474,"NRG ENERGY, INC."
1887,AMERICAN CHEMICAL SOCIETY (ACS)
298898,"THE ROSE COMPANY, LLC"
311176,PANCREATIC CANCER ACTION NETWORK (PANCAN)
26774,NATIONAL ASSOCIATION OF FEDERALLY IMPACTED SCHOOLS
40005031,NUCOR CORPORATION
35035,PATRICK  A. SHEA
400326527,JAMES HUGHES
401104102,AMERICAN VAPING ASSOCIATION
401104926,NATIONAL ASSOCIATION OF CLEAN WATER AGENCIES
401103991,BLITZSTEIN CONSULTING LLC
401047948,THE SIMMONS NETWORK
2172,CROPLIFE AMERICA
40020149,CARMELA BROWN
5610,BAXTER HEALTHCARE CORPORATION
400459271,"GUTIERREZ PRODUCTIONS, INC."
27720,"EASTER SEALS, INC."
9135,CHRISTIAN LEGAL SOCIETY
11116,COUNCIL OF THE AMERICAS
54506,CHARLES A. HAMILTON
50763,"PRINCETON PUBLIC AFFAIRS GROUP, INC."
290434,CLMM & ASSOCIATES
401103272,NORM DICKS AND ASSOCIATES LLC
988,ALLIANCE FOR JUSTICE
309958,"TONKON TORP, LLP"
401105192,"KEEFE SINGISER PARTNERS, FKA KEEFE STRATEGIES LLC"
401105351,"HDATA, LLC"
401103955,DOWNS GOVERNMENT AFFAIRS
21084,"KANNER & ASSOCIATES, LLC"
13858,THE ESOP ASSOCIATION
401103721,WALDO LAW OFFICES PLLC
90033,AMERICAN SOCIETY OF AGRONOMY
400691059,ANDERSON & CALLENDER
401104730,LEHIGH UNIVERSITY
400806409,ASML NETHERLANDS B.V.
302698,EATON CORPORATION
401072016,VATOCA PARTNERS
8987,CHESAPEAKE ENTERPRISES
40013103,CAPACITY-360
53163,"C. BAKER CONSULTING, INC."
401104934,"J P FORD STRATEGIES, LLC"
36140,EDISON INTERNATIONAL
26193,MUNITIONS INDUSTRIAL BASE TASK FORCE
400761279,UPSON VITO LLC
401082035,FIANNA STRATEGIES
34650,SCHWARTZ & BALLEN LLP
401104605,STANLEY BLACK & DECKER
401104291,"VERITAS, LLC"
400690055,CRAIG BERRINGTON
33625,MS. BARBARA ROHDE
400381754,JETBLUE AIRWAYS CORPORATION
400898624,GDS STRATEGIES LLC
400402899,MS. JENNIFER J. BURNS
2480,AMERICAN GEOPHYSICAL UNION
400724174,THE LIBERTY TEAM
1502,AMERICAN ASSOCIATION OF ADVERTISING AGENCIES
313998,"PENDULUM STRATEGIES, LLC"
285038,BUCKLEY LLP (FORMERLY BUCKLEY SANDLER LLP)
13370,ARKEMA INC.
308536,AMYLIN PHARMACEUTICALS
2786,AMERICAN LIBRARY ASSOCIATION
79255,"TYSON FOODS, INC"
55256,"THE GALLAGHER GROUP, LLC"
304554,"D&P CREATIVE STRATEGIES, LLC"
400348610,"MUSCULAR DYSTROPHY ASSOCIATION, INC."
400801401,BRIDGEPOINT EDUCATION
400414966,MANHARD CONSULTING LTD.
58055,"CARDINAL HEALTH, INC."
400764307,FRAGRANCE CREATORS ASSOCIATION
54585,ELECTRONIC FUNDS TRANSFER ASSOCIATION
400840481,"PADRAIC RILEY COMMUNICATIONS, LLC"
400526554,"ARGUS MEDIA, INC."
250,ASSOCIATION FOR POSTAL COMMERCE
401105118,THE WATTS GROUP PLLC
400787368,TUCK'S PROFESSIONAL SERVICES O/A 640661 CANADA INC.
400278337,NATIONAL ENERGY & FUELS INSTITUTE
401014865,"EFFECTIVE COMMUNICATION STRATEGIES, LLC"
400421015,NATIONAL BLACK FARMERS ASSOCIATION
317311,LANXESS CORPORATION
400894614,THE ARNOLD AGENCY
9476,CLEARY GOTTLIEB STEEN & HAMILTON LLP
15975,THE GENERAL CONTRACTORS ASSOCIATION OF NEW YORK
3151,AMERICAN PSYCHIATRIC ASSOCIATION
48736,"EMD SERONO, INC."
23862,MARQUETTE UNIVERSITY
71278,LEAGUE OF CONSERVATION VOTERS
307091,THE BAPTISTA GROUP
400474345,ERIC BRENNAN
29722,NURNBERGER & ASSOCIATES
40048372,EDUCATION LOAN SOLUTIONS INC
63930,LARCH COMPANY
305511,FLORIDA BANKERS ASSOCIATION
294212,"G S PROCTOR AND ASSOCIATES, INC"
400434104,ACT FOR AMERICA
400462294,"CAPITOL STRATEGIES GROUP, LLC"
285290,FREE PRESS ACTION FUND
63837,"ALLERGAN USA, INC."
32715,R A RAPOZA ASSOCIATES INC
91273,"COMMONWEALTH BRANDS, INC"
401104695,WR CONSULTING LLC
401103079,"VIRTUAL OPERATIONS, LLC"
38437,ASSOCIATION FOR FINANCIAL PROFESSIONALS
83854,STATE STREET BANK AND TRUST COMPANY AND ITS AFFILIATES
401103812,HEWLETT PACKARD ENTERPRISE COMPANY
400264209,LENNOX INTERNATIONAL INC.
401059988,THE CAMPBELL SPENCER GROUP
285871,NELSON MULLINS RILEY & SCARBOROUGH
401103731,DEUTSCHE ORGANIZATION INCORPORATED
11674,DAVIS & HARMAN LLP
401068006,PEBBLE LIMITED PARTNERSHIP
14746,"FLACK ASSOCIATES, LLC"
401103184,SANTA CLARA VALLEY WATER DISTRICT
29380,NOKIA OF AMERICA CORPORATION
315717,GEPHARDT GROUP GOVERNMENT AFFAIRS
400737207,GARY TOWNSON
400411943,KENNETH BLAIR III
401103647,MXM CONSULTING LLC
401103123,"CAPITOL KNOWLEDGE, LLC"
401105341,"BL PARTNERS GROUP, LLC"
313134,WISE CARTER CHILD & CARAWAY
401103389,TJS III HOLDINGS LLC
44732,AMERICAN SUGAR ALLIANCE
400676019,CORINNE YOUNG
20004,RETAIL INDUSTRY LEADERS ASSOCIATION
76695,"TEVA PHARMACEUTICALS USA, INC."
400943722,"SOLOMON P. ORTIZ HOLDINGS, LLC"
301414,BROOKE LAW FIRM
7441,BNSF RAILWAY COMPANY
400661993,THE LANDE GROUP
401104443,"ATLANTIC POLICY SOLUTIONS, LLC"
4152,APPLE INC.
54528,"AMERICAN CABLE ASSOCIATION, INC. DBA ACACONNECTS"
47622,"THE C. L. A. GROUP, LLC"
7805,CALISTA CORPORATION
401103912,SHENKER RUSSO & CLARK LLP
313418,PETTUS CONSULTING
21244,MS. MIRIAM A. KAZANJIAN
86356,"MERIDIAN HILL STRATEGIES FORMERLY KNOWN AS ""ERNEST C. BAYNARD IV"""
288976,CUMMINS-ALLISON CORPORATION
5357,BGR GOVERNMENT AFFAIRS
2662,AMERICAN INSURANCE ASSN
400749244,JAMES CALLAN ASSOCIATES LLC
400319492,ILLINOIS HEALTH & HOSPITAL ASSOCIATION (FORMERLY ILLINOIS HOSPITAL ASSOCIATION)
401105214,RUTTENKERN POLICY GROUP
60936,DILWORTH PAXSON LLP
401024890,"MCDONALD HOPKINS GOVERNMENT STRATEGIES, LLC"
400988819,"HOPE AND REID, LLC"
400309443,LONG TERM CARE PHARMACY ALLIANCE
401104551,MR. JASON WALSH
401105133,"JOHN LADD & ASSOCIATES, INC."
35092,"SHELL USA, INC. (FKA SHELL OIL COMPANY)"
400355624,JACKSON LEWIS PC
401060990,"CIVITAS PUBLIC AFFAIRS GROUP, LLC"
283617,"DONNA MCLEAN ASSOCIATES, LLC"
17988,"EDWARD D. HEFFERNAN, ESQ."
401103403,"CITIZENS FOR THE EXTENSION OF THE JAMES ZADROGA ACT, INC."
90990,SRI INTERNATIONAL
400505487,"JOHNSTON STRATEGIES, LLC"
7133,BROTHERHOOD OF LOCOMOTIVE ENGINEERS AND TRAINMEN
292391,TRUT FOR ARCHITECTURAL EASEMENTS
400276317,"ARCADIAN NETWORKS, INC."
23714,MANUFACTURED HOUSING INSTITUTE
400751248,CLAUSTEN LLC
400561679,AMERICAN SOCIETY OF APPRAISERS
40043340,CAPITOL RESOURCE GROUP
11481,CUNEO GILBERT & LADUCA
401103770,"PAYPAL, INC."
400276315,THE TEXAS A&M UNIVERSITY SYSTEM
88792,"ALASKA AIRLINES, INC."
65497,"HC ASSOCIATES, INC."
49054,"APTIV, PLC"
64213,"HILL & ROBBINS, PC"
293530,LG&E AND KU ENERGY LLC
11583,THOMAS R. DALY
1808,AMERICAN BAR ASSOCIATION
68731,MR. GEORGE WEST
400444136,MR. DENNIS ECKART
14520,FINANCIAL EXECUTIVES INTERNATIONAL
401104990,MS. ANNA AURILIO
400312457,"CAPITOL STRATEGY CONSULTANTS, INC."
400459274,THE JUNTO COMPANY
34023,GOLINHARRIS
400309445,"SHARP & BARNES, LP"
20835,"JOLLY/RISSLER, INC."
7736,CALIFORNIA FORESTRY ASSOCIATION
39256,"UNITED STEEL, PAPER & FORESTRY, RUBBER, MANUFACTURING, ENERGY"
400383768,"JOHNSTON GROUP, LLC"
400740216,THE LUGAR GROUP ( FKA LUGAR HELLMANN GROUP)
13723,EPILEPSY FOUNDATION
52082,FINISHING CONTRACTORS ASSOCIATION (FCA)
80656,AMERICAN SOCIETY OF NEPHROLOGY
401103246,POPULATION CONNECTION ACTION FUND
23986,MASSACHUSETTS MUTUAL LIFE INSURANCE COMPANY
22952,LITTLER MENDELSON
315991,"MALONEY GOVERNMENT RELATIONS, LLC"
28674,NATIONAL TELECOMMUNICATIONS COOPERATIVE ASSOCIATION
40023190,ASSOCIATION OF PUBLIC AND LAND-GRANT UNIVERSITIES (APLU) FORMERLY NASULGC
401105054,LIPPES MATHIAS LLP (FKA LIPPES MATHIAS WEXLER FRIEDMAN LLP)
33124,"GRAY & OSCAR, LLC (FORMERLY BOB GRAY, LLC)"
400480363,REYES HOLDINGS L.L.C.
38756,CHAMBER OF COMMERCE OF THE U.S.A.
400427053,ARMENIAN NATIONAL COMMITTEE OF AMERICA
401103629,NORTH AMERICAN INSULATION MANUFACTURERS ASSOC.
319197,"RPI GROUP, INC."
401104562,GLOBAL WITNESS
401104249,BLUE MOUNTAIN STRATEGIES
31441,MEDICAL PROFESSIONAL LIABILITY ASSOCIATION
42752,"O'NEILL, ATHY & CASEY, P.C."
400531584,"TECHVENTURES, INC."
400758264,"CODEXIS, INC."
321395,VECTOR SOLUTIONS LLC
26078,THE MOYER GROUP
311110,PUGLIESE ASSOCIATES
11195,COVINGTON & BURLING LLP
401104923,JOHN BERREY
293858,QUINN THOMAS PUBLIC AFFAIRS
40017127,WOMENHEART: THE NATIONAL COALITION FOR WOMEN WITH HEART DISEASE
400389804,CLEMSON UNIVERSITY
13791,ERICSSON INC.
401103523,"HARBINGER STRATEGIES, LLC"
42056,LOCAL SEARCH ASSOCIATION
29403,CONSUMER HEALTHCARE PRODUCTS ASSOCIATION
27651,NATIONAL COUNCIL OF JEWISH WOMEN
40017131,ISOVAC PRODUCTS LLC
400423020,KELLY & WEAVER P.C.
2343,AMERICAN FEED INDUSTRY ASSN
21745,KIRKLAND & ELLIS LLP
47611,UNITED MOTORCOACH ASSOCIATION
401103463,ETIHAD AIRWAYS PJSC
294234,"GOVBIZ ADVANTAGE, INC."
401103737,PARENT PROJECT MUSCULAR DYSTROPHY
46585,"LIEBMAN & ASSOCIATES, INC."
400297400,KELLEN COMPANY
34592,"SCHRAMM, WILLIAMS & ASSOCIATES, INC."
401104041,"QUINN EMANUEL URQUHART & SULLIVAN, LLP"
323477,SHIRE PHARMACEUTICALS LLC
401104906,ATLAS CROSSING LLC
54916,NATIONAL ASSOCIATION FOR COLLEGE ADMISSION COUNSELING
400637926,ARMORY HILL ADVOCATES (FORMERLY KNOWN AS RAWLSON POLICY GROUP)
309377,THE ASSOCIATION OF COMMUNITY PHARMACISTS CONGRESSIONAL NETWORK
401105428,PENELOPE FARTHING
401104745,"KITE PHARMA, INC."
11776,TARGET CORPORATION
400761282,PUBLIC SECTOR RESOURCES
400940713,JENNIFER POERSCH
302836,MS. DIANE NEWBERG
400531582,LISA DONNER
316571,"LINCHPIN STRATEGIES, LLC"
400392838,GOTTLIEB STRATEGIC CONSULTING LLC
400459270,AMERICAN COUNCIL OF THE BLIND INC
323592,RANDEL RICHNER
22382,LEAGUE OF WOMEN VOTERS OF THE U.S.
401103852,THUNDERBIRD STRATEGIC LLC
293073,NOVELIS INC.
40247,"VRIDE, INC."
400720165,MONTY HUMBLE
401104029,BELVEDERE STRATEGIES
401103259,MOMENTUM DYNAMICS
299115,PLASTER AND ASSOCIATES LLC
65817,PATUXENT CONSULTING
401104176,ALEXANDRA SHEPPARD
26353,VIATRIS INC.
400493435,MS. KAREN JOHNSON
400580767,BELLEAIRE CONSULTING
400828460,AFOGNAK NATIVE CORPORATION
400850505,BEACH HOUSE COMMUNICATIONS INC.
54483,"NES, INC."
83012,PROVIDENT STRATEGIES LLC
401104370,WALKER STRATEGIES
2503,AMERICAN HEALTH INFORMATION MANAGEMENT ASSN
2992,AMERICAN ORGANIZATION FOR NURSING LEADERSHIP (FORMERLY AMERICAN ORGANIZATION OF NURSE EXECUTIVES
55223,SQUIRE PATTON BOGGS (US) LLP (F.K.A. SQUIRE SANDERS (US) LLP)
291914,"LAW OFFICES OF FREDERICK H. GRAEFE, PLLC"
400359666,BIKES BELONG FOUNDATION
58831,CONTANGO LLC
69812,"NATIONAL WATERWAYS CONFERENCE, INC."
400854512,TRAVEL TECH: THE TRAVEL TECHNOLOGY ASSOCIATION
43560,"THE ICKES AND ENRIGHT GROUP, INC."
400539614,"MORPHO DETECTION, LLC"
401038925,"MORRISSEY STRATEGIC PARTNERS, LLC"
401087043,"FREEDOM TO WORK ADVOCACY FUND, INC."
91091,FIRST STRATEGIC
401104149,NEIWEEM GROUP LLC
10423,MARGARET CONE
400459269,COLUMBIA CONSULTING LLC
401103472,SUNRUN INC.
69674,NATIONAL MULTIPLE SCLEROSIS SOCIETY
400661991,CONNECT
35844,SNAC INTERNATIONAL
401104428,"GUIDEPOSTSTRATEGIES, LLC"
400359640,SNOHOMISH COUNTY PUBLIC UTILITY DISTRICT
2627,THE AMERICAN INSTITUTE OF AERONAUTICS AND ASTRONAUTICS
71438,GEN DIGITAL INC (FORMERLY NORTONLIFELOCK INC.)
401103112,ASSOCIATION HEADQUARTERS
91774,"CAPITOL HILL STRATEGIES,  LLC"
401104340,"GOVERNMENT RELATIONS GROUP, LLC"
400671008,BOND & ASSOCIATES
15851,FOSTER GARVEY (FORMERLY GARVEY SCHUBERT BARER)
401103175,NATIONAL ASSOCIATION OF COUNCILS ON DEVELOPMENTAL DISABILITIES
322055,SYMMETRIX
400743221,"WITTIE, LETSCHE & WALDO LLP"
38266,"TOYOTA MOTOR NORTH AMERICA, INC. (TMA)"
401103254,SUE MYRICK
400458224,WELLFORD ENERGY ADVISORS
400275297,NURSE-FAMILY PARTNERSHIP COLORADO
400513514,GEORGE DALLEY
28390,NATIONAL PTA
400954759,"FIRST PRINCIPLES, LLC"
401104264,GILCHRIST & COMPANY
23020,LOCAL INITIATIVES SUPPORT CORPORATION
307114,KELLEY DRYE & WARREN LLP
401105168,PACIFIC COMPASS VENTURES LLC
401104802,"WESTMORELAND160, LLC"
306330,LUFTHANSA GERMAN AIRLINES
40040328,CAPITOL STEPS CONSULTING
10662,"UNITED AIRLINES, INC."
401031906,"BROOKS BAWDEN MOORE, LLC, FORMERLY REPORTED AS BROOKS BAWDEN, LLC"
12254,"DIGENOVA & TOENSING, LLP"
305271,MARRS & CO.
307273,SISTERS OF CHARITY OF ST. AUGUSTINE HEALTH SYSTEM
300936,MCCARTHY STRATEGIC SOLUTIONS
68172,CAPITAL TECHNOLOGY GROUP
302951,THE MOSAIC COMPANY
2935,AMERICAN MUSEUM OF NATURAL HISTORY
400514519,MR. LAURENCE BORY
285676,PARKINSON'S ACTION NETWORK
2150,COUNCIL FOR GLOBAL IMMIGRATION
401104012,CHRISTIANS UNITED FOR ISRAEL ACTION FUND
17875,HEALTH POLICY ALTERNATIVES
400458236,PIKE ASSOCIATES LLC
400321510,JOHN KANE
12061,GEORGE H. DENISON
400499464,"CLIMATE NEUTRAL BUSINESS NETWORK, A PROJECT OF SEA"
77014,JAY HOWELL & ASSOCIATES
401105180,ABRAHAM STRATEGIES LLC
324115,DEFENDERS OF WILDLIFE ACTION FUND
401103088,"INTELLECTUAL VENTURES MANAGEMENT, LLC"
6198,BIFMA INTERNATIONAL
41705,DEBORAH WINSTON
29607,THE NORTHWESTERN MUTUAL LIFE INSURANCE COMPANY
24373,MCDONALD'S CORPORATION
295691,OCEAN CHAMPIONS
400555660,"THE SUFFOLK GROUP, LLC"
401104364,HAHN LOESER & PARKS LLP
40002020,QUADRIPOINT STRATEGIES LLC
2148,AMERICAN COUNCIL ON EDUCATION
400315471,"PRINCE GLOBAL SOLUTIONS, LLC"
323251,THERMO FISHER SCIENTIFIC INC.
401103592,CASCADE PUBLIC AFFAIRS
400388802,DUFFIN NEWMAN
401104472,"GREENFIELD GOVERNMENT STRATEGIES, LLC"
401105075,MUNK POLICY & LAW
401104914,"CAPITOL ADVOCACY & GOVERNMENT AFFAIRS, LLC"
401104339,"WHEELHOUSE PARTNERS, LLC"
400580773,"SOLYNDRA, INC."
400658979,"ANNDYL POLICY GROUP, LLC"
48281,MR. ROBERT CARLSTROM JR.
8134,"CAPITOL LINK, INC."
49588,CINCINNATI FINANCIAL CORPORATION
40032,PARAMOUNT GLOBAL
400271248,AMERICAN TRAUMA SOCIETY
8500,CAUTHEN & ASSOCIATES
293450,MCDONALD HOPKINS LLC
314454,JOHN CHESSON
401103125,"THE LUNDBERG GROUP, LLC"
401103185,"HAWK INTERNATIONAL, LLC"
47187,PAULEY MANAGEMENT INC.
4868,AT-SEA PROCESSORS ASSOCIATION
19137,IMI SERVICES USA INC.
9421,"VERN CLARK & ASSOCIATES, INC."
400430085,NANDOGROUP LLC
401104520,"RENOVATE AMERICA, INC."
400581774,"FOOD DIRECTIONS, LLC"
401053966,"MANCHESTER MARITIME ASSOCIATES, LLC"
400400889,LUKE JOHNSON
400268224,HOECKER ENERGY LAW & POLICY PLLC
400406919,"THE TRAILBLAZER GROUP, LLC"
400359675,HIRE CALLING HOLDING COMPANY
37312,"SUNOCO, INC"
400423025,WEST VIRGINIA UNIVERSITY
400711131,NORTHEASTERN RETIAL LUMBER ASSOCIATION
2616,AMERICAN INDUSTRIAL HYGIENE ASSOCIATION
90911,"UPSTATE NIAGARA COOPERATIVE, INC.F/K/A UPSTATE FARMS COOPERATIVE, INC"
400658978,MATTHEW CREGOR
401103343,"PARETO POLICY SOLUTIONS, LLC"
53334,ASSOCIATION OF MATERNAL & CHILD HEALTH PROGRAMS
14108,"FAMILIES USA FOUNDATION, INC."
40011078,NATIONAL GRAIN AND FEED ASSOCIATION
40038311,SANTOS ALLIANCES
321635,CHERRIN LAW GROUP
30575,PACIFIC SEAFOOD PROCESSORS ASSOCIATION
12208,DICKSTEIN SHAPIRO LLP
290718,"TNC (US) HOLDINGS, INC."
401104014,VINYL INSTITUTE
401104380,"PAYCHEX, INC."
401103619,"WARWICK GROUP CONSULTANTS, LLC"
297853,CALIFORNIA ASSOCIATION FOR ADULT DAY SERVICES
400599826,THORSEN FRENCH ADVOCACY LLC
400273262,TUFTS HEALTH PLAN
75876,MR. CRAIG CROTTEAU
29551,NORTHROP GRUMMAN CORPORATION
400269232,SECURING AMERICA'S FUTURE ENERGY ALLIANCE
401104903,"REM STRATEGIES, LLC"
3435,AMERICAN SOCIETY FOR CLINICAL PATHOLOGY
44231,INTELSAT US LLC
300297,SONY MUSIC ENTERTAINMENT (FORMERLY KNOWN AS SONY BMG MUSIC ENTERTAINMENT)
401104284,SEXTONS CREEK
67570,DANEA KEHOE
17682,HARTFORD FINANCIAL SERVICES GROUP
45686,HEALTH POLICY STRATEGIES
400275304,APRIA HEALTHCARE LLC
400464304,"SOVEREIGN SYSTEMS, LLC"
400770319,"THE DEH GROUP, LLC"
400747239,CABRALGROUP
39108,UNITED ELECTRICAL RADIO & MACHINE WORKERS OF AMERICA
318790,IAN PFEIFFER GOVERNMENT RELATIONS
66693,"C2 GROUP, LLC"
316332,"DECKER GARMAN SULLIVAN AND ASSOCIATES, LLC"
401104726,10-SQUARE SOLUTIONS
400493429,AAR CORP.
400688048,BUILDING TRADES ASSOCIATION
20972,ROBERT E. JULIANO ASSOCIATES
401105141,AMERICAN FORESTS
320257,FEDERAL STRATEGY GROUP
401103693,WAXMAN STRATEGIES
1706,AMERICAN ASSOCIATION OF SCHOOL ADMINISTRATORS
401103333,"CENGAGE LEARNING, INC."
400271247,MASSACHUSETTS BIOTECHNOLOGY COUNCIL
401103872,THE CHEMOURS COMPANY
2888,AMERICAN MEDICAL GROUP ASSOCIATION
401104260,"POLITICAL CAPITAL, LLC"
21596,"KSCW, INC."
400850503,FERNANDO AGUIRRE
80496,AIDS HEALTHCARE FOUNDATION
401105255,BASS PUBLIC AFFAIRS
25306,MILLER & CHEVALIER CHARTERED
401105196,CONGRESSIONAL PARTNERS
41192,WHITE & CASE LLP
400505490,"BURT, STAPLES & MANER, LLP"
401103386,PROFESSIONAL COMPOUNDING CENTERS OF AMERICA
400436108,PREDICATE LLC
11003,COUNCIL FOR CITIZENS AGAINST GOVERNMENT WASTE
401103278,MS. MARGARET CARVIN
39371,UNIVERSITY OF COLORADO
401105221,"SPIE, THE INTERNATIONAL SOCIETY FOR OPTICS AND PHOTONICS"
401104909,"SHUMAKER ADVISORS, LLC"
317710,"AMYRIS BIOTECHNOLOGIES, INC."
15020,"FLYNN & ASSOCIATES, INC."
40038313,CRAY INC.
8830,"CHAMBERS, CONLON & HARTWELL, LLC"
400411942,"ELBIT SYSTEMS OF AMERICA, LLC"
302530,SECULAR COALITION FOR AMERICA
50672,G. THOMAS CATOR
63713,"CAPITOL HEALTH GROUP, LLC"
400844492,DELTA DENTAL PLANS ASSOCIATION
400421012,BUTLER SNOW LLP
401103980,"TRANSATLANTIC SERVICES, LLC"
400456191,"OPEN SPACE INSTITUTE, INC."
78551,"BARRY UNIVERSITY, INC."
401104581,"TURNBERRY SOLUTIONS, LLC"
400643940,"PALANTIR TECHNOLOGIES, INC."
316376,WINDSTREAM SERVICES LLC
313692,TOM LUCE CONSULTING
298934,JULEANNA GLOVER
85071,"NAVIGATORS GLOBAL LLC (FORMERLY DC NAVIGATORS, LLC)"
34980,"SHAW, BRANSFORD & ROTH, P.C. (FORMERLY SHAW, BRANSFORD, VEILLEUX & ROTH, P.C.)"
23348,LUPUS FOUNDATION OF AMERICA
293313,MERIDIAN HEALTH
401103408,MR. BARON HILL
283435,"CORINTHIAN COLLEGES, INC"
401103719,MR. RONALD COLEMAN
39484,UNIVERSITY OF MINNESOTA
8772,CERIDIAN CORPORATION
400276314,PHILADELPHIA HEALTH AND EDUCATION CORPORATION
400864533,AMERICAN ACADEMY OF PHYSICAL MEDICINE AND REHABILITATION
88531,MR. RON MCMURRAY
35855,ROBERT D. SNEED
54051,"AGILENT TECHNOLOGIES, INC"
401103437,AMERICAN SOCIETY FOR DERMATOLOGIC SURGERY ASSOCIATION
27126,SMALL BUSINESS INVESTOR ALLIANCE
26386,NALCO COMPANY
296511,STRYKER CORPORATION
5120,FAEGRE BAKER DANIELS
1238,"HOWMET AEROSPACE, INC. FORMALLY KNOWN AS ARCONIC, INC."
400853510,GUARDIAN LIFE INSURANCE COMPANY OF AMERICA
83898,PANUZIO & GIORDANO
400534594,"THE LAW OFFICE OF MANUEL RIVERA, ESQ. & ASSOC. P.C."
39564,UNIVERSITY OF WISCONSIN-MADISON
40025207,THE AMERICAN PHYSIOLOGICAL SOCIETY
10582,CONSORTIUM FOR OCEAN LEADERSHIP
401104447,"DCB LAW GROUP, LLC"
31747,POLICY DIRECTIONS INC.
400381752,HUNT GROUP DC
400496441,KIPP
36801,MR. JOHN STINSON
73670,THOMPSON CONSULTING GROUP
401103568,ROCK CREEK COUNSEL
42193,ZURICH
20015,INTERNATIONAL PAPER
400527556,"JAGUAR LAND ROVER NORTH AMERICA, LLC"
6575,BOATU.S.
89895,CAPITOL CONSULTANTS LLC
40021157,THE SEYER GROUP
400276309,"MAGELLAN HEALTH, INC."
401103299,MR. JASON OSBORNE
401105157,ENVIVA INC. (FKA ENVIVA HOLDINGS LP)
317834,"NEXEN, INC."
400273265,PORTLAND GENERAL ELECTRIC
401104158,"HELENA AGRI-ENTERPRISES, LLC, FORMERLY REPORTED AS HELENA CHEMICAL COMPANY"
401103289,RAMPY NORTHRUP LLC
401105311,"NOOLOGY, INC."
61072,"LAWRENCE J. ROMANS & ASSOCIATES, LLC"
400871553,"LAW OFFICES OF GEORGE HARRIS, LLC"
30804,"WSP USA (FKA AS PARSONS BRINCKERHOFF, INC.)"
400883587,EUN YOUNG (ALISA) DO
66250,INTERNEWS
400786365,BAR EDUCATION
27605,NATIONAL COUNCIL FOR LANGUAGES AND INTERNATIONAL STUDIES
39702,MARATHON OIL CORPORATION
2695,"AMERICAN INTERNATIONAL GROUP, INC. (FORMERLY AMERICAN INTERNATIONAL GROUP, INC. AND AFFILIATES)"
32203,"PRINTING INDUSTRIES OF AMERICA, INC."
40032276,"THE KORRIS GROUP, INC."
401103346,"EDNEXUS ADVISORS, LLC"
401103371,DAVID COHEN
24327,MCDERMOTT INCORPORATED
307637,"CASH AMERICA INTERNATIONAL, INC."
401104313,"MILLER STRATEGIES, LLC"
7053,BRISTOL-MYERS SQUIBB COMPANY
401103557,SES SPACE & DEFENSE (FKA SES GOVERNMENT SOLUTIONS)
400978797,MR. ROGER BATT
40008059,NORTHERN ARIZONA UNIVERSITY
67991,SCHWARTZ COMMUNICATIONS
292094,POLICY NAVIGATION GROUP
37403,EVERSHEDS SUTHERLAND (US) LLP
400460287,DIALYSIS PATIENT CITIZENS
401104889,"BUTERA, ISRAEL & BECKER PLLC"
400366699,HOLLY EVANS
401103572,SARA TUCKER
400919673,MR. JOSEPH WATKINS
13450,"ELY & COMPANY, INC"
400275283,PUBLIC POLICY MANAGEMENT GROUP
307854,"GARY W. HANKINS & ASSOCIATES, INC"
400529574,ELECTRIFICATION COALITION ALLIANCE
5426,MARK BARNES & ASSOCIATES
34810,SEMI
71996,"PLEXUS CONSULTING GROUP, LLC"
84775,RICH FEUER ANDERSON
23383,M+R STRATEGIC SERVICES
13153,"EDUCATION FINANCE COUNCIL, INC."
30303,GLOBAL BUSINESS ALLIANCE
317652,"HILL PARTNER, LLC"
400771323,"JTM CONSULTING, LLC"
400548645,KEITH OAKLEY
400854511,CAPITOL PACIFIC GROUP
400360677,MR. TERRI WINSTON
40017132,"MCNAMARA & L'HEUREUX, P.C."
79450,"NYPROCOA, INC."
401103956,EARTH & WATER GROUP
320474,VEH LLC
81533,ROBERT KAPPELMANN
27866,NATIONAL FRATERNAL ORDER OF POLICE
401105474,DUNHAM LAW & POLICY PLLC
6655,JAMES BOLAND
76992,"CGCN GROUP, LLC"
400531579,JASON HICKOX
55176,R.C. WILLIS & ASSOCIATES
401103229,BHP GROUP LIMITED
401104975,BOOKING HOLDINGS INC.
1945,AMERICAN COLLEGE OF CARDIOLOGY
324013,"LAURA MURPHY & ASSOCIATES, LLC"
40029254,OMAHA PUBLIC POWER DISTRICT
400731195,EARL EISENHART
42730,VENABLE INSITUTIONAL LABOR ADVISORS
69093,FARM SANCTUARY
16351,"GLOBAL USA, INC."
45788,INTERNATIONAL ASSOCIATION OF FIRE CHIEFS
40009064,"MR. BALTAZAR SERNA, JR."
400953755,"PATTEN & ASSOCIATES, LLC"
400576732,"MARCIA MABEE BELL, LLC"
23202,"LPI CONSULTING, INC."
33168,MILITARY OFFICERS ASSOCIATION OF AMERICA
310437,ARCHER DANIELS MIDLAND COMPANY
401103474,AVANIR PHARMACEUTICALS
400838479,GEMINI GLOBAL GROUP
400280350,"THE 1934 GROUP, LLC"
57533,MR. KHALIL SALIBA
401103964,LIGADO NETWORKS
400562683,UNIVERSITY OF NEW HAMPSHIRE
401104378,"THE LIAISON GROUP, LLC"
401076024,U.S. INTERNATIONAL COUNCIL ON  DISABILITIES
19855,INTERNATIONAL BROTHERHOOD OF TEAMSTERS
79610,FOLEY HOAG LLP
91238,THURGOOD MARSHALL COLLEGE FUND
320155,"VANGUARD GOVERNMENT STRATEGIES, LLC"
52834,COUNCIL OF INDUSTRIAL BOILER OWNERS
40030261,PRASCO
46791,"LAWRENCE RYAN INTERNATIONAL, INC."
400762305,"ROBERTI GLOBAL (F/K/A ROBERTI WHITE, LLC)"
401104043,C. ANNAND LLC
40692,"WASTE MANAGEMENT, INC."
401104750,CHARTWELL STRATEGY GROUP LLC
306170,CAPITOL REPRESENTATIVES
5756,MR. STEVEN BECKHAM
400541620,"SEAWORLD PARKS & ENTERTAINMENT, INC."
44641,"BROWN WINICK GRAVES GROSS, AND BASKERVILLE PLC"
3344,AMERICAN SOCIETY FOR BIOCHEMISTRY AND MOLECULAR BIOLOGY
26717,TECHSERVE ALLIANCE (FORMERLY NACCB)
400874561,COMMUNITY ONCOLOGY ALLIANCE
311575,MS. HOLLY J. KINNAMON
1411,AMERICAN ADVERTISING FEDERATION
39746,VALERO ENERGY CORPORATION
400922679,"TAX & PLANNING GROUP, LLC"
291058,VANGUARD GROUP
401103217,CAPITOL STRATEGIES PARTNERS LLC
49351,CENTER FOR ARMS CONTROL & NON-PROLIFERATION
400426040,MEDICAID HEALTH PLANS OF AMERICA
78117,PR/STRATEGIES INTERNATIONAL LLC
312736,NATIONAL EMPLOYMENT LAWYERS ASSOCIATION
5836,VERIZON COMMUNICATIONS INC. AND VARIOUS SUBSIDIARIES
306751,TEXAS CATTLE FEEDERS ASSOCIATION
51890,CALIFORNIA INDEPENDENT SYSTEM OPERATOR
400421010,"H.A. CUMBER & COMPANY, INC."
400631914,CHARLES CRAGIN
400783359,THE O TEAM LLC
8511,"CAVAROCCHI RUSCIO DENNIS ASSOCIATES, L.L.C."
400995828,"AFRICAN FEDERAL GROUP, LLC"
400870550,"ACORN ENERGY, INC."
401010851,THE SATCHER GROUP
401104547,ARCTIC GEOPOLITICAL CONSULTING
1934,"AMERICAN COALITION FOR FILIPINO VETERANS, INC."
11071,COUNCIL OF GRADUATE SCHOOLS
323956,JUNKER & NAKACHI F/K/A JOEL JUNKER & ASSOCIATES
314237,INVARIANT LLC
78618,MOREHOUSE COLLEGE
401104143,CARPENTER STRATEGIC CONSULTING LLC
400890604,WEST GULF MARITIME ASSOCIATION
20983,PRISON FELLOWSHIP MINISTRIES
27241,"NATIONAL AUDUBON SOCIETY, INC."
401105566,CONSILIUM CONSULTING
401105207,BRIDGE STRATEGIES LLC
286234,"SOLVAY PHARMACEUTICALS, INC."
11880,DEFENDERS OF WILDLIFE
295270,MORGAN CASNER ASSOCIATES
70871,"LEONARD STREET AND DEINARD, P.A."
288670,"AMERICAN CANCER SOCIETY CANCER ACTION NETWORK, INC."
25033,METROPOLITAN WATER DISTRICT OF SOUTHERN CALIFORNIA
4631,ASSOCIATION OF METROPOLITAN WATER AGENCIES
401104495,G2 STRATEGIES
401103842,BAXALTA US INC.
317,"AEROJET ROCKETDYNE, INC"
401008846,SYNERGY CONSUMER DATA CONCEPTS
401104377,MEDELA LLC
401103761,WILLIAM SWEETNAM
43616,CURATORS OF THE UNIVERSITY OF MISSOURI
52184,BETH ISRAEL MEDICAL CENTER
401104663,AMERICAN HUMANIST ASSOCIATION
401103689,ZHF CONSULTING LLC
400614861,THE ASSOCIATION OF MORTGAGE INVESTORS
400381755,NATIONAL ASSOCIATION FOR STOCK CAR AUTO RACING
296316,MR. PETER DICKINSON
400695073,ASSOCIATION FOR UNCREWED VEHICLE SYSTEMS INTERNATIONAL
83513,NATIONAL COUNCIL FOR COMMUNITY AND EDUCATION PARTNERSHIPS
401105375,"BASANITE, INC."
400772326,"SHELTER ROCK STRATEGIES, LLC"
17294,MRS. JULIE BETH WRIGHT HALBERT
401103137,"MITSUBISHI POWER AMERICAS, INC. F/K/A MHPS AMERICAS INC"
401103455,VIRGINIA HOSPITAL & HEALTHCARE ASSOCIATION
65236,COFFIELDLAW PC
323171,SAAB SENSIS CORPORATION FORMERLY KNOWN AS SENSIS CORPORATION
296497,PAULA TIMMONS
401104907,"SECOND CAPITAL CONSULTING, LLC"
401064999,"HOOLEY & NAITO, LLC"
37356,SUNRISE RESEARCH CORPORATION
29516,NORTH SHORE CONSULTANTS
321555,NATURAL RESOURCE RESULTS LLC
87392,CCMSC CORPORATION
401049961,"ABBVIE, INC."
401103436,VELOS (FORMERLY PINNACLE ENGINEERING AND MANAGEMENT SOLUTIONS)
401104116,PROJECT LEAD THE WAY
77993,NATIONAL ADVOCACY CENTER OF THE SISTERS OF THE GOOD SHEPHERD
401103440,AMERICAN TOWER CORPORATION
400478355,"HERMAN GESSER, III"
400374717,THE CONSILIO GROUP
400497446,EVERTZ GROUP LLC
306374,PHB PUBLIC AFFAIRS
401104514,HEALY CONSULTING GROUP
40021,"VIZIENT, INC."
400340580,BARRY SACKIN
13528,EMORY UNIVERSITY
78471,MCAPITOL MANAGEMENT
320417,U.S. CELLULAR CORP
301232,DAVITA INC.
400301418,PUBLIC CHILDREN SERVICES ASSOCIATION OF OHIO
91353,AMERICAN BUSINESS DEVELOPMENT GROUP
37937,TEXTILE RENTAL SERVICES ASSOCIATION
401104134,ROBERT ROZEN
400710129,"THE DOCANTO GROUP, LLC"
400319497,PENNSYLVANIA HIGHER EDUCATION ASSISTANCE AGENCY
401103266,MRS. ANDREA DRUMM
79632,STINSON MORRISON HECKER LLP
400657977,BILL GOOLD
400534597,"BLACKROCK FUNDS SERVICES GROUP, LLC"
401104410,"WELLINGTON STRATEGIES, LLC."
400326531,BECCHI CONSULTING
65737,"ASSURANT, INC."
29733,"NUTTER & HARRIS, INC"
401103128,"RECURRENT ENERGY, LLC"
7496,MR. MILTON BUSH
7851,ARTHUR E CAMERON
58795,CANADIAN NATIONAL RAILWAY COMPANY
38973,THE UNION OF CONCERNED SCIENTISTS
39028,UNISYS CORPORATION
310313,"ANCHOR CONSULTING, LLC"
400536605,RENAL PHYSICIANS ASSOCIATION
401104297,MCCARTY FINANCIAL LLC
19742,INTERNATIONAL ASSOCATION OF DRILLING CONTRACTORS
400359674,ENERGY ALTERNATIVES FOR THE 21ST CENTURY
289476,ZELIFF ENTERPRISES
3058,AMERICAN PEANUT SHELLERS ASSOCIATION
291798,"RICK CARNE CONSULTING, LLC (DBA SGI GROUP, LLC)"
401103082,"X CORP. (FORMERLY TWITTER, INC.)"
3388,AMERICAN SOCIETY OF ANESTHESIOLOGISTS
76332,"DAN TATE, LLC"
61298,"GREEN STRATEGIES, INC."
401104913,ROSEMONT STRATEGIES
321373,UNIVERSITY OF KANSAS
400987815,GENOMIC HEALTH
40566,WASHINGTON HEALTH ADVOCATES
74751,"STRATEGIC PUBLIC PARTNERS, LLC - FORMERLY KNOWN AS WHATMAN AND ASSOCIATES"
89975,FRAZEE ASSOCIATES LLC
73178,WILLIAMS MULLEN STRATEGIES
26785,NATIONAL ASSOCIATION OF GOVERNMENT EMPLOYEES
401103702,CASCADE STRATEGIES
400396869,CALIFORNIA FARM BUREAU FEDERATION
8293,CARLYLE CONSULTING
314831,"FEDERAL INITIATIVES, LLC"
3834,AMERICA'S BLOOD CENTERS
401104295,"TENABLE, INC."
401103654,CURRENT GOVERNMENT RELATIONS
401105021,VECTIS DC
401104104,E3 STRATEGIC CONSULTING GROUP
88451,COLLINS CONSULTING
400694067,"WOODY AND ASSOCIATES, INC."
66512,HANK MONSEES
400560676,"SLAYCO, LLC"
82498,"BACARDI NORTH AMERICA (FORMERLY BACARDI USA, INC)"
401104474,SILENT MAJORITY STRATEGIES LLC
24566,MCKESSON CORPORATION & AFFILIATES U.S. ONCOLOGY AND RX SAVINGS SOLUTIONS (FORMERLY MCKESSON CORP)
401103105,"JONES GROUP INTERNATIONAL, LLC"
400964777,"SPQR STRATEGIES, PLLC"
401103206,"STRATEGICS CONSULTING, LLC"
84616,MS. ELIZABETH WALKER
400625900,"CAPITOL STRATEGIES, LLC"
41113,"WEXLER | WALKER, A UNIT OF HILL+KNOWLTON STRATEGIES, LLC"
400276324,QINETIQ NORTH AMERICA
30622,"JOHN M. PALATIELLO & ASSOCIATES, INC"
400270236,GAINWELL TECHNOLOGIES (FKA HEALTH MANAGEMENT SYSTEMS)
316970,INTERNATIONAL SPEEDWAY CORPORATION
301298,NIPPON KEIZAI DANTAI RENGOKAI (JAPAN BUSINESS FEDERATION)
40020140,AMERICAN ASSOCIATION OF STATE COLLEGES AND UNIVERSITIES
80031,"APPLIED MATERIALS, INC"
73555,COURSON NICKEL LLC
40031264,WASHINGTON UNIVERSITY IN ST. LOUIS
13665,"ENERGYSOLUTIONS, INC."
40021153,NATIONAL NURSES UNITED
24123,MAYER BROWN LLP
401104188,DMM STRATEGIES
401104847,DAVID HOOVER
401104987,ANIMAL WELLNESS ACTION
29221,"NYSE GROUP, INC."
401104776,MGD STRATEGIES LLC
27046,NATL ASSN FOR BEHAVIORAL HEALTHCARE
400452159,FIRECREEK LTD.
45026,"BGL ASSOCIATES, THOMAS GILLESPIE"
50295,JOHN GRZEBIEN
54621,THEODOSIOU CONSULTANTS
40022163,"RH STRATEGIES, LLC"
401103967,WSQUARED STRATEGIES LLC
400444135,MR. EDWARD ECKART
25135,MICHIGAN BIOTECHNOLOGY INSTITUTE D/B/A MBI INTERNATIONAL
37631,LAW OFFICE OF ALAN J. THIEMANN
11036,COUNCIL FOR RESPONSIBLE NUTRITION
284037,"AIDS ALLIANCE FOR CHILDREN, YOUTH & FAMILIES"
401105251,THE FERRARO GROUP
29527,EVERSOURCE ENERGY SERVICE COMPANY
51651,MICHAEL PIEPER
34103,SAFARI CLUB INTERNATIONAL
401104538,FAIRVOTE
42001,XEROX CORPORATION
401018878,AMERICANS FOR CAMPAIGN REFORM
8101,"CAPITOL ASSOCIATES, INC."
23678,"MANIS CANNING & ASSOCIATES, INC."
400963774,DADE MEDICAL COLLEGE
401105308,HITRUST
401103152,HARGRAVES CONSULTING
38552,TRUCK RENTING AND LEASING ASSOCIATION
28743,NATIONAL UTILITY CONTRACTORS ASSOCIATION
401103671,SYSCO CORPORATION
400339575,"MCMURRAY STRATEGY GROUP, LLC"
401104918,SJB STRATEGIES LLC
400980802,NATIONAL ALLIANCE FOR PUBLIC CHARTER SCHOOLS
45106,"SHOOK, HARDY & BACON, LLP"
400639930,CTC HARVEST SOLUTIONS
400454178,"JIM SAXTON, LLC"
401019881,NATIONAL COMMUNITY REINVESTMENT COALITION
12356,DISABLED AMERICAN VETERANS
40013104,EDISONLEARNING INC.
32588,MARK RAABE
400308437,"LYNCH ASSOCIATES, INC."
47872,INTERNATIONAL FRANCHISE ASSOCIATION
400670005,TAS
31452,PIEDMONT ENVIRONMENT COUNCIL
20744,TIBER CREEK GROUP
400492419,R.F. GLOBAL CAPITAL LLC
401104722,SPANGLER STRATEGIES LLC
400673012,"LIZARDO GROUP, INC"
21927,KROOTH & ALTMAN LLP
40830,"WEBSTER, CHAMBERLAIN & BEAN, LLP"
39928,THE VECTRE CORPORATION
400359649,MILTNER REED LLC
313098,INDEPENDENT PHARMACY COOPERATIVE
400454173,FORCE PROTECTION INDUSTRIES
291834,DQB INTERNATIONAL
12790,MS. LOUISE DUNLAP
1114,ALLSTATE INSURANCE COMPANY
285073,WILDLIFE CONSERVATION SOCIETY
401104985,JHL COMPANY
401103107,APPIAN CONSULTING LLC
285233,SUSAN RUSS
400760270,MR. JULIAN NORMENT
401103655,DANIEL KOSTENBAUDER
401105250,CONSULTORES INTERNACIONALES ANSLEY
400620885,"POBLETE TAMARGO, LLP"
287975,"AMERICAN PRESSWORKS, INC."
400407926,"ACORN RIDGE ASSOCIATES, LLC"
73134,O'NEILL AND ASSOCIATES
36388,SPRINT CORPORATION
401104009,GREEN BUSINESS CERTIFICATION INC.
51104,"THE FEDERAL GROUP, INC."
86298,NXG GLOBAL LAW & COMPLIANCE PLLC
304337,DUNKEL GOVERNMENT RELATIONS
2593,AMERICAN HUMANE ASSOCIATION
401103384,BRIMLEY GROUP INC.
401104328,"CAMERON KRIER MASSEY, INC. DBA SCOUT GR"
53755,"COOPER & KIRK, PLLC"
72097,"SAFRAN USA, INC. (FORMERLY SNECMA USA, INC.)"
38995,UNION PACIFIC CORPORATION
48018,INTRADO INC.
55360,AMERICAN PYROTECHNICS ASSOCIATION
301573,"DUETTO GROUP, LLC"
21676,"KINGHORN, HILBERT & ASSOCIATES"
400453165,KENNAMETAL INC.
40134,VIOLENCE POLICY CENTER
401104920,SHAZAM INC.
401077026,"GRAU & ASSOCIATES, LLC"
401105080,O'HARE INFRASTRUCTURE STRATEGIES LLC
401103311,FEDERAL SCIENCE PARTNERS LLC
400480365,ONPOINT STRATEGIES
17900,HEALTHCARE ASSOCIATION OF NYS
43070,WASHINGTON POLICY & ANALYSIS
57098,THE NEW YORK AND PRESBYTERIAN HOSPITAL
38404,U.S. TRAVEL ASSOCIATION
311358,SAMUEL WRIGHT
39416,UNIVERSITY OF HOUSTON SYSTEM
401103784,FLYWHEEL GOVERNMENT SOLUTIONS
80736,"GDF SUEZ ENERGY NORTH AMERICA, INC."
313976,"THE GOLDMAN SACHS GROUP, INC."
400287370,THE MATTINGLEY GROUP
400441123,"STORM KING STRATEGIES, LLC"
1318,AMERICAN ACADEMY OF ACTUARIES
54118,EGLE' ASSOCIATES
400440120,THE NUSSLE GROUP
66911,AMERICAN ASSOCIATION OF COLLEGES OF NURSING
400877569,"TRUSCOTT ROSSMAN, LLC"
401103662,FEDERAL CITY STRATEGIES
39121,UNITED FOOD & COMMERCIAL WORKERS INTERNATIONAL UNION
401104613,"THE GUTMAN GROUP, LLC"
8635,OCEAN CONSERVANCY
1898,AMERICAN CHIROPRACTIC ASSOCIATION
400533592,"MALADY & WOOTEN, LLP"
400582778,NETCHOICE
84456,"SHL AND ASSOCIATES, INC."
400427049,AVEGO CORPORATION
400392844,PHILLIPS STRATEGIC SERVICES (FORMERLY KNOWN AS MARY B. PHILLIPS)
24043,PANASONIC CORPORATION
401027897,JAMES EDWARDS
50182,"COALITION OF SERVICE INDUSTRIES, INC"
401103562,"9B GROUP, INC."
39440,UNIVERSITY OF MASSACHUSETTS AMHERST
400705116,"RENEWABLE FUNDING, LLC"
20163,IOWA STATE UNIVERSITY
309652,MR. ADRIAN PLESHA
400790381,"TELUS COMMUNICATIONS, LLC"
401103095,"WEST HARLEM ENVIRONMENTAL ACTION, INC."
401104305,"DOCUMENT STORAGE SYSTEMS, INC."
4664,LIQUID ENERGY PIPELINE ASSOCIATION
400529577,"THE THORSEN GROUP, LLC"
48576,"OGLETREE GOVERNMENTAL AFFAIRS, INC."
401103106,PHIL BOND & ASSOCIATES
401104969,"SURTERRA HOLDINGS INC.PARALLEL BRANDS, INC. (IN REPLACEMENT OF SURTERRA HOLDINGS, INC.)"
287691,DAY & ZIMMERMANN
401104496,"PRECISIONHAWK, INC."
17022,GROUP HEALTH COOPERATIVE
21563,KILPATRICK TOWNSEND & STOCKTON
400923683,DALY CONSULTING GROUP
53686,MS. VIRGINIA MAYER
400581775,"SANDSTONE WASHINGTON, LLC"
401104634,CAPITOL INNOVATIONS
400646949,"EAST END GROUP, LLC"
443,"AGRIBANK, FCB"
2525,AMERICAN HEART ASSOCIATION
38357,"TRANSPORT WORKERS UNION OF AMERICA, AFL-CIO"
401103558,CYRRUS ANALYTICS LLC
401103963,"PTSA FORMERLY KNOWN AS ""MARK S. MORGAN"
400791383,"PUBLIC STRATEGIES 360, LLC"
400904643,FLOYD STONER
283878,"VERITAS ADVISORS, LLP"
305178,WILLIAM A. BLAKEY & ASSOCIATES
401104653,"BOLD STRATEGIES, LLC"
401104168,KANSAS STATE UNIVERSITY
73032,COALITION FOR AMERICA'S GATEWAYS & TRADE CORRIDORS
400900630,"BERGESON & CAMPBELL, P.C."
401105067,ALBANIAN AMERICAN COUNCIL
401104008,"ORGANOVO, INC."
401074021,"LEGISLATIVE STRATEGIES AND SOLUTIONS, LLC"
11388,"CROWELL & MORING INTERNATIONAL, LLC"
45210,KIMBERLY PARKER
400429080,"MONTANA REFINING COMPANY, INC."
318937,ENTERPRISE PRODUCTS PARTNERS LP (FORMERLY KNOWN AS ENTERPRISE PRODUCTS COMPANY O
32260,PROFESSIONAL AVIATION SAFETY SPECIALISTS
60812,"EXELON BUSINESS SERVICES, LLC"
41534,WILMER CUTLER PICKERING HALE AND DORR LLP
400326528,MS. BRENDA VIEHE-NAESS
401105430,MS. ELIZABETH IADAROLA
401103405,"ARIALE STRATEGIES, L.L.C."
298012,"REINECKE STRATEGIC SOLUTIONS, INC."
400495440,"HOME INSTEAD, INC."
400421005,"NORTH STAR CONSULTING, LLC"
400287368,EDUCATE ONLINE
315513,ROBERTI ASSOCIATES
400358630,IRRIGATION ASSOCIATION
57817,HACKNEY GOVERNMENT AFFAIRS GROUP (FORMERLY CLINT HACKNEY & COMPANY)
400458210,POLICY BREAKTHROUGHS LLC
40032268,"ASTELLAS PHARMA US, INC."
21131,KANSAS FARM BUREAU
311633,"COMPETITION ADVOCATES, LLC"
81692,UNIVERSITY OF CHICAGO HOSPITALS
400583782,"ALPHA NATURAL RESOURCES, INC."
400701095,MS. PATRICIA LEWIS
81076,MICHAEL A. ANDREWS
37904,TEXAS INSTRUMENTS INCORPORATED
400780349,RICHARD N. WIENER ESQ.P.C.
12516,DORSEY & WHITNEY LLP
401103209,KYM H. KILBOURNE
73293,CONSUMER TECHNOLOGY ASSOCIATION
1978,AMERICAN COLLEGE OF GASTROENTEROLOGY
314033,"MISSION GOVERNMENT RELATIONS (FORMERLY KNOWN AS MUROFF LAW FIRM, LLC)"
14781,FLEET RESERVE ASSOCIATION
400272256,FLORIDA FARM BUREAU FEDERATION
80895,TURNER GOVERNMENT & PUBLIC AFFAIRS
400745228,"PORTER GROUP, LLC"
400493428,CRAWFORD & MAURO LAW FIRM
401078027,"O'KEEFFE STRATEGIES, LLC"
400933698,WYMAN ASSOCIATES
401103609,"DEMAND PROGRESS ACTION, INC"
301870,MICHIGAN SUBURBS ALLIANCE
400285364,"THYSSENKRUPP NORTH AMERICA, INC (F/K/A THYSSENKRUPP USA, INC.)"
54574,NATIONAL YOGURT ASSOCIATION
5585,BATTELLE MEMORIAL INSTITUTE
401103139,"WESTERN HEMISPHERE STRATEGIES, LLC"
56771,THE HOME DEPOT
400745227,AUGUSTA UNIVERSITY (FORMERLY GEORGIA REGENTS UNIVERSITY)
12141,D INITIATIVES LLC
45471,KIDSPEACE CORPORATION
400421009,CENTER FOR COMPETITIVE POLITICS
1400,AMERICAN ACADEMY OF PHYSICIAN ASSOCIATES
40009066,"SAMUELS INTERNATIONAL ASSOCIATES, INC."
44561,AMERICAN MEDICAL REHABILITATION PROVIDERS ASSOCIATION
400309442,ASURION CORPORATION
400785364,LCH.CLEARNET GROUP LIMITED
401031909,MR. ROBERT SCHWARZ
77812,"NORTHPOINT STRATEGIES, LLC"
3014,AMERICAN OSTEOPATHIC ASSOCIATION
4505,ASSOCIATION OF AMERICAN PUBLISHERS
27593,GLOBAL HEALTH COUNCIL
400544625,TERRELL PUBLIC AFFAIRS
401104026,ALYSON PARKER
401095056,MALLINCKRODT LLC
400778342,"ADVANTAGE POLITICAL AFFAIRS, LLC"
39553,UNIVERSITY OF WASHINGTON
400458207,"META PLATFORMS, INC. AND VARIOUS SUBSIDIARIES"
4403,ASSET & EQUITY CORPORATION
401105159,FULCRUM PUBLIC AFFAIRS LLC
401103094,ELECTRONIC TRANSACTIONS ASSOCIATION
91411,"FAHMY HUDOME INTERNATIONAL, INC"
401095058,GARY AND MARY WEST HEALTH INSTITUTE
34887,SERVICE EMPLOYEES INTERNATIONAL UNION CTW-CLC
66170,THE OPTIONS CLEARING CORPORATION
74498,"LANKFORD & REED, PLLC"
31257,JACK C. PETERSON
400303422,"COLLECTIVE BRANDS, INC."
400569711,MS. BARBARA BURCHETT
20926,MR. THEODORE (TED) JONES
9410,"INDIANA UNIVERSITY HEALTH, INC."
400272259,SACNAS
401104001,REBECCA GREENBERG
286930,INTERNATIONAL SOCIETY FOR TECHNOLOGY IN EDUCATION
22850,"LIGHTHOUSE CONSULTING GROUP, LLC"
26433,NATIONAL ACCREDITING COMMISSION OF CAREER ARTS & SCIENCES
401032914,"SWENSON STRATEGIES, INC."
13164,"EDUCATION LEGISLATIVE SERVICES, INC"
290558,"HERBERT ALLEN ""MIKE"" AILSWORTH"
16522,"GOODWILL INDUSTRIES INTERNATIONAL, INC."
7508,BUSINESS COUNCIL FOR SUSTAINABLE ENERGY
4733,AMERICAN ASSOCIATION FOR JUSTICE
35935,ANIMAL WELFARE INSTITUTE FKA SOCIETY FOR ANIMAL PROTECTIVE LEGISLATION
401104466,"BUTZEL LONG, P.C."
401104493,"BETTER MEDICARE ALLIANCE, INC."
400323516,FOXLEY & PIGNANELLI
401105219,CONFLUENCE GOVERNMENT RELATIONS
40013105,OHIO FARM BUREAU FEDERATION
401103899,CHARLES CUNNINGHAM
400582779,NOBLE STRATEGIES
307490,"L3 TECHNOLOGIES, INC."
400276326,NEBRASKA FARM BUREAU FEDERATION
8657,THE CENTER FOR REGULATORY EFFECTIVENESS
3355,AMERICAN SOCIETY FOR MICROBIOLOGY
401104560,PRIME STRATEGIES
82751,"IHEARTMEDIA, INC."
401025893,KIT BOND STRATEGIES
401103979,CORDIA COMPANIES
32076,PRESERVATION ACTION
401104727,LAVENDER CONSULTANTS
29664,LEGAL MOMENTUM
303872,"SACRED WIND COMMUNICATIONS, INC"
53403,"THE VELASQUEZ GROUP, L.L.C."
62973,"PENSKE TRUCK LEASING COMPANY, L.P."
682,AKIN GUMP STRAUSS HAUER & FELD
84797,SNOW COMMUNICATIONS
35137,SHER & BLACKWELL LLP
401105352,JOHN SAWYER
294198,"COMBEST, SELL & ASSOCIATES, LLC"
401103803,LAUREN ANDERSON
3195,AMERICAN PUBLIC TRANSPORTATION ASSOCIATION
400530578,SEXUALITY INFORMATION AND EDUCATION COUNCIL OF THE UNITED STATES (SIECUS)
5346,MR. PETER BARASH
401104823,INTEREL US
309834,"OTTO REICH ASSOCIATES, LLC"
28173,NATIONAL MARINE MANUFACTURERS ASSOCIATION
40022182,MR SCOTT HOROWITZ
15942,GENERAL AVIATION MANUFACTURERS ASSOCIATION
401104829,"L.M. BROWN MANAGEMENT GROUP, LLC"
305112,HISPANIC STRATEGY GROUP
401104762,DAVID RUDD & ASSOCIATES LLC
401104261,HENLEY STRATEGIES LLC
400577736,350.ORG
55757,TIAA
400320502,"STRATEGIC CONGRESSIONAL AND GOVERNMENTAL SOLUTIONS, LLC"
400745233,NEW YORK STATE IMMIGRANT ACTION FUND
63735,"ELLIS & COMPANY, LLC"
52652,NATIONAL BREAST CANCER COALITION FUND
400361683,"MARSH & MCLENNAN COMPANIES, INC."
401103901,"HORIZON THERAPEUTICS USA, INC. (FKA HORIZON PHARMA USA, INC.)"
401103614,MR. DAVID STEWART
401104518,COMMONWEALTH CARE ALLIANCE
400833471,OLSON ADVOCACY GROUP LLC
51150,"JOHNSON CONTROLS, INC AND AFFILIATES"
323615,SOUTHERN ENVIRONMENTAL LAW CENTER
401103144,CAPITOL INTEGRATION
400615867,ONE ACTION
84332,STRATEGIC FEDERAL AFFAIRS
1320,AMERICAN ACADEMY OF CHILD AND ADOLESCENT PSYCHIATRY
400719164,"KMS ADVOCACY, LLC (FORMERLY DAWSON-MILLER STRATEGIES, LLC)"
400377727,PERFORMANCE LEADERSHIP GROUP LLC
400943723,MRS. LAURA EUGSTER DOYLE
52903,"CAPITOL CITY GROUP, LTD."
57475,ERNST & YOUNG LLP (WASHINGTON COUNCIL ERNST & YOUNG)
400635920,"JOHN T. DOOLITTLE, LLC"
1785,AMERICAN BANKERS ASSOCIATION
400423023,CAPITOL INSIGHT CONSULTING
13277,EL PASO CORPORATION
401104430,"EFB ADVOCACY, LLC"
321577,ALLIANCE ONE
28526,NATIONAL RURAL LETTER CARRIERS' ASSOCIATION
9578,CMS ENERGY CORP
46712,MR. MICHAEL STRATTON
400459250,ERIK MILMAN
400263208,WORLDATWORK
400406914,"ADVANCE AMERICA CASH ADVANCE CENTERS, INC."
59637,"MALLINO GOVERNMENT RELATIONS, INC."
400689052,"NORTH SOUTH GOVERNMENT STRATEGIES, FKA JDM PUBLIC STRATEGIES, LLC"
18318,MR.RICHARD HIRN
72053,CAPITOL HILL CONSULTING GROUP
400706120,MS. SUZANNE EISOLD
25170,MICHIGAN STATE UNIVERSITY
400609851,NOMURA HOLDING AMERICA INC.
41853,"WORLD WILDLIFE FUND, INC."
38313,TRADITIONAL VALUES COALITION
400424030,SOUTHEASTERN LUMBER MANUFACTURERS ASSOCIATION
18353,"ALLIANCE OF COMMUNITY HEALTH PLANS, INC."
401103637,"THE STRATEGY GROUP, INC."
51148,MR. ERIC SHULMAN
401103631,"POTOMAC POLICY GROUP, LLC"
400745232,HARLOW GOVERNMENT RELATIONS LLC
401103952,RIVENDELL GROUP LLP
401104068,"TIAHRT ENTERPRISES, LLC"
34694,"LEIDOS, INC."
400275303,POWER TO DECIDE (FORMERLY THE NATIONAL CAMPAIGN TO PREVENT TEEN AND UNPLANNED PREGNANCY
400428065,"TCORS CAPITOL GROUP, LLC"
27230,NATIONAL ASSOCIATION OF WHOLESALER-DISTRIBUTORS
11446,CUBIC CORPORATION
401103331,AMERICAN ALLIANCE OF ORTHOPAEDIC EXECUTIVES
72793,HORIZON BLUE CROSS BLUE SHIELD OF NEW JERSEY
299332,CM GOVERNMENT RELATIONS
401104799,"SOUTHERN STRATEGY GROUP OF GEORGIA, LLC"
44093,TRANSAMERICA COMPANIES
400320506,ORION ADVOCATES
400656975,THE NEMOURS FOUNDATION - A FLORIDA NOT-FOR-PROFIT CORPORATION
401104992,WEXFORD SOLUTIONS LLC
401103404,TIMKENSTEEL CORPORATION
286690,"REGIONAL PROGRAMS, INC"
304018,"AMERIQUAL GROUP, LLC"
400897620,MR. JOHN BOWLES
8327,BILL CARNEY AND COMPANY
67832,NATIONAL WOODEN PALLET AND CONTAINER ASSOCIATION
401103207,UFS MANAGEMENT
113,ACADEMY FOR RADIOLOGY & BIOMEDICAL IMAGING RESEARCH
400657976,"CLINICOMP, INTERNATIONAL"
401105204,BACHNER GROUP
400826455,ZTE USA
400713139,THE BENNETT CONSULTING GROUP
62778,RICCHETTI INCORPORATED
49098,MICHAEL R. GARDNER
31851,PORTER WRIGHT MORRIS & ARTHUR LLP
400871551,FRINZI & ASSOCIATES
400687047,LAFORGE GOVERNMENT RELATIONS
400406911,BRIAN MCMANUS
401104150,MARY LANDRIEU
401104003,KRAMER LEVIN NAFTALIS & FRANKEL LLP
401096059,GREGORY COHEN
400579747,"ENDGAME STRATEGIES, LLC"
13836,"ERVIN GRAVES STRATEGY GROUP, LLC"
26455,NATIONAL AGRICULTURAL AVIATION ASSOCIATION
40029253,RICHARD LITTLE
21346,"KELLY AND ASSOCIATES, INC."
19445,"IPC INTERNATIONAL, INC."
401105441,ALLISON RICHARD
3093,AMERICAN PHYSICAL THERAPY ASSOCIATION
1843,AMERICAN BUS ASSOCIATION
400426042,LUNDBECK LLC
401103468,THE MARKHAM GROUP
76398,"BILL LYNCH ASSOCIATES, LLC"
318857,SUNLIGHT FOUNDATION
25897,"MORRISON & FOERSTER, LLP"
401104783,CLAUSE LAW P.L.L.C.
